date,sample_split_main,sample_split_robust,ret_1d,ewma_vol,cvar_95_60d,p_regime_0,p_regime_1,p_regime_2,regime
2000-03-28,train,train,0.0040290096648025,0.0127993146708055,-0.0301116875110569,0.5745865274882607,0.05490939993715591,0.37050407257458345,0
2000-03-29,train,train,-0.0100825252730942,0.0126527683782133,-0.0257408660727758,0.5235365067974898,0.03948040242701588,0.43698309077549446,0
2000-03-30,train,train,-0.0213366929395534,0.0133342514866999,-0.0224760604672577,0.06275201421296184,0.09809927574480024,0.839148710042238,2
2000-03-31,train,train,0.0085491936104847,0.0130965434230296,-0.0224760604672577,0.10419162675127458,0.05955534207538108,0.8362530311733445,2
2000-04-03,train,train,-0.0210494747139252,0.0137044921758287,-0.0224760604672577,0.008784133451288185,0.08553419506934135,0.9056816714793706,2
2000-04-04,train,train,-0.0087836972628787,0.0134600713113217,-0.0224760604672577,0.023414229936157344,0.054170083666915725,0.922415686396927,2
2000-04-05,train,train,-0.0182593711473759,0.0137951943301053,-0.0224760604672577,0.005877301502301247,0.06017731862019518,0.9339453798775038,2
2000-04-06,train,train,0.0203031901128648,0.0142696221090327,-0.0224760604672577,0.003984832030009574,0.07660859656262727,0.9194065714073634,2
2000-04-07,train,train,0.0156166519047697,0.0143540090995305,-0.0224760604672577,0.010045533909122223,0.06843995121799086,0.9215145148728869,2
2000-04-10,train,train,-0.0018590910882503,0.0139241766642091,-0.0224760604672577,0.04502272673618246,0.037678399355570644,0.917298873908247,2
2000-04-11,train,train,-0.0217669344363005,0.0145147407870341,-0.0226194742995068,0.0034323205221621573,0.059449101432411,0.9371185780454268,2
2000-04-12,train,train,0.0023246198338672,0.0140840785836427,-0.0226194742995068,0.03621210367741465,0.03353525134855261,0.9302526449740328,2
2000-04-13,train,train,0.0090646472903736,0.0138343652983121,-0.0226194742995068,0.06599381226379855,0.024134378366849694,0.9098718093693517,2
2000-04-14,train,train,-0.0246241510199891,0.0147067063689335,-0.023571879827403,0.0018606472146440885,0.05580923034727377,0.942330122438082,2
2000-04-17,train,train,-0.0129845000735431,0.0146091003836067,-0.023571879827403,0.008684905539381118,0.04430743773830497,0.9470076567223139,2
2000-04-18,train,train,0.0039326208469135,0.0141967670820062,-0.023571879827403,0.044248085302906685,0.026496531448364044,0.929255383248729,2
2000-04-19,train,train,0.0069288226620821,0.0138685189856323,-0.023571879827403,0.08968493524709377,0.018480236773588135,0.8918348279793181,2
2000-04-20,train,train,0.0142023036285973,0.013888772279258,-0.023571879827403,0.06997022960340794,0.020555837525267063,0.9094739328713249,2
2000-04-25,train,train,-0.0066732406144779,0.0135645141497034,-0.023571879827403,0.10166170581508038,0.01529179362038572,0.8830465005645338,2
2000-04-26,train,train,0.0048893498805741,0.0132057042979817,-0.023571879827403,0.18566614156162922,0.01125935936040138,0.8030744990779694,2
2000-04-27,train,train,-0.0183265771921188,0.0135675714238072,-0.023571879827403,0.034092415517312,0.021489119243592383,0.9444184652390959,2
2000-04-28,train,train,0.0171413937342253,0.0138081098427268,-0.023571879827403,0.01921744675334805,0.02768266205854702,0.953099891188105,2
2000-05-02,train,train,0.0342264807124358,0.0157959229708366,-0.023571879827403,5.2493219927992146e-05,0.16841951436339864,0.8315279924166735,2
2000-05-03,train,train,-0.0169368103274546,0.0158666897680221,-0.023571879827403,0.0029665379804488146,0.1523030608863526,0.8447304011331985,2
2000-05-04,train,train,-0.0060519634512668,0.0154545886143859,-0.023571879827403,0.023749672999737403,0.08744325118054298,0.8888070758197195,2
2000-05-05,train,train,-0.0031608121692196,0.015003769349722,-0.023571879827403,0.06377748814170109,0.047449111269160245,0.8887734005891387,2
2000-05-08,train,train,-0.0224721263280551,0.0155533307275298,-0.0236454178931359,0.003635510380650293,0.07688079805349288,0.919483691565857,2
2000-05-09,train,train,-0.0207642581566995,0.0159141759423669,-0.0236454178931359,0.0014129965147837258,0.09607931107496777,0.9025076924102485,2
2000-05-10,train,train,-0.0218599487438469,0.016332078181118,-0.0236454178931359,0.0008728232059473354,0.12664568405827697,0.8724814927357756,2
2000-05-11,train,train,0.0186574469089947,0.016480855273954,-0.0236454178931359,0.004256708118446234,0.1312986057512382,0.8644446861303158,2
2000-05-12,train,train,0.0059893757445772,0.0160459911640241,-0.0231159298263001,0.032305297051606854,0.07513758971637158,0.8925571132320218,2
2000-05-15,train,train,-0.008438847774452,0.0156938921748369,-0.0231159298263001,0.04784495465703453,0.04736337004062212,0.9047916753023434,2
2000-05-16,train,train,0.019019883089757,0.0159130673870428,-0.0231159298263001,0.01630213496650697,0.05834836250160623,0.9253495025318869,2
2000-05-17,train,train,-0.0285113531211039,0.0169353478338199,-0.025202543489716,0.00015590534889374036,0.1511574009430039,0.8486866937081025,2
2000-05-18,train,train,-0.0014407236488198,0.0164232209677412,-0.025202543489716,0.027343894165731183,0.08110416979985245,0.8915519360344165,2
2000-05-19,train,train,-0.0321658339369383,0.017765621523309,-0.0284337793593437,3.996682185271829e-05,0.2765674895790575,0.7233925435990897,2
2000-05-22,train,train,-0.0209483693301743,0.0179724878711462,-0.0284337793593437,0.0008255673052078389,0.3088204586766259,0.6903539740181663,2
2000-05-23,train,train,0.005196459364742,0.0174714021319856,-0.0284337793593437,0.024602853247501347,0.18297810252320593,0.7924190442292929,2
2000-05-24,train,train,-0.0036384895090604,0.0169625828005216,-0.0284337793593437,0.06372299283873832,0.0993282034512491,0.8369488037100125,2
2000-05-25,train,train,0.0208780910834622,0.0172226346296389,-0.0284337793593437,0.012823294705081383,0.12902190209658432,0.8581548031983343,2
2000-05-26,train,train,-0.0117633412304662,0.0169447504196769,-0.0284337793593437,0.017112263234779462,0.09054759505437371,0.892340141710847,2
2000-05-29,train,train,0.0116024263904139,0.0166725544133684,-0.0284337793593437,0.03156292223948615,0.06421458534876975,0.9042224924117441,2
2000-05-30,train,train,0.0084499025451943,0.0162966155261797,-0.0284337793593437,0.06384538252853893,0.04072233220630112,0.89543228526516,2
2000-05-31,train,train,0.0037493637470546,0.0158268240864078,-0.0284337793593437,0.135599702098038,0.02333599420119416,0.8410643037007676,2
2000-06-01,train,train,0.0173441730731293,0.0159219433298141,-0.0284337793593437,0.058897716121096746,0.030784335326673556,0.9103179485522295,2
2000-06-02,train,train,0.0241642583466343,0.0165327694449695,-0.0284337793593437,0.004951074851164434,0.06467985895389161,0.9303690661949442,2
2000-06-05,train,train,-0.0123997638686867,0.0163143423474327,-0.0284337793593437,0.011289464612938192,0.048991732419912025,0.9397188029671498,2
2000-06-06,train,train,-0.0203526063867867,0.0165843907171657,-0.0284337793593437,0.0022800746292809962,0.06395429775158226,0.933765627619137,2
2000-06-07,train,train,-0.0087186018829815,0.0162203679261498,-0.0284337793593437,0.017571174231813706,0.04151545541265973,0.9409133703555265,2
2000-06-08,train,train,0.0103032141574853,0.0159274507953592,-0.0284337793593437,0.03775675843291894,0.030472556336096735,0.9317706852309845,2
2000-06-09,train,train,0.0067920104927062,0.0155315984979092,-0.0284337793593437,0.08119709400772357,0.02054398725216034,0.8982589187401159,2
2000-06-12,train,train,-0.0075608356533465,0.0151719047232988,-0.0284337793593437,0.10475032445816836,0.015737515204340902,0.8795121603374909,2
2000-06-13,train,train,0.0013613009347386,0.0147134863227917,-0.0284337793593437,0.20228490835479074,0.01075638978618809,0.7869587018590213,2
2000-06-14,train,train,0.0068890669468122,0.0143647148801701,-0.0284337793593437,0.29607486763207,0.008851464172220764,0.695073668195709,2
2000-06-15,train,train,-0.0004320692002735,0.0139275099210482,-0.0284337793593437,0.44546415117887467,0.006062946481579164,0.5484729023395462,2
2000-06-16,train,train,-0.0140929885591098,0.0139374940443565,-0.0284337793593437,0.2381148613132404,0.011284747257919225,0.7506003914288403,2
2000-06-19,train,train,-0.0120267806132202,0.0138302972830448,-0.0284337793593437,0.158344204946527,0.013400774651367013,0.8282550204021061,2
2000-06-20,train,train,-0.0030435536934753,0.0134296793970019,-0.0284337793593437,0.25334561516349124,0.009569260735689727,0.7370851241008188,2
2000-06-21,train,train,-0.0202734399593147,0.0139354100567912,-0.0284337793593437,0.029213393024961433,0.02390275508520605,0.9468838518898326,2
2000-06-22,train,train,0.0133482854740662,0.0139008819054653,-0.0284337793593437,0.03392971829416479,0.02330849311860315,0.9427617885872318,2
2000-06-23,train,train,0.0040525611219657,0.0135139128968462,-0.0284337793593437,0.08619995776649507,0.01574450721927198,0.8980555350142332,2
2000-06-26,train,train,-0.0042050546142896,0.0131426496694952,-0.0284337793593437,0.14576266275829716,0.01170722443725523,0.8425301128044477,2
2000-06-27,train,train,0.0037398013588732,0.0127751576415795,-0.0284337793593437,0.25512302770642503,0.008848380799440687,0.7360285914941344,2
2000-06-28,train,train,0.0052104720091649,0.012451558726307,-0.0284337793593437,0.38152935511199004,0.006945315093215493,0.6115253297947945,2
2000-06-29,train,train,-0.0206980334534993,0.0130936378124005,-0.0284337793593437,0.044999821058730446,0.022543642172907268,0.9324565367683623,2
2000-06-30,train,train,0.0205184504197189,0.0136534669058877,-0.0284337793593437,0.010952325793624035,0.037259758320422096,0.9517879158859537,2
2000-07-03,train,train,0.0089755506162249,0.013418858355651,-0.0284337793593437,0.03504002658865134,0.026481842018212846,0.938478131393136,2
2000-07-04,train,train,0.0159999290198793,0.0135875559874966,-0.0284337793593437,0.024446299541097748,0.02965418790684285,0.9458995125520592,2
2000-07-05,train,train,-0.0084512915520295,0.013335285403185,-0.0284337793593437,0.03998734282437469,0.02170472373096254,0.9383079334446627,2
2000-07-06,train,train,-0.0016746388227362,0.0129355444991129,-0.0284337793593437,0.0942455641805761,0.014470777343760914,0.8912836584756629,2
2000-07-07,train,train,0.0145222153806584,0.0130361918201963,-0.0284337793593437,0.06945503602508316,0.017974870143394103,0.9125700938315227,2
2000-07-10,train,train,-0.0062414929859865,0.0127311874318236,-0.0284337793593437,0.10515736769690048,0.013760544786283423,0.8810820875168159,2
2000-07-11,train,train,0.0042296500148144,0.0123867486360884,-0.0284337793593437,0.194771020560581,0.010329850019615578,0.7948991294198036,2
2000-07-12,train,train,0.0003585992616302,0.0120097196001008,-0.0277164377953657,0.32628479540422595,0.007476849085677889,0.6662383555100964,2
2000-07-13,train,train,-0.0028075841142542,0.0116641465480412,-0.0277164377953657,0.4548641571757068,0.005645132932773364,0.5394907098915198,2
2000-07-14,train,train,0.014132401287752,0.0118267773202176,-0.0277164377953657,0.3560882163866592,0.009424112076364715,0.6344876715369759,2
2000-07-17,train,train,-0.0048651656929923,0.0115282475818447,-0.0277164377953657,0.45129691256776183,0.0068222407089122,0.541880846723326,2
2000-07-18,train,train,-0.0145076391910825,0.011728374075878,-0.0277164377953657,0.22691072375376337,0.012543166589787106,0.7605461096564495,2
2000-07-19,train,train,0.0054708302484889,0.0114497716995742,-0.0277164377953657,0.34520427994438935,0.008863023086304548,0.6459326969693061,2
2000-07-20,train,train,0.0124012019837459,0.0115090757358064,-0.0277164377953657,0.3176110435068184,0.010582252895506832,0.6718067035976747,2
2000-07-21,train,train,-0.0097413712467071,0.0114107385239057,-0.0277164377953657,0.2846768044320994,0.010591837154154828,0.7047313584137458,2
2000-07-24,train,train,-0.0044308889491455,0.0111162324127408,-0.0277164377953657,0.3834214639111858,0.007682971416821629,0.6088955646719927,2
2000-07-25,train,train,-0.0108513054707882,0.0111005151004828,-0.0277164377953657,0.3066226006061005,0.009433069996482513,0.6839443293974167,2
2000-07-26,train,train,0.0027215676256452,0.0107829757111264,-0.0277164377953657,0.46067432462404045,0.006260049618996025,0.5330656257569636,2
2000-07-27,train,train,-0.0016581269261517,0.010462369443378,-0.0277164377953657,0.6035750559709764,0.004133033459086101,0.39229191056993723,0
2000-07-28,train,train,-0.0155974380260548,0.0108392946396961,-0.0277164377953657,0.295316743498409,0.010964968738837363,0.6937182877627536,2
2000-07-31,train,train,-0.0026930566903335,0.0105297693730307,-0.0275123786006297,0.42289235701359473,0.0072324808836165475,0.5698751621027888,2
2000-08-01,train,train,0.0016508460511458,0.0102169955479749,-0.0275123786006297,0.5834002482225774,0.004546020026555709,0.4120537317508668,0
2000-08-02,train,train,0.0090122672700662,0.010148745529696,-0.0272085187960721,0.6424914063022477,0.004193540294885684,0.3533150534028669,0
2000-08-03,train,train,-0.0181543267713328,0.0107977770169675,-0.0272085187960721,0.2096597961652412,0.015390204799824898,0.7749499990349341,2
2000-08-04,train,train,0.0123977668840993,0.0109004012137357,-0.0272085187960721,0.1955420824762727,0.015675783962403794,0.7887821335613238,2
2000-08-07,train,train,0.0116763660797706,0.0109485100955754,-0.0272085187960721,0.19851629121556202,0.015101581174624302,0.7863821276098136,2
2000-08-08,train,train,0.0148227373339102,0.0112187563231557,-0.0272085187960721,0.13396328396285534,0.018830973688190897,0.847205742348954,2
2000-08-09,train,train,0.0077271508251531,0.011040443624444,-0.0246040789068706,0.20083795800578894,0.013937111811456262,0.7852249301827545,2
2000-08-10,train,train,0.014386505691888,0.0112692592684887,-0.0246040789068706,0.1446039196322619,0.01726008193720016,0.8381359984305378,2
2000-08-11,train,train,-0.0014411057067657,0.0109316530923862,-0.0206663363901534,0.24999199583900045,0.011044275155503635,0.7389637290054958,2
2000-08-14,train,train,0.010401267126268,0.0109005577124411,-0.0204413599332002,0.28088281614673155,0.010733012107257028,0.7083841717460114,2
2000-08-15,train,train,-0.0002408030497092,0.0105686474111992,-0.0204413599332002,0.42948665822238724,0.006886581812858648,0.5636267599647542,2
2000-08-16,train,train,0.0119554731936014,0.0106569474979043,-0.0204413599332002,0.41097551970598106,0.008350888551498402,0.5806735917425206,2
2000-08-17,train,train,-0.0166417499247686,0.0111073475055125,-0.0204413599332002,0.13446970046283543,0.0172577655478207,0.8482725339893439,2
2000-08-18,train,train,-0.0081004101100629,0.0109502409621339,-0.0204413599332002,0.15184816694213543,0.014002939435358706,0.8341488936225057,2
2000-08-21,train,train,0.0025271056201849,0.0106346831767571,-0.0204413599332002,0.2689206950465351,0.009555500580201097,0.7215238043732636,2
2000-08-22,train,train,-0.0144272393057106,0.0108995142613263,-0.0204413599332002,0.12130098762497152,0.01472070443629037,0.8639783079387378,2
2000-08-23,train,train,-0.0125618938128135,0.0110063398564077,-0.0204413599332002,0.07459455012742594,0.016347545297020986,0.9090579045755531,2
2000-08-24,train,train,-0.0072497162717087,0.0108177931748523,-0.0204413599332002,0.1009108688666177,0.013394959625535333,0.8856941715078471,2
2000-08-25,train,train,0.0091186881464824,0.0107234415480393,-0.0204413599332002,0.1425720408672387,0.01231052036815739,0.8451174387646038,2
2000-08-28,train,train,0.0082115075666406,0.0105895419214989,-0.0204413599332002,0.20429700903329304,0.01081914896964694,0.7848838419970599,2
2000-08-29,train,train,-0.0061523230936863,0.0103769532613237,-0.0197086000613822,0.2608463362835496,0.009102869141895266,0.7300507945745551,2
2000-08-30,train,train,0.0026715596346673,0.0100820892329581,-0.0197086000613822,0.40805850199724875,0.006505684392891432,0.5854358136098596,2
2000-08-31,train,train,0.0013882867673648,0.0097808615322045,-0.0197086000613822,0.5689151061287557,0.004380862004998578,0.4267040318662457,0
2000-09-01,train,train,0.0258823170242553,0.0114069714318074,-0.0197086000613822,0.04645893717579879,0.03456971866981236,0.9189713441543887,2
2000-09-04,train,train,0.0067986447853723,0.0111841473374758,-0.0197086000613822,0.09373343310778615,0.02251767997572188,0.8837488869164922,2
2000-09-05,train,train,-0.0051795047770253,0.0109174025642777,-0.0197086000613822,0.14604142922641125,0.015245051347826971,0.8387135194257617,2
2000-09-06,train,train,0.0044857193576832,0.0106416915344705,-0.0197086000613822,0.2508951605863913,0.010581109269323796,0.7385237301442852,2
2000-09-07,train,train,0.0039074731827738,0.0103618031052698,-0.0197086000613822,0.38927943823025646,0.007377898084370113,0.6033426636853735,2
2000-09-08,train,train,-0.0160105256414364,0.0107844870835725,-0.0197086000613822,0.14165185019885157,0.015050398054878115,0.8432977517462702,2
2000-09-11,train,train,0.0113286098084874,0.0108179062654459,-0.0197086000613822,0.15369894933775718,0.014682405286327582,0.8316186453759151,2
2000-09-12,train,train,0.0072754771964772,0.0106386758723106,-0.0197086000613822,0.23124673932449902,0.011390254981349133,0.7573630056941519,2
2000-09-13,train,train,-0.0088171931820655,0.0105382689562238,-0.0184980367165335,0.23047107772962572,0.010758038251147312,0.7587708840192268,2
2000-09-14,train,train,0.0211002185550738,0.0114501073891209,-0.0184980367165335,0.04506814136623442,0.026954433125876066,0.9279774255078893,2
2000-09-15,train,train,0.0010037236463886,0.0111040132086807,-0.0184980367165335,0.10834662316723004,0.01667661260836022,0.8749767642244097,2
2000-09-18,train,train,-0.0242824933323179,0.0122995744529754,-0.0210449511857166,0.003320849116644983,0.043498420157897205,0.9531807307254576,2
2000-09-19,train,train,-0.0110184418750875,0.0122264926901426,-0.0210449511857166,0.013356208519287854,0.03271322492268956,0.9539305665580224,2
2000-09-20,train,train,-0.0149501443706183,0.0124067846396285,-0.0210449511857166,0.009654982811949823,0.03208941168533197,0.9582556055027179,2
2000-09-21,train,train,-0.0090211036329225,0.0122301032470634,-0.0196928566761397,0.02379372322161919,0.02363121403735996,0.9525750627410208,2
2000-09-22,train,train,0.020703554919523,0.0128964774681361,-0.0196928566761397,0.0067510130387810115,0.03866066125915905,0.9545883257020596,2
2000-09-25,train,train,0.0116907272384271,0.0128273290057896,-0.0196928566761397,0.02181055409173515,0.030778329187280504,0.9474111167209844,2
2000-09-26,train,train,-0.0183679524664195,0.0132253864943874,-0.0202682575233567,0.00552873360977707,0.03851983382994334,0.9559514325602795,2
2000-09-27,train,train,0.0001459925320014,0.0128225378096355,-0.0202682575233567,0.03998108324223102,0.022922219593736498,0.9370966971640327,2
2000-09-28,train,train,0.0059597974791294,0.0125173311247364,-0.0202682575233567,0.08856397079967625,0.016198760025427663,0.895237269174896,2
2000-09-29,train,train,-0.0066535856867051,0.0122449489964857,-0.0202682575233567,0.12298653438065016,0.01290336966263845,0.8641100959567116,2
2000-10-02,train,train,0.0183241620060224,0.0126920819475893,-0.0202682575233567,0.04382433806774157,0.022489176374170687,0.9336864855580875,2
2000-10-03,train,train,0.0105871401311065,0.0125757250162288,-0.0202682575233567,0.0643552130303164,0.019168965754371867,0.916475821215312,2
2000-10-04,train,train,-0.0099776140417339,0.0124351556090273,-0.0202682575233567,0.06434651464708988,0.016831133161738676,0.9188223521911716,2
2000-10-05,train,train,0.0069653785255741,0.0121764567588339,-0.0202682575233567,0.11740720800893606,0.013293721608367408,0.8692990703826963,2
2000-10-06,train,train,-0.0077990949647013,0.011959083835473,-0.0202682575233567,0.13906906511740472,0.011799781919487443,0.849131152963108,2
2000-10-09,train,train,-0.0283071672266208,0.0135098574380558,-0.0236525376751194,0.0009796670154312691,0.054168870824288784,0.9448514621602799,2
2000-10-10,train,train,0.0102711383660975,0.0133377303210452,-0.0236525376751194,0.019395607248972956,0.03824353156824514,0.9423608611827818,2
2000-10-11,train,train,-0.0307868134976951,0.0149696700107392,-0.0277921580188779,6.804750457515556e-05,0.1392860038218542,0.8606459486735705,2
2000-10-13,train,train,-0.0222156276024344,0.0155002453400842,-0.0277921580188779,0.0006743948759040078,0.18046313438756417,0.8188624707365318,2
2000-10-16,train,train,0.0066984765958622,0.0151173517716878,-0.0277921580188779,0.024414430705739253,0.10583061305639219,0.8697549562378685,2
2000-10-17,train,train,-0.0076618316443774,0.0147764841881424,-0.0277921580188779,0.043998655126265204,0.06359174156018117,0.8924096033135532,2
2000-10-18,train,train,-0.0312582162967225,0.0162440260104396,-0.0301173990070128,8.938649356068896e-05,0.21539681728639973,0.7845137962200395,2
2000-10-19,train,train,0.0304771613074225,0.017428933411075,-0.0301173990070128,6.932508933462542e-05,0.47165653655594447,0.5282741383547209,2
2000-10-20,train,train,0.0073327177088577,0.0169931686744024,-0.0301173990070128,0.016798299198615217,0.3162160038314811,0.6669856969699034,2
2000-10-23,train,train,-0.0109466841619863,0.0166922589348904,-0.0301173990070128,0.021742587353385627,0.22085624272505244,0.7574011699215619,2
2000-10-24,train,train,0.0321029180091252,0.0179930391688147,-0.0301173990070128,8.585655265977996e-05,0.5369666871434818,0.46294745630385836,1
2000-10-25,train,train,-0.014114474212283,0.0177841950606717,-0.0301173990070128,0.003536701051488986,0.4447369929624764,0.5517263059860346,2
2000-10-26,train,train,-0.0184919830262602,0.0178274547957152,-0.0301173990070128,0.0018152332204655287,0.42969021244743316,0.5684945543321013,2
2000-10-27,train,train,0.0068531833518986,0.0173656852196208,-0.0301173990070128,0.02160638612021752,0.2787726907719235,0.699620923107859,2
2000-10-30,train,train,-0.0085399236455935,0.0169661079658976,-0.0301173990070128,0.036560744921985425,0.17684179073581005,0.7865974643422045,2
2000-10-31,train,train,0.0053990246740328,0.0165023288776376,-0.0301173990070128,0.087795584981506,0.09771145940455772,0.8144929556139363,2
2000-11-02,train,train,0.0137903337262984,0.0163522978550273,-0.0301173990070128,0.07380870611103621,0.07833931388201368,0.84785198000695,2
2000-11-03,train,train,0.0033919975722414,0.0158758976213304,-0.0301173990070128,0.15414469549025658,0.0408294148442864,0.8050258896654571,2
2000-11-06,train,train,0.0064103875629296,0.0154721382455175,-0.0301173990070128,0.24492267120159145,0.023415893840477334,0.7316614349579311,2
2000-11-07,train,train,-0.0034837888841104,0.0150250472636343,-0.0301173990070128,0.3555572057950953,0.013122892741547631,0.6313199014633569,2
2000-11-08,train,train,-0.0080903779677637,0.0147015024911624,-0.0301173990070128,0.37014741698886766,0.010460160165182527,0.61939242284595,2
2000-11-09,train,train,-0.0207021789031549,0.0151288115081155,-0.0301173990070128,0.042948416143888744,0.0282103384980725,0.9288412453580389,2
2000-11-10,train,train,-0.0283835845560355,0.0162322442602426,-0.030142871450151,0.00032140207797516965,0.08871034995326274,0.9109682479687621,2
2000-11-13,train,train,-0.0089221479056543,0.0158887662169141,-0.030142871450151,0.01504902550949403,0.05634076575395726,0.9286102087365489,2
2000-11-14,train,train,0.0374322447338104,0.0179269655862535,-0.030142871450151,8.450781455731812e-06,0.36683799471168754,0.6331535545068568,2
2000-11-15,train,train,0.00187660312997,0.0173869154188234,-0.030142871450151,0.024069012506346316,0.21474053751498723,0.7611904499786665,2
2000-11-16,train,train,-0.0155465333936038,0.0172820201408269,-0.030142871450151,0.01108715555902418,0.1820728239229508,0.8068400205180251,2
2000-11-17,train,train,-0.0289691280085582,0.0181961740372432,-0.0303380526009919,8.460157946514764e-05,0.3751544170076701,0.6247609814128647,2
2000-11-20,train,train,-0.0306501553939478,0.0191729138671829,-0.0308983950627884,1.3049806593371414e-05,0.6521355018729805,0.3478514483204261,1
2000-11-21,train,train,0.004732867882218,0.0186249453930029,-0.0308983950627884,0.01469772241074952,0.46624470059991086,0.5190575769893394,2
2000-11-22,train,train,-0.0362441553709368,0.0201219681778885,-0.0327630617217848,1.1170960698446321e-06,0.8534823326065678,0.1465165502973624,1
2000-11-23,train,train,0.0088555551227694,0.0196291935275697,-0.0327630617217848,0.004971369946263339,0.7304688452980026,0.26455978475573394,1
2000-11-24,train,train,0.0324103513874591,0.0206206880790562,-0.0327630617217848,1.0550226886615724e-05,0.9108177432120521,0.08917170656106126,1
2000-11-27,train,train,-0.0104669917833007,0.0201562269599746,-0.0327630617217848,0.0017079101690039955,0.8175850010997114,0.18070708873128463,1
2000-11-28,train,train,-0.0194610956620674,0.0201151965142868,-0.0327630617217848,0.0004931469640226352,0.8000814499327193,0.1994254031032581,1
2000-11-29,train,train,0.0126678656580478,0.019747717644824,-0.0327630617217848,0.004216940235739112,0.7004831883272012,0.29529987143705977,1
2000-11-30,train,train,-0.0281211440637724,0.02034752898158,-0.0327630617217848,2.921562008626452e-05,0.836697727794234,0.16327305658567984,1
2000-12-01,train,train,0.0134637360575108,0.0200014237201866,-0.0327630617217848,0.002657205240288993,0.7513721551687257,0.24597063959098542,1
2000-12-04,train,train,-0.0293689877519879,0.0206834663506619,-0.0327630617217848,1.1259501504200565e-05,0.8815718260290133,0.11841691446948244,1
2000-12-05,train,train,0.0423155631142565,0.0225737424093308,-0.0327630617217848,4.407357344321622e-09,0.9906554776453687,0.009344517947274186,1
2000-12-07,train,train,0.0038189169677936,0.0219060371402375,-0.0327630617217848,0.0005437655623138979,0.9181202593597012,0.08133597507798508,1
2000-12-11,train,train,0.0301598256411029,0.0224868606159286,-0.0327630617217848,5.7751920349261804e-06,0.961062583070314,0.0389316417376512,1
2000-12-12,train,train,-0.003541130798239,0.0218190683297524,-0.0327630617217848,0.00195892780349187,0.866404883485627,0.13163618871088098,1
2000-12-13,train,train,-0.0037595209613581,0.0211744062037931,-0.0327630617217848,0.01109756798412539,0.7191163153074761,0.2697861167083986,1
2000-12-14,train,train,-0.0206504578233083,0.021143335448717,-0.0327630617217848,0.0010938499357062783,0.7329511670462318,0.26595498301806186,1
2000-12-15,train,train,-0.0388395173941289,0.0225993071253896,-0.0354472963539293,3.4740181424454854e-08,0.961003062749875,0.038996902509943726,1
2000-12-18,train,train,-0.0113025878473565,0.0220850599074953,-0.0354472963539293,0.0006470705345252662,0.8913308309431687,0.10802209852230649,1
2000-12-19,train,train,0.0221438046181155,0.022088588995871,-0.0354472963539293,0.00022039424137248787,0.8933707127845558,0.10640889297407193,1
2000-12-20,train,train,-0.0431859536500418,0.0238858329048542,-0.0394232088050358,4.679729697965749e-10,0.9923363925723719,0.007663606959655063,1
2000-12-21,train,train,0.0112069478317859,0.0233203081782244,-0.0394232088050358,0.0002022462710535102,0.9362073710023574,0.06359038272658911,1
2000-12-22,train,train,0.0083096679839,0.0227013127822132,-0.0394232088050358,0.0028892346585095174,0.8422374632786896,0.1548733020628011,1
2000-12-27,train,train,0.0043604361429459,0.0220356399978564,-0.0394232088050358,0.0160018254856593,0.6865864778747105,0.2974116966396303,1
2000-12-28,train,train,-0.0003195304113625,0.0213644890013603,-0.0394232088050358,0.05625889750425766,0.4807137662596829,0.4630273362360596,1
2000-12-29,train,train,0.0037612887033165,0.0207341202956497,-0.0394232088050358,0.13965228212339986,0.28823802030042656,0.5721096975761737,2
2001-01-02,train,train,-0.003254498527211,0.0201182759054603,-0.0394232088050358,0.25090920650803245,0.1489922430294432,0.6000985504625244,2
2001-01-03,train,train,0.0132050140602081,0.0197717644044113,-0.0394232088050358,0.2187661702111914,0.11679545453880218,0.6644383752500066,2
2001-01-04,train,train,0.0421701056305199,0.0217753616763783,-0.0394232088050358,3.041121940765304e-06,0.7624746352277543,0.23752232365030485,1
2001-01-05,train,train,0.0004375526886646,0.0211122684880186,-0.0394232088050358,0.011861989344474733,0.5769823736684525,0.4111556369870726,1
2001-01-08,train,train,0.0023094149460927,0.0204769189994776,-0.0394232088050358,0.04731029183512152,0.37877029491890113,0.5739194132459775,2
2001-01-09,train,train,-0.0043529334951487,0.0198817212738054,-0.0394232088050358,0.0998462875582748,0.22246218718267613,0.6776915252590491,2
2001-01-10,train,train,0.0004173714200501,0.0192763150600644,-0.0394232088050358,0.20778468337335398,0.11026558376946953,0.6819497328571766,2
2001-01-11,train,train,0.0118224421927073,0.0189121112338408,-0.0394232088050358,0.2121519161777904,0.07780381744082326,0.7100442663813861,2
2001-01-12,train,train,0.019439160402887,0.0189441476892482,-0.0394232088050358,0.05997739941885646,0.10355397548040231,0.836468625100741,2
2001-01-15,train,train,0.000181962213674,0.018367086714734,-0.0394232088050358,0.13441386999906058,0.0524974641371504,0.8130886658637891,2
2001-01-16,train,train,-0.017293825128251,0.0183044657167959,-0.0394232088050358,0.031277326729592055,0.05918802166949777,0.9095346516009102,2
2001-01-17,train,train,0.0301605247527296,0.019223155112216,-0.0394232088050358,0.0003630891676115701,0.1861171059790891,0.8135198048532994,2
2001-01-18,train,train,0.0050470963176116,0.018678498381684,-0.0394232088050358,0.026239108792409226,0.10523398898275278,0.868526902224838,2
2001-01-19,train,train,-0.0115149770324045,0.0183278150757341,-0.0394232088050358,0.026611915170653568,0.07389300108021835,0.899495083749128,2
2001-01-22,train,train,0.0063781156083788,0.0178380239557558,-0.0394232088050358,0.06688749411189039,0.04320687589284649,0.8899056299952632,2
2001-01-23,train,train,0.0080718018896787,0.0174072580227939,-0.0394232088050358,0.11250021652952594,0.027933662799949473,0.8595661206705244,2
2001-01-24,train,train,0.0015630543919885,0.0168813051125123,-0.0394232088050358,0.21470660850248582,0.015971451258393814,0.7693219402391203,2
2001-01-25,train,train,0.0015605186811815,0.0163714955846095,-0.0394232088050358,0.35444379276008275,0.00955791266187746,0.6359982945780398,2
2001-01-26,train,train,-0.0041439333523276,0.0159051767243872,-0.0394232088050358,0.46362263655267677,0.006631881013690838,0.5297454824336326,2
2001-01-29,train,train,-0.0139921799149709,0.0157969311501419,-0.0394232088050358,0.2551040387919651,0.011698240805423352,0.7331977204026113,2
2001-01-30,train,train,0.0086360443363609,0.0154610907585254,-0.0394232088050358,0.3257868956734052,0.009776797686163132,0.6644363066404315,2
2001-01-31,train,train,0.0079197604588449,0.015115090609728,-0.0394232088050358,0.4168213367928313,0.007851440157522083,0.5753272230496465,2
2001-02-01,train,train,0.0006916380066701,0.0146556032997556,-0.0394232088050358,0.5767641480183842,0.004786052040430746,0.41844979994118503,0
2001-02-02,train,train,-0.0274908337115406,0.0157240027309954,-0.0394232088050358,0.010117596289112896,0.043465152676166185,0.9464172510347209,2
2001-02-05,train,train,-0.0001827659997853,0.0152450519964981,-0.0394232088050358,0.04773823500855809,0.02519014984829832,0.9270716151431436,2
2001-02-06,train,train,0.0089073405808949,0.0149407950500239,-0.0394232088050358,0.0811555306943203,0.019182961556646703,0.8996615077490331,2
2001-02-07,train,train,-0.0054603514537246,0.0145472554663449,-0.0394232088050358,0.12715188787651036,0.013886134827535297,0.8589619772959545,2
2001-02-08,train,train,0.014079547896849,0.0145196178753332,-0.0394232088050358,0.09751691758124831,0.01694271136517139,0.8855403710535803,2
2001-02-09,train,train,-0.0084682232703576,0.0142292934951933,-0.0394232088050358,0.11025162900236517,0.01430010785628148,0.8754482631413532,2
2001-02-12,train,train,0.0159941464155457,0.0143413105727379,-0.0394232088050358,0.06235435317338996,0.019861049729163947,0.9177845970974462,2
2001-02-13,train,train,-0.0041983561274899,0.0139423946744272,-0.0394232088050358,0.11359383586932081,0.013917590770568419,0.8724885733601105,2
2001-02-14,train,train,-0.0297288241277973,0.0153543194620711,-0.0394232088050358,0.0004463484368943952,0.06833141154729526,0.9312222400158106,2
2001-02-15,train,train,0.0107618582074236,0.0151181637145302,-0.0394232088050358,0.01757994653855459,0.04789184421277927,0.9345282092486661,2
2001-02-16,train,train,-0.0077131547061357,0.0147788669046251,-0.0394232088050358,0.03640892423458752,0.031115918499141047,0.9324751572662714,2
2001-02-19,train,train,0.007307610507498,0.0144400167190105,-0.0394232088050358,0.0765279758439595,0.021266705618576208,0.9022053185374643,2
2001-02-20,train,train,-0.0185044516079055,0.0147155741183667,-0.0394232088050358,0.013551587227204112,0.030763596559336755,0.9556848162134589,2
2001-02-21,train,train,-0.0091737598423763,0.0144431543131648,-0.0372514317239893,0.026757338550476552,0.023000025604962625,0.950242635844561,2
2001-02-22,train,train,-0.0182321498317588,0.0146980645451134,-0.0372514317239893,0.00650620750966939,0.030974111114429367,0.9625196813759012,2
2001-02-23,train,train,-0.0078876614539347,0.0143806824414801,-0.0372514317239893,0.02422254821076461,0.022102370166037492,0.9536750816231983,2
2001-02-26,train,train,0.0139845350841216,0.0143572218456383,-0.0372514317239893,0.02737003469360508,0.022910467883160618,0.9497194974232345,2
2001-02-27,train,train,0.0081658106981352,0.0140628182751128,-0.0372514317239893,0.059678705929386025,0.01762385099920304,0.9226974430714109,2
2001-02-28,train,train,-0.000282559632287,0.0136345838500948,-0.0372514317239893,0.1298889190467321,0.012187548305751104,0.8579235326475165,2
2001-03-01,train,train,-0.0068602604700929,0.0133255977195171,-0.0372514317239893,0.1662620355154245,0.010656117895821968,0.8230818465887533,2
2001-03-02,train,train,0.0088997667930455,0.0131022750789965,-0.0372514317239893,0.22122237588955393,0.010138861887910043,0.7686387622225361,2
2001-03-05,train,train,0.0121710145247196,0.0130482738775903,-0.0372514317239893,0.21087787137537914,0.011894055777061109,0.7772280728475597,2
2001-03-06,train,train,0.0208381521608575,0.0136416904833042,-0.0372514317239893,0.043386333049535805,0.02762215075820475,0.9289915161922594,2
2001-03-07,train,train,0.0031490913907068,0.0132485841765435,-0.0372514317239893,0.10392921600077666,0.017366220078649144,0.8787045639205742,2
2001-03-08,train,train,-0.0126868048795377,0.0132155508702841,-0.0372514317239893,0.06331933433814523,0.01828234030514461,0.9183983253567101,2
2001-03-09,train,train,-0.0073343623745032,0.0129382885268182,-0.0372514317239893,0.08789379375186737,0.014536129518032195,0.8975700767301006,2
2001-03-12,train,train,-0.0241201249900874,0.0138658637370793,-0.0372514317239893,0.002878955820781631,0.03887293263264048,0.9582481115465777,2
2001-03-13,train,train,0.0016942923617051,0.0134498581457631,-0.0372514317239893,0.03565500360572291,0.02329449914681443,0.9410504972474625,2
2001-03-14,train,train,-0.0124738322504982,0.0133933025260201,-0.0334685371631265,0.027699728627989903,0.02185893395368901,0.9504413374183208,2
2001-03-15,train,train,0.0088292022392728,0.0131641561875878,-0.0334685371631265,0.05673586513572092,0.017501994608160508,0.9257621402561186,2
2001-03-16,train,train,-0.0198553919529408,0.013658385813105,-0.0334685371631265,0.00729586841998189,0.029653651913219885,0.9630504796667979,2
2001-03-19,train,train,-0.0041744961450593,0.0132817166782896,-0.0271132609431417,0.035725361202338976,0.019400615103604264,0.9448740236940568,2
2001-03-20,train,train,-0.0037469879194257,0.0129097696786238,-0.0271132609431417,0.07878295395099003,0.013883371203899257,0.9073336748451106,2
2001-03-21,train,train,-0.0349882224912326,0.0151694748344024,-0.0307359601101901,2.895761949271208e-05,0.12381639949336574,0.8761546428871414,2
2001-03-22,train,train,-0.0422284889464973,0.0179805702209006,-0.0356485118551757,3.433238843348901e-08,0.7183674892701708,0.2816324763974407,1
2001-03-23,train,train,0.0321438883338719,0.019128424518863,-0.0356485118551757,6.195516039298643e-06,0.9017847412387116,0.09820906324524914,1
2001-03-26,train,train,0.0283002045028049,0.0197989121315653,-0.0356485118551757,1.2294441833581126e-05,0.9445420734277777,0.05544563213038871,1
2001-03-27,train,train,0.0218158823884378,0.0199256886897544,-0.0356485118551757,9.390478164027304e-05,0.9314044166034038,0.06850167861495604,1
2001-03-28,train,train,-0.0108430155875164,0.0195003934523695,-0.0356485118551757,0.001324682183032362,0.848008623617943,0.15066669419902476,1
2001-03-29,train,train,0.0064613333026927,0.018972463039687,-0.0356485118551757,0.009860618286434059,0.7064080720774687,0.28373130963609755,1
2001-03-30,train,train,0.0092278060803324,0.0185328421152322,-0.0356485118551757,0.02548891607198908,0.5556382501495667,0.4188728337784441,1
2001-04-02,train,train,0.001717422264188,0.017973180993081,-0.0356485118551757,0.07985766758208485,0.35290867023741296,0.5672336621805023,2
2001-04-03,train,train,-0.0340889946758396,0.0193229577029504,-0.0371019020378564,1.8675805057387802e-05,0.7510654988870484,0.24891582530789388,1
2001-04-04,train,train,0.0176641202117434,0.0192274637250446,-0.0371019020378564,0.0015052590772323753,0.7133381672709735,0.2851565736517938,1
2001-04-05,train,train,0.0181286877042411,0.0191633138755463,-0.0371019020378564,0.001986279515619671,0.6843209593067001,0.3136927611776801,1
2001-04-06,train,train,-0.0012641353110139,0.0185821022776277,-0.0371019020378564,0.019318402113994375,0.48755602272814336,0.49312557515786215,2
2001-04-09,train,train,0.0133215049490433,0.0183091398814714,-0.0371019020378564,0.023966541778936958,0.3920539433932673,0.5839795148277955,2
2001-04-10,train,train,0.0155655332057403,0.0181562186714654,-0.0371019020378564,0.01880790433634129,0.3389861524650166,0.6422059431986423,2
2001-04-11,train,train,0.0012594492746374,0.0176058101945871,-0.0371019020378564,0.06410479146080736,0.1911611440516675,0.7447340644875251,2
2001-04-12,train,train,0.0036235301676669,0.0170925269548981,-0.0371019020378564,0.1421153970372403,0.09973746829583446,0.7581471346669251,2
2001-04-17,train,train,-0.0127561591090426,0.0168638188069783,-0.0371019020378564,0.08554688466636515,0.07840037929178775,0.8360527360418473,2
2001-04-18,train,train,0.0280804902006207,0.0177379795203329,-0.0371019020378564,0.001755228554902636,0.1976955433825457,0.8005492280625517,2
2001-04-19,train,train,2.043249206852316e-05,0.017197609934672,-0.0371019020378564,0.030727813307839937,0.10653620924632307,0.862735977445837,2
2001-04-20,train,train,-0.0258989692494157,0.0178397790543535,-0.0371019020378564,0.000595662760345208,0.1960441883111915,0.8033601489284633,2
2001-04-23,train,train,-0.0295606760996288,0.0187507937963621,-0.0371019020378564,3.640573024653824e-05,0.40941002188662795,0.5905535723831257,2
2001-04-24,train,train,0.0159996724352742,0.01859720686007,-0.0371019020378564,0.00506986315104637,0.35721259587052495,0.6377175409784286,2
2001-04-25,train,train,-0.0072991931035791,0.0181190902093417,-0.0371019020378564,0.021138923329276645,0.2260547597462999,0.7528063169244235,2
2001-04-26,train,train,0.0183853239105733,0.01813517444998,-0.0371019020378564,0.009942355728194182,0.22588803206355956,0.7641696122082463,2
2001-04-27,train,train,0.011556287138464,0.0178091084992184,-0.0371019020378564,0.023697053603028463,0.15771552695644475,0.8185874194405267,2
2001-04-30,train,train,0.0130341221666833,0.0175592649403122,-0.0371019020378564,0.03070942310477376,0.11757522861911694,0.8517153482761093,2
2001-05-02,train,train,-0.0131482600954997,0.0173263014732449,-0.0371019020378564,0.02199132814965703,0.0891849495784459,0.8888237222718969,2
2001-05-03,train,train,-0.0142495830008823,0.0171572642434394,-0.0371019020378564,0.014310410550723298,0.0726587924996217,0.9130307969496552,2
2001-05-04,train,train,0.0047794507696379,0.0166757309380913,-0.0371019020378564,0.05211880953744437,0.04127301473319759,0.906608175729358,2
2001-05-07,train,train,0.0048610057636871,0.0162115071724536,-0.0371019020378564,0.11265423194414516,0.02444647814547868,0.8628992899103763,2
2001-05-08,train,train,0.0071491091517813,0.015814890850531,-0.0371019020378564,0.18097102853684482,0.016626337693899935,0.8024026337692551,2
2001-05-09,train,train,-0.0003831961120476,0.0153333928604524,-0.0371019020378564,0.30571578140811073,0.010220917899452698,0.6840633006924366,2
2001-05-10,train,train,0.0130894679465132,0.0152080968790826,-0.0371019020378564,0.2613832160409496,0.012474749624944482,0.7261420343341057,2
2001-05-11,train,train,-0.0099661872188321,0.0149455187699657,-0.0371019020378564,0.2287755540334611,0.01216600990954443,0.7590584360569947,2
2001-05-14,train,train,-0.0085344187167162,0.014640238986954,-0.0371019020378564,0.23490860524757626,0.011002096222730736,0.7540892985296932,2
2001-05-15,train,train,0.0067877956298683,0.0142912858732233,-0.0371019020378564,0.3364322478949232,0.008627085310871307,0.6549406667942056,2
2001-05-16,train,train,-0.0082573508707727,0.0140027651340641,-0.0371019020378564,0.34601560847282187,0.008287983249283896,0.645696408277894,2
2001-05-17,train,train,0.007626217929855,0.0137040992958529,-0.0371019020378564,0.4439023154662731,0.006862496009323158,0.5492351885244037,2
2001-05-18,train,train,0.0069005742305965,0.0133937027271281,-0.0371019020378564,0.5560880111421869,0.005257027004212303,0.4386549618536008,0
2001-05-21,train,train,-0.0051735343943639,0.0130473646329785,-0.0371019020378564,0.6374897043331184,0.003968564450466753,0.3585417312164149,0
2001-05-22,train,train,-0.0053146552756171,0.0127166990243483,-0.0371019020378564,0.7062523947371132,0.0030638926367498485,0.29068371262613707,0
2001-05-23,train,train,0.0005918351666444,0.0123301493974395,-0.0371019020378564,0.8132307140794074,0.0017812861456006405,0.18498799977499175,0
2001-05-24,train,train,-0.0017039436055074,0.0119618073275752,-0.0371019020378564,0.8769977516130576,0.0010865103101583167,0.12191573807678413,0
2001-05-25,train,train,-0.0154892328228481,0.0122022426002737,-0.0371019020378564,0.6426867311926692,0.004603375103194739,0.3527098937041358,0
2001-05-28,train,train,0.0081203031718444,0.0119965578572997,-0.0371019020378564,0.7130193654211072,0.0035417695424302775,0.28343886503646226,0
2001-05-29,train,train,-0.0061367384583921,0.0117278271616071,-0.0371019020378564,0.7557045565543034,0.0027280104759958702,0.24156743296970065,0
2001-05-30,train,train,-0.0049981191519102,0.0114362706263877,-0.0371019020378564,0.8084755189984997,0.001955434796500744,0.18956904620499937,0
2001-05-31,train,train,0.0064200790193328,0.01119884072422,-0.0371019020378564,0.8630437047434578,0.001358620304383119,0.13559767495215913,0
2001-06-01,train,train,-0.0107196127279447,0.0111706668276647,-0.0371019020378564,0.8006545539593123,0.0021548587088821014,0.19719058733180608,0
2001-06-04,train,train,0.017098737124803,0.0116120100847353,-0.0371019020378564,0.5869656017631997,0.0069941078342305105,0.4060402904025696,0
2001-06-05,train,train,0.0042059463224487,0.0113053018793641,-0.0371019020378564,0.7165733204573629,0.0037588937321131025,0.27966778581052393,0
2001-06-06,train,train,-0.0074323804263313,0.0111110609878914,-0.0371019020378564,0.7322231206551543,0.0032180449927814887,0.2645588343520643,0
2001-06-07,train,train,-0.0014595518935391,0.0107785042192245,-0.0371019020378564,0.8238141413626058,0.0018029055073300179,0.17438295313006397,0
2001-06-08,train,train,0.009464578186089,0.0107042177867439,-0.0371019020378564,0.8423223421542777,0.0017119524108825672,0.15596570543484,0
2001-06-11,train,train,-5.2045166677768295e-05,0.0103781320208622,-0.0371019020378564,0.900374599079975,0.0009175723028687355,0.098707828617156,0
2001-06-12,train,train,-0.0170915590270044,0.01089819114286,-0.0371019020378564,0.6029245808679795,0.005593734920022506,0.3914816842119978,0
2001-06-13,train,train,0.0082778086717432,0.0107589805725028,-0.0371019020378564,0.6757634442988879,0.004255337298529451,0.3199812184025827,0
2001-06-14,train,train,-0.0048318634101112,0.0104981492379734,-0.0371019020378564,0.7468244600778237,0.0028673055619222224,0.2503082343602542,0
2001-06-15,train,train,-0.0120278018006262,0.0105961573292729,-0.0371019020378564,0.6166780670479225,0.004993627774391439,0.37832830517768584,0
2001-06-18,train,train,-0.0374974819902807,0.0137806206853896,-0.0379383218708725,0.0001249258002244272,0.15323857444536393,0.8466364997544119,2
2001-06-19,train,train,0.0032325117291144,0.013384249101494,-0.033715717588583,0.028148821749334862,0.0836190784636406,0.8882320997870246,2
2001-06-20,train,train,-0.0029221152359756,0.0129962364558872,-0.033715717588583,0.07158208193411336,0.045188725831678496,0.8832291922342084,2
2001-06-21,train,train,-0.0112137462017455,0.0128962366033243,-0.033715717588583,0.05867073479036368,0.034410542081424016,0.9069187231282124,2
2001-06-22,train,train,0.0004818765853348,0.0125039224133788,-0.033715717588583,0.13037017249065108,0.01981086463116705,0.8498189628781819,2
2001-06-25,train,train,0.0043712468266968,0.0121701955245511,-0.033715717588583,0.23033943390016792,0.012776147848512047,0.7568844182513199,2
2001-06-26,train,train,-0.0193281659482368,0.0127138318179379,-0.033715717588583,0.033646064837659494,0.025744637311595948,0.9406092978507444,2
2001-06-27,train,train,-0.0005802621385575,0.0123273367186139,-0.033715717588583,0.08709901502448683,0.016330169247019223,0.8965708157284942,2
2001-06-28,train,train,0.0077423629647167,0.0121013258693536,-0.033715717588583,0.1410338853203589,0.013183742604697174,0.845782372074944,2
2001-06-29,train,train,0.0025374594298343,0.011749122714058,-0.0309857091131084,0.2536488008257144,0.009332681564058878,0.7370185176102266,2
2001-07-02,train,train,0.0217146299307946,0.0125718288510016,-0.0309857091131084,0.043296347749727265,0.02670095822327668,0.9300026940269961,2
2001-07-03,train,train,-0.0063462908110135,0.0122875690127388,-0.0309857091131084,0.07324350082062894,0.0185006921612709,0.9082558070181005,2
2001-07-04,train,train,-0.0146252813645868,0.0124402259789704,-0.0309857091131084,0.032130600154127435,0.021368223281141976,0.9465011765647305,2
2001-07-05,train,train,-0.0110228801497453,0.0123597695072003,-0.0309857091131084,0.03295695286606275,0.01911305754522874,0.9479299895887087,2
2001-07-06,train,train,-0.0330519121561633,0.0144618049345708,-0.0333700234153576,3.5877357339387425e-05,0.1145459176371875,0.8854182050054731,2
2001-07-09,train,train,0.0028540877057618,0.0140386581568742,-0.0333700234153576,0.02889759854669935,0.06227852489249124,0.9088238765608092,2
2001-07-10,train,train,-0.0071920233555717,0.013724518187232,-0.0333700234153576,0.05140842827161521,0.038281113067030366,0.9103104586613545,2
2001-07-11,train,train,-0.023789041204727,0.0145263816688732,-0.0333700234153576,0.0019859837445983107,0.07192140880929972,0.9260926074461019,2
2001-07-12,train,train,-0.0120977852392965,0.014392227172615,-0.0333700234153576,0.010190126433127961,0.05302412889813441,0.9367857446687378,2
2001-07-13,train,train,0.0166603545725146,0.0145382968630366,-0.0333700234153576,0.01091661097642291,0.05320767412795969,0.9358757148956173,2
2001-07-16,train,train,-0.0009398542270671,0.0140972816775151,-0.0333700234153576,0.048143925010122976,0.029946133234350712,0.9219099417555262,2
2001-07-17,train,train,0.0091909683772649,0.0138519956553633,-0.031446145117057,0.07960743852124133,0.022093808045015813,0.898298753433743,2
2001-07-18,train,train,-0.0196114011662065,0.0142632934471722,-0.031446145117057,0.010436404825162358,0.03444635030182272,0.955117244873015,2
2001-07-19,train,train,0.0173993921803452,0.0144706384951481,-0.031446145117057,0.009567573769139758,0.039450582503701384,0.9509818437271589,2
2001-07-20,train,train,-0.0060151144416889,0.0141069596956475,-0.031446145117057,0.03344452610367648,0.02525579454228625,0.9412996793540375,2
2001-07-23,train,train,0.0089673753300404,0.0138524641259934,-0.031446145117057,0.06313081791435071,0.019432678666217767,0.9174365034194316,2
2001-07-24,train,train,-0.0006089276818116,0.0134312904888369,-0.031446145117057,0.13448076244434098,0.01297198834322271,0.8525472492124364,2
2001-07-25,train,train,-0.0266604460923518,0.0145678534278177,-0.0324032800795986,0.0017765536163110497,0.04796094670624122,0.9502624996774477,2
2001-07-26,train,train,0.0094601813347367,0.014312886296547,-0.0324032800795986,0.022232297347564708,0.03334636611549161,0.9444213365369439,2
2001-07-27,train,train,-0.0017023368607596,0.0138831217071976,-0.0324032800795986,0.06566974800103115,0.020249614680526933,0.9140806373184419,2
2001-07-30,train,train,0.0241552839540185,0.0147032400786563,-0.0324032800795986,0.0054910839281601,0.048355570735739845,0.9461533453361001,2
2001-07-31,train,train,0.0073500200741144,0.0143685601361918,-0.0324032800795986,0.032253972615811734,0.03108861294589936,0.9366574144382891,2
2001-08-01,train,train,0.0090742565719176,0.0141070449458453,-0.0324032800795986,0.061066744174651535,0.02281368023864231,0.9161195755867061,2
2001-08-02,train,train,0.0059886516227373,0.0137557272062717,-0.0324032800795986,0.11963391437343199,0.01584509912538811,0.8645209865011799,2
2001-08-03,train,train,-0.0051242200512659,0.0133956070031555,-0.0324032800795986,0.17874377551604512,0.011755070217662972,0.8095011542662917,2
2001-08-06,train,train,0.0083135746684925,0.0131462040601128,-0.0324032800795986,0.24555156989563381,0.010264062253931196,0.7441843678504348,2
2001-08-07,train,train,-0.0079633606832582,0.0128941159883498,-0.0324032800795986,0.26476487594681375,0.009506049811246968,0.7257290742419392,2
2001-08-08,train,train,-0.0151118164142521,0.0130378201097438,-0.0324032800795986,0.10467019041714928,0.015511729842667632,0.8798180797401829,2
2001-08-09,train,train,-0.0175963644434512,0.0133552832436756,-0.0324032800795986,0.022751777976363803,0.023700300883612524,0.9535479211400237,2
2001-08-10,train,train,-0.0107912650530044,0.0132154780153548,-0.0324032800795986,0.027570554342731042,0.020326021127259553,0.9521034245300095,2
2001-08-13,train,train,0.0162874986744516,0.0134196454650666,-0.0324032800795986,0.019768070696866286,0.025079533470411624,0.9551523958327223,2
2001-08-14,train,train,0.0133790329932096,0.0134172121833711,-0.0324032800795986,0.02678815326326401,0.024176892417115497,0.9490349543196205,2
2001-08-16,train,train,-0.0151556585258694,0.0135278204796024,-0.0324032800795986,0.013498838748583878,0.026120546096420852,0.9603806151549954,2
2001-08-17,train,train,-0.0148645128601936,0.0136117242062459,-0.0324032800795986,0.009903209472618088,0.02698946160202856,0.9631073289253534,2
2001-08-20,train,train,-0.0011957399626187,0.0132003061085105,-0.0324032800795986,0.04620057795153683,0.01739256315489428,0.936406858893569,2
2001-08-21,train,train,0.0006956681219655,0.0127993059860694,-0.0324032800795986,0.1097615796074628,0.012268845399265923,0.8779695749932711,2
2001-08-22,train,train,0.0132837228333898,0.0128288868277957,-0.0324032800795986,0.09575230162961842,0.014940803027202907,0.8893068953431785,2
2001-08-23,train,train,0.0114565055266448,0.0127507101033193,-0.0324032800795986,0.10763219108040387,0.015020607268592405,0.8773472016510034,2
2001-08-24,train,train,0.0164448017377267,0.0130019868444074,-0.0324032800795986,0.05615953937650211,0.021172781041373656,0.9226676795821241,2
2001-08-27,train,train,-0.002931490579798,0.0126263288571612,-0.0324032800795986,0.11321092449539458,0.014238770963408672,0.8725503045411965,2
2001-08-28,train,train,-0.016899400584199,0.0129226202447856,-0.0324032800795986,0.028995088235659196,0.02143825829929952,0.9495666534650412,2
2001-08-29,train,train,0.0062387206059636,0.0126217972269976,-0.0324032800795986,0.07082021559436737,0.015746155255644396,0.9134336291499882,2
2001-08-30,train,train,-0.0231979864910828,0.0134922190153994,-0.0324032800795986,0.0032123399517049647,0.03710674975792228,0.9596809102903727,2
2001-08-31,train,train,0.0107533233850928,0.013343748099818,-0.0324032800795986,0.020856029930056908,0.028528543870260444,0.9506154261996826,2
2001-09-03,train,train,-0.020408414895565,0.0138694801799954,-0.0324032800795986,0.0030793322002460716,0.042423418918971945,0.954497248880782,2
2001-09-04,train,train,0.0168087353403617,0.0140631698652909,-0.0324032800795986,0.007794253576386981,0.04455689467681143,0.9476488517468017,2
2001-09-05,train,train,-0.0211971349963236,0.0145899106845644,-0.0324032800795986,0.0015539383955260923,0.06308812618704925,0.9353579354174245,2
2001-09-06,train,train,-0.0265399842492591,0.015567781151905,-0.0324032800795986,0.00018166224708221425,0.13195427792651832,0.8678640598263995,2
2001-09-07,train,train,-0.0227109695295288,0.0160860731569971,-0.0324032800795986,0.0005836576291656916,0.17843482607269257,0.820981516298142,2
2001-09-10,train,train,-0.0062963161108818,0.0156720981502036,-0.0324032800795986,0.01972243500611876,0.10350993269073705,0.8767676323031443,2
2001-09-12,train,train,-0.0455610914372825,0.018852760115729,-0.0350911498952658,8.02191294323896e-09,0.7949362043021272,0.2050637876759597,1
2001-09-13,train,train,0.0002725652391721,0.0182785510271172,-0.0350911498952658,0.010485993503994378,0.6173141849422519,0.3721998215537539,1
2001-09-14,train,train,-0.0599316651951349,0.0230123308592497,-0.0461815562628602,1.6106272904771234e-15,0.9989925334988401,0.0010074665011581465,1
2001-09-17,train,train,0.0261319828682029,0.0232113369067463,-0.0461815562628602,3.33137620812038e-07,0.9817580758652785,0.018241590997100623,1
2001-09-18,train,train,-0.0072143317508348,0.0225735018615907,-0.0461815562628602,0.0006246133470100499,0.9087592912761006,0.09061609537688928,1
2001-09-19,train,train,-0.0157685427253339,0.0222240415653491,-0.0461815562628602,0.0006995371920601096,0.8541025373413803,0.14519792546655963,1
2001-09-20,train,train,-0.0305026983420081,0.0228056663673105,-0.0461815562628602,2.6816080766631675e-06,0.9376982550872581,0.06229906330466517,1
2001-09-21,train,train,-0.034320487741974,0.0236551530555283,-0.0466044147914638,9.644855016632497e-08,0.9803351959198702,0.019664707631579622,1
2001-09-24,train,train,0.0578908319782724,0.0269642948311992,-0.0466044147914638,1.4391728550643586e-15,0.9998668959843905,0.00013310401560780153,1
2001-09-25,train,train,0.0165346959313567,0.0264547268776631,-0.0466044147914638,1.7209059839360982e-06,0.9602541347554349,0.039744144338580985,1
2001-09-26,train,train,0.0071736868033876,0.0257089308735823,-0.0466044147914638,0.0017591686900624891,0.8745731581986488,0.12366767311128866,1
2001-09-27,train,train,0.0206340700586514,0.0254330114200815,-0.0466044147914638,0.000571409292072029,0.8666269150369472,0.13280167567098078,1
2001-09-28,train,train,0.0160010326344367,0.0249677745989196,-0.0466044147914638,0.0015474075453855288,0.811566816789923,0.18688577566469144,1
2001-10-01,train,train,-0.0166680897883733,0.0245490508034161,-0.0466044147914638,0.001162363868421922,0.75917713173008,0.23966050440149814,1
2001-10-02,train,train,0.0161073499176078,0.0241259889934045,-0.0466044147914638,0.002737650548414089,0.6995706187555444,0.2976917306960415,1
2001-10-03,train,train,-0.0089180136209035,0.0234927946875599,-0.0466044147914638,0.010056823530697397,0.5466430690799028,0.4433001073893999,1
2001-10-04,train,train,0.0300879898763199,0.0239397983739584,-0.0466044147914638,7.408649024619194e-05,0.7823687897732232,0.2175571237365307,1
2001-10-05,train,train,-0.0405915827305221,0.0252504990986072,-0.0486947797876465,6.557369989753204e-09,0.9763746325708854,0.023625360871744876,1
2001-10-08,train,train,0.0042730367852206,0.0245036318338141,-0.0486947797876465,0.0013208126060918304,0.8938860181590235,0.10479316923488483,1
2001-10-09,train,train,0.0108300293517578,0.0239048042621118,-0.0486947797876465,0.004805526719912168,0.798295244299905,0.19689922898018283,1
2001-10-10,train,train,0.0339308568276649,0.0246217682042711,-0.0486947797876465,3.757402077269766e-06,0.9463078796425691,0.053688362955353695,1
2001-10-11,train,train,0.0031161586528886,0.0238838901358125,-0.0486947797876465,0.003074413697668419,0.8412492194607551,0.15567636684157643,1
2001-10-15,train,train,-0.0054696768351903,0.0231950175128038,-0.0486947797876465,0.012669800061968066,0.6913088237849011,0.29602137615313107,1
2001-10-16,train,train,0.0173934058420829,0.0228884281063895,-0.0486947797876465,0.006736041243517409,0.6555922760297169,0.3376716827267657,1
2001-10-17,train,train,0.0353326656471007,0.023819134501788,-0.0486947797876465,3.0294770536625865e-06,0.9166586403606408,0.0833383301623055,1
2001-10-18,train,train,-0.0147959125714344,0.0233761682069304,-0.0486947797876465,0.0005984011390962115,0.8552472678588291,0.14415433100207486,1
2001-10-19,train,train,-0.0274947254048376,0.0236435217584358,-0.0486947797876465,1.1803119377941152e-05,0.9145323519538641,0.08545584492675785,1
2001-10-22,train,train,0.0246839237936385,0.0237072334848277,-0.0486947797876465,5.002959495171034e-05,0.9284006804425929,0.07154928996245515,1
2001-10-23,train,train,0.0232106070623352,0.0236777296450909,-0.0486947797876465,7.573318158195748e-05,0.9279920051230787,0.07193226169533917,1
2001-10-24,train,train,0.0166382290396416,0.0233153732162235,-0.0486947797876465,0.000612349947781535,0.882859271692731,0.11652837835948736,1
2001-10-25,train,train,-0.0272175190485554,0.0235677285945971,-0.0486947797876465,1.1280598542633336e-05,0.9267491624796532,0.07323955692180456,1
2001-10-26,train,train,0.0099762905052253,0.022980059694804,-0.0486947797876465,0.002259595569181266,0.8373869880812257,0.16035341634959327,1
2001-10-29,train,train,-0.0210279210748031,0.0228676313343957,-0.0486947797876465,0.00029678533246037725,0.8370027200475032,0.1627004946200363,1
2001-10-30,train,train,-0.029985630257828,0.0233559656274931,-0.0486947797876465,3.4484013970063555e-06,0.9266833831135817,0.07331316848502163,1
2001-10-31,train,train,0.0276216015222474,0.0236336250881728,-0.0486947797876465,1.2288795272933819e-05,0.9521481251253285,0.04783958607939852,1
2001-11-01,train,train,-0.002511417965007,0.0229219059838293,-0.0486947797876465,0.0025774792772068136,0.8498705350489527,0.14755198567384029,1
2001-11-02,train,train,-0.0100180181073416,0.022358680388242,-0.0486947797876465,0.005962294704051254,0.7345200539861626,0.2595176513097862,1
2001-11-05,train,train,0.0318545533392432,0.0230390691541109,-0.0486947797876465,1.536527145855233e-05,0.906713273021491,0.09327136170705047,1
2001-11-06,train,train,0.011515501290666,0.0225145995131415,-0.0486947797876465,0.002235365618176048,0.8201864976185267,0.1775781367632971,1
2001-11-07,train,train,0.0124690455497337,0.0220413562554168,-0.0486947797876465,0.005961655244393245,0.7219104828329179,0.27212786192268873,1
2001-11-08,train,train,0.0297199558599766,0.022575842155336,-0.0486947797876465,4.5489086948909916e-05,0.875506875532365,0.12444763538068637,1
2001-11-09,train,train,-0.0170395922819029,0.0222824907133224,-0.0486947797876465,0.0004811401130955177,0.8289904305663305,0.17052842932057427,1
2001-11-12,train,train,-0.019924731323942,0.0221481042968877,-0.0486947797876465,0.00029752908160603507,0.8154363284908216,0.18426614242757242,1
2001-11-13,train,train,0.0393289912824347,0.0235353433335207,-0.0486947797876465,6.035892854633369e-08,0.9768256708704436,0.02317426877062785,1
2001-11-14,train,train,0.0095568509468161,0.0229381264857938,-0.0486947797876465,0.0007781279396867518,0.9082338987257722,0.0909879733345414,1
2001-11-15,train,train,0.0043268696310471,0.0222645794015028,-0.0486947797876465,0.007150933224360169,0.7831687508092079,0.20968031596643227,1
2001-11-16,train,train,0.0042613266872938,0.0216115325805095,-0.0486947797876465,0.02962148388086796,0.6065002118952518,0.3638783042238804,1
2001-11-19,train,train,0.0179367305975309,0.0214088397238482,-0.0486947797876465,0.011931982788509096,0.5886271944304695,0.39944082278102133,1
2001-11-20,train,train,-0.017468269213524,0.0211930776193809,-0.0486947797876465,0.0035905439531609407,0.553173036989846,0.44323641905699296,1
2001-11-21,train,train,-0.0135802320579991,0.0208149731877604,-0.0486947797876465,0.005612637250696695,0.4536940333333551,0.5406933294159479,2
2001-11-22,train,train,0.0095325179243887,0.0203154979303359,-0.0486947797876465,0.021768951317521497,0.3179902358394923,0.6602408128429862,2
2001-11-23,train,train,0.0030051569932724,0.0197103563362331,-0.0486947797876465,0.06889919490257448,0.1794469354332009,0.7516538696642248,2
2001-11-26,train,train,0.0036735711467896,0.0191310732993588,-0.0486947797876465,0.14953094957391969,0.09305981893945565,0.7574092314866249,2
2001-11-27,train,train,-0.0145628999289065,0.0188881648370262,-0.0486947797876465,0.06404628104603462,0.08284285037918854,0.8531108685747767,2
2001-11-28,train,train,-0.0108414530635679,0.0185043030381532,-0.0486947797876465,0.05707160031843575,0.057665474855028355,0.885262924826536,2
2001-11-29,train,train,-0.0090727516814927,0.0180777091042139,-0.0486947797876465,0.06659602012312087,0.038247546922029925,0.8951564329548494,2
2001-11-30,train,train,0.0110353452480066,0.0177342065837112,-0.0486947797876465,0.08414878524973934,0.029134314571304654,0.886716900178956,2
2001-12-03,train,train,-0.0074156028335817,0.0172896335440531,-0.0486947797876465,0.10977511290673092,0.02016008296558463,0.8700648041276845,2
2001-12-04,train,train,0.0251774191136517,0.0178614021956804,-0.0486947797876465,0.006431494388249971,0.05471787655149864,0.9388506290602514,2
2001-12-05,train,train,0.0358630035919537,0.0194179609817894,-0.0486947797876465,1.367084777596193e-05,0.3076470447414296,0.6923392844107944,2
2001-12-07,train,train,-0.0139544758662795,0.0191341950437177,-0.0449479118892103,0.005071486147727503,0.24006594225662103,0.7548625715956514,2
2001-12-10,train,train,-0.0166022599954796,0.0189918002566955,-0.0449479118892103,0.004123462803774789,0.21225766996340378,0.7836188672328216,2
2001-12-11,train,train,0.0089320436800287,0.0185427628100271,-0.0351382562715014,0.024463257716642088,0.13379300299285132,0.8417437392905066,2
2001-12-12,train,train,-0.0121381986552913,0.0182220789556764,-0.0351382562715014,0.02279968605368341,0.09585324382193568,0.8813470701243808,2
2001-12-13,train,train,-0.0252802712976656,0.0187207649093702,-0.0351382562715014,0.0006246656452300216,0.1693406691784494,0.8300346651763207,2
2001-12-14,train,train,-0.0045660224316723,0.0181848819109496,-0.0351382562715014,0.023261716977039056,0.09455313231006503,0.8821851507128963,2
2001-12-17,train,train,0.0310877870754551,0.0192050921534681,-0.0349659002434413,0.00018877302403974794,0.2852754318192496,0.7145357951567107,2
2001-12-18,train,train,-0.0081094954028553,0.0187256846520266,-0.0326906461310625,0.014308932197600842,0.17921053770771878,0.8064805300946801,2
2001-12-19,train,train,-0.0175111779091488,0.0186550441128363,-0.0326906461310625,0.005120888608367078,0.1690196706103359,0.8258594407812971,2
2001-12-20,train,train,-0.0113771075146301,0.0183001733632423,-0.0326906461310625,0.012941951437603346,0.11599571090493302,0.8710623376574634,2
2001-12-21,train,train,0.0063084828461628,0.0178098394649267,-0.0326906461310625,0.04577358350827372,0.0666554674821618,0.8875709490095645,2
2001-12-27,train,train,0.0179432977904357,0.0178178751537956,-0.0326906461310625,0.019932139507089205,0.07197770240783097,0.9080901580850799,2
2001-12-28,train,train,-0.0044320072788321,0.0173091489047743,-0.0326906461310625,0.05312483513862533,0.04065259255882749,0.9062225723025472,2
2002-01-02,train,train,-0.0024441608663144,0.0167925183638314,-0.0326906461310625,0.1118285275597644,0.02328285607880215,0.8648886163614333,2
2002-01-03,train,train,0.0209791382116092,0.017072691850606,-0.0326906461310625,0.021486790312318323,0.04110422479192577,0.9374089848957559,2
2002-01-04,train,train,-0.0107653828654531,0.0167613187637068,-0.0326906461310625,0.026754320372459024,0.030932957985333097,0.9423127216422077,2
2002-01-07,train,train,-0.0343534682933556,0.0183001351176331,-0.0349768937605685,1.602656165767706e-05,0.17908425875829692,0.8208997146800454,2
2002-01-08,train,train,0.0011366854430792,0.0177448238039154,-0.030611274652007,0.02805008610488023,0.09641803382443437,0.8755318800706855,2
2002-01-09,train,train,-0.0148285921312906,0.0175834943682379,-0.030611274652007,0.014741405933087978,0.08095438643391921,0.9043042076329929,2
2002-01-10,train,train,-0.0163363116385324,0.0175111685053584,-0.030611274652007,0.007270333765670222,0.07485659467881761,0.9178730715555125,2
2002-01-11,train,train,0.0059930141760617,0.0170410543750245,-0.030611274652007,0.037852349531458496,0.04388688473622955,0.918260765732312,2
2002-01-14,train,train,-0.0231646117516824,0.0174691051979247,-0.030611274652007,0.0019233249264038476,0.07503673407806472,0.9230399409955313,2
2002-01-15,train,train,0.018846267097815,0.0175547818340907,-0.030611274652007,0.004573801372162166,0.08300889831691796,0.9124173003109199,2
2002-01-16,train,train,-0.0183591869315823,0.0176040827087155,-0.030611274652007,0.0029001803101214186,0.08664091810695816,0.9104589015829204,2
2002-01-17,train,train,0.0219757905886459,0.0178965255469921,-0.030611274652007,0.0021449962309438853,0.11905192408579554,0.8788030796832608,2
2002-01-18,train,train,0.0039158376321948,0.0173778167822254,-0.030611274652007,0.031866288320674785,0.06551067737705867,0.9026230343022664,2
2002-01-21,train,train,-0.0133616997818366,0.0171633710678641,-0.0305188725332463,0.021719513951426003,0.052597851872764265,0.9256826341758099,2
2002-01-22,train,train,0.0163913081014913,0.0171180292938493,-0.0305188725332463,0.016612891574083435,0.052157467104865275,0.9312296413210515,2
2002-01-23,train,train,0.0056109180410274,0.0166533556788584,-0.0305188725332463,0.05388799585007363,0.03129865196677008,0.9148133521831562,2
2002-01-24,train,train,0.0165732950270846,0.0166485628967746,-0.0305188725332463,0.03017183512431173,0.035143439845980326,0.9346847250297078,2
2002-01-25,train,train,-0.0034515009885079,0.0161635064042617,-0.0298731232829497,0.07213318553010263,0.021448448646413834,0.9064183658234835,2
2002-01-28,train,train,0.0107059813883692,0.0158890051662481,-0.0298731232829497,0.09285442122110782,0.018441856584324644,0.8887037221945674,2
2002-01-29,train,train,-0.0115126725099849,0.0156609499635879,-0.0298731232829497,0.06961222251538579,0.01774089907597852,0.9126468784086356,2
2002-01-30,train,train,-0.0195955015557036,0.015924460851453,-0.0275994504475678,0.009320013366119732,0.029517670644501295,0.9611623159893792,2
2002-01-31,train,train,0.0038207324043944,0.0154676768123481,-0.0275994504475678,0.045612415434553355,0.019133351833779143,0.9352542327316673,2
2002-02-01,train,train,0.0148817984078706,0.0154331513257703,-0.0275994504475678,0.03613955765313212,0.021990355059165072,0.9418700872877028,2
2002-02-04,train,train,-0.019376148926368,0.0156976857876085,-0.0275994504475678,0.005881083372646585,0.03285753541376599,0.9612613812135874,2
2002-02-05,train,train,-0.0203699341928243,0.0160165024859516,-0.0275994504475678,0.0018443314751090008,0.04653464034466167,0.9516210281802294,2
2002-02-06,train,train,-0.0185857285662336,0.0161821633025318,-0.0275994504475678,0.002443198650320064,0.053477725317318585,0.9440790760323612,2
2002-02-07,train,train,0.0210912435440496,0.0165179023442713,-0.0275994504475678,0.002762911873939318,0.07364967661664658,0.923587411509414,2
2002-02-08,train,train,-0.0054260225140648,0.0160697584052462,-0.0275994504475678,0.02582003462735912,0.042830881574971925,0.9313490837976691,2
2002-02-11,train,train,-0.0012907276093105,0.0155834163698621,-0.0275994504475678,0.07265670693420041,0.02461406992688587,0.9027292231389139,2
2002-02-12,train,train,-0.0040878381526363,0.0151418268071203,-0.0275994504475678,0.12876744726841616,0.016009742137163288,0.8552228105944206,2
2002-02-13,train,train,0.0101438710595637,0.0148893354827474,-0.0275994504475678,0.15970296119793406,0.01428422074472004,0.8260128180573459,2
2002-02-14,train,train,0.01941067377633,0.0151985929558561,-0.0275994504475678,0.04488582898407282,0.02653902555048876,0.9285751454654385,2
2002-02-15,train,train,-0.0126712123361536,0.015058916677225,-0.0275994504475678,0.03157392066552241,0.024314001250322133,0.9441120780841555,2
2002-02-18,train,train,-0.0111727443753288,0.0148544446619419,-0.0275994504475678,0.03180704783098871,0.021078749483423823,0.9471142026855873,2
2002-02-19,train,train,-0.0159323786028905,0.0149213168292401,-0.0275994504475678,0.01272611847670284,0.02498826029892378,0.9622856212243734,2
2002-02-20,train,train,0.0010113210052809,0.0144688741916568,-0.0275994504475678,0.05319294245812141,0.016359897958859126,0.9304471595830194,2
2002-02-21,train,train,0.0026014702021139,0.0140425595951843,-0.0275994504475678,0.12068193846376483,0.011864211365340563,0.8674538501708946,2
2002-02-22,train,train,-0.0096241608518689,0.0138173564588673,-0.0275994504475678,0.11510733997592834,0.012099297691677648,0.872793362332394,2
2002-02-25,train,train,0.014601109196681,0.0138656309819324,-0.0275994504475678,0.0820851969199073,0.016239943324407966,0.901674859755685,2
2002-02-26,train,train,0.0092049700730964,0.0136310039108751,-0.0275994504475678,0.11959518447723413,0.014102568419989837,0.8663022471027761,2
2002-02-27,train,train,0.0319055520426177,0.0153536271489783,-0.0275994504475678,0.0006224959301134766,0.09108152722473788,0.9082959768451487,2
2002-02-28,train,train,0.00420033169662,0.0149214075010956,-0.0275994504475678,0.029298064050333163,0.05094370336077883,0.9197582325888881,2
2002-03-01,train,train,0.011633840359584,0.014744838832475,-0.0275994504475678,0.04315831990710256,0.03843833821992531,0.9184033418729719,2
2002-03-04,train,train,0.0185733254456459,0.015002125214466,-0.0275994504475678,0.01671349671548105,0.04750831299935551,0.9357781902851634,2
2002-03-05,train,train,-0.0093217729330773,0.0147232354572776,-0.0275994504475678,0.028909016390587544,0.03279540245955771,0.9382955811498547,2
2002-03-06,train,train,0.0015997187136644,0.014280083633802,-0.0275994504475678,0.08130172894755933,0.01977505529429114,0.8989232157581498,2
2002-03-07,train,train,0.0073880917669907,0.0139628283406524,-0.0275994504475678,0.13695331859306306,0.014814344733804434,0.8482323366731326,2
2002-03-08,train,train,-0.0014923698380505,0.0135423990052836,-0.0275994504475678,0.2388495795324093,0.010094270281010028,0.7510561501865806,2
2002-03-11,train,train,-0.0062082053506103,0.0132176126963128,-0.0275994504475678,0.29754392332120144,0.00853064164283882,0.6939254350359596,2
2002-03-12,train,train,-0.011122117262607,0.01310133801604,-0.0275994504475678,0.22650888320649054,0.010538525503089428,0.7629525912904201,2
2002-03-13,train,train,-0.0032755685363547,0.0127275337475917,-0.0275994504475678,0.3351036687676923,0.00777481594394988,0.6571215152883576,2
2002-03-14,train,train,0.0066009081417562,0.0124452813417807,-0.0259626714126207,0.4510960893326751,0.006298668900053734,0.542605241767271,2
2002-03-15,train,train,0.0079049018649062,0.012220522673975,-0.0259626714126207,0.5435633973891925,0.005353358262407337,0.45108324434840014,0
2002-03-18,train,train,0.0090825969696707,0.0120553024857296,-0.0259626714126207,0.6043446402536501,0.004852280686189765,0.3908030790601602,0
2002-03-19,train,train,0.0090833885784175,0.0118979399824122,-0.0259626714126207,0.6599398430276812,0.004244565835844156,0.3358155911364746,0
2002-03-20,train,train,-0.0096315739514071,0.0117742664434972,-0.0259626714126207,0.6144046478824744,0.004874242473558143,0.380721109643967,0
2002-03-21,train,train,-0.0066608249244259,0.0115315803160688,-0.0259626714126207,0.6574471356714634,0.003994503758197807,0.33855836057033867,0
2002-03-22,train,train,0.0013908087572324,0.0111854711501457,-0.0259626714126207,0.7794321689161704,0.0022579098000161664,0.21830992128381324,0
2002-03-25,train,train,-0.0216561886513871,0.0120725850327908,-0.0263914228988083,0.158115779645175,0.019423451125324627,0.8224607692295003,2
2002-03-26,train,train,-0.0054019730373248,0.0117793611699992,-0.0263914228988083,0.2217104650832604,0.013221165130633867,0.7650683697861059,2
2002-03-27,train,train,0.0042748559995708,0.0114684180351046,-0.0263914228988083,0.3510601245759001,0.008828854026172247,0.6401110213979279,2
2002-03-28,train,train,0.0111777709511064,0.0114511872441403,-0.0263914228988083,0.3603139754421173,0.009390016369771673,0.630296008188111,2
2002-04-02,train,train,-0.0057866944882535,0.0111924554021163,-0.0263914228988083,0.43539436862291636,0.00716547456610726,0.5574401568109765,2
2002-04-03,train,train,0.0041367164846456,0.0108986944103008,-0.0217302448652979,0.5840191641914287,0.0047055706892939,0.4112752651192775,0
2002-04-04,train,train,-0.0087068255311616,0.0107797577017287,-0.0217302448652979,0.5706115387188193,0.005032116614314202,0.4243563446668667,0
2002-04-05,train,train,0.0006611538472093,0.0104526175193624,-0.0217302448652979,0.7121558863268136,0.0029783990843110834,0.2848657145888753,0
2002-04-08,train,train,-0.0240316029263101,0.0117197635035092,-0.0229508011097932,0.05907926026255021,0.027475290885229035,0.9134454488522207,2
2002-04-09,train,train,0.0077929242621181,0.0115219557930415,-0.0229508011097932,0.10417739118981473,0.019382368751225097,0.87644024005896,2
2002-04-10,train,train,0.0073993478708661,0.0113170295711304,-0.0220192419235071,0.16690704198343112,0.01434754598098966,0.8187454120355793,2
2002-04-11,train,train,-0.0158193421274377,0.0116363973778702,-0.0220192419235071,0.05459710518887221,0.0203187778745564,0.9250841169365714,2
2002-04-12,train,train,0.0070257021781373,0.0114124067910899,-0.0220192419235071,0.10352444124744636,0.015221305859572067,0.8812542528929813,2
2002-04-15,train,train,0.0111000992808943,0.0113939097452165,-0.0220192419235071,0.11983552084111013,0.01482622064802545,0.8653382585108647,2
2002-04-16,train,train,0.0287322873791531,0.0130982658702404,-0.0220192419235071,0.0021212690517742757,0.06551130827298055,0.9323674226752452,2
2002-04-17,train,train,0.0048127071518976,0.0127538395664541,-0.0220192419235071,0.03155224169261817,0.038014305442209156,0.9304334528651725,2
2002-04-18,train,train,-0.0054593992799971,0.0124374073140484,-0.0220192419235071,0.06416772828230194,0.023861277295972837,0.911970994421725,2
2002-04-19,train,train,0.0086234672261329,0.0122421242386206,-0.0220192419235071,0.10376916765375883,0.018032358486858215,0.8781984738593831,2
2002-04-22,train,train,-0.0067803867857861,0.0119848174045033,-0.0220192419235071,0.1386750304355298,0.013782873820653643,0.8475420957438164,2
2002-04-23,train,train,-0.0007894089258276,0.0116213203773607,-0.0220192419235071,0.2455729691242219,0.00955012081510897,0.7448769100606693,2
2002-04-24,train,train,-0.003824559837537,0.0113061672352534,-0.0220192419235071,0.34931522410532356,0.007349284503103707,0.6433354913915726,2
2002-04-25,train,train,-0.018659445310718,0.0118764534460691,-0.0220192419235071,0.067777437329284,0.01890773832067772,0.9133148243500382,2
2002-04-26,train,train,0.0013330701773175,0.0115192778521532,-0.0220192419235071,0.14519853095192511,0.012665426701913387,0.8421360423461617,2
2002-04-29,train,train,-0.0043728114897425,0.0112196000517171,-0.0220192419235071,0.22019758952697854,0.009755166948576893,0.7700472435244448,2
2002-04-30,train,train,0.000993835444877,0.0108805295061753,-0.0220192419235071,0.3603133815308355,0.007009272555097163,0.6326773459140671,2
2002-05-02,train,train,-0.0131340469967905,0.0110287333101086,-0.0220192419235071,0.21169277502198652,0.011159329612365956,0.7771478953656475,2
2002-05-03,train,train,-0.0036098912624952,0.0107292525282795,-0.021449078962805,0.31265600448437514,0.008257284002983046,0.6790867115126417,2
2002-05-06,train,train,-0.0091576138224473,0.0106415018527424,-0.021449078962805,0.2971447596412008,0.008801863908897225,0.6940533764499018,2
2002-05-07,train,train,-0.0044397663206629,0.0103744763472636,-0.021449078962805,0.3967250235263021,0.006826596445028487,0.5964483800286694,2
2002-05-08,train,train,0.0221527687077888,0.0114287656199776,-0.021449078962805,0.07027508111264626,0.025398308826397237,0.9043266100609563,2
2002-05-09,train,train,-0.0057659262649444,0.0111702478451539,-0.021449078962805,0.11085067315368943,0.01722615684010044,0.8719231700062101,2
2002-05-10,train,train,-0.0181075264346186,0.0117030304417984,-0.021449078962805,0.021166109280052556,0.026410422813258755,0.9524234679066885,2
2002-05-13,train,train,0.0127083612872348,0.0117657729464228,-0.021449078962805,0.03072027394536281,0.024173436939648543,0.9451062891149888,2
2002-05-14,train,train,0.013104407267063,0.0118503560129825,-0.021449078962805,0.036351940013930564,0.02316515999432845,0.940482899991741,2
2002-05-15,train,train,0.0071930886762506,0.0116236617663553,-0.021449078962805,0.07699667758148021,0.01702961886994614,0.9059737035485739,2
2002-05-16,train,train,-0.009107652365064,0.0114882506058704,-0.021449078962805,0.08364586719202924,0.014891571506737904,0.9014625613012329,2
2002-05-17,train,train,0.0003090486324689,0.0111385294598398,-0.021449078962805,0.16878363247678702,0.010632166609692111,0.8205842009135207,2
2002-05-20,train,train,-0.0112613759665829,0.0111459384322586,-0.021449078962805,0.12550289763069428,0.012388177040183204,0.8621089253291224,2
2002-05-21,train,train,-0.0062695581202862,0.010914965344195,-0.021449078962805,0.1700501071295925,0.010519301192240068,0.8194305916781675,2
2002-05-22,train,train,-0.0117543462395706,0.0109671399958358,-0.021449078962805,0.1174258861462417,0.012717737739673872,0.8698563761140844,2
2002-05-23,train,train,0.0057109709079317,0.0107246622990955,-0.021449078962805,0.20121560861544113,0.010153978776675576,0.7886304126078836,2
2002-05-24,train,train,0.0060685568396426,0.0105036622884982,-0.021449078962805,0.3060793410651474,0.00826179631356189,0.6856588626212909,2
2002-05-27,train,train,0.0053689926676344,0.0102682457663652,-0.021449078962805,0.4376935841553541,0.00633152061094766,0.5559748952336981,2
2002-05-28,train,train,-0.0085311556267807,0.0101723888949975,-0.021449078962805,0.4352206158828142,0.006644360701215634,0.55813502341597,2
2002-05-29,train,train,0.0027218251057674,0.0098850061201594,-0.021449078962805,0.5925974043095098,0.0043344537232176215,0.40306814196727286,0
2002-05-30,train,train,-0.0116319992026885,0.0099984373560539,-0.021449078962805,0.46793964227572943,0.006779308822725191,0.5252810489015455,2
2002-05-31,train,train,0.0120345645562668,0.0101321502768512,-0.021449078962805,0.4450275435074433,0.008115285295437312,0.5468571711971193,2
2002-06-03,train,train,-0.0063345351392144,0.0099452712986891,-0.021449078962805,0.5064688962594457,0.0063005255042502565,0.4872305782363043,0
2002-06-04,train,train,-0.0298994342315416,0.0121083642980476,-0.0251957419364129,0.002949744042449233,0.060938814745417874,0.936111441212133,2
2002-06-05,train,train,-0.0062671456788246,0.0118394410219975,-0.0251957419364129,0.024220999541344136,0.03687793369894514,0.9389010667597105,2
2002-06-06,train,train,-0.0054749409835551,0.0115568386947712,-0.0251957419364129,0.054483611584190295,0.023395049260971267,0.9221213391548383,2
2002-06-07,train,train,-0.0128703275772859,0.0116398285767764,-0.0251957419364129,0.03534959135780594,0.022484324671065287,0.9421660839711289,2
2002-06-10,train,train,0.0003341423045258,0.0112855293098604,-0.0251957419364129,0.09143599663855784,0.014765970417805804,0.8937980329436362,2
2002-06-11,train,train,0.0094168253569422,0.0111822170200584,-0.0251957419364129,0.12805137159436988,0.013345594456704059,0.8586030339489262,2
2002-06-12,train,train,-0.0222609982031125,0.0121355915098771,-0.0253973451203214,0.007588343898387134,0.031969712314647625,0.9604419437869653,2
2002-06-13,train,train,-0.0124081634912429,0.0121521182388277,-0.0253973451203214,0.012856493403925962,0.02736663794689637,0.9597768686491777,2
2002-06-14,train,train,-0.023336029289556,0.013095333321806,-0.0257556888158025,0.0009761015042592269,0.05230591461047851,0.9467179838852623,2
2002-06-17,train,train,0.0283259622719683,0.0144685900432153,-0.0257556888158025,0.00026329122281253825,0.13824249673608208,0.8614942120411054,2
2002-06-18,train,train,0.0024244175758134,0.014040383185769,-0.0257556888158025,0.029099695958404306,0.07465432657320768,0.8962459774683877,2
2002-06-19,train,train,-0.0189657551816271,0.0143835465230101,-0.0257556888158025,0.005550359673530836,0.0837599085398015,0.9106897317866678,2
2002-06-20,train,train,-0.0213558942273707,0.01489421629492,-0.0257556888158025,0.0012899087287465939,0.10843352864770855,0.8902765626235448,2
2002-06-21,train,train,-0.0192772139106684,0.0151928956050823,-0.0257556888158025,0.0018426580207476333,0.1170379954883326,0.8811193464909199,2
2002-06-24,train,train,-0.040382948165573,0.0177432122911133,-0.0314379951078082,1.3817951417776047e-07,0.6397652207138698,0.3602346411066161,1
2002-06-25,train,train,0.0182053921603772,0.0177712820495835,-0.0314379951078082,0.0018705036847892406,0.6138436206273825,0.3842858756878283,1
2002-06-26,train,train,-0.0134059058981891,0.0175400244162249,-0.0314379951078082,0.004493146276840304,0.5098704725380037,0.48563638118515606,1
2002-06-27,train,train,0.0018536114022994,0.0170117448148126,-0.0314379951078082,0.031015361184493696,0.3225714295795855,0.6464132092359206,2
2002-06-28,train,train,0.0319232940463918,0.0182532543978324,-0.0314379951078082,9.699293520631047e-05,0.6548413216770356,0.34506168538775794,1
2002-07-01,train,train,-0.0028102406363105,0.0177105693158438,-0.0314379951078082,0.014319997764922356,0.4611406655217937,0.5245393367132837,2
2002-07-02,train,train,-0.0264879712138847,0.0183559572538041,-0.0322567845369997,0.00018335086020157944,0.6269775594843024,0.37283908965549606,1
2002-07-03,train,train,-0.0182183716534763,0.0183477312124286,-0.0322567845369997,0.0009981147554651746,0.5980210804214927,0.4009808048230422,1
2002-07-04,train,train,0.0142183913902187,0.0181265177413766,-0.0322567845369997,0.005906642137037807,0.507735069361336,0.48635828850162605,1
2002-07-05,train,train,0.0569423289441736,0.0224366248851721,-0.0322567845369997,2.8848230596213647e-13,0.9970398424470153,0.0029601575526963285,1
2002-07-08,train,train,0.0077961527682841,0.02183677650073,-0.0322567845369997,0.00012873829458688726,0.9354853427149336,0.06438591899047943,1
2002-07-09,train,train,-0.0192624928242263,0.0216909367537335,-0.0322567845369997,0.00013437647189056735,0.9067569505589499,0.0931086729691595,1
2002-07-10,train,train,-0.0201219324871405,0.0216000107185209,-0.0322567845369997,0.0001402064595562703,0.8869514762676677,0.11290831727277598,1
2002-07-11,train,train,-0.0326940548980732,0.022420992591732,-0.0343254790983959,5.068001829246978e-07,0.9616304208572112,0.03836907234260587,1
2002-07-12,train,train,0.0130069246303311,0.0219701993520982,-0.0343254790983959,0.0007114945740672806,0.9009259371495059,0.09836256827642673,1
2002-07-15,train,train,-0.0462141511400616,0.0241220468852141,-0.0397637180679026,5.1153402639311e-11,0.9958113957921656,0.004188604156681008,1
2002-07-16,train,train,4.676700280825995e-05,0.0233871949665981,-0.0397637180679026,0.00026041015000520973,0.9251686519327919,0.07457093791720305,1
2002-07-17,train,train,0.0366045009284494,0.0243831213013138,-0.0397637180679026,1.331214167419883e-07,0.9843082636001679,0.01569160327841556,1
2002-07-18,train,train,0.0135699568836111,0.023872851357144,-0.0397637180679026,0.00026241621088342445,0.9326095396907966,0.06712804409831971,1
2002-07-19,train,train,-0.0502990986286064,0.0262205684411321,-0.0456320659780803,9.326212287727966e-13,0.9985831486174145,0.0014168513816525483,1
2002-07-22,train,train,-0.0265950305636656,0.0262431868463886,-0.0456320659780803,1.3926817513469941e-07,0.9819522776842509,0.01804758304757374,1
2002-07-23,train,train,-0.0150359224663007,0.0257088953937728,-0.0456320659780803,0.0001240167720021856,0.9341473688632241,0.06572861436477383,1
2002-07-24,train,train,-0.0253402518587476,0.025686925975713,-0.0456320659780803,1.2508381061823268e-05,0.9427562166927672,0.057231274926170986,1
2002-07-25,train,train,0.0496423215245094,0.0277144489625434,-0.0456320659780803,7.351243377772745e-12,0.998625578965569,0.0013744210270794305,1
2002-07-26,train,train,-0.0010623859652515,0.026871415300574,-0.0456320659780803,8.608529784418886e-05,0.930469655982216,0.0694442587199396,1
2002-07-29,train,train,0.0550002504490961,0.0293300227686302,-0.0456320659780803,8.80388041718041e-14,0.9994891385824309,0.0005108614174813132,1
2002-07-30,train,train,-0.0520063671945233,0.0311595082630994,-0.0495065389877304,1.34426230896844e-15,0.9996688439451608,0.0003311560548378994,1
2002-07-31,train,train,-0.011613620618298,0.0303439059601465,-0.0495065389877304,6.41190843721228e-06,0.9472039206960763,0.05278966739548625,1
2002-08-01,train,train,-0.0283039432720679,0.0302253910391252,-0.0495065389877304,2.234435990012614e-06,0.9633307047148861,0.0366670608491242,1
2002-08-02,train,train,0.0064320898005722,0.0293469268307962,-0.0495065389877304,0.0017464196848198772,0.8771606803229456,0.12109289999223419,1
2002-08-05,train,train,-0.0249902571052069,0.0291039235251613,-0.0495065389877304,4.582875505614624e-05,0.9063392496812221,0.09361492156372182,1
2002-08-06,train,train,0.0338645946918866,0.0294113024040704,-0.0495065389877304,7.112856684448062e-07,0.9726478190749294,0.027351469639402114,1
2002-08-07,train,train,-0.0125447156448827,0.0286804013220547,-0.0495065389877304,0.00034912008082582,0.9125835507438864,0.08706732917528778,1
2002-08-08,train,train,0.0487612735094534,0.0302633640306277,-0.0495065389877304,2.9019111590531274e-11,0.9977722854976682,0.002227714473312629,1
2002-08-09,train,train,0.0006563895127724,0.0293418605602102,-0.0495065389877304,0.00014199000573229684,0.928857095659205,0.07100091433506259,1
2002-08-12,train,train,-0.0283981066317758,0.0292860929774341,-0.0495065389877304,3.2152621066928534e-06,0.955780231816005,0.04421655292188831,1
2002-08-13,train,train,0.0080528521314196,0.0284623546639587,-0.0495065389877304,0.0017777096873232165,0.8707531837672644,0.12746910654541221,1
2002-08-14,train,train,-0.0269570259432153,0.0283742871258142,-0.0495065389877304,1.953890192777351e-05,0.9188452158064321,0.08113524529164011,1
2002-08-16,train,train,0.0357204176254904,0.0288678203857621,-0.0495065389877304,2.0776443609911397e-07,0.9810300234104659,0.018969768825097773,1
2002-08-19,train,train,0.0397275509048922,0.0296318526023803,-0.0495065389877304,3.723759617256448e-09,0.9953873888499,0.004612607426340326,1
2002-08-20,train,train,-0.0178864671568646,0.0290613046811642,-0.0495065389877304,1.3803388322396669e-05,0.9584805529773104,0.04150564363436718,1
2002-08-21,train,train,0.0095118410695014,0.0282721483304162,-0.0495065389877304,0.0014107209378999778,0.8806745803937527,0.11791469866834713,1
2002-08-22,train,train,0.0228223739456492,0.0279751166949297,-0.0495065389877304,0.0002388139977286317,0.8917541519778185,0.10800703402445287,1
2002-08-23,train,train,-0.0133697775004975,0.0273198788773671,-0.0495065389877304,0.0012380331891325164,0.8144251918705431,0.18433677494032455,1
2002-08-26,train,train,-0.0085339140467302,0.0265699622938947,-0.0495065389877304,0.0064138461529799325,0.6772377325375406,0.3163484213094795,1
2002-08-27,train,train,0.0255355143352237,0.0265090337821451,-0.0495065389877304,0.0003218806581471421,0.7836084736183658,0.2160696457234868,1
2002-08-28,train,train,-0.0349767190881164,0.0270918325779058,-0.0495065389877304,2.8007603749873694e-07,0.9469158184355123,0.05308390148845006,1
2002-08-29,train,train,-0.0158526464129989,0.0265519817109995,-0.0495065389877304,0.000287509767774435,0.8971882072669808,0.1025242829652445,1
2002-08-30,train,train,0.0101199240615664,0.0258621739340507,-0.0495065389877304,0.0035115796882552713,0.7976838016882104,0.19880461862353407,1
2002-09-02,train,train,-0.014776896323646,0.0253342124025392,-0.0495065389877304,0.0028235598275265553,0.7222277057958979,0.2749487343765755,1
2002-09-03,train,train,-0.0319496718019308,0.025779058762271,-0.0495065389877304,3.2279199535844264e-06,0.8990330822204476,0.10096368985959851,1
2002-09-04,train,train,0.003770252169812,0.0250107810056771,-0.0495065389877304,0.005395815948949832,0.768373160059397,0.22623102399165346,1
2002-09-05,train,train,-0.0138339200407266,0.0244844737975864,-0.0495065389877304,0.004734457819100959,0.6791710585321213,0.3160944836487777,1
2002-09-06,train,train,0.0293653220879443,0.0248044233594683,-0.0495065389877304,5.3050027138450695e-05,0.8474611753834327,0.1524857745894291,1
2002-09-09,train,train,-0.0190737533558585,0.0244984149921745,-0.0495065389877304,0.00031009000565010013,0.8223899069172028,0.17730000307714708,1
2002-09-10,train,train,0.0245048914440228,0.0244988036275666,-0.0495065389877304,0.00012650558466552884,0.8672189068182584,0.13265458759707607,1
2002-09-11,train,train,0.0307037884372434,0.0249147196230479,-0.0495065389877304,5.660021094049226e-06,0.9455107724016422,0.054483567577263976,1
2002-09-12,train,train,-0.0378132234483662,0.0258706213824629,-0.0495065389877304,9.22442938757499e-09,0.9890487111787923,0.010951279596778205,1
2002-09-13,train,train,-0.0177210677101309,0.0254553311139157,-0.0495065389877304,3.4220037525231824e-05,0.9514780288137366,0.048487751148738135,1
2002-09-16,train,train,-0.008881074038014,0.0247755495954391,-0.0495065389877304,0.0013068234117501235,0.8670210727228307,0.13167210386541928,1
2002-09-17,train,train,-0.000821761113917,0.0240216299149412,-0.0495065389877304,0.011029920951275305,0.7142218616422367,0.2747482174064878,1
2002-09-18,train,train,-0.0294494176957459,0.0243813960572664,-0.0495065389877304,2.559633529293016e-05,0.8664436509998751,0.13353075266483172,1
2002-09-19,train,train,-0.0147557091442397,0.0239133682784373,-0.0495065389877304,0.0009632291886492534,0.7968673275425898,0.20216944326876093,1
2002-09-20,train,train,-0.0099999901463014,0.0233139061431269,-0.0495065389877304,0.005021403883072475,0.668257109273506,0.32672148684342134,1
2002-09-23,train,train,-0.0319217637577688,0.0239178984560915,-0.0495065389877304,4.8626207558835314e-06,0.8757195475971035,0.12427558978214093,1
2002-09-24,train,train,-0.0344943324097486,0.0246806290978614,-0.0495065389877304,1.825793225002526e-07,0.9669708351360997,0.033028982284577485,1
2002-09-25,train,train,0.010426094282095,0.0240646556598049,-0.0495065389877304,0.0009684906006888521,0.8968509532423551,0.10218055615695631,1
2002-09-26,train,train,0.042235203666938,0.0255223419503529,-0.0495065389877304,6.128933222949726e-09,0.9916576444895523,0.00834234938151467,1
2002-09-27,train,train,-0.0091576452488324,0.0248462932910144,-0.0495065389877304,0.00021333639755614835,0.9293224580073052,0.0704642055951383,1
2002-09-30,train,train,-0.0359637775522303,0.0256495924067908,-0.0495065389877304,4.6856349895082574e-08,0.9828955067322035,0.017104446411446605,1
2002-10-01,train,train,-0.0116850229488043,0.0250323766525529,-0.0495065389877304,0.00026554807390940155,0.923534619415461,0.07619983251062953,1
2002-10-02,train,train,0.0447674801981306,0.0266321295622441,-0.0495065389877304,5.511040048284026e-10,0.9957559652454955,0.004244034203400779,1
2002-10-03,train,train,-0.0112304978963924,0.025966931865336,-0.0495065389877304,7.397260088677342e-05,0.9406235698285149,0.059302457570598585,1
2002-10-04,train,train,-0.0095014809976806,0.0252832226177364,-0.0495065389877304,0.0014707740416028629,0.8538958883900474,0.14463333756834962,1
2002-10-07,train,train,-0.0063666790186351,0.0245625516037181,-0.0495065389877304,0.007957274096351465,0.713965390691899,0.2780773352117497,1
2002-10-08,train,train,-0.0018683543604621,0.023818674389839,-0.0467062297571653,0.033140244445783326,0.5175813327028939,0.4492784228513229,1
2002-10-09,train,train,-0.0165644786808384,0.0234467996098807,-0.0467062297571653,0.010111971072683705,0.476631152104421,0.5132568768228953,2
2002-10-10,train,train,0.0153720028176801,0.0230422476218522,-0.0467062297571653,0.010994279933260182,0.4114522817325987,0.577553438334141,2
2002-10-11,train,train,0.0384253433288943,0.0242420891330626,-0.0467062297571653,1.14364562542882e-06,0.8703451356781184,0.12965372067625638,1
2002-10-14,train,train,-0.010244890674871,0.0236371660632072,-0.0419277893983732,0.0025121563194271325,0.7621965939716052,0.23529124970896786,1
2002-10-15,train,train,0.0497984840816981,0.0259612407896803,-0.0419277893983732,5.2366038993813145e-11,0.995236901303658,0.004763098643976099,1
2002-10-16,train,train,-0.0040834480679067,0.0251902230007353,-0.0419277893983732,0.00023767868574315926,0.926326678572368,0.07343564274188902,1
2002-10-17,train,train,0.0265978476212324,0.0252768911186108,-0.0419277893983732,2.289850383578653e-05,0.9467072975868315,0.05326980390933272,1
2002-10-18,train,train,-0.0021106691042584,0.0245123080632738,-0.0419277893983732,0.0029498550319742643,0.840289365963365,0.15676077900466104,1
2002-10-21,train,train,0.0034212437678855,0.0237803352862963,-0.0419277893983732,0.016899560032264914,0.6802809385824983,0.30281950138523706,1
2002-10-22,train,train,0.0015572827416094,0.0230590458024868,-0.0419277893983732,0.05956415418135473,0.47443355226178,0.466002293556865,1
2002-10-23,train,train,-0.0267415544284318,0.0232964173579725,-0.0362512400295709,0.00048704055258013323,0.6645843819649104,0.33492857748250937,1
2002-10-24,train,train,0.0289574139031808,0.0236742811339951,-0.0362512400295709,3.955427152663639e-05,0.8311003224934969,0.16886012323497654,1
2002-10-25,train,train,0.0063062347845656,0.0230049865857,-0.0362512400295709,0.007400883969523295,0.6838410956874165,0.3087580203430602,1
2002-10-28,train,train,0.0117647736206037,0.0224895584047438,-0.0362512400295709,0.015247857606550012,0.5616193278463774,0.4231328145470726,1
2002-10-29,train,train,-0.0260809107147254,0.0227210531716408,-0.0362512400295709,0.00019840650499367883,0.7045912065710159,0.2952103869239906,1
2002-10-30,train,train,0.005347030286394,0.0220677802637201,-0.0362512400295709,0.012959673693427504,0.5253292977390418,0.4617110285675307,1
2002-10-31,train,train,0.0166376098575756,0.0217801816780333,-0.0362512400295709,0.009322328071769182,0.4796537522769796,0.5110239196512512,2
2002-11-04,train,train,0.0362758111745325,0.0229100371818701,-0.0362512400295709,3.200883316498125e-06,0.8636256385687419,0.13637116054794177,1
2002-11-05,train,train,0.0004554121564405,0.0222123852719181,-0.0362512400295709,0.007422946004787674,0.710429160123082,0.28214789387213024,1
2002-11-06,train,train,-0.0078813871275932,0.0216220635389719,-0.0362512400295709,0.01843079321399252,0.5489626111601414,0.43260659562586606,1
2002-11-07,train,train,-0.0327339421623087,0.0224444530330204,-0.0362512400295709,8.604056226548622e-06,0.8331431252837116,0.166848270660062,1
2002-11-08,train,train,-0.0067925812803031,0.0218242207939102,-0.0362512400295709,0.005392963936501645,0.6891396605468499,0.3054673755166487,1
2002-11-11,train,train,-0.0023405278342653,0.0211671325572983,-0.0362512400295709,0.026600416665952087,0.4931942507411139,0.480205332592934,1
2002-11-12,train,train,0.0134243385308787,0.0207840665548358,-0.0362512400295709,0.02965887760367284,0.39951361054433554,0.5708275118519918,2
2002-11-13,train,train,-0.0013685765692221,0.0201536884294672,-0.0362512400295709,0.08296768945881332,0.23081612267661525,0.6862161878645712,2
2002-11-14,train,train,0.0222819547276251,0.0202876814412676,-0.0362512400295709,0.010330955942830417,0.3084507921140696,0.6812182519430999,2
2002-11-15,train,train,-0.003338060486484,0.0196866242925317,-0.0362512400295709,0.04042097160629685,0.17642418342507213,0.7831548449686312,2
2002-11-18,train,train,0.0167370088736557,0.0195222189680218,-0.0362512400295709,0.02285463681329861,0.1627903990876098,0.8143549640990916,2
2002-11-19,train,train,-0.0090079402584377,0.0190556708276367,-0.0362512400295709,0.03567553736016188,0.10202190560612145,0.8623025570337164,2
2002-11-20,train,train,-0.0055716716544368,0.01852549828618,-0.0362512400295709,0.06951177622117617,0.05741011796502722,0.8730781058137967,2
2002-11-21,train,train,0.0367661342801272,0.0200924702149946,-0.036090444470115,3.384999029768353e-05,0.3595080108910227,0.6404581391186797,2
2002-11-22,train,train,0.0061818782607005,0.019539136493454,-0.036090444470115,0.020776010821477748,0.22247577441072777,0.7567482147677945,2
2002-11-25,train,train,0.0063262952339449,0.0190071698129537,-0.036090444470115,0.05808936096963681,0.12882254865435455,0.8130880903760087,2
2002-11-26,train,train,-0.0167331735143313,0.0188784559694958,-0.036090444470115,0.01644730629637746,0.12155436555884372,0.8619983281447787,2
2002-11-27,train,train,0.0347145059228908,0.0201821244940389,-0.036090444470115,2.7021984824579265e-05,0.4536383491575362,0.5463346288576393,2
2002-11-28,train,train,0.0005968284776909,0.0195678417921144,-0.036090444470115,0.02192813133687645,0.27743457279575606,0.7006372958673673,2
2002-11-29,train,train,-0.0027633226124761,0.0189837973959054,-0.036090444470115,0.06286702444618758,0.1539878028367775,0.7831451727170347,2
2002-12-02,train,train,0.0075548171549118,0.0184982703377723,-0.036090444470115,0.11427203624764247,0.08907819490112964,0.7966497688512282,2
2002-12-03,train,train,-0.0231114018571883,0.0188069949462484,-0.036090444470115,0.004947495195058286,0.14409316201547945,0.8509593427894623,2
2002-12-04,train,train,-0.0106299754502262,0.0184190297805847,-0.036090444470115,0.014696072578835368,0.09591606903936503,0.8893878583817997,2
2002-12-05,train,train,-0.013526087687914,0.0181626628406478,-0.036090444470115,0.01327998001888555,0.07447968873876659,0.9122403312423482,2
2002-12-09,train,train,-0.0211232724028934,0.0183537718302173,-0.0343973507080958,0.0019115690365640236,0.0967836476819484,0.9013047832814874,2
2002-12-10,train,train,0.0065119160762779,0.0178659896739869,-0.0343973507080958,0.028013308557351128,0.05674653235838661,0.9152401590842622,2
2002-12-11,train,train,0.0062029767542108,0.0173882312799762,-0.0343973507080958,0.06966675823369521,0.03390799446982924,0.8964252472964755,2
2002-12-12,train,train,-0.0189974931706149,0.0174889632805732,-0.0343973507080958,0.010929511206988636,0.04479258263053688,0.9442779061624746,2
2002-12-13,train,train,-0.0211773214491845,0.0177319131245675,-0.0343973507080958,0.0017692041858127202,0.06340046925143451,0.9348303265627529,2
2002-12-16,train,train,0.0306973909809145,0.0187642022813624,-0.0343973507080958,0.00010701035688746434,0.20212882321899378,0.7977641664241188,2
2002-12-17,train,train,-0.0071235553112648,0.018276057354826,-0.0343973507080958,0.017159777655011275,0.12038833973124556,0.8624518826137434,2
2002-12-18,train,train,-0.0178392815374329,0.0182501455894737,-0.0343973507080958,0.0053287334062632995,0.11861221156914517,0.8760590550245914,2
2002-12-19,train,train,0.002028548544591,0.0177011481476946,-0.0318130913809902,0.03902485063651108,0.06358367949723744,0.8973914698662515,2
2002-12-20,train,train,0.006415547915261,0.0172336984511455,-0.0318130913809902,0.08539357929201244,0.037426243859942865,0.8771801768480445,2
2002-12-23,train,train,0.0051734868441255,0.01675667743123,-0.0318130913809902,0.16119155578699929,0.022080317592579623,0.8167281266204214,2
2002-12-27,train,train,-0.0257938342328418,0.0174315339912503,-0.0318130913809902,0.002928609024626031,0.06293376349560435,0.9341376274797696,2
2002-12-30,train,train,-0.0073278454904649,0.0169955498240791,-0.0285188024351553,0.021588369619245373,0.03909705797248372,0.9393145724082708,2
2003-01-02,train,train,0.0401161427579318,0.0191853091082702,-0.0285188024351553,2.6397132384591446e-06,0.39191440240655956,0.6080829578802021,2
2003-01-03,train,train,-0.0074593628347873,0.018690373085606,-0.0285188024351553,0.013744151733295048,0.25317693106591166,0.7330789172007934,2
2003-01-07,train,train,0.017797192676576,0.0186379893589525,-0.0285188024351553,0.008768724969048701,0.24247033243193494,0.7487609425990163,2
2003-01-08,train,train,0.0043846247052485,0.0181020900597724,-0.0285188024351553,0.04181954594765148,0.13682657283035585,0.8213538812219929,2
2003-01-09,train,train,0.0087118408849231,0.0176798839067579,-0.0285188024351553,0.07620878360380623,0.0835812041724015,0.8402100122237921,2
2003-01-10,train,train,0.0009167113822591,0.0171427541207518,-0.0285188024351553,0.16134480973121582,0.042199769473072496,0.7964554207957114,2
2003-01-13,train,train,0.0147687060786506,0.017009657799854,-0.0285188024351553,0.11044747258200024,0.04035104898872143,0.8492014784292781,2
2003-01-14,train,train,0.0083055141299032,0.016616487139518,-0.0285188024351553,0.16526545484422936,0.025993914479702403,0.8087406306760684,2
2003-01-15,train,train,-0.0034053565750822,0.0161318620552777,-0.0285188024351553,0.2591683618535937,0.015156465243174213,0.7256751729032324,2
2003-01-16,train,train,0.0066478212765458,0.0157249599882407,-0.0285188024351553,0.36727936453421534,0.01022333797724459,0.6224972974885401,2
2003-01-17,train,train,-0.0233237134314009,0.0162812051497324,-0.0285188024351553,0.019303422512831465,0.03551882501655137,0.9451777524706172,2
2003-01-20,train,train,-0.010491256195647,0.0159930287955026,-0.0285188024351553,0.02631682990075742,0.02716516724940845,0.9465180028498341,2
2003-01-21,train,train,-0.00698749743327,0.0155999954831194,-0.0285188024351553,0.0494799142736882,0.01929223580261078,0.931227849923701,2
2003-01-22,train,train,-0.015338456753354,0.0155844269340716,-0.0285188024351553,0.020033077897292133,0.02281394218424889,0.957152979918459,2
2003-01-23,train,train,0.0096339186139344,0.0152928298350307,-0.0285188024351553,0.04354629920463325,0.018732960511972454,0.9377207402833945,2
2003-01-24,train,train,-0.0065665242717139,0.0149139384524033,-0.0285188024351553,0.0718999918491936,0.014527946286803803,0.9135720618640026,2
2003-01-27,train,train,-0.0401150106931082,0.0174823588662068,-0.0329766211900474,1.6976789239483677e-06,0.2379030466944244,0.7620952556266516,2
2003-01-28,train,train,-0.0111874911006256,0.0171698717718806,-0.0329766211900474,0.009270621405242008,0.16330990899881156,0.8274194695959465,2
2003-01-29,train,train,-0.0024208876096354,0.016657366798872,-0.0329766211900474,0.041871893371047006,0.08781143270610882,0.8703166739228444,2
2003-01-30,train,train,0.0131433716578442,0.0164676862267899,-0.0329766211900474,0.044716455108707316,0.0677038209683609,0.8875797239229317,2
2003-01-31,train,train,-0.0120162168778903,0.0162350539379318,-0.0328809290294195,0.03541620954850581,0.050672220392031064,0.9139115700594633,2
2003-02-03,train,train,0.011617455636758,0.0159956329763415,-0.0328809290294195,0.04904463555680193,0.03820043189831454,0.9127549325448836,2
2003-02-04,train,train,-0.0242735585325734,0.0166090636847792,-0.0328809290294195,0.0016223175861125854,0.07484728204901812,0.9235304003648692,2
2003-02-05,train,train,0.0218442138321126,0.0169687806684078,-0.0328809290294195,0.0021019326883849557,0.10375635553529287,0.8941417117763224,2
2003-02-06,train,train,-0.0196840381450065,0.017143827687883,-0.0328809290294195,0.001731856993283071,0.11573312017186284,0.8825350228348541,2
2003-02-07,train,train,-0.0130486712470562,0.0169260818680266,-0.0328809290294195,0.008178803423652176,0.08626401437908837,0.9055571821972596,2
2003-02-10,train,train,-0.0037423370844372,0.0164360280411711,-0.0300608011528411,0.037677692532643706,0.04781164009659633,0.9145106673707599,2
2003-02-11,train,train,0.0231760014864702,0.0169163252332771,-0.0300608011528411,0.004613411900256071,0.08196208184317942,0.9134245062565644,2
2003-02-12,train,train,-0.0141286308505039,0.0167621427155574,-0.0300608011528411,0.007870680177783649,0.06621543009318291,0.9259138897290335,2
2003-02-13,train,train,-0.0038772578220772,0.016279227573962,-0.0300608011528411,0.037032588355835484,0.037601543513025394,0.9253658681311391,2
2003-02-14,train,train,0.0263280003015715,0.0170499932954041,-0.0300608011528411,0.0017206900450230235,0.09079273155008023,0.9074865784048969,2
2003-02-17,train,train,0.0182656808994341,0.0171253683468159,-0.0300608011528411,0.005085513148217186,0.09443766206206707,0.9004768247897158,2
2003-02-18,train,train,0.0134066106208038,0.0169252999693815,-0.0300608011528411,0.015364546661918785,0.073096916434813,0.9115385369032684,2
2003-02-19,train,train,-0.0210141206077115,0.0171980646645272,-0.0300608011528411,0.0021223051996087884,0.09459196427566598,0.9032857305247252,2
2003-02-20,train,train,-0.0078994534352209,0.0167860389725348,-0.0300608011528411,0.019028324525103484,0.0578128445354916,0.9231588309394048,2
2003-02-21,train,train,0.0089591219700431,0.0164219606050148,-0.0300608011528411,0.04517421290941927,0.03809072870293788,0.9167350583876429,2
2003-02-24,train,train,-0.015189524464934,0.0163506342969974,-0.0300608011528411,0.01926758074303729,0.037232731236058116,0.9434996880209044,2
2003-02-25,train,train,-0.0253346169279936,0.0170239013240969,-0.0304144872846478,0.0005947559269672228,0.07910377518364055,0.9203014688893921,2
2003-02-26,train,train,-0.0036598833104274,0.016529613064612,-0.0304144872846478,0.026137008840034053,0.04428399198565416,0.9295789991743119,2
2003-02-27,train,train,0.0181158368133598,0.0166290539174284,-0.0304144872846478,0.01304275275844086,0.05103735303544028,0.9359198942061189,2
2003-02-28,train,train,0.0187940042644404,0.016766835834913,-0.0304144872846478,0.007667464508287267,0.0598505428632752,0.9324819926284373,2
2003-03-03,train,train,-0.0020355602208183,0.0162636953735854,-0.0304144872846478,0.04077235040239657,0.033545081257214476,0.9256825683403889,2
2003-03-04,train,train,-0.0211672203167371,0.0165988069730548,-0.0304144872846478,0.003826975768025706,0.051580025499537156,0.9445929987324373,2
2003-03-05,train,train,0.0030660272304658,0.0161106548821482,-0.0304144872846478,0.03659501542102962,0.02988031964103376,0.9335246649379366,2
2003-03-06,train,train,-0.0107552682842565,0.0158404721028057,-0.0304144872846478,0.03756109871617058,0.02405931925654769,0.9383795820272818,2
2003-03-07,train,train,-0.0174107446921248,0.0159390515683161,-0.0304144872846478,0.010072332283790902,0.03033488936092719,0.9595927783552817,2
2003-03-10,train,train,-0.0260694463978778,0.0167208589831116,-0.0306594304412759,0.0003394229257197895,0.07241390348465716,0.927246673589623,2
2003-03-11,train,train,0.0066214811700241,0.016292407384982,-0.0306594304412759,0.025717508053294105,0.04352052278934571,0.9307619691573601,2
2003-03-12,train,train,-0.0278528640627,0.017206478671827,-0.0313457737178953,0.00027082511736412307,0.11398868970004836,0.8857404851825875,2
2003-03-13,train,train,0.0392566923642448,0.0192552436367305,-0.0313457737178953,1.153059059069267e-06,0.6000536782233225,0.39994516871761854,1
2003-03-14,train,train,0.0404699377963188,0.021137348343005,-0.0313457737178953,7.387362748867668e-08,0.9497707357035616,0.050229190422810994,1
2003-03-17,train,train,0.0266695461995357,0.0215094427390501,-0.0313457737178953,1.2613091855636378e-05,0.9588230867189858,0.04116430018915843,1
2003-03-18,train,train,0.004130319703709,0.0208787052227646,-0.0313457737178953,0.002319611728452889,0.8639411340656983,0.13373925420584898,1
2003-03-19,train,train,0.0133270806393042,0.0205041892445017,-0.0313457737178953,0.004513235683755459,0.7825329958355495,0.2129537684806951,1
2003-03-20,train,train,-0.011276502426883,0.0200705266597289,-0.0313457737178953,0.007274371313458892,0.6649412177923394,0.3277844108942015,1
2003-03-21,train,train,0.0252276809279157,0.020416724298354,-0.0313457737178953,0.0003983600701707198,0.7694372508824994,0.23016438904732986,1
2003-03-24,train,train,-0.0412681511374188,0.0222264637562647,-0.0364120086310756,4.690802998271983e-09,0.9774067756758688,0.02259321963332801,1
2003-03-25,train,train,0.0195902706371425,0.022077170830073,-0.0364120086310756,7.848416549151406e-05,0.9478941710646485,0.05202734476986037,1
2003-03-26,train,train,0.0030978487052397,0.0214180574176242,-0.0364120086310756,0.0032358593069591983,0.8437359371434175,0.1530282035496232,1
2003-03-27,train,train,-0.0197947373018289,0.0213241433596492,-0.0364120086310756,0.0005374085400551018,0.8292077193200854,0.1702548721398593,1
2003-03-28,train,train,0.0011284497065091,0.0206763717452049,-0.0364120086310756,0.010682980966580092,0.6624487054608253,0.3268683135725942,1
2003-03-31,train,train,-0.0266745005464577,0.0210844337461866,-0.0364120086310756,0.00010367706145041525,0.7907673284528152,0.20912899448573438,1
2003-04-01,train,train,0.0139891276981309,0.020727322239951,-0.0364120086310756,0.003070973643604655,0.7052890835978458,0.2916399427585496,1
2003-04-02,train,train,0.0364989408506119,0.0219948842915217,-0.0364120086310756,9.308273894763688e-07,0.9410134772579841,0.05898559191462648,1
2003-04-03,train,train,0.0102317210748996,0.0214716027782477,-0.0364120086310756,0.0017538090348804994,0.8588406978211641,0.13940549314395517,1
2003-04-04,train,train,0.0137081431091798,0.0210865533827828,-0.0364120086310756,0.0037481696664276682,0.7801236818147577,0.2161281485188148,1
2003-04-07,train,train,0.0203633847368653,0.0210438640897424,-0.0364120086310756,0.0012136170160673815,0.7821588132433945,0.21662756974053826,1
2003-04-08,train,train,-0.008855124871927,0.0205177571159165,-0.0364120086310756,0.006698996518405734,0.6403260622515353,0.3529749412300591,1
2003-04-09,train,train,0.0110682574767586,0.0200766041714725,-0.0364120086310756,0.01669651194059741,0.5077403404399701,0.4755631476194326,1
2003-04-10,train,train,-0.0094282838594312,0.0196015148686663,-0.0364120086310756,0.02666892867463772,0.3642731010309596,0.6090579702944026,2
2003-04-11,train,train,0.0053696263885587,0.0190498345213526,-0.0364120086310756,0.07247350571346822,0.21748249285912402,0.7100440014274078,2
2003-04-14,train,train,0.0071612241443219,0.0185526119845205,-0.0364120086310756,0.13363030322228112,0.12484242933434289,0.7415272674433762,2
2003-04-15,train,train,0.0110656473026267,0.0181905019110208,-0.0364120086310756,0.15435838327159662,0.08389993035596724,0.7617416863724362,2
2003-04-16,train,train,-0.0088334498270073,0.0177685814948503,-0.0364120086310756,0.1619566941096385,0.05288195578145886,0.7851613501089029,2
2003-04-17,train,train,0.0109042393049499,0.0174331088773048,-0.0364120086310756,0.18306218151453965,0.03717108672605946,0.7797667317594007,2
2003-04-22,train,train,0.000486648221161,0.0169024464977635,-0.0364120086310756,0.3141923801703427,0.01862062687811039,0.6671869929515469,2
2003-04-23,train,train,0.0014887681997228,0.0163915869151928,-0.0319318385821921,0.4731726769516613,0.00952057808565231,0.5173067449626866,2
2003-04-24,train,train,-0.0092266446817872,0.016052131715989,-0.0319318385821921,0.4465849623526565,0.008769501397463263,0.5446455362498803,2
2003-04-25,train,train,-0.0052843493866507,0.0156168542791506,-0.0319318385821921,0.5331300702975356,0.0061083087336722625,0.46076162096879225,0
2003-04-28,train,train,0.0176030184692101,0.0157430919731573,-0.0319318385821921,0.2794999066878242,0.014764418150422568,0.705735675161753,2
2003-04-29,train,train,-0.0076870354858987,0.0153791963072347,-0.0319318385821921,0.30604861156394475,0.011468683857301928,0.682482704578753,2
2003-04-30,train,train,-0.0103781618443735,0.0151258346185972,-0.0319318385821921,0.25561505138426754,0.011755447477266388,0.7326295011384661,2
2003-05-02,train,train,-0.0051136193688442,0.0147184362864256,-0.0319318385821921,0.3383795899841473,0.008687915163886645,0.6529324948519658,2
2003-05-05,train,train,0.0053909222294286,0.0143310204543689,-0.0319318385821921,0.4726246433514342,0.0062620982301351755,0.5211132584184305,2
2003-05-06,train,train,0.0118531220024947,0.0141945499576453,-0.0319318385821921,0.4556344646975102,0.007591239040063693,0.5367742962624261,2
2003-05-07,train,train,-0.0214969150540098,0.0147351001014734,-0.0319318385821921,0.04746116421945881,0.02689024021295356,0.9256485955675876,2
2003-05-08,train,train,-0.0201900299691126,0.0151180032778683,-0.0319318385821921,0.0057346247470582866,0.04062855550069731,0.9536368197522443,2
2003-05-09,train,train,0.013760909024293,0.0150400312085298,-0.0319318385821921,0.015398018708703696,0.03571458320926552,0.9488873980820308,2
2003-05-12,train,train,0.0011265455666866,0.0145844620306395,-0.0319318385821921,0.057867995211572015,0.02140093618173509,0.9207310686066928,2
2003-05-13,train,train,-0.0029754965007586,0.0141589320051103,-0.0319318385821921,0.11547921676028788,0.014333114105337698,0.8701876691343745,2
2003-05-14,train,train,-0.0019781331017222,0.0137361426473339,-0.0319318385821921,0.2052261567435324,0.010205342922744724,0.7845685003337229,2
2003-05-15,train,train,0.0078890860241766,0.0134571534373374,-0.0319318385821921,0.283496769637362,0.009028362871564595,0.7074748674910737,2
2003-05-16,train,train,0.0105000868523465,0.0132982852034497,-0.0319318385821921,0.31221595576729555,0.00941733652668909,0.6783667077060153,2
2003-05-19,train,train,-0.0316456968103944,0.0150439600367747,-0.0335889040035044,0.0006351576334466332,0.0782366315046577,0.9211282108618957,2
2003-05-20,train,train,0.0029417193488292,0.0146034486453176,-0.0335889040035044,0.030561130066704432,0.043382576349987,0.9260562935833087,2
2003-05-21,train,train,-0.0158761910420484,0.0146829246445134,-0.0335889040035044,0.012497168547060226,0.042871173398895145,0.9446316580540445,2
2003-05-22,train,train,0.0190150370896131,0.0149782267869275,-0.0335889040035044,0.007184946131789185,0.05272354550436879,0.9400915083638418,2
2003-05-23,train,train,0.0044693848326786,0.0145631371986516,-0.0335889040035044,0.04081504686316972,0.03105329016359197,0.9281316629732383,2
2003-05-26,train,train,-0.0012613933368968,0.0141228656423463,-0.0335889040035044,0.0971124371856682,0.01874018128243162,0.8841473815319003,2
2003-05-27,train,train,0.0039994270106142,0.013727626848784,-0.0335889040035044,0.18447228540169003,0.012630023323717618,0.8028976912745923,2
2003-05-28,train,train,0.0170299621182776,0.01394783320629,-0.0335889040035044,0.08537942652785908,0.020227613450638435,0.8943929600215026,2
2003-05-29,train,train,0.0015591521508217,0.0135283179075309,-0.0335889040035044,0.17296437283710647,0.013010606587070636,0.8140250205758226,2
2003-05-30,train,train,0.0039255775455201,0.0131513904902387,-0.0335889040035044,0.2910280559671768,0.009158184819638017,0.6998137592131853,2
2003-06-02,train,train,0.0132634204467329,0.0131581391858403,-0.0335889040035044,0.24362191629206623,0.011967236294110825,0.7444108474138228,2
2003-06-03,train,train,-0.0049398631039567,0.0128145450201347,-0.0335889040035044,0.3282187590129842,0.008805447812538642,0.6629757931744773,2
2003-06-04,train,train,0.011332995542288,0.0127305152097771,-0.0335889040035044,0.33364710807448217,0.009654214773319385,0.6566986771521985,2
2003-06-05,train,train,-0.0070452856704963,0.0124627532859604,-0.0335889040035044,0.3768371133269029,0.00810750831200553,0.6150553783610916,2
2003-06-06,train,train,0.0190256136890715,0.0129506542256931,-0.0335889040035044,0.13295583852448004,0.019836990775527755,0.8472071706999921,2
2003-06-09,train,train,-0.0071110034217943,0.012676366212797,-0.0331961161647569,0.1661625880182132,0.01468558017766389,0.8191518318041229,2
2003-06-10,train,train,0.0039949083249345,0.0123290876503804,-0.0331961161647569,0.2816314672455004,0.009969115872117178,0.7083994168823826,2
2003-06-11,train,train,0.0139979281918233,0.012435535282935,-0.0331961161647569,0.21518141037181937,0.013462016329494748,0.7713565732986858,2
2003-06-12,train,train,0.0084895943471533,0.0122347201944911,-0.0331961161647569,0.2844240027647974,0.010918570714773704,0.7046574265204286,2
2003-06-13,train,train,0.0011819537739391,0.0118655339714091,-0.0331961161647569,0.43814985689350805,0.006894526519589374,0.5549556165869026,2
2003-06-16,train,train,0.0150095535192913,0.0120772780232953,-0.0331961161647569,0.30825506431284017,0.011652829966389989,0.6800921057207696,2
2003-06-17,train,train,0.002324611637056,0.0117231921821934,-0.0331961161647569,0.46422255637565385,0.007039431256832533,0.5287380123675136,2
2003-06-18,train,train,0.0055312847014127,0.0114465255632916,-0.0331961161647569,0.5963026440606145,0.004776517083833407,0.39892083885555196,0
2003-06-19,train,train,-0.0153976396073732,0.0117212119233266,-0.0266057041369539,0.2985902512289627,0.011523636024610213,0.6898861127464271,2
2003-06-20,train,train,0.0247328134190715,0.012878133560101,-0.0266057041369539,0.022935706152934214,0.041807683721797766,0.935256610125268,2
2003-06-23,train,train,-0.0231273939850533,0.0137108761829682,-0.0271491971139684,0.0013958143723741777,0.0711680512415802,0.9274361343860456,2
2003-06-24,train,train,-0.0070045954267286,0.0134034584935356,-0.0271491971139684,0.02050790595370401,0.043258527683083095,0.9362335663632128,2
2003-06-25,train,train,0.0101212029100922,0.0132295072664665,-0.0271491971139684,0.04181453658186696,0.03123413438589745,0.9269513290322354,2
2003-06-26,train,train,0.0004753449619443,0.012827011652472,-0.0254233352831524,0.10255467093080553,0.018691702054330354,0.8787536270148641,2
2003-06-27,train,train,0.0036651962663444,0.012468613157723,-0.0254233352831524,0.1941321125523866,0.012442800774729564,0.793425086672884,2
2003-06-30,train,train,-0.0156306568965157,0.0126805907328216,-0.0254233352831524,0.06668778930719074,0.018528723106597575,0.9147834875862118,2
2003-07-01,train,train,-0.0180725632619931,0.0130670039039118,-0.0254233352831524,0.013436500928998459,0.027009888255114523,0.9595536108158872,2
2003-07-02,train,train,0.0135300364914031,0.0130952475658491,-0.0254233352831524,0.021604464801372722,0.025737316469084226,0.9526582187295433,2
2003-07-03,train,train,-0.005225259447432,0.0127606652828057,-0.0254233352831524,0.05213070574121132,0.017678760830132385,0.930190533428656,2
2003-07-04,train,train,0.0007502523789223,0.0123732888299813,-0.0254233352831524,0.11954252297258863,0.012313447609754776,0.8681440294176564,2
2003-07-07,train,train,0.0209829944692709,0.0130510361004703,-0.0254233352831524,0.02299934934645087,0.02740545513456755,0.9495951955189814,2
2003-07-08,train,train,0.003033742497773,0.0126752509367902,-0.0254233352831524,0.07004991245890763,0.01761960113193536,0.912330486409157,2
2003-07-09,train,train,-0.0072039223815705,0.0124151543281888,-0.0254233352831524,0.09645325270131885,0.014067241686812422,0.8894795056118687,2
2003-07-10,train,train,-0.0112258192665405,0.012347025336715,-0.0254233352831524,0.075219177237731,0.014688795577732538,0.9100920271845366,2
2003-07-11,train,train,0.0188459671018385,0.012830133325331,-0.0254233352831524,0.024850927320149898,0.024967530325893484,0.9501815423539566,2
2003-07-14,train,train,0.0110456636169254,0.0127301210898136,-0.0254233352831524,0.0420018613392468,0.02127115542223632,0.9367269832385169,2
2003-07-15,train,train,-0.0065499376946481,0.0124461530205869,-0.0254233352831524,0.07023337980732602,0.01583685294800328,0.9139297672446708,2
2003-07-16,train,train,-0.0096463449354195,0.01229615548649,-0.0254233352831524,0.07224999840533997,0.014615019018572293,0.9131349825760879,2
2003-07-17,train,train,0.0018014016394697,0.0119297282548708,-0.0254233352831524,0.15204319045328174,0.010718581776322471,0.8372382277703958,2
2003-07-18,train,train,-0.0064857833153141,0.0116748976172707,-0.0254233352831524,0.19666669987358615,0.00958763865469573,0.7937456614717181,2
2003-07-21,train,train,-0.0109577044128747,0.0116331129742354,-0.0254233352831524,0.15207906047649578,0.011403852054113386,0.8365170874693907,2
2003-07-22,train,train,0.0054355526918373,0.0113570362510202,-0.0254233352831524,0.25052141152538027,0.009089310608802265,0.7403892778658174,2
2003-07-23,train,train,0.000815723297623,0.0110128679431139,-0.0254233352831524,0.39733384352481743,0.00648086231616213,0.5961852941590206,2
2003-07-24,train,train,0.0163335845597143,0.0114023429077834,-0.0254233352831524,0.22836819020799792,0.013198398433921062,0.7584334113580813,2
2003-07-25,train,train,-0.0111345660764676,0.0113864538844256,-0.0254233352831524,0.17244814713175075,0.013821845550961137,0.813730007317288,2
2003-07-28,train,train,0.0133666242440949,0.0115148708529185,-0.0254233352831524,0.14371358550184202,0.015912594647343136,0.8403738198508147,2
2003-07-29,train,train,-0.0104449403985465,0.0114534938996613,-0.0254233352831524,0.12115147900241385,0.015072122484099622,0.8637763985134865,2
2003-07-30,train,train,0.0086711161865628,0.0113058775207525,-0.02498770692152,0.1723399708707608,0.01274081452033237,0.8149192146089067,2
2003-07-31,train,train,0.0110210399842558,0.0112889899399138,-0.0242818846858136,0.18925995049776417,0.01279071742148881,0.7979493320807469,2
2003-08-01,train,train,-0.009433076983199,0.0111863216793512,-0.0242818846858136,0.17828187208860802,0.012209928653162963,0.8095081992582287,2
2003-08-04,train,train,-0.0072307373099716,0.0109892119314279,-0.0242818846858136,0.2119990059468368,0.01051913573399222,0.7774818583191709,2
2003-08-05,train,train,0.006644451459319,0.0107780302584991,-0.0242818846858136,0.311352583372361,0.008550063103723684,0.6800973535239153,2
2003-08-06,train,train,-0.0096294948833283,0.0107125912075658,-0.0242818846858136,0.2821484063501856,0.00931277214111198,0.7085388215087027,2
2003-08-07,train,train,-0.0034720785445808,0.0104210053988459,-0.0242818846858136,0.3966217245689085,0.006865780690093007,0.5965124947409984,2
2003-08-08,train,train,0.0044103622197874,0.0101611313349446,-0.0242818846858136,0.5436067584918336,0.004900674497547598,0.4514925670106189,0
2003-08-11,train,train,0.0049798079949697,0.0099268113644634,-0.0190253827630316,0.6733045455861186,0.0034052902599830243,0.3232901641538983,0
2003-08-12,train,train,0.0071383661102577,0.0097819458737587,-0.0190253827630316,0.75370808907306,0.0026218519181849735,0.2436700590087553,0
2003-08-13,train,train,-0.0024404518123567,0.0095027693582146,-0.018943538047854,0.832526847524354,0.0016093972922179868,0.16586375518342816,0
2003-08-14,train,train,0.015891425008928,0.0100018353953542,-0.018943538047854,0.6867336153414084,0.004543529872540428,0.3087228547860511,0
2003-08-18,train,train,0.0084589052212397,0.0099160321324474,-0.018943538047854,0.744409574673476,0.0033886675366753462,0.25220175778984866,0
2003-08-19,train,train,0.0030215963858057,0.0096423977484726,-0.018943538047854,0.8378578033653058,0.0017744872598275993,0.16036770937486633,0
2003-08-20,train,train,-0.0017534008688366,0.0093585121229699,-0.018943538047854,0.8927046021001717,0.0010006517630676123,0.10629474613676056,0
2003-08-21,train,train,0.004876823227462,0.0091517128721318,-0.018943538047854,0.926158221340454,0.0006291382793404069,0.07321264038020556,0
2003-08-22,train,train,-0.001248198495572,0.0088781809822377,-0.018943538047854,0.9477006082349961,0.00038012071838319534,0.05191927104662096,0
2003-08-25,train,train,-0.0054967041112994,0.0087123818250462,-0.018943538047854,0.9483252300331234,0.00034015639503633414,0.05133461357184014,0
2003-08-26,train,train,-0.0050921936353408,0.00853856471561,-0.018943538047854,0.9504808107372616,0.00030960818866733843,0.049209581074070724,0
2003-08-27,train,train,0.001863594595228,0.0082910217251809,-0.018943538047854,0.9633041417140644,0.00021324051929458196,0.03648261776664072,0
2003-08-28,train,train,0.004441889876662,0.0081117446898408,-0.018943538047854,0.9685282033014303,0.00016714733863604266,0.03130464935993324,0
2003-08-29,train,train,-0.0089316808937888,0.0081632636373989,-0.018943538047854,0.9467578412692271,0.0002896874853450124,0.052952471245427624,0
2003-09-01,train,train,0.0116179032351727,0.0084106528495574,-0.018943538047854,0.9267168629141861,0.0005397890578525064,0.07274334802796095,0
2003-09-02,train,train,0.0013196017825002,0.0081608343572385,-0.018943538047854,0.9503212300520848,0.00033890414393517693,0.04933986580398002,0
2003-09-03,train,train,0.012114221537316,0.008450356570537,-0.018943538047854,0.9257642275170546,0.0005971065015367814,0.07363866598140859,0
2003-09-04,train,train,-0.0035720737372075,0.0082395143816919,-0.018943538047854,0.9412704582328347,0.00042539652646511595,0.05830414524070002,0
2003-09-05,train,train,-0.0048426427447478,0.0080760939034001,-0.018943538047854,0.9465977214358506,0.0003573851730854325,0.05304489339106378,0
2003-09-08,train,train,0.00776991274293,0.0080580511176282,-0.018943538047854,0.950278113237692,0.0003403805982322757,0.04938150616407565,0
2003-09-09,train,train,-0.009236995110595,0.008133608133285,-0.018943538047854,0.9252281939534073,0.0005274232070072065,0.07424438283958529,0
2003-09-10,train,train,-0.0145091979270764,0.0086496968651574,-0.018943538047854,0.7792976202548746,0.002231670069501802,0.21847070967562354,0
2003-09-11,train,train,-0.0003654546754891,0.0083866700146576,-0.018943538047854,0.8599585668292744,0.001286250498715114,0.1387551826720101,0
2003-09-12,train,train,-0.0128041045317836,0.008715088379949,-0.018943538047854,0.7321485406612318,0.0030803470999850842,0.2647711122387831,0
2003-09-15,train,train,0.004928845092369,0.0085354092098023,-0.018943538047854,0.8203953141236513,0.0018817835871577408,0.1777229022891909,0
2003-09-16,train,train,0.0104866466212651,0.0086648833343334,-0.0160708060285284,0.8234942378891867,0.002024225212634871,0.17448153689817833,0
2003-09-17,train,train,0.0020590411432315,0.0084160424209674,-0.0160708060285284,0.8900938772934872,0.0010645156575177052,0.10884160704899486,0
2003-09-18,train,train,0.0068329204815154,0.0083295445234439,-0.0160708060285284,0.9163307387957291,0.0007633905479008183,0.08290587065636988,0
2003-09-19,train,train,-0.0130086449149892,0.0086817005132294,-0.0160708060285284,0.8119352165948259,0.002007653675499361,0.18605712972967495,0
2003-09-22,train,train,-0.0212586339403769,0.0098977461774881,-0.0183206180329619,0.20305024686383752,0.01790453915289594,0.7790452139832666,2
2003-09-23,train,train,-2.872162874730688e-05,0.0095962235346129,-0.0179467983764821,0.33645163791470795,0.010460429479886305,0.6530879326054055,2
2003-09-24,train,train,-0.0063627141082658,0.0094335202129478,-0.0162588255941475,0.39717577561381673,0.008103381426922695,0.5947208429592605,2
2003-09-25,train,train,-0.0019268541563537,0.0091583072348552,-0.0162588255941475,0.5398333940732508,0.005231420623941422,0.4549351853028079,0
2003-09-26,train,train,-0.0125940736108711,0.0093999339003252,-0.0162588255941475,0.3760131714134543,0.00865911951194802,0.6153277090745978,2
2003-09-29,train,train,-0.0055075374849888,0.009212882830014,-0.0162588255941475,0.4577665683503299,0.0066134649207097735,0.5356199667289603,2
2003-09-30,train,train,-0.0101517644743793,0.0092718971496555,-0.0162588255941475,0.39848374974903383,0.007825003681499312,0.5936912465694668,2
2003-10-01,train,train,0.0070459391232014,0.0091536171886437,-0.0162588255941475,0.5088735763363235,0.00602937423948665,0.48509704942418985,0
2003-10-02,train,train,0.0016872018387723,0.0088843786603648,-0.0162588255941475,0.6615928580450676,0.0036304543072722094,0.33477668764766033,0
2003-10-03,train,train,0.0233702372930933,0.0103424529294568,-0.0162588255941475,0.13281418766743947,0.025069642137055197,0.8421161701955054,2
2003-10-06,train,train,-0.0040675534213216,0.0100767580149702,-0.0162588255941475,0.20916694264327346,0.015452468640675081,0.7753805887160515,2
2003-10-07,train,train,-1.4519230561781184e-05,0.0097697800187729,-0.0162588255941475,0.3440766755241885,0.009404354107381625,0.6465189703684298,2
2003-10-08,train,train,0.0043709525278233,0.0095324707751102,-0.0162588255941475,0.4902410688321019,0.0062375727511923525,0.5035213584167059,2
2003-10-09,train,train,0.0135980266475957,0.0098239655361851,-0.0162588255941475,0.40902937114302196,0.009140121809641945,0.5818305070473359,2
2003-10-10,train,train,-0.0063456112057361,0.0096506832825063,-0.0162588255941475,0.4708587835017914,0.00700238336486657,0.5221388331333422,2
2003-10-13,train,train,0.0125946615451297,0.0098521610074274,-0.0162588255941475,0.4281994707892911,0.008776803696932373,0.5630237255137763,2
2003-10-14,train,train,-0.0031764409559926,0.0095836610204092,-0.0162588255941475,0.5542835737319496,0.005533666518976233,0.4401827597490744,0
2003-10-15,train,train,0.0003975813461222,0.0092922144452478,-0.0162588255941475,0.6982831500020855,0.003224353501563215,0.29849249649635146,0
2003-10-16,train,train,-0.0013070517159021,0.009014823203478,-0.0162588255941475,0.8005578376701322,0.001932450916295253,0.19750971141357265,0
2003-10-17,train,train,-0.0058027023312071,0.0088550153250711,-0.0162588255941475,0.8333036407056041,0.0015839213942104272,0.16511243790018534,0
2003-10-20,train,train,-0.0012590589517668,0.0085907934668138,-0.0162588255941475,0.8916104569332919,0.0009422898975915006,0.10744725316911669,0
2003-10-21,train,train,0.003230321517891,0.0083665839547942,-0.0162588255941475,0.9292369986057281,0.0005685963950356019,0.0701944049992367,0
2003-10-22,train,train,-0.0133315307029781,0.0087443425196712,-0.0163664541901438,0.8244445236774963,0.001737292949273462,0.17381818337323046,0
2003-10-23,train,train,-0.0050310345277589,0.0085670527627895,-0.0163664541901438,0.860900633786797,0.0012976141861187384,0.13780175202708425,0
2003-10-24,train,train,-0.0015855691064125,0.0083151410824752,-0.0163664541901438,0.9077488001038561,0.000779488845018427,0.09147171105112553,0
2003-10-27,train,train,0.011867010626698,0.0085698677598332,-0.0163664541901438,0.8846705806655534,0.0011584332661415983,0.11417098606830527,0
2003-10-28,train,train,0.0104187608727347,0.0086918991079718,-0.0163664541901438,0.8818384681995319,0.00125226341627537,0.11690926838419256,0
2003-10-29,train,train,0.0009392359804471,0.0084302487122616,-0.0163664541901438,0.9248736370226648,0.000659743841995851,0.0744666191353394,0
2003-10-30,train,train,0.0125377503198891,0.008731360646233,-0.0163664541901438,0.8934518042747435,0.0010811604146444749,0.10546703531061219,0
2003-10-31,train,train,0.0014597805835012,0.0084729166626156,-0.0163664541901438,0.9316624460507842,0.0005794763853306606,0.06775807756388538,0
2003-11-03,train,train,0.0119626508098939,0.0087217657976638,-0.0163664541901438,0.9079452839372792,0.0008752474581136588,0.09117946860460743,0
2003-11-04,train,train,-0.0021643609180569,0.008472668658844,-0.0163664541901438,0.9348115473726667,0.000523972616943259,0.06466448001038978,0
2003-11-05,train,train,-0.000500159952391,0.0082154705859788,-0.0163664541901438,0.9537052005446996,0.00031800911448962076,0.045976790340811056,0
2003-11-06,train,train,0.0044369995650103,0.0080390010225482,-0.0163664541901438,0.9630914591667382,0.00022550375896245766,0.03668303707429931,0
2003-11-07,train,train,0.0054773896993587,0.007908736502705,-0.0163664541901438,0.966928029274396,0.00018306923538247242,0.032888901490221126,0
2003-11-10,train,train,-0.0061970908699643,0.0078166145101381,-0.0163664541901438,0.9596729031583431,0.00020918750723696844,0.04011790933442022,0
2003-11-11,train,train,-0.0043706711506379,0.0076537350773669,-0.0163664541901438,0.9606836791563373,0.00020620820207220734,0.0391101126415903,0
2003-11-12,train,train,0.0076603734736867,0.0076541335435062,-0.0163664541901438,0.9602866952583763,0.00022565924816670584,0.039487645493457145,0
2003-11-13,train,train,0.0016682809141522,0.007432200505653,-0.0163664541901438,0.9686206172263293,0.00016404544187252602,0.031215337331798147,0
2003-11-14,train,train,0.0048101512656972,0.0073014793985047,-0.0163664541901438,0.9711010903393056,0.00014050547344304534,0.02875840418725152,0
2003-11-17,train,train,-0.0221525809920753,0.0089194795811756,-0.0193068042865095,0.4961688246885161,0.005787565270967537,0.49804361004051617,2
2003-11-18,train,train,-0.0009396342239937,0.0086508186773022,-0.0193068042865095,0.641879950727342,0.00369125246569158,0.3544287968069667,0
2003-11-19,train,train,0.0005891379087291,0.0083885212623464,-0.0193068042865095,0.7669945639870714,0.002234995857454635,0.2307704401554742,0
2003-11-20,train,train,-0.0027943264629469,0.0081617245269366,-0.0193068042865095,0.8392208215816106,0.001465832968342746,0.15931334545004672,0
2003-11-21,train,train,0.0046855488039321,0.0079958854715425,-0.0193068042865095,0.8934759225705179,0.0009445680477638845,0.10557950938171809,0
2003-11-24,train,train,0.0137331062210673,0.0084506819721446,-0.0193068042865095,0.8354786183305885,0.001904804184447086,0.16261657748496428,0
2003-11-25,train,train,0.0011175875395463,0.0081978121691817,-0.0193068042865095,0.8975470546904644,0.0009835688471983876,0.10146937646233702,0
2003-11-26,train,train,-0.0033841481976096,0.0079911841701287,-0.0193068042865095,0.9238285366060224,0.0006347116121948332,0.07553675178178279,0
2003-11-27,train,train,0.0031083200852591,0.0077850614769317,-0.0193068042865095,0.9478742157387885,0.00038454826824735257,0.051741235992963874,0
2003-11-28,train,train,0.0003585751776121,0.0075484081657731,-0.0193068042865095,0.9616456393429964,0.00023974920665079488,0.03811461145035284,0
2003-12-01,train,train,0.0163834864039105,0.0083465487173867,-0.0193068042865095,0.8803843168975835,0.001093735962800889,0.11852194713961581,0
2003-12-02,train,train,-0.0032062567862894,0.0081303006043433,-0.0193068042865095,0.9134628834589729,0.0007200198139858957,0.0858170967270414,0
2003-12-03,train,train,0.004832649705372,0.0079710068895,-0.0189142485451434,0.9388192490137437,0.00047590304219721205,0.06070484794405935,0
2003-12-04,train,train,-0.0023319457162149,0.0077492588053252,-0.0189142485451434,0.9529476115942249,0.00031672535784294594,0.046735663047932446,0
2003-12-05,train,train,-0.002582367785731,0.0075397658261277,-0.0189142485451434,0.9608396593682658,0.0002315858037372205,0.038928754827996896,0
2003-12-09,train,train,0.0058212598926134,0.0074478459029651,-0.0189142485451434,0.9649606715595967,0.00019718890986912508,0.034842139530533923,0
2003-12-10,train,train,-0.0043661987108181,0.0072997264023794,-0.0189142485451434,0.9641935751735037,0.00018383582419677314,0.0356225890022997,0
2003-12-11,train,train,0.009925098486761,0.0074832680036822,-0.0189142485451434,0.9540179527783124,0.00027210736715716204,0.045709939854530646,0
2003-12-12,train,train,0.0002959263315462,0.0072556596087234,-0.0189142485451434,0.964950704832869,0.00019373025329871743,0.03485556491383232,0
2003-12-15,train,train,0.0050179832891479,0.0071411994758311,-0.0189142485451434,0.968719137407185,0.0001623315304129296,0.03111853106240224,0
2003-12-16,train,train,0.0020322775382684,0.0069415225473917,-0.0160260617686415,0.973084521549408,0.00012535231396083784,0.02679012613663101,0
2003-12-17,train,train,0.0025744613542818,0.0067595356523412,-0.0160260617686415,0.9752663503487848,0.00010512756612909897,0.024628522085085598,0
2003-12-18,train,train,0.0104958991530359,0.0070398634108196,-0.0160260617686415,0.9607643642372419,0.000192968929721275,0.0390426668330371,0
2003-12-19,train,train,0.0042228464119726,0.0069033355808308,-0.0160260617686415,0.9673410685040754,0.00016706883597435678,0.03249186265995023,0
2003-12-22,train,train,0.0001968932280409,0.0066932059306184,-0.0152119587231442,0.9721192771157258,0.00013022075526351428,0.0277505021290112,0
2003-12-23,train,train,0.0101074250757133,0.0069455502151777,-0.0152119587231442,0.959781673476576,0.00021093844391313475,0.040007388079511146,0
2003-12-29,train,train,0.0082681949647086,0.0070319279434965,-0.0139432409669298,0.9576230795267735,0.0002474468761958001,0.04212947359703035,0
2003-12-30,train,train,-0.0029939794039764,0.0068570376057494,-0.0139432409669298,0.9628047817048079,0.0002026303711045327,0.036992587924087675,0
2004-01-02,train,train,0.0181865285701581,0.0080026755606517,-0.0139432409669298,0.8379587358564764,0.001580426423123227,0.16046083772040043,0
2004-01-05,train,train,0.0040783482990477,0.0078229292884577,-0.0139432409669298,0.8949030009777926,0.0009529632872169003,0.10414403573499029,0
2004-01-07,train,train,0.0002907147811975,0.007584945629213,-0.0139432409669298,0.9318933145538624,0.0005431932553538084,0.06756349219078422,0
2004-01-08,train,train,0.0037459271672846,0.0074108997029232,-0.0139432409669298,0.9516553679055265,0.0003443971345058887,0.04800023495996791,0
2004-01-09,train,train,-0.0023695276021734,0.0072085385485428,-0.0139432409669298,0.9604914696466823,0.0002404884285576437,0.03926804192476,0
2004-01-12,train,train,0.0012610990534821,0.0069957607574044,-0.0139432409669298,0.9687346040263415,0.00016685925451755446,0.03109853671914117,0
2004-01-13,train,train,0.0014483005388411,0.0067919130535805,-0.0138937341883392,0.9731489069977631,0.00012566737589550205,0.02672542562634133,0
2004-01-14,train,train,0.0040189883043239,0.0066581839844789,-0.0138937341883392,0.9744528469701271,0.0001108045896560925,0.025436348440216874,0
2004-01-15,train,train,-0.0026105810433556,0.0064869435896989,-0.0138937341883392,0.9735201593587443,0.00010743250518299407,0.02637240813607263,0
2004-01-16,train,train,0.0027609449233096,0.0063255813898766,-0.0138937341883392,0.9754253754163767,9.977839829552185e-05,0.024474846185328136,0
2004-01-19,train,train,0.0046262853905353,0.0062366940052913,-0.0138937341883392,0.9751632199946205,0.00010040238964808355,0.02473637761573102,0
2004-01-20,train,train,-0.0035490636375087,0.006108872412392,-0.0138937341883392,0.9724802513054188,0.00010924717235562579,0.027410501522225506,0
2004-01-21,train,train,0.0079802000856222,0.0062370055656721,-0.0138937341883392,0.9674293211744551,0.00014984252198475085,0.03242083630355998,0
2004-01-22,train,train,0.006116448507911,0.0062298379322135,-0.0138937341883392,0.9683865396178047,0.0001540814638036342,0.031459378918391866,0
2004-01-23,train,train,0.0016280679215869,0.0060532027994596,-0.0111269021299328,0.9729550888858169,0.00012351728790068814,0.02692139382628253,0
2004-01-26,train,train,-0.0102937485536658,0.006387524077502,-0.0128811401385684,0.9412737458292559,0.0003011555549274383,0.0584250986158167,0
2004-01-27,train,train,0.0036911927511741,0.0062585885186524,-0.0128811401385684,0.9569932878207188,0.00024928863393269574,0.04275742354534829,0
2004-01-28,train,train,0.0068366653475138,0.0062947703703545,-0.0128811401385684,0.9602369580871919,0.00023520983143079276,0.03952783208137735,0
2004-01-29,train,train,-0.0128089926380087,0.0068622812182682,-0.0150851073945832,0.8903781796625849,0.000796244158948673,0.10882557617846672,0
2004-01-30,train,train,-0.0104372510076454,0.0071275256452205,-0.0151329415459097,0.8396591224558705,0.001441539701275107,0.15889933784285454,0
2004-02-02,train,train,0.0036126465495011,0.0069668211846851,-0.0151329415459097,0.8972843703745864,0.0008882276694588095,0.10182740195595495,0
2004-02-03,train,train,0.00021354601395,0.006754786279981,-0.0151329415459097,0.9331753509342553,0.000519370380357646,0.06630527868538738,0
2004-02-04,train,train,-0.0090226033303002,0.006911870345882,-0.0151329415459097,0.9096373728302577,0.0007200337686890969,0.08964259340105296,0
2004-02-05,train,train,0.0076147272304672,0.0069560447687785,-0.0151329415459097,0.9253789544987998,0.0006158590937319507,0.0740051864074683,0
2004-02-06,train,train,0.0094904171517203,0.0071335437447706,-0.0151329415459097,0.9251078614917501,0.0006447751816039656,0.0742473633266458,0
2004-02-09,train,train,0.0136511678175438,0.007682152207813,-0.0151329415459097,0.8764546290397466,0.0013161542446353087,0.12222921671561837,0
2004-02-10,train,train,0.0045010831030075,0.0075292841450816,-0.0151329415459097,0.9174101671023939,0.0007619745651846017,0.08182785833242123,0
2004-02-11,train,train,0.0030911719148979,0.0073390757716201,-0.0151329415459097,0.9442771980806599,0.0004379003894094971,0.05528490152993076,0
2004-02-12,train,train,0.0054867569865466,0.0072413107462981,-0.0151329415459097,0.9557130632758303,0.0003082162037874601,0.04397872052038232,0
2004-02-13,train,train,-0.0051940880901166,0.0071350612828663,-0.0151329415459097,0.9552911755045028,0.00027349313870344937,0.04443533135679352,0
2004-02-16,train,train,0.003275329396539,0.0069640663766935,-0.0151329415459097,0.9652290754189374,0.00019730228670727695,0.03457362229435542,0
2004-02-17,train,train,0.0039308073961485,0.006820220090011,-0.0151329415459097,0.9701476476137941,0.000152817983983609,0.029699534402222432,0
2004-02-18,train,train,0.0029137706630807,0.0066508556983474,-0.0111799973997733,0.9735491585837907,0.00012147136601356696,0.026329370050195686,0
2004-02-19,train,train,0.0069298951065437,0.0066679273691521,-0.0111799973997733,0.970615508549203,0.00013434750935787136,0.029250143941439308,0
2004-02-20,train,train,-0.0124018282722734,0.0071429616228822,-0.0118826906393091,0.9145035802754317,0.0004989510341281192,0.08499746869044005,0
2004-02-23,train,train,0.0008979432159588,0.0069288501803947,-0.0118826906393091,0.9433727149281877,0.0003633624939805114,0.05626392257783213,0
2004-02-24,train,train,-0.0104360277373109,0.0071877025139504,-0.0118826906393091,0.9034925405842255,0.0007206482272023986,0.09578681118857203,0
2004-02-25,train,train,0.0017143018503744,0.0069813761704522,-0.0118826906393091,0.9372869772391307,0.00045515287910725505,0.06225786988176239,0
2004-02-26,train,train,-0.0016407594961536,0.0067806166344079,-0.0118826906393091,0.9534307067055827,0.0003047347346480051,0.046264558559769325,0
2004-02-27,train,train,0.0108717671759422,0.0070929454754647,-0.0118826906393091,0.9390788236359139,0.0004465329312188666,0.06047464343286764,0
2004-03-01,train,train,0.0061632422385903,0.0070406261284301,-0.0118826906393091,0.9507980006259417,0.00034569109657094836,0.048856308277487444,0
2004-03-02,train,train,0.0064367193953718,0.0070058598828408,-0.0118826906393091,0.957383239264682,0.0002796951143094837,0.042337065621008904,0
2004-03-03,train,train,-0.0088491518425853,0.0071299086695487,-0.0118826906393091,0.9360323911156981,0.0004175626017934251,0.06355004628250847,0
2004-03-04,train,train,0.0069201166883964,0.0071174955340204,-0.0118826906393091,0.9463799960584262,0.00037131239788791196,0.053248691543686014,0
2004-03-05,train,train,0.0009828851652744,0.0069048665382525,-0.0118826906393091,0.9610647532148059,0.00023949078793142808,0.038695755997263014,0
2004-03-08,train,train,0.0028237507882504,0.0067301534237537,-0.0118826906393091,0.9686868145151725,0.0001692034473273622,0.031143982037500177,0
2004-03-09,train,train,-0.0099662319167972,0.0069668367225012,-0.0118826906393091,0.9389777938956271,0.0003463859236970191,0.06067582018067619,0
2004-03-10,train,train,0.000747931428506,0.0067570828889556,-0.0118826906393091,0.9569213672043116,0.00025400518382208154,0.04282462761186651,0
2004-03-11,train,train,-0.0220059942691192,0.0084837789954992,-0.0157389383931337,0.4405024931214444,0.0078287681439282,0.5516687387346275,2
2004-03-12,train,train,-0.0098854799130504,0.0085743453667603,-0.0157389383931337,0.39215265368214,0.008462323173946951,0.5993850231439128,2
2004-03-15,train,train,-0.042404803258952,0.0133040698632486,-0.0257399300553599,3.026831209185244e-06,0.2955723055111397,0.7044246676576512,2
2004-03-16,train,train,0.0143911764251878,0.0133717888094556,-0.0257399300553599,0.008064575737853026,0.23644792604927434,0.7554874982128726,2
2004-03-17,train,train,0.0174383224477572,0.0136499874430095,-0.0257399300553599,0.007551749303082659,0.22148722855363093,0.7709610221432865,2
2004-03-18,train,train,-0.0161972430724601,0.0138160728411354,-0.0268693468668437,0.005249296258393072,0.19210880122608687,0.8026419025155201,2
2004-03-19,train,train,0.0074780123291055,0.0135198401148135,-0.0268693468668437,0.029895870068923375,0.11507063225266431,0.8550334976784122,2
2004-03-22,train,train,-0.0193895245724321,0.0139418840877053,-0.0279334407001677,0.0049454156818029855,0.12736404362349057,0.8676905406947062,2
2004-03-23,train,train,0.005227138966962,0.0135776633817055,-0.0279334407001677,0.03489756560581847,0.07159704692254601,0.8935053874716357,2
2004-03-24,train,train,-0.0019843727534902,0.0131730038505262,-0.0279334407001677,0.08576033250079722,0.038471234611395295,0.8757684328878076,2
2004-03-25,train,train,0.0206674661472803,0.0137384496227252,-0.0279334407001677,0.018013837405553353,0.05753726163482707,0.9244489009596195,2
2004-03-26,train,train,0.004789586816534,0.0133714885733181,-0.0279334407001677,0.05830682386902834,0.03339632526003157,0.9082968508709399,2
2004-03-29,train,train,0.0085515472862328,0.0131322748191513,-0.0279334407001677,0.09721761219704125,0.0232476735263466,0.8795347142766122,2
2004-03-30,train,train,-0.0021091556235974,0.0127426902833289,-0.0279334407001677,0.1787399329774681,0.014416217274594825,0.8068438497479371,2
2004-03-31,train,train,0.0017350717411541,0.0123618046722253,-0.0279334407001677,0.30714305190941316,0.009338358532363498,0.6835185895582234,2
2004-04-01,train,train,0.009903268687846,0.0122282396816229,-0.0279334407001677,0.3514550986674587,0.008991282508871703,0.6395536188236697,2
2004-04-02,train,train,0.0209934618044911,0.012922909164764,-0.0279334407001677,0.0785933710458318,0.025536958708206173,0.895869670245962,2
2004-04-05,train,train,0.0019570679541242,0.0125383927719034,-0.0279334407001677,0.16241098000561588,0.015535744207354166,0.8220532757870297,2
2004-04-06,train,train,-0.0004950102094517,0.0121570275071999,-0.0279334407001677,0.28008321099532935,0.00999182233440957,0.709924966670261,2
2004-04-07,train,train,0.0015684780663016,0.0117929354339297,-0.0279334407001677,0.43309776416348655,0.0065944965073246545,0.5603077393291889,2
2004-04-08,train,train,0.011423615941639,0.0117711030345856,-0.0279334407001677,0.43181601440203876,0.007701728304774954,0.5604822572931865,2
2004-04-13,train,train,0.0064392483335552,0.0115209882300891,-0.0279334407001677,0.5523117560597123,0.005522986152087557,0.4421652577882004,0
2004-04-14,train,train,-0.010990614773298,0.0114898562391216,-0.0279334407001677,0.4554472464319545,0.007323795374794627,0.5372289581932509,2
2004-04-15,train,train,-0.0049932469173211,0.0112067720374148,-0.0279334407001677,0.5477028404161113,0.005337414658944268,0.44695974492494445,0
2004-04-16,train,train,0.0092824580266675,0.0111007241542918,-0.0279334407001677,0.6033517584760228,0.0049146048341488745,0.39173363668982836,0
2004-04-19,train,train,-0.005679020026673,0.0108520776007407,-0.0279334407001677,0.6694361987264044,0.003728989022056155,0.3268348122515395,0
2004-04-20,train,train,0.00416376203546,0.0105707969337522,-0.0279334407001677,0.7799860966302552,0.0022802335356302593,0.21773366983411488,0
2004-04-21,train,train,-0.011178480876347,0.0106082396762101,-0.0279334407001677,0.688385908598136,0.003690617283558723,0.30792347411830523,0
2004-04-22,train,train,0.0013875751350045,0.0102906844267794,-0.0279334407001677,0.801610732999059,0.0020364734234455018,0.19635279357749535,0
2004-04-23,train,train,0.0045834593506443,0.0100401584046471,-0.0279334407001677,0.8696503077359599,0.0012485928042984765,0.12910109945974158,0
2004-04-26,train,train,0.0037377671095428,0.0097772566766396,-0.0279334407001677,0.915286267312728,0.0007373175590201561,0.08397641512825185,0
2004-04-27,train,train,-0.0004665013789977,0.0094800907509283,-0.0279334407001677,0.9426785886801367,0.0004316884788362617,0.056889722841027036,0
2004-04-28,train,train,-0.0152247661934071,0.0099190424812943,-0.0279334407001677,0.7907964860919175,0.00212847573820969,0.20707503816987302,0
2004-04-29,train,train,-0.0089433775096859,0.0098632246044497,-0.0279334407001677,0.7667334836144837,0.002495756383197206,0.23077076000231947,0
2004-04-30,train,train,-0.0061344172065578,0.0096800863678895,-0.0279334407001677,0.8008972482063403,0.002030335264468007,0.1970724165291917,0
2004-05-03,train,train,0.0075061512488365,0.0095635958801403,-0.0279334407001677,0.8478807404060329,0.0015606075676411505,0.15055865202632562,0
2004-05-04,train,train,-0.0023281209248466,0.0092897703422399,-0.0279334407001677,0.8966100131433543,0.0009302732252179779,0.102459713631428,0
2004-05-05,train,train,0.0102761936626866,0.0093518903117204,-0.0279334407001677,0.8939325554479142,0.0010419077865793313,0.10502553676550691,0
2004-05-06,train,train,-0.0142465171911673,0.0097153577588782,-0.0279334407001677,0.7307053141562794,0.003318605218748847,0.2659760806249718,0
2004-05-07,train,train,-0.0114330721119257,0.0098268913739293,-0.0279334407001677,0.6225033941398089,0.005028975830772605,0.3724676300294186,0
2004-05-10,train,train,-0.026753052516435,0.0115636186190713,-0.0303879500148353,0.015939586956260587,0.04342288696625016,0.9406375260774893,2
2004-05-11,train,train,0.0119435912131553,0.0115867683716086,-0.0303879500148353,0.02935266010544413,0.034211951425941925,0.9364353884686138,2
2004-05-12,train,train,-0.0101665737052538,0.011506500878796,-0.0303879500148353,0.035429228653414205,0.025997030732573007,0.9385737406140127,2
2004-05-13,train,train,0.0047657288880521,0.0112168765275978,-0.0303879500148353,0.08646406609222168,0.017268018142824318,0.8962679157649539,2
2004-05-14,train,train,-0.0110827209965404,0.0112088724756097,-0.0303879500148353,0.06993870800458965,0.016588799175493673,0.9134724928199168,2
2004-05-17,train,train,-0.0139535258952306,0.0113922142684618,-0.0303879500148353,0.03533131882962734,0.019071506247752293,0.9455971749226203,2
2004-05-18,train,train,0.0068845817048681,0.0111731571678417,-0.0303879500148353,0.07712091739002719,0.01476040137532654,0.9081186812346461,2
2004-05-19,train,train,0.0224139168144591,0.0121446323389958,-0.0303879500148353,0.010455166597033445,0.03393360445126575,0.9556112289517008,2
2004-05-20,train,train,-0.0105363107889189,0.0120541859813453,-0.0303879500148353,0.01967779980866492,0.02625446930566079,0.9540677308856744,2
2004-05-21,train,train,-0.0013697405291703,0.0116917820301067,-0.0303879500148353,0.062232515886857964,0.01688923678433673,0.9208782473288053,2
2004-05-24,train,train,0.0098659827320253,0.0115903476191731,-0.0303879500148353,0.09022903098789489,0.015122499134118436,0.8946484698779865,2
2004-05-25,train,train,-0.0053925556722542,0.0113146262800844,-0.0303879500148353,0.13902382564793886,0.011791738440941071,0.8491844359111201,2
2004-05-26,train,train,0.010730991755819,0.0112804597792069,-0.0303879500148353,0.16092117528261385,0.012215683793665617,0.8268631409237206,2
2004-05-27,train,train,0.0049459694009729,0.0110037086138905,-0.0303879500148353,0.26692653287038814,0.009210784317075976,0.723862682812536,2
2004-05-28,train,train,-0.0017339728012113,0.0106769427629993,-0.0303879500148353,0.4013981464108434,0.006581653760453077,0.5920201998287032,2
2004-05-31,train,train,0.0009678542022774,0.0103543944711371,-0.0303879500148353,0.5619921233622349,0.00444415432256081,0.433563722315204,0
2004-06-01,train,train,-0.0140313073533163,0.0106110004681308,-0.0303879500148353,0.33193923454277213,0.009407745007792723,0.6586530204494354,2
2004-06-02,train,train,0.0076537747119879,0.0104571768235554,-0.0303879500148353,0.4286833759330385,0.007496338967124814,0.5638202850998368,2
2004-06-03,train,train,-0.000860220366913,0.0101407984417765,-0.0303879500148353,0.5804635487672097,0.004670991727692343,0.414865459505098,0
2004-06-04,train,train,0.0136749003529488,0.0103868098776437,-0.0303879500148353,0.49243314149665873,0.0074359074432507315,0.5001309510600904,2
2004-06-07,train,train,0.0121963961187939,0.010504179880669,-0.029515793449273,0.463004587320976,0.008556549830830767,0.5284388628481932,2
2004-06-08,train,train,-0.0006537850252402,0.0101854392815959,-0.029515793449273,0.6144143671061273,0.004799747542559027,0.3807858853513135,0
2004-06-09,train,train,-0.0035231144312386,0.0099127858382631,-0.0207799400537757,0.7153949218560538,0.0030936273528608515,0.28151145079108514,0
2004-06-10,train,train,0.0027824369246232,0.009634938557413,-0.0207799400537757,0.8186161252179796,0.0017911319161449013,0.17959274286587548,0
2004-06-11,train,train,-0.0043812479727254,0.0094028633177733,-0.0207799400537757,0.8628397537185243,0.0012673851363918832,0.13589286114508356,0
2004-06-14,train,train,-0.0121167865152285,0.009587387505765,-0.0204557810940914,0.7599753482866093,0.0026696287901319714,0.2373550229232585,0
2004-06-15,train,train,0.0079281095267599,0.0094960104504289,-0.0204557810940914,0.811759652588752,0.002078074114493985,0.1861622732967539,0
2004-06-16,train,train,0.0050565397934973,0.0092896650793863,-0.0187414453003364,0.8740442229682841,0.0012575065764585894,0.12469827045525744,0
2004-06-17,train,train,0.00415530120869,0.0090639945023172,-0.0187414453003364,0.9169088230818812,0.0007394972567925532,0.08235167966132652,0
2004-06-18,train,train,0.000777234250913,0.0087899307245621,-0.0187414453003364,0.9447351713968676,0.00041950808434181925,0.05484532051879068,0
2004-06-21,train,train,0.0024755537997776,0.0085437000890118,-0.0187414453003364,0.9599784004070264,0.00026065999771472534,0.03976093959525906,0
2004-06-22,train,train,-0.0089955851613634,0.0085714850336475,-0.0187414453003364,0.937504772805458,0.0004004682391910559,0.06209475895535098,0
2004-06-23,train,train,0.0062733672426114,0.0084512391123882,-0.0187414453003364,0.9494706165520402,0.00033953419710244,0.05018984925085725,0
2004-06-24,train,train,0.0068101847582745,0.0083618630082766,-0.0187414453003364,0.9554819508405225,0.0002921449189779747,0.04422590424049934,0
2004-06-25,train,train,-0.0051710342795871,0.0082054788722093,-0.0187414453003364,0.9552086809118212,0.00026801035977855136,0.044523308728400615,0
2004-06-28,train,train,0.0078381707266134,0.0081839052860666,-0.0187414453003364,0.955959438932723,0.00027500991266176473,0.04376555115461504,0
2004-06-29,train,train,-0.0065213598501347,0.0080937886953594,-0.0187414453003364,0.9497111561042966,0.0003034364058171654,0.04998540748988644,0
2004-06-30,train,train,-0.0065271146692526,0.0080084358068698,-0.0187414453003364,0.9447242884422085,0.0003427562729069126,0.054932955284884386,0
2004-07-01,train,train,0.0008661446455576,0.007767364663849,-0.0187414453003364,0.9601200611568536,0.00023682479647631533,0.0396431140466701,0
2004-07-02,train,train,-0.0062903525120155,0.0076867515034287,-0.0187414453003364,0.9540531471694118,0.0002619358103234352,0.0456849170202647,0
2004-07-05,train,train,0.0031935278302755,0.0074935236674811,-0.0187414453003364,0.9646067630242708,0.0001971890553155313,0.03519604792041395,0
2004-07-06,train,train,-0.0046632934666774,0.0073544885270952,-0.0187414453003364,0.9631425351978623,0.00019024495371318303,0.03666721984842446,0
2004-07-07,train,train,0.0050974266887993,0.0072389375557692,-0.0187414453003364,0.9675517199345246,0.00016779282160502527,0.03228048724387077,0
2004-07-08,train,train,0.0026256105150522,0.0070478162401379,-0.0187414453003364,0.9722798322899483,0.00013155938562055868,0.02758860832443135,0
2004-07-09,train,train,-0.0046490136224477,0.0069273523505859,-0.0187414453003364,0.9683277144546201,0.00014077466343956092,0.03153151088194056,0
2004-07-12,train,train,0.0007577251493158,0.0067188813650736,-0.0187414453003364,0.9728383217795527,0.00012008710812763955,0.027041591112319456,0
2004-07-13,train,train,0.0028394047352117,0.0065512211033575,-0.0187414453003364,0.9750282877134427,0.00010519239398851277,0.024866519892568918,0
2004-07-14,train,train,-0.005823890695272,0.0065098732889513,-0.0187414453003364,0.9670301853184451,0.00013836371884316435,0.03283145096271148,0
2004-07-15,train,train,-0.0058079122638725,0.0064699037022045,-0.0187414453003364,0.9611816258500226,0.0001824929041379353,0.0386358812458394,0
2004-07-16,train,train,0.0034762862997502,0.0063303355888232,-0.0187414453003364,0.9682973316364293,0.0001574119829333939,0.03154525638063713,0
2004-07-19,train,train,-0.0036892835232111,0.0062036608967586,-0.0187414453003364,0.9679306881244981,0.0001503639154226444,0.031918947960079345,0
2004-07-20,train,train,0.0010769384624344,0.0060204544510997,-0.0187414453003364,0.9726885996336528,0.00012350142876145108,0.027187898937586115,0
2004-07-21,train,train,0.0051680923816534,0.0059727439441029,-0.0183436256869728,0.9729871997304494,0.00011932966760890863,0.026893470601941662,0
2004-07-22,train,train,-0.0133112183605658,0.0066456423363787,-0.0183436256869728,0.9047077394807956,0.0005564524862768769,0.0947358080329276,0
2004-07-23,train,train,-0.0096869612953975,0.0068662159511332,-0.0183436256869728,0.8700235724173954,0.00101862418231154,0.12895780340029317,0
2004-07-26,train,train,-0.0138426955612531,0.0074708392716236,-0.0183436256869728,0.7068184119618254,0.0032817418055468457,0.2898998462326276,0
2004-07-27,train,train,0.0130141995340473,0.0079137093974827,-0.0183436256869728,0.6464279700157785,0.004917267174307589,0.3486547628099139,0
2004-07-28,train,train,-0.004242405174771,0.0077426783958882,-0.0183436256869728,0.7317529507409513,0.003123350701137144,0.2651236985579114,0
2004-07-29,train,train,0.0081240310478057,0.0077660876537396,-0.0182459619216606,0.7866583021543875,0.002448123178535968,0.2108935746670766,0
2004-07-30,train,train,0.0058890434516631,0.0076664359623861,-0.0182459619216606,0.8518522174085092,0.0015554018630192217,0.1465923807284714,0
2004-08-02,train,train,-0.006371810172122,0.0075949841234606,-0.0139425096032666,0.8675928222648923,0.0012858428047747815,0.13112133493033315,0
2004-08-03,train,train,0.003197350975454,0.0074051428076098,-0.0139425096032666,0.9151597330881895,0.0007391895395780807,0.0841010773722326,0
2004-08-04,train,train,-0.0104289579998128,0.0076204830226661,-0.0139425096032666,0.8694454858014953,0.0012148032918794407,0.12933971090662508,0
2004-08-05,train,train,0.0030929194660122,0.0074270737749272,-0.0139425096032666,0.9164266270800059,0.0007110115275454603,0.08286236139244846,0
2004-08-06,train,train,-0.0200425792782196,0.0087151614106763,-0.0160091375089221,0.4507871091183182,0.008958477470753777,0.540254413410928,2
2004-08-09,train,train,-0.0061901847595803,0.0085846315792093,-0.015972194064263,0.5159132228396984,0.006576323621876953,0.4775104535384246,0
2004-08-10,train,train,0.0027602980336559,0.0083505269356962,-0.015972194064263,0.6653948435331425,0.0038350341803030123,0.3307701222865547,0
2004-08-11,train,train,-0.0061589521285652,0.0082354953449612,-0.015972194064263,0.714054606944394,0.0030992039788487157,0.28284618907675746,0
2004-08-12,train,train,0.0021665088343048,0.0080022250776901,-0.015972194064263,0.8189040357081877,0.0017748572556884668,0.17932110703612406,0
2004-08-13,train,train,-0.0060385564581815,0.0078981845805407,-0.015972194064263,0.8449846003900114,0.0014754071744451595,0.15353999243554334,0
2004-08-17,train,train,0.0121190394405676,0.0082128379690528,-0.015972194064263,0.8159765679989048,0.0021330026062054896,0.18189042939488964,0
2004-08-18,train,train,0.0049935656404503,0.0080560416411467,-0.015972194064263,0.8771671147540994,0.001253739386224286,0.12157914585967625,0
2004-08-19,train,train,0.0032893821108741,0.0078520711018646,-0.015972194064263,0.9206991923298191,0.0007016898928973972,0.0785991177772838,0
2004-08-20,train,train,-0.0035488496856295,0.0076623351139769,-0.015972194064263,0.9381126486843456,0.0004743337387840644,0.06141301757687031,0
2004-08-23,train,train,0.0105576467447307,0.0078661636724735,-0.015972194064263,0.9276691017206302,0.0006030076759526781,0.07172789060341772,0
2004-08-24,train,train,0.0004877928879148,0.0076274645578268,-0.015972194064263,0.9505801171567946,0.00035347153572865925,0.04906641130747714,0
2004-08-25,train,train,-0.0011042199932028,0.0074000459967255,-0.0157321644000128,0.9618508882363173,0.00023220761562917075,0.03791690414805346,0
2004-08-26,train,train,0.0069260437985123,0.0073724653183564,-0.0157321644000128,0.9631311754663526,0.00021385118140084967,0.036654973352246434,0
2004-08-27,train,train,0.0056104791686662,0.0072787841545321,-0.0157321644000128,0.9667205939714455,0.00018122461953473077,0.03309818140901988,0
2004-08-30,train,train,-7.607332778637484e-05,0.0070570676680364,-0.0157321644000128,0.9716492306436936,0.00013618954111856797,0.028214579815188243,0
2004-08-31,train,train,-0.0015491149504129,0.0068525949285468,-0.0157321644000128,0.9731880215548352,0.00011640091389969939,0.02669557753126497,0
2004-09-01,train,train,0.0087801949867486,0.0069832716730613,-0.0157321644000128,0.9655943089042017,0.00016501406621899944,0.034240677029579294,0
2004-09-02,train,train,0.0056522317194619,0.0069106426379044,-0.0157321644000128,0.9681073050508305,0.00015898472900545237,0.03173371022016376,0
2004-09-03,train,train,0.0096230440558042,0.0071026573465633,-0.0157321644000128,0.9585773173911084,0.00022971113351696046,0.04119297147537454,0
2004-09-06,train,train,0.0057518755848109,0.0070289345753334,-0.0157321644000128,0.9637279804681642,0.00020295175813694893,0.036069067773698754,0
2004-09-07,train,train,0.0005548813686098,0.0068161601791956,-0.0157321644000128,0.9703188334543118,0.00014871064924733447,0.029532455896441327,0
2004-09-08,train,train,-0.0019372818340707,0.0066255279689563,-0.0157321644000128,0.9719998521895643,0.00012587765119544266,0.027874270159240246,0
2004-09-09,train,train,-0.0071023649108838,0.006655101716354,-0.0157321644000128,0.960002887541459,0.00018573469951265695,0.03981137775902839,0
2004-09-10,train,train,0.0020875834876929,0.0064725911668204,-0.0157321644000128,0.9683884112419893,0.00015543173371387948,0.031456157024296924,0
2004-09-13,train,train,0.0079377594331984,0.0065697223470398,-0.0157321644000128,0.9647282634005658,0.00018278870253921636,0.03508894789689494,0
2004-09-14,train,train,-0.0034913058760932,0.0064267355334873,-0.0157321644000128,0.9661180621012556,0.00016727575756139611,0.033714662141183196,0
2004-09-15,train,train,-0.0038507574392692,0.006301940479861,-0.0157321644000128,0.9661997135352872,0.0001626378467310009,0.03363764861798163,0
2004-09-16,train,train,0.0022428991704163,0.006134608576293,-0.0157321644000128,0.9716822559553342,0.00013281094445348045,0.028184933100211845,0
2004-09-17,train,train,0.0008042522854181,0.0059509853256065,-0.0157321644000128,0.9746437070204673,0.00010894939931845554,0.02524734358021407,0
2004-09-20,train,train,-0.0039407984407763,0.0058498860079405,-0.0157321644000128,0.9714273179160039,0.00011716368959198802,0.0284555183944039,0
2004-09-21,train,train,0.0021830151023786,0.0056968262764259,-0.0157321644000128,0.9744909291728148,0.00010664855059146195,0.02540242227659384,0
2004-09-22,train,train,-0.0061394048981507,0.0057243460234822,-0.0157321644000128,0.9656272733003713,0.00014638373347356334,0.03422634296615486,0
2004-09-23,train,train,-0.0038470158125423,0.0056293890425587,-0.0157321644000128,0.9658892701200319,0.00015767780651429502,0.03395305207345384,0
2004-09-24,train,train,-0.0006008399348236,0.0054598791424873,-0.0157321644000128,0.9708423133417099,0.00013405600961201904,0.029023630648678207,0
2004-09-27,train,train,-0.0058269715104125,0.0054825978563564,-0.0157321644000128,0.9639358479803651,0.00016603535328207336,0.035898116666352634,0
2004-09-28,train,train,0.0061023758254006,0.0055217466387111,-0.0157321644000128,0.9662789710783334,0.00017067077675522393,0.03355035814491087,0
2004-09-29,train,train,0.0074456743325527,0.0056556687280619,-0.0157321644000128,0.964665851380416,0.00018658641088654905,0.035147562208697435,0
2004-09-30,train,train,-0.0023386948524481,0.0055132171236633,-0.0157321644000128,0.9681813146185727,0.00015617153132068787,0.03166251385010648,0
2004-10-01,train,train,0.0235581953403597,0.0078658212114926,-0.0157321644000128,0.5936314135051397,0.005651707792485302,0.40071687870237477,0
2004-10-04,train,train,0.0102026083545698,0.0080252394210704,-0.0157321644000128,0.6225953420022333,0.005285677875376994,0.3721189801223896,0
2004-10-05,train,train,4.809267565351985e-05,0.0077807672162775,-0.0157321644000128,0.7513083978531573,0.0028213367206868538,0.245870265426156,0
2004-10-06,train,train,0.0022009672394644,0.0075629738577372,-0.0157321644000128,0.8439902088792652,0.0015508664893498377,0.15445892463138475,0
2004-10-07,train,train,0.0010927512777821,0.0073374590615385,-0.0157321644000128,0.9026042570916724,0.0008595034449722886,0.09653623946335511,0
2004-10-08,train,train,-0.0011407382168963,0.0071194159993455,-0.0157321644000128,0.9341574868630632,0.000512854538243025,0.06532965859869411,0
2004-10-11,train,train,-0.0025864858391567,0.0069315448250157,-0.0157321644000128,0.9495353176217723,0.00034681365826528735,0.05011786871996221,0
2004-10-13,train,train,-0.000638604453914,0.0067222023013625,-0.0157321644000128,0.961784722501915,0.00022994785613207814,0.037985329641952933,0
2004-10-14,train,train,-0.0049420932150363,0.0066288898523345,-0.0157321644000128,0.9603829431329513,0.00021715765437087855,0.039399899212678294,0
2004-10-15,train,train,0.0006780591261493,0.0064290929130503,-0.0157321644000128,0.9685552385788576,0.00016136183106150998,0.0312833995900808,0
2004-10-18,train,train,0.0007139837356201,0.0062356898503726,-0.0147714109464284,0.9729545514542197,0.00012475783207334252,0.02692069071370689,0
2004-10-19,train,train,0.0097143992223833,0.0064971510195275,-0.0147714109464284,0.9621009739400648,0.0001924211796080193,0.03770660488032699,0
2004-10-20,train,train,-0.0071050531311806,0.0065352199571345,-0.0125255301364043,0.95172594101749,0.0002616518420808236,0.04801240714042955,0
2004-10-21,train,train,0.0068533847150985,0.0065547453663761,-0.0125255301364043,0.956792578081119,0.000258776377081984,0.042948645541798974,0
2004-10-22,train,train,0.0032062247145311,0.0064034052053694,-0.0125255301364043,0.9661068229346137,0.00018860154881910875,0.033704575516567255,0
2004-10-25,train,train,-0.0171303070835772,0.0074933455530465,-0.0158672814538698,0.781208548448543,0.0018962690115696085,0.2168951825398872,0
2004-10-26,train,train,0.0002793961052324,0.0072653903992654,-0.0158672814538698,0.8626397873928657,0.0011714045795713558,0.1361888080275631,0
2004-10-27,train,train,0.0127816765800604,0.0077085030431562,-0.0158672814538698,0.8205322554594686,0.0020127853266668507,0.17745495921386423,0
2004-10-28,train,train,0.0115657964707693,0.007992610142911,-0.0158672814538698,0.8031072813534273,0.002452356946818093,0.19444036169975493,0
2004-10-29,train,train,-0.0020293003249624,0.0077650493540803,-0.0147593131643258,0.8689145704733525,0.001338817838082131,0.1297466116885653,0
2004-11-02,train,train,0.0103756335920838,0.0079459082759151,-0.0147593131643258,0.8684732269350017,0.001428636900583731,0.1300981361644144,0
2004-11-03,train,train,0.0023016492730769,0.0077244460119853,-0.0104459083752138,0.9168799777899934,0.0007575253413741115,0.08236249686863212,0
2004-11-04,train,train,0.0009495727693619,0.007492739387381,-0.0104459083752138,0.944794217663855,0.0004240534206686691,0.054781728915476335,0
2004-11-05,train,train,0.0043029747372698,0.0073405456480395,-0.0104459083752138,0.9582048140133641,0.00028059708639321734,0.04151458890024239,0
2004-11-08,train,train,0.0008747028646707,0.0071201474768703,-0.0104459083752138,0.9674476684843679,0.0001834377171362891,0.03236889379849604,0
2004-11-09,train,train,-0.0033279490945351,0.0069512031186974,-0.0104459083752138,0.9681367725974006,0.00015677596712004936,0.03170645143547935,0
2004-11-10,train,train,-0.0025412680735749,0.0067681277998315,-0.0104459083752138,0.9699056750210876,0.00013904895144338947,0.029955276027469235,0
2004-11-11,train,train,0.003581757756956,0.0066203353387673,-0.0104459083752138,0.9730084241408025,0.00012143473245944415,0.026870141126738124,0
2004-11-12,train,train,-0.0009936592258482,0.0064232663900304,-0.0104459083752138,0.9744507772092392,0.00010618339145379297,0.025443039399307157,0
2004-11-15,train,train,-0.003503254542112,0.0062864312287232,-0.0104459083752138,0.9721203306234651,0.00011289329646962677,0.02776677608006528,0
2004-11-16,train,train,-0.0072916314490889,0.0063512312104992,-0.0105089972212822,0.9592684314151796,0.00018410887459447274,0.04054745971022611,0
2004-11-17,train,train,0.0194126260298086,0.0077800290859519,-0.0105089972212822,0.7859767808792988,0.002222588940337181,0.21180063018036382,0
2004-11-18,train,train,0.0014252150234898,0.0075510923511339,-0.0105089972212822,0.8668553628555123,0.0012418654671062564,0.1319027716773815,0
2004-11-19,train,train,-0.0012048783808187,0.0073270021064816,-0.0105089972212822,0.9125794123307368,0.0007330197470948572,0.08668756792216842,0
2004-11-22,train,train,-0.0026118338790275,0.0071325425234611,-0.0105089972212822,0.9362629893692501,0.0004805439413752264,0.06325646668937482,0
2004-11-23,train,train,0.0004415660698438,0.006916102364315,-0.0105089972212822,0.9553069440424456,0.00029715677666071656,0.044395899180893574,0
2004-11-24,train,train,0.007039005847288,0.0069235380982524,-0.0105089972212822,0.9585908469810792,0.0002625441118224979,0.0411466089070983,0
2004-11-25,train,train,0.0100326239354218,0.0071483193543553,-0.0105089972212822,0.9488147532827614,0.00034476484794118955,0.05084048186929737,0
2004-11-26,train,train,-0.0018520247022538,0.0069453841611682,-0.0105089972212822,0.959749555383357,0.00024254785880788125,0.04000789675783543,0
2004-11-29,train,train,-0.0027156277083127,0.0067665750205287,-0.0105089972212822,0.964640223202874,0.00019100307902899025,0.035168773718096784,0
2004-11-30,train,train,-0.0025849481859941,0.0065909227491598,-0.0105089972212822,0.9677748405636094,0.00015980164051538427,0.032065357795874994,0
2004-12-01,train,train,0.0092633551156349,0.0067810347148625,-0.0105089972212822,0.9597865544581586,0.0002204748642177918,0.039992970677623765,0
2004-12-02,train,train,0.0042649363572461,0.0066569412513407,-0.0105089972212822,0.9667466977162474,0.00017800917776790133,0.033075293105984865,0
2004-12-03,train,train,-0.0026705648969267,0.0064872097103836,-0.0105089972212822,0.9688827154348294,0.00015048958822855887,0.030966794976942137,0
2004-12-07,train,train,0.0034646756681375,0.0063465813699998,-0.0105089972212822,0.9725336738022186,0.0001268162383751397,0.02733950995940592,0
2004-12-09,train,train,-0.0048653982544376,0.0062675892806823,-0.0105089972212822,0.967954304038023,0.00014123348491947984,0.031904462477057485,0
2004-12-10,train,train,0.0058627929467076,0.006244041586665,-0.0105089972212822,0.9691577052570686,0.00014654316195560418,0.030695751580975747,0
2004-12-13,train,train,0.006852966236913,0.0062822417010569,-0.0105089972212822,0.9679749576932998,0.0001573743558734162,0.03186766795082714,0
2004-12-14,train,train,0.0006635383620274,0.0060930275013774,-0.0105089972212822,0.9726284071643728,0.00012535665417188986,0.027246236181455198,0
2004-12-15,train,train,-0.0025442886493981,0.0059401927046583,-0.0105089972212822,0.9725412857848745,0.00011660743491019091,0.02734210678021526,0
2004-12-16,train,train,0.0031063206381038,0.0058092761752881,-0.0105089972212822,0.974737941907876,0.00010599535131588272,0.02515606274080804,0
2004-12-17,train,train,-0.0036926815696821,0.0057044703637085,-0.0105089972212822,0.9719580349330895,0.00011359050050097157,0.027928374566409245,0
2004-12-20,train,train,0.0032093750367504,0.0055862803805568,-0.0105089972212822,0.974364134716717,0.00010720991522397523,0.02552865536805929,0
2004-12-21,train,train,0.0053037864018797,0.0055697348045116,-0.0105089972212822,0.97378380259969,0.00011042062125601357,0.026105776779054374,0
2004-12-22,train,train,0.0092616239223149,0.0058572425001647,-0.0105089972212822,0.9644356820660439,0.00017040044301619339,0.035393917490940126,0
2004-12-23,train,train,0.0032302589471826,0.0057336660781164,-0.0105089972212822,0.9702638801315555,0.00014352284808212914,0.02959259702036251,0
2004-12-27,train,train,-0.0003866360340298,0.0055598021852392,-0.0105089972212822,0.9733845141905395,0.00011755338473931893,0.026497932424721177,0
2004-12-28,train,train,0.0029125937630081,0.0054374358354238,-0.0105089972212822,0.9752894029158093,0.00010324729978978432,0.024607349784400233,0
2004-12-29,train,train,0.002596642308069,0.0053100206245412,-0.0105089972212822,0.9764353617607227,9.340667004946877e-05,0.023471231569228354,0
2004-12-30,train,train,-0.0021890842682987,0.0051761052237268,-0.0105089972212822,0.9752046641601003,9.41639935130772e-05,0.024701171846386698,0
2005-01-03,train,train,0.0047569532973483,0.0051519178613654,-0.0105089972212822,0.9749022929186498,0.00010026303178916644,0.024997444049561002,0
2005-01-04,train,train,-0.000449418001627,0.004996182621127,-0.0105089972212822,0.9758615138716025,9.375659775788956e-05,0.024044729530640116,0
2005-01-05,train,train,-0.010537750995419,0.0054887869424054,-0.011653229842695,0.942816208169867,0.00026880340278552994,0.05691498842734722,0
2005-01-07,train,train,0.0018487437109423,0.0053408095240045,-0.011653229842695,0.9591093871676594,0.00022406444115248347,0.04066654839118819,0
2005-01-10,train,train,-0.001394565894795,0.0051893622374518,-0.011653229842695,0.9662921682415196,0.00017513366552520548,0.033532698092955254,0
2005-01-11,train,train,-0.0069019461300263,0.0053077229796315,-0.011653229842695,0.9561857025074685,0.00022809728170823104,0.04358620021082317,0
2005-01-12,train,train,-0.0023113118132365,0.0051770780921943,-0.011653229842695,0.9632482292522042,0.00019310214215374706,0.036558668605641755,0
2005-01-13,train,train,0.0079164982910529,0.0053809168391504,-0.011653229842695,0.9612441874549669,0.00021699155981759358,0.03853882098521549,0
2005-01-14,train,train,0.0009200598195313,0.0052218579712926,-0.011653229842695,0.9690841865064517,0.0001587755195312806,0.030757037974016715,0
2005-01-17,train,train,0.0076493486458203,0.0053983779706806,-0.011653229842695,0.9660042703635592,0.0001755390547694603,0.03382019058167137,0
2005-01-18,train,train,0.0002748569177693,0.0052343546317559,-0.011653229842695,0.9714329818421561,0.00013590213157721402,0.028431116026266516,0
2005-01-19,train,train,-0.0010229361326048,0.0050810770714691,-0.011653229842695,0.973558344531246,0.00011452421009446127,0.026327131258659847,0
2005-01-20,train,train,-0.0077214771333678,0.0052768907607704,-0.0117965117374546,0.958533469003977,0.00018920624579172766,0.04127732475023162,0
2005-01-21,train,train,-0.0020313844335893,0.0051402755663543,-0.0117965117374546,0.9650738252651961,0.0001724245694784004,0.03475375016532531,0
2005-01-24,train,train,-0.0035956750233689,0.0050609109512613,-0.0117965117374546,0.9661072779309792,0.0001643232011755599,0.03372839886784504,0
2005-01-25,train,train,0.0073444274073886,0.0052261350263598,-0.0085169531926252,0.9648174081686706,0.0001830104479695075,0.034999581383359686,0
2005-01-26,train,train,0.0027526440052929,0.0051115908498346,-0.0085169531926252,0.970748154840294,0.00014359182659722468,0.029108253333108784,0
2005-01-27,train,train,0.007391419469128,0.0052762339088844,-0.0085169531926252,0.967768990918231,0.0001591208525909541,0.032071888229178024,0
2005-01-28,train,train,0.0015440277867816,0.0051294606845133,-0.0085169531926252,0.9726294263173891,0.00012639593199574714,0.02724417775061474,0
2005-01-31,train,train,0.0092031063724277,0.0054602669269242,-0.0085169531926252,0.9637551628513621,0.00018144348153081516,0.036063393667107244,0
2005-02-01,train,train,0.003582041897102,0.0053661443763304,-0.0085169531926252,0.9696319376080856,0.00015041717612734125,0.03021764521578718,0
2005-02-02,train,train,0.0053867887859861,0.0053673852801019,-0.0085169531926252,0.9709120578188526,0.00013879607313745332,0.028949146108009756,0
2005-02-03,train,train,0.0003652920556866,0.0052046423083155,-0.0085169531926252,0.9741058677121105,0.00011297240175348638,0.02578115988613601,0
2005-02-04,train,train,0.0119683617618374,0.0058358807784078,-0.0085169531926252,0.9518079230929404,0.0002605672905538189,0.04793150961650565,0
2005-02-07,train,train,0.0041516497130605,0.0057487586410111,-0.0085169531926252,0.9623753569105992,0.0002118027710381623,0.037412840318362714,0
2005-02-08,train,train,0.0018478554518671,0.0055919769799333,-0.0085169531926252,0.9697217444997943,0.0001550701162951667,0.03012318538391095,0
2005-02-09,train,train,-0.0030005748796559,0.0054712156901335,-0.0085169531926252,0.9701108626502719,0.00013779813768203777,0.029751339212046132,0
2005-02-10,train,train,4.2364939030761145e-05,0.0053045505698003,-0.0085169531926252,0.9735376178874731,0.00011544129017593507,0.026346940822351082,0
2005-02-11,train,train,0.0144018613622978,0.0062365678048623,-0.0085169531926252,0.9306516613050573,0.0004306688253892124,0.06891766986955397,0
2005-02-14,train,train,-0.0003442086771819,0.0060471646316578,-0.0085169531926252,0.9515056734807148,0.0003041774271659377,0.04819014909211911,0
2005-02-15,train,train,0.0051302558800334,0.0059961053694134,-0.008387058086271,0.9607061882231375,0.0002381932896767529,0.039055618487185494,0
2005-02-16,train,train,-0.0061114778828009,0.0060030902491766,-0.008387058086271,0.9552816491850478,0.0002544774663671607,0.044463873348585044,0
2005-02-17,train,train,0.0010542705632312,0.0058259382225186,-0.008387058086271,0.9658960297806496,0.00018472256399672344,0.03391924765535385,0
2005-02-18,train,train,-0.0016288127305576,0.005662529881327,-0.008387058086271,0.9698538602268324,0.00014653985694607682,0.029999599916221253,0
2005-02-21,train,train,-0.0110851437537656,0.0061248032376562,-0.0097814572941841,0.9296790684584789,0.0003976797858743689,0.06992325175564673,0
2005-02-22,train,train,-0.0121500866886139,0.0066422810999275,-0.0112576604792661,0.8546513735672718,0.0011783853172471262,0.14417024111548082,0
2005-02-23,train,train,0.0004063010656947,0.0064406994302782,-0.0112576604792661,0.9083747436682141,0.0007272225721037043,0.09089803375968224,0
2005-02-24,train,train,-0.0001603705230723,0.0062446133366602,-0.0112576604792661,0.9391010287856566,0.0004465061865193368,0.060452465027824025,0
2005-02-25,train,train,0.0092698925716953,0.0064661687635243,-0.0112576604792661,0.9374443750407945,0.000484276431593508,0.06207134852761219,0
2005-02-28,train,train,-0.0051724422243665,0.0063959289930032,-0.0112576604792661,0.942456626044772,0.00040494529069955577,0.057138428664528465,0
2005-03-01,train,train,0.0086199544208795,0.0065506984418159,-0.0112576604792661,0.9435585652457832,0.00041366222465895683,0.056027772529558005,0
2005-03-02,train,train,-0.0030345104233609,0.0063944856150938,-0.0112576604792661,0.9541225226693837,0.00029708058068087244,0.045580396749935526,0
2005-03-03,train,train,-0.0026295535485484,0.0062330532338994,-0.0112576604792661,0.9614448898827314,0.00022296829538870133,0.0383321418218803,0
2005-03-04,train,train,0.0125761616314544,0.0067830292600323,-0.0112576604792661,0.9335151498012294,0.000474453880031609,0.06601039631873909,0
2005-03-07,train,train,0.0008279648290138,0.006579517332707,-0.0112576604792661,0.9539641782458654,0.00030253227412588963,0.04573328948000881,0
2005-03-08,train,train,-0.0069063572544988,0.0065995842038052,-0.0112576604792661,0.9460698160528608,0.0003398484119766673,0.05359033553516248,0
2005-03-09,train,train,-0.0074006280330742,0.0066503683116323,-0.0112576604792661,0.9363208830950586,0.00041912153088780876,0.06325999537405362,0
2005-03-10,train,train,-0.009706532575674,0.0068721729633427,-0.0112576604792661,0.9048114718761161,0.0007183373681713277,0.09447019075571267,0
2005-03-11,train,train,0.0011581821450098,0.0066688558776355,-0.0112576604792661,0.9380243889840867,0.0004491672934099116,0.06152644372250356,0
2005-03-14,train,train,-0.0036184903463299,0.0065261649333175,-0.0112576604792661,0.9489584306028489,0.00033946499861096837,0.050702104398540296,0
2005-03-15,train,train,0.0062409329752499,0.0065094034808686,-0.0112576604792661,0.956740254453917,0.00027931158959791966,0.04298043395648485,0
2005-03-16,train,train,-0.0165449975346446,0.0075002806788429,-0.0132600759923413,0.7762450324158672,0.0021427295577346353,0.22161223802639834,0
2005-03-17,train,train,0.0037532881320983,0.0073296785709805,-0.0132600759923413,0.8564147135803872,0.0013244055210843402,0.14226088089852834,0
2005-03-18,train,train,0.003037955958255,0.0071452422814706,-0.0132600759923413,0.9087305923898543,0.0007822850892304207,0.09048712252091529,0
2005-03-21,train,train,-0.0041645811023042,0.00700227407138,-0.0132600759923413,0.9275201375863436,0.0005676615332001531,0.07191220088045629,0
2005-03-22,train,train,0.0079678125953095,0.0070639290691311,-0.0132600759923413,0.9360658493589392,0.0005066618460536627,0.06342748879500724,0
2005-03-23,train,train,-0.0050778907385902,0.0069607648086454,-0.0132600759923413,0.9419274689283715,0.000414233557385931,0.05765829751424229,0
2005-03-24,train,train,0.0061633754329089,0.0069155147112575,-0.0132600759923413,0.9525728868771315,0.00032551730300311174,0.04710159581986568,0
2005-03-29,train,train,0.0015885263857387,0.0067161215044855,-0.0132600759923413,0.9644781617064081,0.00021089983138039447,0.03531093846221165,0
2005-03-30,train,train,-0.0047301286890884,0.0066138005582382,-0.0132600759923413,0.9628674401276905,0.0001965725376177756,0.03693598733469179,0
2005-03-31,train,train,-0.0022978533972154,0.0064369732148587,-0.0132600759923413,0.9671924464049232,0.00016399872105889136,0.03264355487401792,0
2005-04-01,train,train,0.003310304016825,0.0062933324621943,-0.0132600759923413,0.9717170382929128,0.0001344318173366952,0.02814852988975044,0
2005-04-04,train,train,-0.0090292942041038,0.0064900971256509,-0.0132600759923413,0.9493844722568616,0.00025523963536638503,0.050360288107772114,0
2005-04-05,train,train,0.0099546013126603,0.0067483126999273,-0.0132600759923413,0.9415584901195824,0.0003848590276434806,0.05805665085277394,0
2005-04-06,train,train,0.0089935501255434,0.0069036495761213,-0.0132600759923413,0.9409195066171565,0.0004290852445345631,0.058651408138309095,0
2005-04-07,train,train,0.0010973174251875,0.0066987313092543,-0.0132600759923413,0.9581115539786602,0.000269693932209945,0.041618752089129726,0
2005-04-08,train,train,-0.0007030059330481,0.0064969434447964,-0.0132600759923413,0.9664834173775088,0.00018570552156658854,0.03333087710092447,0
2005-04-11,train,train,-0.0054485625932689,0.0064388560891944,-0.0132600759923413,0.9620305972914581,0.00019468119302216893,0.03777472151552014,0
2005-04-12,train,train,-0.0034016986996577,0.0062980654899509,-0.0132600759923413,0.9646335247997478,0.00017840485772336004,0.03518807034252886,0
2005-04-13,train,train,0.0075816452784557,0.0063823641300436,-0.0132600759923413,0.9631892028766749,0.00019844180270733644,0.036612355320618004,0
2005-04-14,train,train,-0.0010033301686136,0.0061928101747748,-0.0132600759923413,0.9690079089043263,0.00015418783402275393,0.03083790326165086,0
2005-04-15,train,train,-0.0226038161535687,0.0081673615244708,-0.0170996334589424,0.4500332738143257,0.006810578362674996,0.5431561478229993,2
2005-04-18,train,train,-0.0142349376601959,0.0086522513617267,-0.017794583782803,0.23612569526047028,0.012179450732325462,0.7516948540072043,2
2005-04-19,train,train,0.0022576825069941,0.0084068777930368,-0.017794583782803,0.3798511888065278,0.007891383209504825,0.6122574279839673,2
2005-04-20,train,train,-0.0032775252521006,0.0081902129935748,-0.017794583782803,0.5042949794422878,0.005542018174312069,0.4901630023834,0
2005-04-21,train,train,0.0002329418437272,0.0079409111102862,-0.017794583782803,0.6553535439667387,0.0034961150199581815,0.34115034101330277,0
2005-04-22,train,train,0.0085785609467989,0.0079806069681983,-0.017794583782803,0.7151944647008319,0.00313994321965625,0.28166559207951164,0
2005-04-25,train,train,0.001076748902077,0.0077419794379662,-0.017794583782803,0.8200340693900808,0.0017655413819862341,0.17820038922793294,0
2005-04-26,train,train,-0.0024739039505975,0.0075305486470924,-0.017794583782803,0.877624132528611,0.001098436357596155,0.12127743111379262,0
2005-04-27,train,train,-0.0109251104934983,0.007776123424198,-0.017794583782803,0.8131665506187948,0.001912687185414389,0.18492076219579087,0
2005-04-28,train,train,4.456116814474266e-05,0.0075392392799089,-0.017794583782803,0.8825492216124551,0.0010690258675280534,0.11638175252001681,0
2005-04-29,train,train,0.0018012163185304,0.0073228671979018,-0.017794583782803,0.925314666477426,0.0006113572604611011,0.07407397626211285,0
2005-05-02,train,train,0.0130565986931201,0.0077868740277605,-0.017794583782803,0.8863836296532417,0.0011455956154475077,0.11247077473131054,0
2005-05-03,train,train,0.005292877273354,0.007660166818458,-0.017794583782803,0.9208789090634159,0.000712555513271216,0.07840853542331311,0
2005-05-04,train,train,0.0029841472555806,0.0074626921707912,-0.017794583782803,0.9463506723938395,0.0004127101750358357,0.053236617431124775,0
2005-05-05,train,train,0.0043187538849353,0.0073122750274417,-0.017794583782803,0.9590715443722448,0.00027290133697048253,0.04065555429078466,0
2005-05-06,train,train,0.002983972795486,0.0071270926562647,-0.017794583782803,0.9675137249510432,0.00018447858285086885,0.03230179646610626,0
2005-05-09,train,train,-0.0042841531289323,0.0069892031612375,-0.017794583782803,0.9660800090327095,0.00016958368794836638,0.03375040727934193,0
2005-05-10,train,train,-0.0084269610576588,0.0070837026715798,-0.017794583782803,0.9476707082598748,0.0002822681906583794,0.05204702354946668,0
2005-05-11,train,train,0.0004154771487023,0.0068686585446251,-0.017794583782803,0.9615378665670219,0.0002137175555115163,0.03824841587746659,0
2005-05-12,train,train,0.0068832495309796,0.0068695348777655,-0.017794583782803,0.9630327870786608,0.00020783439725026011,0.03675937852408894,0
2005-05-13,train,train,0.0010198096723697,0.0066649440790376,-0.017794583782803,0.970064680612347,0.00015151328735100948,0.029783806100301926,0
2005-05-16,train,train,-0.000520581103118,0.006463161075139,-0.017794583782803,0.9731902220379169,0.00012059111668409907,0.02668918684539917,0
2005-05-17,train,train,-0.0004774993621278,0.0062673586427338,-0.017794583782803,0.9749174296693447,0.00010380465036504758,0.024978765680290775,0
2005-05-18,train,train,0.0162458746516253,0.0072635186987458,-0.017794583782803,0.9083201863751017,0.0006134894681308973,0.09106632415676758,0
2005-05-19,train,train,0.003826361292813,0.0071043398073569,-0.017794583782803,0.9379292241348642,0.00043742431069619366,0.0616333515544394,0
2005-05-20,train,train,-0.00336729140953,0.0069371222087184,-0.017794583782803,0.9496795288311599,0.0003298600964876119,0.04999061107235244,0
2005-05-23,train,train,0.003037494505946,0.0067668180882001,-0.017794583782803,0.9623270615021937,0.00022667452228641204,0.037446263975519416,0
2005-05-24,train,train,-0.0026212503912128,0.0065920174933984,-0.017794583782803,0.9663471928932253,0.0001774411433820663,0.0334753659633923,0
2005-05-25,train,train,-0.0022538939056621,0.0064149992376892,-0.017794583782803,0.9692891285828895,0.00014785450908484218,0.030563016908025372,0
2005-05-26,train,train,0.0070968324784863,0.0064579396234435,-0.017794583782803,0.9675107511612957,0.00016116007339919914,0.03232808876530534,0
2005-05-27,train,train,-0.0038725143542486,0.0063326508805295,-0.017794583782803,0.9670371322127744,0.00015639422800544197,0.0328064735592203,0
2005-05-30,train,train,0.0090512647096599,0.0065277747138554,-0.017794583782803,0.9600407994504708,0.00021619056215601168,0.03974300998737303,0
2005-05-31,train,train,-0.0042024458698793,0.0064120796337316,-0.017794583782803,0.9614027891367052,0.00020414522588344214,0.03839306563741162,0
2005-06-01,train,train,0.013036434834799,0.006988905301095,-0.017794583782803,0.9290848790391619,0.0005025314306390837,0.07041258953019941,0
2005-06-02,train,train,-0.0011628424589849,0.0067819791819408,-0.017794583782803,0.9495096355424216,0.00033587150516991356,0.05015449295240825,0
2005-06-03,train,train,-0.004412378830053,0.0066636080574427,-0.017794583782803,0.9538152587744207,0.00028445836791178206,0.04590028285766709,0
2005-06-06,train,train,-0.0050984010858706,0.0065802031595208,-0.017794583782803,0.9543033856869825,0.0002695518678738872,0.04542706244514359,0
2005-06-07,train,train,0.009070396628934,0.0067555499334772,-0.017794583782803,0.9502629438443082,0.0003242572073599215,0.04941279894833206,0
2005-06-08,train,train,-0.0050254377677786,0.0066644211372744,-0.017794583782803,0.9521016395917935,0.0002947265592878403,0.04760363384891836,0
2005-06-09,train,train,0.0006637773577905,0.0064634413876894,-0.017794583782803,0.9640727633509483,0.00020414270665772635,0.03572309394239411,0
2005-06-10,train,train,0.0070846056533102,0.0065023848189372,-0.0159212881024209,0.9641615753221964,0.0001993892679962943,0.03563903540980713,0
2005-06-13,train,train,0.0018494849445104,0.0063205524685055,-0.0159212881024209,0.970679227881366,0.00014698398741846893,0.029173788131215378,0
2005-06-14,train,train,0.0036679173809577,0.0061935157682462,-0.0159212881024209,0.9733719832714012,0.00012180770208190868,0.02650620902651691,0
2005-06-15,train,train,-0.0052978362504653,0.0061434585905196,-0.0159212881024209,0.9673748201707565,0.00014270189260463432,0.032482477936639026,0
2005-06-16,train,train,0.0063685532605166,0.0061571963330842,-0.0159212881024209,0.9678644015119274,0.00015534290294879952,0.031980255585124,0
2005-06-17,train,train,0.0059667310852667,0.0061459348738601,-0.0159212881024209,0.9689253573078616,0.00015246427268880176,0.0309221784194496,0
2005-06-20,train,train,-0.0023575715291515,0.0059866228506738,-0.0159212881024209,0.9706397301785842,0.00013398156021650839,0.02922628826119925,0
2005-06-21,train,train,0.0054718341601377,0.0059569901889629,-0.0159212881024209,0.971377228981558,0.00013154148077798653,0.028491229537663844,0
2005-06-22,train,train,0.0014095810119726,0.0057858277975131,-0.0159212881024209,0.9745508843650735,0.00010947283334530204,0.02533964280158118,0
2005-06-23,train,train,0.004452192745553,0.005714593276773,-0.0159212881024209,0.9748433344788981,0.00010468889635219369,0.02505197662474975,0
2005-06-24,train,train,-0.0094821825643825,0.0060076525291382,-0.0159212881024209,0.9496727405789336,0.00023569220295997296,0.05009156721810591,0
2005-06-27,train,train,-0.0056476011051072,0.0059866601265441,-0.0159212881024209,0.9490466029935523,0.0002839369390581299,0.0506694600673898,0
2005-06-28,train,train,0.0061744235096445,0.0059980916834519,-0.0159212881024209,0.9569513368768504,0.000259722711636761,0.04278894041151317,0
2005-06-29,train,train,0.008914475922757,0.0062118073433707,-0.0159212881024209,0.9529834201270744,0.00030161932768306356,0.046714960545242296,0
2005-06-30,train,train,0.00143205090912,0.0060327774392284,-0.0159212881024209,0.9646982138212088,0.00020338022088561126,0.03509840595790573,0
2005-07-01,train,train,0.0046806895702928,0.0059603079370612,-0.0159212881024209,0.9690270231951384,0.0001624414029352303,0.030810535401926513,0
2005-07-04,train,train,-0.0014355074648606,0.0057894209868707,-0.0159212881024209,0.9718345740811157,0.0001303589978801616,0.028035066921003916,0
2005-07-05,train,train,-0.0007745858985648,0.0056162577077874,-0.0159212881024209,0.9739750363174864,0.00011101435214484333,0.02591394933036887,0
2005-07-06,train,train,0.002555985264828,0.0054810394308293,-0.0159212881024209,0.9757467538637029,9.892229674977914e-05,0.024154323839547118,0
2005-07-07,train,train,-0.0193157681673861,0.0071151401701962,-0.0187181739937169,0.7140037617480539,0.002291541647569473,0.2837046966043767,0
2005-07-08,train,train,0.0153108260826256,0.0078519418097049,-0.0148252721070267,0.5628412032631794,0.005888676106356699,0.43127012063046405,0
2005-07-11,train,train,0.0084496490820239,0.0078890813754564,-0.0132410204084222,0.6364600035607973,0.004697714991308142,0.35884228144789465,0
2005-07-12,train,train,-0.0002936163001972,0.007649086303838,-0.0132410204084222,0.7604078556702377,0.0025910923784917407,0.23700105195127033,0
2005-07-13,train,train,0.0065013430534681,0.0075851208096168,-0.0132410204084222,0.8279616567457183,0.001795421172953672,0.17024292208132777,0
2005-07-14,train,train,0.0027533974601108,0.007384909348739,-0.0132410204084222,0.8919600603399586,0.0010009068985321512,0.10703903276150938,0
2005-07-15,train,train,-0.0021498236839246,0.0071792741580236,-0.0132410204084222,0.9250643049233412,0.0006111701106842591,0.07432452496597464,0
2005-07-18,train,train,0.0017282481250639,0.0069734259359951,-0.0132410204084222,0.9494035694858715,0.00036332812981468396,0.050233102384313756,0
2005-07-19,train,train,0.0083975383022269,0.0070669702206789,-0.0132410204084222,0.9496812787800126,0.0003562708294438402,0.04996245039054349,0
2005-07-20,train,train,-0.0037901538503112,0.0069142938892201,-0.0124083039298091,0.9558894565809519,0.0002755412005444936,0.043835002218503595,0
2005-07-21,train,train,0.0014479383551764,0.0067130323934969,-0.0124083039298091,0.9662665872572064,0.00018865929363616756,0.033544753449157694,0
2005-07-22,train,train,-0.0002694768029186,0.0065088610943858,-0.0124083039298091,0.9712887912598059,0.000139924972768504,0.02857128376742582,0
2005-07-25,train,train,-0.0001697150638279,0.0063107118911754,-0.0124083039298091,0.9740677252930309,0.00011323742089975057,0.02581903728606945,0
2005-07-26,train,train,0.0026121350007419,0.0061518269200899,-0.0124083039298091,0.9757775662037975,9.938419011808087e-05,0.024123049606084107,0
2005-07-27,train,train,0.0045102832937034,0.0060658746534054,-0.0124083039298091,0.975475236406561,9.85718764656684e-05,0.024426191716972988,0
2005-07-28,train,train,0.0039667343703503,0.0059608090127156,-0.0124083039298091,0.9757756498675375,9.64292876620059e-05,0.024127920844800223,0
2005-07-29,train,train,-0.0013039886954732,0.0057880387552246,-0.0124083039298091,0.975722255452874,9.294928351960869e-05,0.02418479526360639,0
2005-08-01,train,train,-0.0046272483601463,0.0057250322896253,-0.0124083039298091,0.9706743314689863,0.00011546579947626826,0.02921020273153735,0
2005-08-02,train,train,0.0044592540553374,0.0056570780300452,-0.0114818506122919,0.972654487458529,0.00011788727119801029,0.027227625270273226,0
2005-08-03,train,train,0.0035333208871038,0.0055526067137168,-0.0114818506122919,0.974543690271238,0.00010772428427892984,0.025348585444483,0
2005-08-04,train,train,-0.0074564715055643,0.0056848476564441,-0.0120848074124442,0.9606165762134476,0.00017415873439550865,0.03920926505215673,0
2005-08-05,train,train,-0.0028727527459207,0.0055564022356837,-0.0120848074124442,0.9648453648995,0.00017030373787459927,0.034984331362625555,0
2005-08-08,train,train,0.0069540505058537,0.0056500193417993,-0.0120848074124442,0.9649780600855357,0.0001825268728774715,0.034839413041586706,0
2005-08-09,train,train,0.0029710811356576,0.0055260288486239,-0.0120848074124442,0.9707218004921576,0.0001439478107405503,0.029134251697101862,0
2005-08-10,train,train,0.0082063278223584,0.0057223600136093,-0.0120848074124442,0.9655741534488775,0.000174544222373253,0.034251302328749296,0
2005-08-11,train,train,-0.0006943904543863,0.0055506405543885,-0.0120848074124442,0.9705993978773612,0.00013972160176877623,0.029260880520869736,0
2005-08-12,train,train,-0.0034199590529767,0.0054463566836577,-0.0120848074124442,0.969896026219586,0.00013456570355882856,0.02996940807685488,0
2005-08-15,train,train,-0.0002257800674938,0.0052807283263219,-0.0120848074124442,0.9732787847565211,0.00011580645050144391,0.026605408792977084,0
2005-08-16,train,train,-0.004438019474164,0.0052339934245484,-0.0120848074124442,0.9694883468455963,0.00012938167888422374,0.030382271475519515,0
2005-08-17,train,train,-0.0045171068450677,0.0051937713843708,-0.0120848074124442,0.9667882451490939,0.00014805590190165448,0.033063698949004336,0
2005-08-18,train,train,-0.0055830935082617,0.0052179499335316,-0.0120848074124442,0.9617880677238205,0.00018246368904423574,0.03802946858713541,0
2005-08-19,train,train,0.0094195390132813,0.0055603097334299,-0.0120848074124442,0.9544457285596709,0.0002641799473236522,0.04529009149300563,0
2005-08-22,train,train,0.0041264660637175,0.0054848596155485,-0.0120848074124442,0.9639022045487416,0.00020467889471239965,0.03589311655654579,0
2005-08-23,train,train,-0.0069727232476333,0.0055853196928577,-0.0120848074124442,0.9538928301852988,0.0002541585624212836,0.04585301125227961,0
2005-08-24,train,train,-0.0024970773650541,0.0054496029239902,-0.0120848074124442,0.9615545523706581,0.00020963128005387327,0.0382358163492877,0
2005-08-25,train,train,-0.009540477973571,0.0057773285266864,-0.0127794762351132,0.9345840813754194,0.00039523405268193683,0.06502068457189866,0
2005-08-26,train,train,-0.0078842391131474,0.0059249090283772,-0.0127794762351132,0.9223280288040332,0.0005362821170845011,0.07713568907888226,0
2005-08-29,train,train,0.0033966387863775,0.0058043521152304,-0.0127794762351132,0.9466589295827136,0.00036622150896783263,0.0529748489083186,0
2005-08-30,train,train,-0.0016313758757083,0.0056416980160051,-0.0127794762351132,0.9588661863365874,0.0002523027754109472,0.04088151088800182,0
2005-08-31,train,train,0.0086900151452713,0.0058694133358514,-0.0127794762351132,0.9553564994893372,0.00028166783325254225,0.04436183267741028,0
2005-09-01,train,train,0.012431115714514,0.0064540661917201,-0.0127794762351132,0.9281287621414746,0.0005516530551241636,0.07131958480340143,0
2005-09-02,train,train,0.0010750381854259,0.0062629876743201,-0.0127794762351132,0.9510692404413071,0.0003377835739868962,0.048592975984705966,0
2005-09-05,train,train,0.010384582375451,0.0065834555363362,-0.0127794762351132,0.9402939640959892,0.00044422637480135004,0.05926180952920948,0
2005-09-06,train,train,0.0118600435583929,0.0070129174801504,-0.0127794762351132,0.9179010307043428,0.0007103591394038932,0.0813886101562535,0
2005-09-07,train,train,0.0033491687551,0.0068485886698943,-0.0127794762351132,0.9442322233244198,0.00042631548036857004,0.055341461195211744,0
2005-09-08,train,train,0.0031847991554116,0.0066856228956514,-0.0127794762351132,0.9592096433055934,0.00026935020597990275,0.04052100648842645,0
2005-09-09,train,train,0.0043386817831078,0.0065684967739652,-0.0127794762351132,0.9663435758934965,0.00019411395527356537,0.03346231015122978,0
2005-09-12,train,train,0.0007721728120022,0.0063712020787691,-0.0127794762351132,0.971789761014502,0.00013909226299966778,0.028071146722498407,0
2005-09-13,train,train,-0.0062033181564429,0.0063612539912979,-0.0127794762351132,0.9633591136692923,0.0001716183848201707,0.03646926794588773,0
2005-09-14,train,train,0.0028053037603312,0.0062056267171462,-0.0127794762351132,0.9699277706675957,0.00014489224738654474,0.029927337085017325,0
2005-09-15,train,train,0.001585934100946,0.006029106566794,-0.0127794762351132,0.9737786768896788,0.0001169411859303186,0.026104381924390664,0
2005-09-16,train,train,0.005369396868538,0.0059915727315993,-0.0122468284180348,0.9733588381673711,0.00011565794931238168,0.02652550388331637,0
2005-09-19,train,train,0.0003702654458009,0.005809753261558,-0.0122468284180348,0.9754157223913831,0.00010041967775550123,0.024483857930861185,0
2005-09-20,train,train,0.0044888128979866,0.0057390770561616,-0.0122468284180348,0.9752923716049571,9.981081362787e-05,0.024607817581414896,0
2005-09-21,train,train,-0.0078829712221931,0.0058897588445166,-0.0122468284180348,0.9593179651845822,0.00017744662252319022,0.04050458819289493,0
2005-09-22,train,train,0.0034510672958192,0.005772564042138,-0.0122468284180348,0.9672873696170582,0.00016123612086345877,0.032551394262078384,0
2005-09-23,train,train,0.0089382281242463,0.0060097139036242,-0.0122468284180348,0.960656194270105,0.00021395382688687306,0.03912985190300849,0
2005-09-26,train,train,0.0087750936046589,0.0062104587268124,-0.0122468284180348,0.956332618257943,0.00026075207970646463,0.04340662966235067,0
2005-09-27,train,train,-0.004335807305862,0.0061142099441553,-0.0122468284180348,0.9585861843708187,0.0002340419708906478,0.04117977365829038,0
2005-09-28,train,train,0.0114711844757446,0.0065601702602394,-0.0122468284180348,0.9395989811368214,0.00041512702933931315,0.05998589183383932,0
2005-09-29,train,train,-0.0019553628534866,0.0063783297536312,-0.0084358961029705,0.9541829385322955,0.0002911288126794758,0.04552593265502489,0
2005-09-30,train,train,0.0030841965109797,0.0062299952733846,-0.0084358961029705,0.9647672469088054,0.00020383413409546465,0.035028918957098996,0
2005-10-03,train,train,0.0061582218749307,0.006225712203408,-0.0084358961029705,0.9666885243229084,0.00018065032208293273,0.03313082535500869,0
2005-10-04,train,train,0.0035321333840998,0.0060977439162257,-0.0084358961029705,0.9712875323734416,0.00014150752407923953,0.028570960102479108,0
2005-10-05,train,train,-0.0088400314212867,0.0062960544269848,-0.008754916169335,0.9501751057657898,0.0002540696324632142,0.04957082460174679,0
2005-10-06,train,train,-0.0066932010926853,0.0063205869758061,-0.008754916169335,0.9441579872944295,0.0003270140388664072,0.05551499866670388,0
2005-10-07,train,train,-0.0017222700796525,0.0061425404670414,-0.008754916169335,0.9572552124689371,0.0002499922155954819,0.04249479531546733,0
2005-10-10,train,train,0.0063344183193863,0.0061542218446027,-0.008754916169335,0.9616672595700383,0.00022400505829392253,0.038108735371667424,0
2005-10-11,train,train,0.0008884998426975,0.0059707072981397,-0.008754916169335,0.9693072075109722,0.00015942813197784822,0.030533364357049973,0
2005-10-12,train,train,-0.0082111253494105,0.0061282737921767,-0.0088638782480894,0.9520675469517782,0.00025016303319314666,0.04768229001502841,0
2005-10-13,train,train,-0.0145336845744622,0.0069264763430018,-0.0109713979897732,0.8342798521011655,0.0013414658018881093,0.1643786820969466,0
2005-10-14,train,train,0.0058689625234802,0.006867619188953,-0.0109713979897732,0.8843668481801273,0.000999571270450238,0.11463358054942241,0
2005-10-17,train,train,1.883413143408825e-05,0.0066584054403796,-0.0109713979897732,0.9254644189758627,0.0005899784863165384,0.07394560253782062,0
2005-10-18,train,train,-0.0094142975966371,0.0068550741193842,-0.0111628200482234,0.8967332443663123,0.0008619614720106943,0.10240479416167693,0
2005-10-19,train,train,-0.0121727171404234,0.0072844369216956,-0.0120822932294855,0.8057398982708858,0.001983608174100467,0.19227649355501375,0
2005-10-20,train,train,-0.0019437495422047,0.0070785542116424,-0.0120822932294855,0.8709821263991668,0.001184896273393975,0.12783297732743942,0
2005-10-21,train,train,-0.0013011373985734,0.0068703094148174,-0.0120822932294855,0.914820719767582,0.0007063133809624087,0.08447296685145574,0
2005-10-24,train,train,0.0158543232903059,0.0077104251755413,-0.0120822932294855,0.8117343176790828,0.002304768940800894,0.18596091338011653,0
2005-10-25,train,train,-0.0055114294321259,0.0075964576130906,-0.0120822932294855,0.8459596590222789,0.0016319068868586612,0.15240843409086263,0
2005-10-26,train,train,-0.0003054149933835,0.0073654188523481,-0.0120822932294855,0.9020921986654712,0.0008881357333142988,0.09701966560121486,0
2005-10-27,train,train,-0.0139220526499887,0.0079135228677016,-0.0135428181216247,0.757668745070769,0.0027865397529873055,0.23954471517624365,0
2005-10-28,train,train,0.0010548045705781,0.0076767942715632,-0.0135428181216247,0.848507066234095,0.001501711782506902,0.14999122198339832,0
2005-10-31,train,train,0.0148130912260035,0.0082802681339933,-0.0135428181216247,0.7482463219359691,0.0034312041266935265,0.2483224739373376,0
2005-11-01,train,train,-0.006366799172354,0.0081780950013215,-0.0135428181216247,0.7816635602539014,0.0025682226336708478,0.2157682171124277,0
2005-11-02,train,train,-0.0002589906899128,0.0079292110673288,-0.0135428181216247,0.8618803492156372,0.0013703554470251118,0.13674929533733726,0
2005-11-03,train,train,0.005014071142653,0.0077851460761279,-0.0135428181216247,0.9065548813869001,0.0008529536000032839,0.0925921650130968,0
2005-11-04,train,train,-0.0061850963864917,0.0076985267746279,-0.0135428181216247,0.9130871137437623,0.0007329359209808407,0.08617995033525684,0
2005-11-07,train,train,0.0008256624248686,0.0074667381590674,-0.0135428181216247,0.9426008780415186,0.0004288741775408274,0.05697024778094048,0
2005-11-08,train,train,0.0018503175315038,0.0072534452855145,-0.0135428181216247,0.9590306514555306,0.0002662080045519169,0.04070314053991745,0
2005-11-09,train,train,0.0015408924090698,0.007042597629024,-0.0135428181216247,0.9679604534564379,0.00017772074228618393,0.03186182580127581,0
2005-11-10,train,train,-0.0017132992269095,0.006840936641786,-0.0135428181216247,0.97092719254201,0.00013922338905694883,0.02893358406893321,0
2005-11-11,train,train,0.0068643657556196,0.006842344650946,-0.0135428181216247,0.9690792709743319,0.00014878402550103193,0.030771945000166806,0
2005-11-14,train,train,-0.0005424914169254,0.0066352300125343,-0.0135428181216247,0.9726347785371887,0.00012267714624644973,0.027242544316564934,0
2005-11-15,train,train,-0.0046085751117846,0.0065313887155596,-0.0135428181216247,0.9686614200199528,0.00013601983348591085,0.03120256014656117,0
2005-11-16,train,train,-0.0061972258917472,0.0065118225379471,-0.0135428181216247,0.9609850542870705,0.0001832974209801697,0.03883164829194941,0
2005-11-17,train,train,0.0051351373500112,0.006437529101758,-0.0135428181216247,0.9662325802044585,0.0001729168394958512,0.033594502956045755,0
2005-11-18,train,train,0.0078102940594209,0.0065280407227207,-0.0135428181216247,0.9636176549016202,0.00019515161600549272,0.036187193482374466,0
2005-11-21,train,train,0.0007596555765134,0.0063319050318641,-0.0135428181216247,0.9703197727204638,0.00014679864143565114,0.02953342863810064,0
2005-11-22,train,train,-0.0011586316422216,0.0061455663440837,-0.0135428181216247,0.9728240594360476,0.00012112295261862348,0.027054817611333916,0
2005-11-23,train,train,0.0098158585211517,0.0064251825856234,-0.0135428181216247,0.9615890254282351,0.00019416260189081435,0.038216811969874,0
2005-11-24,train,train,0.0007055211916847,0.0062318423112429,-0.0135428181216247,0.9692097968224265,0.00015213674026458643,0.030638066437308976,0
2005-11-25,train,train,0.0020760094514441,0.0060633568253249,-0.0135428181216247,0.9733360564681961,0.00012147961144548704,0.02654246392035827,0
2005-11-28,train,train,-0.0035252551003913,0.0059417239622109,-0.0135428181216247,0.9713934760912697,0.00012130781586872625,0.028485216092861712,0
2005-11-29,train,train,0.0001223986213796,0.0057607931320154,-0.0135428181216247,0.97426297333955,0.00010756019339548496,0.025629466467054707,0
2005-11-30,train,train,-0.0058834964112993,0.0057682289362151,-0.0135428181216247,0.9662802318146236,0.00014328788408041402,0.0335764803012957,0
2005-12-01,train,train,0.0113862283450493,0.0062493910833369,-0.0135428181216247,0.9476671469067955,0.0003041268734038934,0.05202872621980059,0
2005-12-02,train,train,-0.0027100299997017,0.0060952646647786,-0.0135428181216247,0.9573854054224704,0.00024619792149707957,0.0423683966560323,0
2005-12-05,train,train,-0.0111134061964068,0.0065064263686648,-0.0135428181216247,0.9124188869655211,0.0005957685195854264,0.08698534451489344,0
2005-12-06,train,train,0.0006834100377073,0.0063104351674178,-0.0135428181216247,0.9421171417997001,0.00039517101810457897,0.05748768718219535,0
2005-12-07,train,train,-0.0031075179411684,0.006165362645241,-0.0135428181216247,0.9530323818373061,0.0002976916985176993,0.04666992646417649,0
2005-12-08,train,train,-0.001028436463295,0.0059828467846031,-0.0135428181216247,0.9633118429638933,0.00020965359682368874,0.03647850343928324,0
2005-12-09,train,train,-0.0006194878255067,0.0058025696220821,-0.0135428181216247,0.9694203400644781,0.0001549216667909882,0.03042473826873071,0
2005-12-12,train,train,0.004821876697234,0.0057484480565595,-0.0135428181216247,0.9715426646048712,0.00013556275506068573,0.02832177264006825,0
2005-12-13,train,train,-0.0006074327562062,0.0055753129265203,-0.0135428181216247,0.9739358846354569,0.00011262782996839503,0.02595148753457447,0
2005-12-14,train,train,-0.0029662743383281,0.0054540805258008,-0.0135428181216247,0.9726944411580004,0.0001120632749855572,0.027193495567014007,0
2005-12-15,train,train,-0.001801248908337,0.0053063023450226,-0.0135428181216247,0.9735049524307491,0.00010815847938197191,0.02638688908986862,0
2005-12-16,train,train,0.006825499308141,0.0054094990849902,-0.0135428181216247,0.9707940842886921,0.00012869086928039196,0.02907722484202751,0
2005-12-19,train,train,-0.0025612364846013,0.0052820938527522,-0.0135428181216247,0.9714368879081894,0.0001231978466840131,0.028439914245126777,0
2005-12-20,train,train,0.0041705078897986,0.0052220755169433,-0.0135428181216247,0.9733672394018221,0.00011596872160084281,0.026516791876577177,0
2005-12-21,train,train,0.0103882846437111,0.0056664676662542,-0.0135428181216247,0.959594439011835,0.00020583176571492147,0.040199729222450034,0
2005-12-22,train,train,0.0017395840583964,0.0055103442384043,-0.0135428181216247,0.9682355599823996,0.00016097354644980757,0.03160346647115057,0
2005-12-23,train,train,0.0021097228289408,0.0053674123964039,-0.0135428181216247,0.972808807100397,0.00012648562275958098,0.027064707276843986,0
2005-12-27,train,train,0.0045402469189353,0.0053214095320864,-0.0135428181216247,0.9737784574406341,0.00011517896936785129,0.026106363589998016,0
2005-12-28,train,train,-0.0002971097194005,0.0051598112266643,-0.0135428181216247,0.9753420926642639,0.00010033429058868935,0.024557573045147402,0
2005-12-29,train,train,0.0007981973455851,0.0050064418423939,-0.0135428181216247,0.9765878606775306,9.081899230609375e-05,0.023321320330163424,0
2005-12-30,train,train,-0.0041092715775967,0.0049571926631817,-0.0135428181216247,0.9723367276871222,0.00010656244039765308,0.027556709872479754,0
2006-01-02,train,train,0.004906922846324,0.0049541908585656,-0.0135428181216247,0.9731002718512027,0.000113483719696222,0.02678624442910115,0
2006-01-03,train,train,0.0029067121823431,0.0048557497033896,-0.0135428181216247,0.9751377542878791,0.00010295095276334613,0.02475929475935707,0
2006-01-04,train,train,0.0071567618837352,0.0050236203390263,-0.0135428181216247,0.9711671611324996,0.00012520844174555647,0.028707630425754964,0
2006-01-05,train,train,0.0016323077803575,0.0048869644313651,-0.0135428181216247,0.9744332328432508,0.00010860192060343308,0.02545816523614542,0
2006-01-06,train,train,0.0,0.0047380878075677,-0.0124027253289396,0.9758440387101378,9.624988931855049e-05,0.024059711400543797,0
2006-01-09,train,train,0.0044706799631218,0.0047224703564816,-0.0124027253289396,0.9755492873581648,9.727607450179073e-05,0.02435343656733326,0
2006-01-10,train,train,-0.0084828286508283,0.0050280339703442,-0.0124027253289396,0.9565045466986177,0.00019168432919575157,0.04330376897218679,0
2006-01-11,train,train,0.0088203040998869,0.005332178160507,-0.0124027253289396,0.9530367277618507,0.00027132965183105365,0.046691942586318064,0
2006-01-12,train,train,-0.0009488551772732,0.0051749604895218,-0.0111727624990745,0.9633977597593357,0.00020205816921925674,0.03640018207144475,0
2006-01-13,train,train,-0.0096393760320778,0.0055451291528054,-0.0115582782928244,0.935764862391481,0.00038454048227649305,0.06385059712624232,0
2006-01-16,train,train,0.004386417610756,0.0054825167076236,-0.0115582782928244,0.9528507777369468,0.0002984054338440368,0.04685081682920905,0
2006-01-17,train,train,-0.0084867543960296,0.0057075397583478,-0.0115582782928244,0.93444513114275,0.0004301451315849243,0.06512472372566509,0
2006-01-18,train,train,-0.0091288604858461,0.0059683846318528,-0.0115582782928244,0.9097165828003195,0.0006707609597422163,0.08961265623993835,0
2006-01-19,train,train,0.0105344785377835,0.0063358371578422,-0.0115582782928244,0.9026536366319693,0.0008674354394013147,0.09647892792862908,0
2006-01-20,train,train,-0.0074759826009819,0.0064099673550076,-0.0099605475714435,0.8978466079549164,0.0008879796314143801,0.10126541241366943,0
2006-01-23,train,train,-0.0026756264029632,0.0062491566792345,-0.0099605475714435,0.9268770224224087,0.000576435206053411,0.07254654237153821,0
2006-01-24,train,train,-0.0043597289719823,0.0061521765134034,-0.0099605475714435,0.9388425452616268,0.0004429772060499,0.06071447753232335,0
2006-01-25,train,train,0.0147515357079987,0.0069738646133696,-0.0099605475714435,0.8749632368983081,0.001255861520014149,0.12378090158167783,0
2006-01-26,train,train,0.0060882327415335,0.0069239219422072,-0.0099605475714435,0.9101691043831638,0.0008339801860862427,0.08899691543075,0
2006-01-27,train,train,0.0121388521335163,0.0073420267791144,-0.0099605475714435,0.8833372555599479,0.0012340794525523946,0.11542866498749998,0
2006-01-30,train,train,0.0013417059080663,0.0071259417817116,-0.0099605475714435,0.9258572507789118,0.0006505812943759721,0.07349216792671247,0
2006-01-31,train,train,0.0059884559503504,0.0070628605946826,-0.0099605475714435,0.943090384730552,0.0004508669324290828,0.056458748337018874,0
2006-02-01,train,train,0.0104635075763386,0.0073116386153263,-0.0099605475714435,0.9327900597168459,0.0005541467353575127,0.06665579354779651,0
2006-02-02,train,train,-0.0076128040817605,0.0073300574926735,-0.0099605475714435,0.9231051812848561,0.0006013312696635557,0.07629348744548006,0
2006-02-03,train,train,0.0035676089833705,0.0071602813008037,-0.0099605475714435,0.946891639258064,0.0003841873304753637,0.052724173411460865,0
2006-02-06,train,train,0.001046375869791,0.0069468802174712,-0.0099605475714435,0.9613615408854019,0.00024136275309183657,0.03839709636150622,0
2006-02-07,train,train,-0.0011090307128015,0.0067407264458555,-0.0099605475714435,0.9678901114310472,0.00017139494374813726,0.031938493625204685,0
2006-02-08,train,train,0.0024578078717704,0.0065630479663687,-0.0099605475714435,0.9725266075865087,0.0001310237785182728,0.02734236863497284,0
2006-02-09,train,train,0.012622491942029,0.0070745191258431,-0.0099605475714435,0.9455859412520612,0.0003203448582953063,0.05409371388964368,0
2006-02-10,train,train,-0.0028512268825096,0.0068944659905128,-0.0099605475714435,0.9557977316561886,0.0002597282020809496,0.04394254014173048,0
2006-02-13,train,train,0.0073014339293798,0.0069195590800414,-0.0099605475714435,0.9581214554780862,0.000254487167598243,0.04162405735431551,0
2006-02-14,train,train,3.513527294683671e-05,0.0067087669552382,-0.0099605475714435,0.9670438462743188,0.00017853620218543812,0.03277761752349571,0
2006-02-15,train,train,-0.0016247116117958,0.0065165544642399,-0.0099605475714435,0.9705094079247912,0.00014152083413966873,0.029349071241069183,0
2006-02-16,train,train,0.0061162160265451,0.0064932302492121,-0.0099605475714435,0.9702665296495586,0.0001411877195232606,0.02959228263091829,0
2006-02-17,train,train,0.0038450385828134,0.006365483173124,-0.0099605475714435,0.9730042796450036,0.00012238996289980778,0.026873330392096526,0
2006-02-20,train,train,0.0038476656048112,0.006243115031943,-0.0099605475714435,0.9745096801099252,0.00010942899132871852,0.02538089089874595,0
2006-02-21,train,train,0.0078835485374528,0.0063534963946232,-0.0099605475714435,0.969080056332223,0.00014027409944312801,0.03077966956833384,0
2006-02-22,train,train,0.010982784540089,0.0067217702151697,-0.0099605475714435,0.9527514986907604,0.0002659086213810773,0.04698259268785847,0
2006-02-23,train,train,-0.0013875555942167,0.0065258548687227,-0.0099605475714435,0.9626964078558056,0.00020476057833221966,0.03709883156586262,0
2006-02-24,train,train,0.0040721505865576,0.0064051947265911,-0.0099605475714435,0.9685949475397806,0.0001633591231279346,0.031241693337091314,0
2006-02-27,train,train,0.0038865452994894,0.0062826142948868,-0.0099605475714435,0.9720493342735441,0.00013349140428261288,0.027817174322173163,0
2006-02-28,train,train,-0.0078138731669776,0.0063848543184472,-0.0090849969713178,0.9567329932296634,0.0002088636347773098,0.04305814313555893,0
2006-03-01,train,train,0.0136618324624347,0.0070369825040016,-0.0090849969713178,0.9163716152891938,0.0006176573293692115,0.08301072738143718,0
2006-03-02,train,train,-0.0078105541532949,0.0070857787692546,-0.0090849969713178,0.9065170269554642,0.0007347783452771845,0.0927481946992589,0
2006-03-03,train,train,-0.0045744855450746,0.0069606982552713,-0.0090849969713178,0.9238292833496656,0.0005805390198175258,0.07559017763051681,0
2006-03-06,train,train,0.0002891300374792,0.0067490189479357,-0.0090849969713178,0.9482875681640015,0.0003594823938193446,0.05135294944217904,0
2006-03-07,train,train,-0.004927450582408,0.0066538024849362,-0.0090849969713178,0.9511140560943387,0.00031138983595633765,0.04857455406970503,0
2006-03-08,train,train,-0.0061807429186718,0.006626371347852,-0.0090849969713178,0.9476322475695315,0.00032587183010875933,0.05204188060035934,0
2006-03-09,train,train,0.0060354325194205,0.0065924089790489,-0.0090849969713178,0.9564349450302867,0.0002747621517727903,0.04329029281794082,0
2006-03-10,train,train,0.0061522105149746,0.0065668292524974,-0.0090849969713178,0.9615851177294317,0.00023118377593216773,0.03818369849463592,0
2006-03-13,train,train,0.0062328215571342,0.0065472693177654,-0.0090849969713178,0.9645806687279718,0.00020131057962773335,0.035218020692400764,0
2006-03-14,train,train,-0.0008783974439526,0.0063514585972329,-0.0090849969713178,0.9698997200508617,0.00015038043611979713,0.029949899513018432,0
2006-03-15,train,train,0.0009037069463984,0.0061619449777096,-0.0090849969713178,0.9737146441040094,0.00011820461982671519,0.026167151276163616,0
2006-03-16,train,train,0.0014172163191616,0.0059843046446132,-0.0090849969713178,0.975793067043554,9.976972675229735e-05,0.02410716322969344,0
2006-03-17,train,train,0.0008763620069042,0.0058059683582323,-0.0090849969713178,0.9768425436648202,8.943382807240127e-05,0.02306802250710769,0
2006-03-20,train,train,0.0041269117850842,0.0057191429878173,-0.0090849969713178,0.9764039564347267,9.07267147369443e-05,0.023505316850536397,0
2006-03-21,train,train,0.0009557921901878,0.0055498552275571,-0.0090849969713178,0.9771781421206808,8.547473372055376e-05,0.02273638314559879,0
2006-03-22,train,train,0.0015239053908522,0.0053937164110146,-0.0090849969713178,0.9776251642955344,8.218322951438422e-05,0.022292652474951255,0
2006-03-23,train,train,-0.0038058424358165,0.0053118464132425,-0.0090849969713178,0.9735621269912708,9.780057006724976e-05,0.026340072438662043,0
2006-03-24,train,train,0.0040401588424683,0.0052442485245407,-0.0090849969713178,0.9746573926625324,0.0001020946542287532,0.025240512683239052,0
2006-03-27,train,train,-0.00964964151821,0.0056070445796084,-0.0094726260120446,0.948293331400941,0.0002422466183794904,0.05146442198067962,0
2006-03-28,train,train,-0.0055391039755004,0.005602991375483,-0.0094726260120446,0.9485244443211284,0.00028841209693653187,0.0511871435819353,0
2006-03-29,train,train,0.0036538329604677,0.0055055364253352,-0.0094726260120446,0.961114734149417,0.00022409531993952062,0.03866117053064346,0
2006-03-30,train,train,0.0044328042504442,0.0054471332517405,-0.0094726260120446,0.9672985155790439,0.0001766719986656034,0.03252481242229011,0
2006-03-31,train,train,-0.0013066896340365,0.0052908819010129,-0.0094726260120446,0.9709992802371861,0.0001383925400676076,0.02886232722274655,0
2006-04-03,train,train,0.0055270126036869,0.0053053461255903,-0.0094726260120446,0.9715097373997068,0.0001322602864180653,0.028358002313874895,0
2006-04-04,train,train,-0.0022004242821469,0.0051718862789958,-0.0094726260120446,0.9723527111692458,0.00011953298347565169,0.027527755847278828,0
2006-04-05,train,train,0.0018983977275708,0.0050358453171058,-0.0094726260120446,0.9750386480276262,0.0001042609284735497,0.024857091043900048,0
2006-04-06,train,train,-0.0006883812111523,0.0048853439895118,-0.0094726260120446,0.9757867582617238,9.504833923374017e-05,0.024118193399042125,0
2006-04-07,train,train,-0.0077134607567065,0.0050994548093715,-0.0090884188000285,0.9605519432300422,0.0001682691713096226,0.039279787598648475,0
2006-04-10,train,train,6.768204333936925e-05,0.0049441326684458,-0.0090884188000285,0.9683679919554564,0.00014944316761941902,0.031482564876924246,0
2006-04-11,train,train,-0.0121659875565953,0.0056443295586132,-0.0103148298535504,0.9141844440089726,0.0005150876374626846,0.0853004683535649,0
2006-04-12,train,train,-0.0062638586403312,0.0056834060474529,-0.0098765007472609,0.9183762561868549,0.0005695875934533548,0.08105415621969189,0
2006-04-13,train,train,0.0006634931714492,0.0055126628260328,-0.0098765007472609,0.9454612839489687,0.00037105073732243644,0.05416766531370877,0
2006-04-18,train,train,-0.00210399267681,0.0053695150114844,-0.0098765007472609,0.9573397538610073,0.000263165847926327,0.04239708029106616,0
2006-04-19,train,train,0.0115941369821065,0.0059301965155157,-0.0098765007472609,0.9374414989967198,0.00045072744232505966,0.0621077735609548,0
2006-04-20,train,train,0.0053185558878456,0.0058952878703083,-0.0098765007472609,0.9519827688329767,0.00033059604345864993,0.04768663512356475,0
2006-04-21,train,train,0.0110735528610722,0.0063266553807991,-0.0098765007472609,0.9362747651464705,0.00048522859700590677,0.06324000625652353,0
2006-04-24,train,train,-0.0010497552943093,0.0061393072393899,-0.0098765007472609,0.9538159658282307,0.00030867272889225326,0.045875361442877,0
2006-04-25,train,train,0.0016119872149075,0.0059653615098927,-0.0098765007472609,0.9651470055607628,0.0002031543177333058,0.034649840121504155,0
2006-04-26,train,train,0.0004277105730926,0.0057845813891022,-0.0098765007472609,0.9710389738614357,0.0001450679747759226,0.028815958163788388,0
2006-04-27,train,train,-0.0028802961760519,0.0056525627196896,-0.0098765007472609,0.9710990162220102,0.00012972953789426318,0.028771254240095682,0
2006-04-28,train,train,0.0001009255464723,0.0054804186464156,-0.0098765007472609,0.9740966567079168,0.00011056206484009368,0.02579278122724292,0
2006-05-02,train,train,0.0030895961235883,0.0053670872435609,-0.0098765007472609,0.975587046545241,0.00010001335637774184,0.024312940098380885,0
2006-05-03,train,train,-0.0044358890423938,0.0053158174015837,-0.0098765007472609,0.971011956968188,0.00011619598029803476,0.028871847051514184,0
2006-05-04,train,train,0.0043688413280143,0.0052638053004574,-0.0098765007472609,0.9729371945167961,0.00011650253981592914,0.026946302943387866,0
2006-05-05,train,train,0.0088387617459738,0.0055437000296536,-0.0098765007472609,0.9652199591921984,0.00016741047735597387,0.03461263033044547,0
2006-05-08,train,train,0.0027631519437529,0.0054172644330428,-0.0098765007472609,0.970957465275341,0.00013843227464515614,0.02890410245001409,0
2006-05-09,train,train,0.0012918411614246,0.0052617563528199,-0.0098765007472609,0.9743242331893368,0.00011230613838792391,0.02556346067227489,0
2006-05-10,train,train,-0.00153221357958,0.0051152493417879,-0.0098765007472609,0.9747055549908913,0.00010224843799903259,0.025192196571109743,0
2006-05-11,train,train,-0.0046855920628855,0.0050904926733793,-0.0098765007472609,0.9698605100896577,0.00012283026985034922,0.03001665964049232,0
2006-05-12,train,train,-0.0251461887204643,0.0078929194312483,-0.0156539392650898,0.2634194291148795,0.010787894590698035,0.7257926762944225,2
2006-05-15,train,train,-0.0105160765645892,0.0080743766631254,-0.0159427509472162,0.21576258186315694,0.011595875906716856,0.7726415422301264,2
2006-05-16,train,train,0.0007074141839258,0.0078303161543963,-0.0159427509472162,0.35440585325023016,0.007777826409693946,0.6378163203400757,2
2006-05-17,train,train,-0.0304435190715611,0.010641592513377,-0.0225852317828735,0.0012875541525135612,0.06354038130225691,0.9351720645452295,2
2006-05-18,train,train,-0.0033751556120557,0.0103504773934274,-0.0225852317828735,0.02793343676162675,0.03612658746985996,0.9359399757685133,2
2006-05-19,train,train,0.0053823176071427,0.0101213931800415,-0.0225852317828735,0.072535281901306,0.022717596933803385,0.9047471211648903,2
2006-05-22,train,train,-0.028857495606066,0.012093855756951,-0.0281490677993637,0.0004125138006727916,0.08207343010564795,0.9175140560936791,2
2006-05-23,train,train,0.0190408887304894,0.0126189933380026,-0.0281490677993637,0.003967614720899714,0.09099364851821239,0.9050387367608879,2
2006-05-24,train,train,-0.0102215990202731,0.0124881351083561,-0.0281490677993637,0.01528934875307224,0.06061219512220727,0.9240984561247207,2
2006-05-25,train,train,0.0144685776679087,0.0126157319153278,-0.0281490677993637,0.01950440356973503,0.05213898536077061,0.9283566110694945,2
2006-05-26,train,train,0.0182650901373787,0.0130239817766092,-0.0281490677993637,0.010574572092398518,0.058844718120523574,0.9305807097870777,2
2006-05-29,train,train,-0.0038092802494354,0.0126616465042871,-0.0281490677993637,0.04136698463008873,0.03375215213726738,0.924880863232644,2
2006-05-30,train,train,-0.0182638963476861,0.0130656974270605,-0.0281490677993637,0.00869565409895054,0.04151558374231591,0.9497887621587335,2
2006-05-31,train,train,0.0155428169974397,0.013227412895692,-0.0281490677993637,0.012838643637292329,0.04042524623626316,0.9467361101264443,2
2006-06-01,train,train,0.0005201589244942,0.0128250855247338,-0.0281490677993637,0.05309561191228336,0.023667333785433214,0.9232370543022833,2
2006-06-02,train,train,0.0012595021793771,0.0124382084858762,-0.0281490677993637,0.1216109102847812,0.015046646558484204,0.8633424431567347,2
2006-06-05,train,train,-0.006437575806697,0.0121619501501139,-0.0281490677993637,0.1633475764489794,0.01194968002274386,0.8247027435282769,2
2006-06-06,train,train,-0.0156968901327305,0.0124024913286389,-0.0281490677993637,0.05479025754028964,0.01800947712474288,0.9272002653349678,2
2006-06-07,train,train,0.0100911297500853,0.0122760880440607,-0.0281490677993637,0.08000687543671856,0.016005699831447028,0.9039874247318342,2
2006-06-08,train,train,-0.0245398260530373,0.0133338809492359,-0.0281490677993637,0.0022868005868746308,0.0426605205265511,0.9550526788865742,2
2006-06-09,train,train,0.0132060401445814,0.0133262450854061,-0.0281490677993637,0.014176331486128211,0.03603595995553173,0.9497877085583402,2
2006-06-12,train,train,-0.0060370812881009,0.013004624585911,-0.0281490677993637,0.0392004361227231,0.023441987713631346,0.9373575761636457,2
2006-06-13,train,train,-0.0214311824269454,0.0136576271656636,-0.0281490677993637,0.003451620954442963,0.04052165737458245,0.9560267216709744,2
2006-06-14,train,train,0.0050347739403599,0.0132988672422251,-0.0281490677993637,0.03380504912278723,0.02527664706108577,0.940918303816127,2
2006-06-15,train,train,0.0168404437842873,0.0135375149322855,-0.0281490677993637,0.020279372271674388,0.03036493906386485,0.9493556886644604,2
2006-06-16,train,train,-0.006682123047895,0.0132267720179556,-0.0281490677993637,0.04398547708926759,0.020834460947504418,0.9351800619632283,2
2006-06-19,train,train,0.0085379084452406,0.0129932444359072,-0.0281490677993637,0.0790178555202842,0.016552169386375222,0.9044299750933406,2
2006-06-20,train,train,0.0042146844242333,0.0126396499477126,-0.0281490677993637,0.15620018502544808,0.011933003667591119,0.8318668113069608,2
2006-06-21,train,train,0.0046633515958678,0.0123077177672821,-0.0281490677993637,0.2630090292028995,0.009054881575911628,0.7279360892211889,2
2006-06-22,train,train,0.0081154561719402,0.0120972211426198,-0.0281490677993637,0.3447347327139034,0.008101061955588653,0.6471642053305079,2
2006-06-23,train,train,0.0024777810382359,0.0117443840938317,-0.0281490677993637,0.5029097329442999,0.0054448145853978405,0.4916454524703024,0
2006-06-26,train,train,0.0002128010169127,0.0113867221506107,-0.0281490677993637,0.6540485242991921,0.0034724036431272474,0.3424790720576808,0
2006-06-27,train,train,-0.0055221694780327,0.0111223943555218,-0.0281490677993637,0.7165320079214107,0.0028346487397797227,0.2806333433388097,0
2006-06-28,train,train,-0.0022943257195907,0.0107981958056988,-0.0281490677993637,0.8070159467398917,0.0018129560432788338,0.19117109721682918,0
2006-06-29,train,train,0.0175239488111922,0.0113150473978219,-0.0281490677993637,0.5744192351933978,0.006903613799624328,0.4186771510069779,0
2006-06-30,train,train,0.0140837107098621,0.011499979747791,-0.0281490677993637,0.47013110646118583,0.00983428901437437,0.5200346045244398,2
2006-07-03,train,train,0.0018600491158556,0.011158949283442,-0.0281490677993637,0.6278576784118465,0.00513521218733694,0.36700710940081666,0
2006-07-04,train,train,0.0028913383723241,0.0108421589371675,-0.0281490677993637,0.7552363626676549,0.002800970550060608,0.2419626667822843,0
2006-07-05,train,train,-0.0070834438409979,0.0106540966952899,-0.0281490677993637,0.7742762708263301,0.0024518518898672967,0.22327187728380293,0
2006-07-06,train,train,0.0099836502765285,0.0106150641156648,-0.0281490677993637,0.7915025667097896,0.0024362358640720523,0.20606119742613835,0
2006-07-07,train,train,-0.0008682803692202,0.0102938838956377,-0.0281490677993637,0.8663544992310476,0.001317354760879754,0.1323281460080725,0
2006-07-10,train,train,0.0019590684687413,0.009991820648579,-0.0281490677993637,0.9158314921643825,0.0007298320857308188,0.08343867574988646,0
2006-07-11,train,train,-0.0098600236612775,0.0099839618928071,-0.0281490677993637,0.8797198909067038,0.0010900719548391242,0.119190037138457,0
2006-07-12,train,train,0.0001820012147468,0.0096799128528584,-0.0281490677993637,0.9229652457701542,0.000626976357940381,0.076407777871906,0
2006-07-13,train,train,-0.0141672976275496,0.0100060686282201,-0.0281490677993637,0.7869620153153879,0.0022589697314691487,0.21077901495314283,0
2006-07-14,train,train,-0.0119213219142992,0.0101311993268395,-0.0281490677993637,0.669068863671417,0.004089130263406667,0.32684200606517644,0
2006-07-17,train,train,-0.0054238269825596,0.0099120029136572,-0.0281490677993637,0.7313094660764611,0.0029810233418162534,0.265709510581723,0
2006-07-18,train,train,-0.0016472770199382,0.009618510536957,-0.0281490677993637,0.8220318508516299,0.001747712607724319,0.1762204365406457,0
2006-07-19,train,train,0.023439686795404,0.0109512526807017,-0.0281490677993637,0.2516028054791503,0.01985208927930074,0.7285451052415489,2
2006-07-20,train,train,0.0018100849197046,0.0106268868256407,-0.0281490677993637,0.40060059450319496,0.0106984263767357,0.5887009791200696,2
2006-07-21,train,train,-0.0098770452078877,0.0105833946118906,-0.0281490677993637,0.3558465763095967,0.01042137273808961,0.633732050952314,2
2006-07-24,train,train,0.0198909793846852,0.0113589969043597,-0.0281490677993637,0.10270376603263962,0.024922622600132276,0.8723736113672281,2
2006-07-25,train,train,0.004341244190389,0.0110641757984991,-0.0281490677993637,0.19120352628336648,0.015485373776544489,0.7933110999400889,2
2006-07-26,train,train,0.0020045369437716,0.0107383479658477,-0.0281490677993637,0.32351702551312184,0.009661305446418309,0.6668216690404597,2
2006-07-27,train,train,0.011383014889329,0.0107781154053818,-0.0281490677993637,0.32775359561326906,0.010255320996794003,0.661991083389937,2
2006-07-28,train,train,0.0100610520703973,0.010736442218725,-0.0281490677993637,0.36847798409924654,0.009464311668252541,0.6220577042325013,2
2006-07-31,train,train,-0.0058552613645023,0.0105077097963284,-0.0281490677993637,0.4421471087237468,0.007175754765729658,0.5506771365105233,2
2006-08-01,train,train,-0.0094710504057667,0.0104484111232924,-0.0281490677993637,0.40814507653440396,0.007732044466387805,0.5841228789992081,2
2006-08-02,train,train,0.0132715739227036,0.0106389481512228,-0.0281490677993637,0.3459395819426433,0.010361353694692814,0.643699064362664,2
2006-08-03,train,train,-0.0052654495971477,0.0103951662933379,-0.0281490677993637,0.4324288401267821,0.007462447068797583,0.5601087128044203,2
2006-08-04,train,train,0.0112409585565202,0.0104478448632406,-0.0279469469102214,0.43710557699472563,0.008092029811966644,0.5548023931933078,2
2006-08-07,train,train,-0.0121057052415071,0.0105546625011327,-0.0279469469102214,0.30689119806043524,0.010784809891132147,0.6823239920484323,2
2006-08-08,train,train,0.0036826254369003,0.0102728063492192,-0.0279469469102214,0.4557352249067267,0.006925335551711967,0.5373394395415614,2
2006-08-09,train,train,0.0065359446373081,0.0100877069549706,-0.0249428346953495,0.5736344948776837,0.00508086268549233,0.42128464243682406,0
2006-08-10,train,train,-0.0085321585581544,0.0100011992027202,-0.0249428346953495,0.5662928126509532,0.005200802444774983,0.4285063849042717,0
2006-08-11,train,train,-0.002806601769659,0.0097208624706117,-0.0249428346953495,0.6843288233456218,0.0033518022207929504,0.31231937443358543,0
2006-08-14,train,train,0.0106417333912293,0.0097785605544168,-0.0214116349425562,0.6953453887514928,0.0037026924445346843,0.3009519188039725,0
2006-08-15,train,train,0.0073657215954156,0.0096508167013306,-0.0214116349425562,0.768340221791189,0.002679355315603017,0.22898042289320833,0
2006-08-16,train,train,0.004543019373379,0.0094227548373145,-0.0214116349425562,0.847740859336455,0.0015709245300711881,0.15068821613347366,0
2006-08-17,train,train,0.0034722004202211,0.0091752046705334,-0.0214116349425562,0.902643755535571,0.0008928214107572918,0.09646342305367217,0
2006-08-18,train,train,-0.0016559328616303,0.0089049337291156,-0.0214116349425562,0.9329910943976512,0.0005327504406800563,0.0664761551616688,0
2006-08-21,train,train,-0.0010694846567777,0.0086376270979135,-0.0214116349425562,0.9519161775113989,0.0003313517822142165,0.047752470706386954,0
2006-08-22,train,train,0.0021461528805871,0.0083909739661653,-0.0205559662042377,0.9640211508585921,0.0002157894869272471,0.035763059654480615,0
2006-08-23,train,train,-0.005652884235075,0.0082523477547496,-0.0205559662042377,0.9595488490032936,0.00021999544223153412,0.040231155554475234,0
2006-08-24,train,train,0.0035979440853209,0.0080493404050188,-0.0205559662042377,0.9673004819922236,0.00017302384914209942,0.032526494158634504,0
2006-08-25,train,train,-0.0010870742780834,0.007808666462827,-0.0205559662042377,0.9712142538793137,0.0001362645035281363,0.02864948161715799,0
2006-08-28,train,train,0.0061009992146598,0.0077168702915791,-0.0205559662042377,0.9707214461535447,0.00013701192377077058,0.029141541922684318,0
2006-08-29,train,train,0.0024728846687913,0.0075062634770131,-0.020046102035844,0.9740354071085694,0.00011436896147179283,0.025850223929959098,0
2006-08-30,train,train,0.0020807876139509,0.0072954185986016,-0.020046102035844,0.9759050035829833,9.865288601377494e-05,0.023996343531002953,0
2006-08-31,train,train,-0.0022371741446856,0.0070943668826973,-0.0159013950986673,0.9748432658084001,9.743682721898901e-05,0.02505929736438082,0
2006-09-01,train,train,0.0039691440110945,0.0069466168189401,-0.0159013950986673,0.9754242134599269,9.795040201253083e-05,0.024477836138060705,0
2006-09-04,train,train,0.0069958685721493,0.0069495817672834,-0.0159013950986673,0.9716790267733282,0.00012047758127641373,0.02820049564539555,0
2006-09-05,train,train,-0.0054060225065684,0.0068667598105832,-0.0127314415944519,0.9658612385239399,0.00015032781623477791,0.033988433659825505,0
2006-09-06,train,train,-0.0090067448114915,0.0070135963673728,-0.0127314415944519,0.9434663651918461,0.0002996999894334658,0.056233934818720674,0
2006-09-07,train,train,-0.0073307983451058,0.0070330319369925,-0.0127314415944519,0.9345433639685887,0.00040922727093255196,0.06504740876047892,0
2006-09-08,train,train,0.0055775981692448,0.0069543009723052,-0.0127314415944519,0.9495836757720004,0.00033372921881908265,0.050082595009180504,0
2006-09-11,train,train,-0.0021958112346913,0.0067638642144342,-0.0127314415944519,0.9595892282658752,0.00024143835320743657,0.040169333380917036,0
2006-09-12,train,train,0.0090586791816548,0.0069230374602189,-0.0127314415944519,0.9543545008205525,0.0002873062540693079,0.04535819292537814,0
2006-09-13,train,train,0.0034466132158059,0.0067650195398551,-0.0127314415944519,0.9645698174360584,0.00020500676619774643,0.03522517579774384,0
2006-09-14,train,train,0.000622373606753,0.0065607012541745,-0.0127314415944519,0.9707956825015198,0.00014685384766613483,0.02905746365081402,0
2006-09-15,train,train,0.0052178877004961,0.0064879745693887,-0.0127314415944519,0.971827848125743,0.0001324831228233681,0.028039668751433582,0
2006-09-18,train,train,0.0007652322427814,0.0062931168744411,-0.0127314415944519,0.9747128908376766,0.00010849395664530149,0.02517861520567816,0
2006-09-19,train,train,-0.0038240525905496,0.0061728861554844,-0.0127314415944519,0.9716969749022759,0.00011566496043961336,0.028187360137284578,0
2006-09-20,train,train,0.0150162475684027,0.0070247785403805,-0.0127314415944519,0.9205285195059348,0.0005167461606191647,0.0789547343334461,0
2006-09-21,train,train,0.0040799023019783,0.0068837053173801,-0.0127314415944519,0.9445696850758233,0.00037736410886343214,0.05505295081531345,0
2006-09-22,train,train,-0.0070296334337162,0.0068925481308063,-0.0127314415944519,0.937548942901904,0.0004222720505859134,0.06202878504751007,0
2006-09-25,train,train,0.0003066488564831,0.0066829954782734,-0.0127314415944519,0.9559240283647418,0.00027880810068714375,0.04379716353457162,0
2006-09-26,train,train,0.0179208746099083,0.0078263751287495,-0.0127314415944519,0.8292860377270521,0.001823860675859327,0.16889010159708837,0
2006-09-27,train,train,0.0260189693277273,0.0099094008239241,-0.0127314415944519,0.13739650230320632,0.030461077923892743,0.8321424197729009,2
2006-09-28,train,train,-0.0015301139733365,0.0096148284505819,-0.0127314415944519,0.24048420563391423,0.016854362900946725,0.7426614314651391,2
2006-09-29,train,train,0.0003479622496071,0.0093223116891521,-0.0127314415944519,0.38489827664497417,0.009606403393816363,0.6054953199612095,2
2006-10-02,train,train,-0.0014544982353244,0.0090453357827619,-0.0127314415944519,0.5326048167942552,0.00579114481424781,0.461604038391497,0
2006-10-03,train,train,-0.0042985467064357,0.0088327608189503,-0.0127314415944519,0.632906995856661,0.004062307387759787,0.3630306967555792,0
2006-10-04,train,train,0.0094493802765862,0.0088709667522987,-0.0127314415944519,0.6772502525404136,0.0038515448919008996,0.3188982025676853,0
2006-10-05,train,train,0.0102533516282504,0.0089599264076173,-0.0113013574545646,0.6985695766976088,0.003836827546124179,0.297593595756267,0
2006-10-06,train,train,0.0027180294183858,0.0087124465789625,-0.0104846002850538,0.8072097296530777,0.002078082891313643,0.19071218745560883,0
2006-10-09,train,train,-0.0006540728298068,0.0084485496118446,-0.0104846002850538,0.8771044908965433,0.0011522741385488328,0.121743234964908,0
2006-10-10,train,train,0.0068997236595233,0.0083637122323666,-0.0104846002850538,0.9071355509982268,0.0008496823730035706,0.09201476662876948,0
2006-10-11,train,train,0.0019928309230029,0.0081235991944919,-0.0104846002850538,0.9393065059840009,0.0004800752497335546,0.06021341876626593,0
2006-10-12,train,train,0.0109496549504649,0.0083202757557931,-0.0104846002850538,0.9255069133706422,0.0006371807940962267,0.07385590583526162,0
2006-10-13,train,train,0.0035440972518663,0.0081133844265592,-0.0101945001529217,0.9483062689228079,0.0003863736696918876,0.05130735740750029,0
2006-10-16,train,train,0.0016411982499269,0.0078764838820174,-0.0101945001529217,0.9621686751912314,0.00023859058083890102,0.037592734227929206,0
2006-10-17,train,train,-0.0173120791027241,0.0087349380887673,-0.0129629449166659,0.7602242750846689,0.0022907213729621975,0.2374850035423688,0
2006-10-18,train,train,0.0114776381545142,0.008923304626991,-0.0129629449166659,0.7461903312243244,0.0029810345512835245,0.2508286342243919,0
2006-10-19,train,train,0.0048768103179336,0.0087335468322292,-0.0129629449166659,0.8306160382762096,0.001785901544473359,0.1675980601793175,0
2006-10-20,train,train,0.0069795965646761,0.0086383584057872,-0.0129629449166659,0.8742812838885762,0.001270928258849946,0.12444778785257377,0
2006-10-23,train,train,0.0046139343806144,0.0084511102949933,-0.0129629449166659,0.9157103730797415,0.000760852957458605,0.08352877396280006,0
2006-10-24,train,train,-0.0030073316715699,0.0082267023728844,-0.0128081763852409,0.9369134424410561,0.0004906528272010667,0.06259590473174306,0
2006-10-25,train,train,0.0041519643697737,0.0080406618200104,-0.0128081763852409,0.9539237262531151,0.0003209573093361409,0.04575531643754902,0
2006-10-26,train,train,-0.0002347098656279,0.0077959228624203,-0.0128081763852409,0.964572385714791,0.0002085304741939267,0.0352190838110152,0
2006-10-27,train,train,0.0067766353691968,0.007738552558187,-0.0128081763852409,0.9652357068550305,0.00019320456856438951,0.034571088576405104,0
2006-10-30,train,train,-0.000918373323841,0.0075061766917512,-0.0116169941574566,0.9702254883032893,0.00014659428166399196,0.029627917415046806,0
2006-10-31,train,train,0.0028980981630783,0.0073120493429607,-0.0116169941574566,0.9735973177963204,0.00011956659026354869,0.026283115613416057,0
2006-11-01,train,train,0.0014241021039129,0.0070978719111013,-0.0116169941574566,0.9757310554687881,0.00010043674985351088,0.024168507781358282,0
2006-11-02,train,train,-0.003877500326745,0.0069468769280484,-0.0112165407531071,0.9722382512001103,0.00011030691899649933,0.0276514418808935,0
2006-11-03,train,train,0.0054808936768581,0.0068677481637044,-0.0112165407531071,0.9723000402850077,0.00011948128247523377,0.027580478432516778,0
2006-11-06,train,train,0.0125203323119494,0.0073308614924687,-0.0112165407531071,0.9460887223605322,0.00030730815275508284,0.053603969486712644,0
2006-11-07,train,train,0.0064080970199691,0.0072787952886103,-0.0112165407531071,0.9544765823906664,0.00028293734110880166,0.0452404802682247,0
2006-11-08,train,train,0.002280789737386,0.0070791333729387,-0.0112165407531071,0.9653579601030353,0.00019657724874659198,0.03444546264821771,0
2006-11-09,train,train,0.0014892684236517,0.0068731620655565,-0.0112165407531071,0.9713479773536021,0.0001424841032777427,0.028509538543120418,0
2006-11-10,train,train,-0.0077542457244249,0.0069291871801768,-0.0113576898795468,0.9564056888265945,0.00021500641131418405,0.04337930476209127,0
2006-11-13,train,train,0.0063714272015378,0.0068969936895955,-0.0113576898795468,0.961038912297218,0.00021634056457609982,0.03874474713820572,0
2006-11-14,train,train,0.0015103531218369,0.006697109871446,-0.0113576898795468,0.9690313414733136,0.00015937535383105298,0.030809283172855754,0
2006-11-15,train,train,0.004319912871284,0.0065787462806629,-0.0113576898795468,0.9718841029673836,0.00013404368276059587,0.027981853349855743,0
2006-11-16,train,train,0.0047157332002185,0.0064820827551609,-0.0113576898795468,0.9730680133256354,0.00012131392209328649,0.026810672752271197,0
2006-11-17,train,train,-0.0050191317102841,0.0064037375041127,-0.0113576898795468,0.9679191286403639,0.00013956399342914807,0.03194130736620675,0
2006-11-20,train,train,0.006050823262102,0.0063831129168484,-0.0113576898795468,0.9688035532528282,0.00014839284903373203,0.031048053898137917,0
2006-11-21,train,train,-0.0019590177416217,0.0062072334988626,-0.0113576898795468,0.9711028061183367,0.00013035334923637164,0.028766840532427174,0
2006-11-22,train,train,0.0046629660319991,0.0061255659313872,-0.0113576898795468,0.9726814163822075,0.00012222707547911277,0.027196356542313074,0
2006-11-23,train,train,-0.0007137569291033,0.0059415293854542,-0.0113576898795468,0.9744823458008749,0.00010633429517713412,0.025411319903947946,0
2006-11-24,train,train,-0.0138376326546551,0.006683746688874,-0.0133854855229569,0.8984935510945453,0.000584726183755954,0.10092172272169889,0
2006-11-27,train,train,-0.0216187950727432,0.0083686593691467,-0.0175895022767074,0.3019965811636766,0.011464468704741767,0.6865389501315816,2
2006-11-28,train,train,-0.0039754730655119,0.0081719431730939,-0.0175895022767074,0.4107521628678823,0.007756842134009813,0.5814909949981079,2
2006-11-29,train,train,0.0177484833222173,0.0090373854363505,-0.0175895022767074,0.18943208575178877,0.016983316365151033,0.7935845978830601,2
2006-11-30,train,train,-0.0092499285428699,0.0090502787844653,-0.0175895022767074,0.18253032601865316,0.014481212301691443,0.8029884616796552,2
2006-12-01,train,train,-0.0137189409253409,0.0093960445783707,-0.0175895022767074,0.0908670388596421,0.017619038197929156,0.8915139229424287,2
2006-12-04,train,train,0.0135095642412192,0.0096922140945639,-0.0175895022767074,0.07857200368469738,0.019013324242698852,0.9024146720726037,2
2006-12-05,train,train,0.0133507120764008,0.0099497318550999,-0.0175895022767074,0.07103346310819558,0.019820729477106818,0.9091458074146975,2
2006-12-06,train,train,-0.0018117536959287,0.0096568256293861,-0.0175895022767074,0.14166307441339546,0.013178841864021582,0.8451580837225828,2
2006-12-07,train,train,0.0039686872927213,0.0094129725959354,-0.0175895022767074,0.24820423323613286,0.009584385363424132,0.7422113814004433,2
2006-12-08,train,train,0.0009808183862196,0.0091293773165931,-0.0175895022767074,0.3948915562552467,0.006693548382299535,0.5984148953624536,2
2006-12-11,train,train,0.0094039582251091,0.0091460846374488,-0.0175895022767074,0.45289047766056534,0.006653511430705989,0.5404560109087285,2
2006-12-12,train,train,-0.0006617029449694,0.0088689392483486,-0.0175895022767074,0.604602462163986,0.004212140913565189,0.3911853969224486,0
2006-12-13,train,train,0.0089247138399433,0.0088722956113363,-0.0175895022767074,0.6635516763503609,0.003876175357407908,0.3325721482922311,0
2006-12-14,train,train,0.0017015991342853,0.0086121018356072,-0.0175895022767074,0.7837965177913392,0.002201335312488498,0.21400214689617247,0
2006-12-15,train,train,0.0024843350442899,0.0083718883999963,-0.0175895022767074,0.8646592663955724,0.0012619991284064012,0.13407873447602117,0
2006-12-18,train,train,-0.0048841370505475,0.0082045409464994,-0.0175895022767074,0.8920058522691964,0.000946918091811859,0.1070472296389919,0
2006-12-19,train,train,-0.0098757635378784,0.0083142928106715,-0.0175895022767074,0.8527249436217423,0.0014024378182715528,0.14587261855998584,0
2006-12-20,train,train,0.0017548794137474,0.0080724589283871,-0.0175895022767074,0.9078414388171991,0.0007942473078734448,0.09136431387492762,0
2006-12-21,train,train,-0.0036187733973719,0.007876575957582,-0.0175895022767074,0.9294742317615488,0.0005501963450309606,0.06997557189342013,0
2006-12-22,train,train,-0.005975306618731,0.0077756208265254,-0.0175895022767074,0.932244948001894,0.0005006464099559155,0.06725440558815021,0
2006-12-27,train,train,0.0094321280482268,0.0078848313142838,-0.0175895022767074,0.9309945108072437,0.0005532012427366382,0.06845228795001934,0
2006-12-28,train,train,-0.002722170463096,0.0076736525647984,-0.0175895022767074,0.9472538459719934,0.0003715752811902804,0.05237457874681632,0
2006-12-29,train,train,-0.0010103274280679,0.0074439970953002,-0.0175895022767074,0.9600890925340894,0.0002458594843554664,0.03966504798155511,0
2007-01-02,train,train,0.01528572260415,0.0081306522568247,-0.0175895022767074,0.8979894208241456,0.0008770767399932473,0.10113350243586111,0
2007-01-03,train,train,0.0007445661999003,0.0078850693391806,-0.0175895022767074,0.9340031775953838,0.0005116626196690478,0.06548515978494722,0
2007-01-04,train,train,0.0005077485069684,0.0076458699889185,-0.0175895022767074,0.9540975923692303,0.00031147620456996826,0.04559093142619949,0
2007-01-05,train,train,-0.0054171012815306,0.007530768047939,-0.0175895022767074,0.9532757445666213,0.0002874260870042171,0.04643682934637443,0
2007-01-08,train,train,0.0012295825342389,0.007307559903337,-0.0175895022767074,0.9648412136484706,0.00019875479294675924,0.034960031558582315,0
2007-01-09,train,train,-0.000754340417492,0.0070873512403672,-0.0175895022767074,0.9701512352817072,0.00014838798739092219,0.029700376730901736,0
2007-01-10,train,train,-0.0137474617707129,0.007652207332287,-0.0175895022767074,0.8912800408306627,0.0007027218088485915,0.10801723736048818,0
2007-01-11,train,train,0.0149555374267576,0.0082742363041139,-0.0175895022767074,0.8019094732822168,0.0021591438406331626,0.19593138287714992,0
2007-01-12,train,train,0.0027459633833977,0.0080503183865929,-0.0164012964993704,0.8757658645006038,0.0011932631121037269,0.12304087238729301,0
2007-01-15,train,train,0.0033698289450853,0.0078485994537327,-0.0164012964993704,0.9197060542070978,0.000691426623528717,0.07960251916937347,0
2007-01-16,train,train,-0.0042471919460441,0.0076802865146827,-0.0164012964993704,0.9345271906606217,0.0005020717760684354,0.06497073756330955,0
2007-01-17,train,train,-0.0042302613235075,0.0075180648801849,-0.0164012964993704,0.9445060126358462,0.00038654064658015606,0.05510744671757339,0
2007-01-18,train,train,-0.0020798266606404,0.0073068161538668,-0.0164012964993704,0.9568266551990599,0.0002700636572659475,0.04290328114367468,0
2007-01-19,train,train,0.0092523979545786,0.0074379164180984,-0.0164012964993704,0.9513546402145994,0.0003205445223850692,0.04832481526301534,0
2007-01-22,train,train,-0.0026567068127479,0.0072406305022004,-0.0164012964993704,0.9597320323611265,0.00023868161421833405,0.04002928602465468,0
2007-01-23,train,train,0.0006195579608421,0.0070216919178529,-0.0164012964993704,0.9681891824414954,0.0001687392083699491,0.03164207835013495,0
2007-01-24,train,train,0.0119063965312062,0.0074061896172989,-0.0164012964993704,0.9460980382709052,0.0003365943720474331,0.053565367357047394,0
2007-01-25,train,train,-0.0002338808767102,0.0071807957765426,-0.0164012964993704,0.9602437368723002,0.00023465170154325985,0.039521611426156206,0
2007-01-26,train,train,-0.0084206486362536,0.0072611595294871,-0.0164012964993704,0.9420931720584648,0.00034986642262131707,0.05755696151891412,0
2007-01-29,train,train,0.0063341912971807,0.0072089035375193,-0.0164012964993704,0.9521744843417248,0.0003088261239887732,0.04751668953428686,0
2007-01-30,train,train,0.003193381798649,0.0070329264207142,-0.0164012964993704,0.9635806142543896,0.00021507663961911107,0.036204309105991365,0
2007-01-31,train,train,-1.37560216567452e-05,0.006818675982221,-0.0164012964993704,0.9699843561285849,0.0001534021675735372,0.029862241703841733,0
2007-02-01,train,train,0.0012566533135796,0.0066181139514606,-0.0164012964993704,0.9738061553500484,0.00011874176385023909,0.026075102886101396,0
2007-02-02,train,train,0.0040886861814262,0.0064941902974472,-0.0164012964993704,0.9747574209038555,0.00010738064892589863,0.025135198447218243,0
2007-02-05,train,train,-0.0009915252389797,0.0063010336057081,-0.0164012964993704,0.9754151769691963,9.758967819078947e-05,0.024487233352612946,0
2007-02-06,train,train,0.0059004523371763,0.0062777195937095,-0.0164012964993704,0.9735750705960676,0.00010912131148177977,0.026315808092450342,0
2007-02-07,train,train,0.0102443949961851,0.00658346680934,-0.0164012964993704,0.9604116787427419,0.0001967328726658411,0.03939158838459207,0
2007-02-08,train,train,-0.001927160962565,0.0064003398408552,-0.0164012964993704,0.966320768717005,0.0001680585745554852,0.033511172708439396,0
2007-02-09,train,train,0.0033331713653938,0.0062588410232883,-0.0164012964993704,0.9712256650035633,0.000138096159889322,0.02863623883654766,0
2007-02-12,train,train,-0.0071851819689654,0.0063182525980794,-0.0164012964993704,0.958994360522747,0.00019698812546718552,0.04080865135178548,0
2007-02-13,train,train,0.0037575509954574,0.0061945337442423,-0.0164012964993704,0.9668392282416178,0.0001695763614376863,0.03299119539694477,0
2007-02-14,train,train,0.0054557718929839,0.006152709990479,-0.0164012964993704,0.9691676475137031,0.00015408398067257614,0.03067826850562456,0
2007-02-15,train,train,-0.0019340045145739,0.0059840548310545,-0.0164012964993704,0.9713447179207985,0.00013069213443649356,0.02852458994476511,0
2007-02-16,train,train,-0.0017290191122847,0.005817194161556,-0.0164012964993704,0.972822062378535,0.0001167408013670177,0.027061196820097742,0
2007-02-19,train,train,0.0043403617676682,0.0057393107125248,-0.0164012964993704,0.9739814870890879,0.00011114372864992947,0.02590736918226213,0
2007-02-20,train,train,-0.0019931772756774,0.0055858456429393,-0.0164012964993704,0.97402398205335,0.00010519962382998536,0.025870818322820465,0
2007-02-21,train,train,-0.0065577475482455,0.0056488772714877,-0.016361732589599,0.9638081831686726,0.00015557495494176505,0.03603624187638543,0
2007-02-22,train,train,0.0001690327291005,0.0054769462190568,-0.012447388744644,0.9701894035372641,0.00013698869858617838,0.02967360776414961,0
2007-02-23,train,train,-0.0016374516337525,0.005325222846457,-0.012447388744644,0.972268882146992,0.00012127088318243769,0.02760984696982552,0
2007-02-26,train,train,0.0060088280910406,0.0053686943817117,-0.012447388744644,0.9715135736392111,0.00012781506679257205,0.02835861129399641,0
2007-02-27,train,train,-0.0306061437987348,0.0091267556610276,-0.0193575154982628,0.04309071407231684,0.025541603509527635,0.9313676824181556,2
2007-02-28,train,train,-0.0111597801520223,0.0092613309164947,-0.0185044619071566,0.03959904429399,0.021836991144764503,0.9385639645612456,2
2007-03-01,train,train,-0.0129623006948425,0.0095240322176241,-0.0191053020880967,0.027303751483827736,0.021470871317531292,0.9512253771986411,2
2007-03-02,train,train,-0.0073286055302285,0.0094067670239282,-0.0191053020880967,0.048761447029755704,0.01648301567457881,0.9347555372956654,2
2007-03-05,train,train,-0.0153803681926419,0.0098676934202674,-0.0199113245873632,0.019629904329283358,0.020656095060799268,0.9597140006099175,2
2007-03-06,train,train,0.0055703395098798,0.0096638921747671,-0.0199113245873632,0.058829028585644746,0.015206482036735407,0.9259644893776197,2
2007-03-07,train,train,0.0062584392675475,0.0094940743083004,-0.0199113245873632,0.11447960804575294,0.012236396063659909,0.8732839958905873,2
2007-03-08,train,train,0.0200171846785209,0.0104293077958452,-0.0199113245873632,0.02792700614565386,0.025059618468061803,0.9470133753862844,2
2007-03-09,train,train,0.0044427204413219,0.0101699803013395,-0.0199113245873632,0.07538228719024996,0.016821011810515422,0.9077967009992345,2
2007-03-12,train,train,-0.0077948203394268,0.0100433232954681,-0.0199113245873632,0.09604717737937399,0.013943372884918407,0.8900094497357074,2
2007-03-13,train,train,-0.0116320733571418,0.0101456665667372,-0.0199113245873632,0.07030543698148163,0.014952783937539427,0.914741779080979,2
2007-03-14,train,train,-0.0275888634603765,0.0119342867529033,-0.0245251251505843,0.0006712700866812033,0.055115253688719654,0.9442134762245991,2
2007-03-15,train,train,0.0245448752378072,0.0130395023796487,-0.0245251251505843,0.0009264632547536202,0.10093518915435577,0.8981383475908906,2
2007-03-16,train,train,0.0026505728672132,0.0126589271726239,-0.0245251251505843,0.030878007668458423,0.054929372293849275,0.9141926200376923,2
2007-03-19,train,train,0.0193292079877356,0.0131548708780465,-0.0245251251505843,0.010991461025152763,0.06691469428575236,0.922093844689095,2
2007-03-20,train,train,0.0051096637206802,0.012815385673061,-0.0245251251505843,0.0459062530895598,0.03869328556374908,0.9154004613466912,2
2007-03-21,train,train,-0.0008870812401508,0.0124268772481238,-0.0245251251505843,0.10664702711485015,0.022143614946742704,0.8712093579384069,2
2007-03-22,train,train,0.0124721097903863,0.0124295958425424,-0.0245251251505843,0.10434510016560233,0.020726242978859173,0.8749286568555386,2
2007-03-23,train,train,0.003829803922867,0.0120873986252488,-0.0245251251505843,0.19612214908389045,0.013378986504635836,0.7904988644114737,2
2007-03-26,train,train,-0.0052455661521643,0.011789395703323,-0.0245251251505843,0.2684015219873397,0.009968601582782049,0.7216298764298781,2
2007-03-27,train,train,0.0046334867319714,0.011486453410182,-0.0245251251505843,0.4034725651412559,0.007143406830793618,0.5893840280279505,2
2007-03-28,train,train,-0.0037078078414798,0.0111735028333546,-0.0245251251505843,0.5210508266142041,0.005202513568919728,0.47374665981687647,0
2007-03-29,train,train,0.0084089238172753,0.0110271907401137,-0.0245251251505843,0.5988196218200709,0.004624549112777064,0.3965558290671521,0
2007-03-30,train,train,0.0024891746765291,0.0107086301138817,-0.0245251251505843,0.7339477801846341,0.0027539053499212734,0.2632983144654448,0
2007-04-02,train,train,0.0060668973725754,0.0104882175799676,-0.0245251251505843,0.8125954440253413,0.0019064867267867816,0.18549806924787185,0
2007-04-03,train,train,0.0149847596271872,0.0108108800191997,-0.0245251251505843,0.6956694664273502,0.004342150187931157,0.29998838338471845,0
2007-04-04,train,train,-0.0006757088299054,0.0104828437996341,-0.0245251251505843,0.8021843183270999,0.0022422284695400147,0.19557345320336003,0
2007-04-05,train,train,0.0021258657960495,0.0101768252221822,-0.0245251251505843,0.8768171543395266,0.0011998179431664945,0.1219830277173071,0
2007-04-10,train,train,0.0020413104226336,0.0098794596107868,-0.0245251251505843,0.9219055753544908,0.0006662202668845413,0.0774282043786252,0
2007-04-11,train,train,-0.0005266388565974,0.0095793600923138,-0.0245251251505843,0.9463740233674645,0.0003937620245357715,0.05323221460799972,0
2007-04-12,train,train,-0.0076704826741118,0.0094756777941608,-0.0245251251505843,0.9346876415882412,0.00045974747092982415,0.06485261094082906,0
2007-04-13,train,train,0.0055144929990102,0.00928578157515,-0.0245251251505843,0.9498457334670195,0.0003471062279281076,0.049807160305052056,0
2007-04-16,train,train,0.003701723260954,0.0090484451923937,-0.0245251251505843,0.9618190783607579,0.0002366682824891421,0.037944253356752944,0
2007-04-17,train,train,-0.0036549363824528,0.0088183565573951,-0.0245251251505843,0.9639425819528917,0.00019554586761108886,0.03586187217949721,0
2007-04-18,train,train,-0.0064082165213252,0.0086926130691527,-0.0245251251505843,0.9565020682048926,0.00023252004513096543,0.04326541174997695,0
2007-04-19,train,train,-0.0032803530955538,0.0084660187595879,-0.0245251251505843,0.9614825330033883,0.00020584168608378376,0.038311625310527696,0
2007-04-20,train,train,0.0173366843116501,0.0092415746815541,-0.0245251251505843,0.8582234928962004,0.0013090463169181353,0.14046746078688127,0
2007-04-23,train,train,-0.0062392698571202,0.0090894449632557,-0.0245251251505843,0.8742090262949286,0.0011371503320549627,0.12465382337301667,0
2007-04-24,train,train,-0.0276281944811053,0.0111112536184176,-0.0286077339134055,0.04253329028391026,0.034659675979567525,0.9228070337365223,2
2007-04-25,train,train,0.0028562705470895,0.010795455360508,-0.0286077339134055,0.10321321294793664,0.020619914878950506,0.876166872173113,2
2007-04-26,train,train,-0.0006431714009518,0.0104677679197304,-0.0286077339134055,0.19567882187156255,0.012928716003315358,0.791392462125122,2
2007-04-27,train,train,-0.0142965359088565,0.0107360687240558,-0.0286077339134055,0.08776189235564469,0.01716688602105139,0.8950712216233039,2
2007-04-30,train,train,-0.0020154172343134,0.0104207051463177,-0.0286077339134055,0.16526261923013819,0.011797709396175634,0.822939671373686,2
2007-05-02,train,train,0.002938426600212,0.0101288543801752,-0.0286077339134055,0.2857903625610909,0.008537521932442843,0.7056721155064661,2
2007-05-03,train,train,-0.0014785809485154,0.0098269650293865,-0.0286077339134055,0.425564185887492,0.006132599859867706,0.5683032142526403,2
2007-05-04,train,train,0.0154883990271955,0.0102551702790834,-0.0286077339134055,0.27993961347252805,0.011613877785313594,0.7084465087421585,2
2007-05-07,train,train,0.0035367475199472,0.0099804269140657,-0.0286077339134055,0.42626477381950423,0.0074541918228234975,0.5662810343576726,2
2007-05-08,train,train,-0.0078963303397727,0.0098678015826158,-0.0286077339134055,0.44419181748182285,0.006929354445929537,0.5488788280722474,2
2007-05-09,train,train,0.0036138053798028,0.0096080525055199,-0.0286077339134055,0.5963212084239718,0.004481846766444544,0.39919694480958334,0
2007-05-10,train,train,-0.0023299833202301,0.0093328196118993,-0.0286077339134055,0.714460054276053,0.0028872774084760257,0.2826526683154713,0
2007-05-11,train,train,0.0109786324172546,0.0094396638064577,-0.0286077339134055,0.7149917359319385,0.003407874007705679,0.28160039006035564,0
2007-05-14,train,train,-0.0034191687332575,0.0091903351680883,-0.0286077339134055,0.79587795799915,0.0021299749745876963,0.20199206702626227,0
2007-05-15,train,train,0.0093663439718338,0.0092009906442521,-0.0286077339134055,0.8204219733846961,0.001989761668432398,0.17758826494687133,0
2007-05-16,train,train,0.0063611620582167,0.0090557494482418,-0.0286077339134055,0.8718451808022645,0.0013150469052891523,0.12683977229244664,0
2007-05-17,train,train,0.0033057522727023,0.0088171357067066,-0.0286077339134055,0.9175145495140606,0.0007363206125641994,0.08174912987337539,0
2007-05-18,train,train,0.0066719048961155,0.0087033457958891,-0.0286077339134055,0.9352708588383898,0.0005377472088173483,0.06419139395279261,0
2007-05-21,train,train,-0.0008564896729164,0.0084408144650762,-0.0286077339134055,0.9535267354717436,0.00032364694703752937,0.04614961758121883,0
2007-05-22,train,train,0.0010223861956004,0.0081875041566882,-0.0286077339134055,0.9649553235694326,0.0002073364896717351,0.03483733994089577,0
2007-05-23,train,train,0.0101008393995972,0.0083147295958092,-0.0286077339134055,0.9537966396956727,0.0002870263034776108,0.04591633400084985,0
2007-05-24,train,train,-0.0085096315214742,0.0083265523642271,-0.0286077339134055,0.9351813927440787,0.0004200711645318398,0.06439853609138967,0
2007-05-25,train,train,-0.0027663610190938,0.0081012808255881,-0.0235324753780412,0.9496686894976342,0.00032026198978257693,0.05001104851258304,0
2007-05-28,train,train,0.0047319302061311,0.0079395450601833,-0.0235324753780412,0.9603217648690529,0.00024251434251424116,0.03943572078843254,0
2007-05-29,train,train,0.0042225936372515,0.0077668533550236,-0.0235324753780412,0.9671039982641384,0.00018214982771061418,0.032713851908151036,0
2007-05-30,train,train,-0.0033832405616733,0.0075757078466651,-0.0235324753780412,0.9678158848717721,0.00015812869598849934,0.032025986432239605,0
2007-05-31,train,train,0.0126107079239848,0.0079680402657106,-0.0231711979501127,0.9403623753102405,0.0003776518913204248,0.05925997279843852,0
2007-06-01,train,train,0.0111642260960453,0.0081950401094103,-0.0231711979501127,0.9245939168325893,0.0005922210050643426,0.07481386216234681,0
2007-06-04,train,train,-0.0056411618170608,0.0080646465421572,-0.0231711979501127,0.9306073337422646,0.0005178503228176741,0.06887481593491819,0
2007-06-05,train,train,-0.0064694076772082,0.0079779324740542,-0.0231711979501127,0.9299260723689999,0.0005123442813590294,0.0695615833496407,0
2007-06-06,train,train,-0.0255339770410085,0.0099472408827161,-0.0269170116608301,0.14249437369177442,0.02060747526350647,0.8368981510447193,2
2007-06-07,train,train,-0.0136843589342994,0.0102101148805788,-0.0269170116608301,0.0713795687122158,0.022061913208499227,0.9065585180792849,2
2007-06-08,train,train,0.0061335559776789,0.0100124367492643,-0.0269170116608301,0.13356655867812878,0.015398697428510447,0.851034743893361,2
2007-06-11,train,train,0.0083408316099297,0.0099200869247829,-0.0224862358103234,0.19178885388628733,0.01257933017551492,0.7956318159381977,2
2007-06-12,train,train,-0.0118701683108415,0.0100477704424015,-0.0224862358103234,0.13003199379984184,0.014185902795491302,0.8557821034046668,2
2007-06-13,train,train,0.0044265696649179,0.0098018314896405,-0.0224862358103234,0.22907085825860712,0.010279582305415692,0.7606495594359772,2
2007-06-14,train,train,0.0166245768691307,0.010338952552502,-0.0224862358103234,0.11559972460240456,0.01742704062335975,0.8669732347742354,2
2007-06-15,train,train,0.0114539026199418,0.0104092178670417,-0.0224862358103234,0.1267147812691422,0.016444049703101468,0.8568411690277564,2
2007-06-18,train,train,-0.0097840828136878,0.0103727722522783,-0.0224862358103234,0.11795268582431184,0.014872192296080156,0.8671751218796079,2
2007-06-19,train,train,-0.0068695599024346,0.0101965774228887,-0.0224862358103234,0.1531046776704468,0.012111781051475604,0.8347835412780775,2
2007-06-20,train,train,0.0023638414699576,0.0099028907124239,-0.0224862358103234,0.27091120050890094,0.008723431880464433,0.7203653676106344,2
2007-06-21,train,train,-0.0102479984945864,0.0099239356196613,-0.0224862358103234,0.22909803196826675,0.0100559099543548,0.7608460580773784,2
2007-06-22,train,train,-0.0065729233696524,0.0097553896687723,-0.0224862358103234,0.27929952262695923,0.008752613188307336,0.7119478641847333,2
2007-06-25,train,train,0.0042789555673168,0.0095160988634544,-0.0224862358103234,0.41929974552967464,0.006476283001570335,0.5742239714687548,2
2007-06-26,train,train,-0.0062897973848304,0.0093539543719664,-0.0224862358103234,0.48199687805074576,0.005689933114138719,0.5123131888351155,2
2007-06-27,train,train,-0.0049937476376573,0.0091511160837013,-0.0224862358103234,0.5727491061654629,0.0045075201240040545,0.42274337371053267,0
2007-06-28,train,train,0.0093690742697177,0.0091643397581617,-0.0224862358103234,0.6243117132414776,0.004393828360579745,0.37129445839794273,0
2007-06-29,train,train,0.0048532622309709,0.0089643329404812,-0.0224862358103234,0.7406326389945882,0.0027944147291220373,0.2565729462762899,0
2007-07-02,train,train,-0.005879450694465,0.0088097551380187,-0.0224862358103234,0.7833159900994483,0.0022222886816018997,0.21446172121894982,0
2007-07-03,train,train,0.0043607294199868,0.0086079054433001,-0.0224862358103234,0.8586020934042615,0.001358984503054402,0.14003892209268456,0
2007-07-04,train,train,0.0080578181280569,0.0085758952846125,-0.0224862358103234,0.8854878509729684,0.0011187841607831295,0.11339336486624857,0
2007-07-05,train,train,-0.0055054916846898,0.008423291960872,-0.0224862358103234,0.9024126252637092,0.0008656174161368987,0.0967217573201535,0
2007-07-06,train,train,0.0100715060551707,0.0085311693608653,-0.0224862358103234,0.9010802758986672,0.0009479844443526837,0.09797173965698007,0
2007-07-09,train,train,-0.005567203561722,0.0083829365352363,-0.0224862358103234,0.913616030217126,0.0007424737673656775,0.08564149601550793,0
2007-07-10,train,train,-0.0101212986978446,0.0084972730152932,-0.0224862358103234,0.8729335622980264,0.0011645570855858217,0.12590188061638766,0
2007-07-11,train,train,-0.0038999749532788,0.0082936130879621,-0.0224862358103234,0.9047233045992077,0.0008080163266686231,0.09446867907412379,0
2007-07-12,train,train,0.0118217892023712,0.008546476406471,-0.0224862358103234,0.8822359754211769,0.0011891026735165568,0.11657492190530647,0
2007-07-13,train,train,0.00545300621027,0.0083930828681801,-0.0224862358103234,0.917665915792575,0.0007486133268667019,0.08158547088055865,0
2007-07-16,train,train,0.0057676384747797,0.0082591251864078,-0.0224862358103234,0.9386990077180628,0.0005018952028741698,0.060799097079063044,0
2007-07-17,train,train,0.0028680413389175,0.0080382771525604,-0.0224862358103234,0.956410190565634,0.00030266472904993806,0.043287144705315854,0
2007-07-18,train,train,-0.0063020885935707,0.0079448124486966,-0.0178382906280548,0.9511404414808146,0.0003045796329973037,0.0485549788861884,0
2007-07-19,train,train,0.0098263424005087,0.0080700844142171,-0.0178382906280548,0.9437948047364565,0.0003927311171114721,0.05581246414643244,0
2007-07-20,train,train,-0.0183962332561069,0.0090290625530129,-0.0194089154019906,0.6422169876221359,0.004331066706304132,0.35345194567155996,0
2007-07-23,train,train,0.0084437479283605,0.0089950177929623,-0.0192048564104716,0.706590644394573,0.003537182485081854,0.2898721731203451,0
2007-07-24,train,train,-0.009569613163829,0.0090305245781341,-0.0192048564104716,0.6637317916689469,0.004124216477106762,0.3321439918539464,0
2007-07-25,train,train,0.0016348142445402,0.0087645712253228,-0.0192048564104716,0.7840148745796516,0.002273351955464525,0.2137117734648838,0
2007-07-26,train,train,-0.0269572496851962,0.0107615168481647,-0.0236291533274372,0.03078164244894623,0.037251292823741476,0.9319670647273123,2
2007-07-27,train,train,0.0032339919572888,0.0104637064379559,-0.0236291533274372,0.08296348171545274,0.02223019358323344,0.8948063247013136,2
2007-07-30,train,train,-0.0054716475491805,0.0102330903879857,-0.0236291533274372,0.12940697776435903,0.015366468603185714,0.8552265536324553,2
2007-07-31,train,train,0.0200960206897803,0.0110753859259715,-0.0236291533274372,0.030890474258487087,0.029091735721474825,0.940017790020038,2
2007-08-01,train,train,-0.0140623920209432,0.01127693997349,-0.0236291533274372,0.01858402491718999,0.028050158633933914,0.9533658164488762,2
2007-08-02,train,train,0.0056636516791738,0.0110210630011962,-0.0236291533274372,0.05690353172346608,0.018979387057989072,0.9241170812185446,2
2007-08-03,train,train,-0.0098792742887545,0.0109559118070611,-0.0236291533274372,0.05918029192534111,0.016662375438142703,0.9241573326365162,2
2007-08-06,train,train,-0.0070565016590085,0.0107618649058828,-0.0236291533274372,0.0858288425883045,0.013573703934642828,0.9005974534770529,2
2007-08-07,train,train,0.0151834447683108,0.0110770434583991,-0.0236291533274372,0.05735998720936941,0.018121069804509206,0.9245189429861215,2
2007-08-08,train,train,0.0236918384969335,0.012207253210874,-0.0236291533274372,0.005631171349827326,0.042858557260310876,0.9515102713898619,2
2007-08-09,train,train,-0.0111184579976818,0.0121446784886181,-0.0236291533274372,0.014680476252918653,0.032471296001192876,0.9528482277458886,2
2007-08-10,train,train,-0.0262473876507137,0.0134156305914258,-0.0262462047923061,0.00037285644556645214,0.07765335547752211,0.9219737880769114,2
2007-08-13,train,train,0.0190441270990217,0.01381814467045,-0.0262462047923061,0.003973987483593819,0.08667389617438982,0.9093521163420162,2
2007-08-14,train,train,-0.0122044190516102,0.0137266720463743,-0.0262462047923061,0.011020248561248744,0.06320051539279245,0.9257792360459588,2
2007-08-15,train,train,-0.0022425606959698,0.0133198340323406,-0.0262462047923061,0.04591207911510076,0.03517644446322899,0.9189114764216701,2
2007-08-16,train,train,-0.0379551917719164,0.0159125326355275,-0.0303866097026087,3.4619664999322802e-06,0.29237498964362224,0.7076215483898779,2
2007-08-17,train,train,0.0182730564275,0.0160639487255245,-0.0303866097026087,0.00357769071257147,0.28387192014265705,0.7125503891447714,2
2007-08-20,train,train,0.0022170062530548,0.0155840408347921,-0.0303866097026087,0.033149295181819326,0.1593258791487766,0.807524825669404,2
2007-08-21,train,train,-0.002055487634768,0.0151176747808994,-0.0303866097026087,0.08380659747411356,0.08366174130246846,0.8325316612234178,2
2007-08-22,train,train,0.0083500266921653,0.0147991493701419,-0.0303866097026087,0.1328609890897824,0.05032240850668833,0.816816602403529,2
2007-08-23,train,train,-0.0046559459685171,0.0143935611551377,-0.0303866097026087,0.20361864816082997,0.02773334952045813,0.7686480023187119,2
2007-08-24,train,train,0.00292734895193,0.0139734852086468,-0.0303866097026087,0.3384263356913824,0.014702819495169193,0.6468708448134487,2
2007-08-27,train,train,-0.0020181934716063,0.013556812967546,-0.0303866097026087,0.4791267807314685,0.008165549609278995,0.5127076696592527,2
2007-08-28,train,train,-0.0127119879921547,0.0135076136119436,-0.0303866097026087,0.3183125929539649,0.011469147285030444,0.6702182597610048,2
2007-08-29,train,train,0.0041542405307394,0.0131355909963513,-0.0303866097026087,0.4647076645301527,0.007197823297509191,0.5280945121723383,2
2007-08-30,train,train,0.0091098580460577,0.0129294430116374,-0.0303866097026087,0.5291843631145612,0.006271940765540312,0.4645436961198986,0
2007-08-31,train,train,0.0115583842553097,0.0128513050540134,-0.0303866097026087,0.520106691713209,0.007001541204394373,0.47289176708239644,0
2007-09-03,train,train,0.0046233827984542,0.0125111637830337,-0.0303866097026087,0.6569069696830531,0.0042145742505939575,0.3388784560663529,0
2007-09-04,train,train,0.0029652533781494,0.0121517500677614,-0.0303866097026087,0.7765337245171088,0.002387171068651457,0.2210791044142399,0
2007-09-05,train,train,-0.0242813134245465,0.0131977293056056,-0.0303866097026087,0.07356076016793886,0.027619548480793094,0.898819691351268,2
2007-09-06,train,train,-0.0029325943065028,0.0128158207640631,-0.0303866097026087,0.1389041403336786,0.01698734510105908,0.8441085145652624,2
2007-09-07,train,train,-0.0231558976676968,0.0136587803977151,-0.0303866097026087,0.006199804358631961,0.04049174374505736,0.9533084518963109,2
2007-09-10,train,train,-0.01065969003572,0.0134976399616853,-0.0303866097026087,0.01622378781520309,0.03037765270232131,0.9533985594824758,2
2007-09-11,train,train,0.0172763332618666,0.013753668925842,-0.0303866097026087,0.011970796467874295,0.03562100158488801,0.9524082019472377,2
2007-09-12,train,train,0.0010663052802031,0.0133372345260705,-0.0303866097026087,0.051828845728825124,0.021429376048862792,0.9267417782223122,2
2007-09-13,train,train,0.0069427052565264,0.0130422768216267,-0.0303866097026087,0.10022411208006239,0.01578020074747341,0.8839956871724641,2
2007-09-14,train,train,-0.0155198792375507,0.013204049556985,-0.0303866097026087,0.03524320163695127,0.020629830562563484,0.9441269678004854,2
2007-09-17,train,train,-0.0119095946720855,0.0131299815664881,-0.0303866097026087,0.03031952053770737,0.01950545750036567,0.9501750219619269,2
2007-09-18,train,train,0.0248832352040688,0.0141139347679306,-0.0303866097026087,0.0024351741745318985,0.04950158958052911,0.9480632362449389,2
2007-09-19,train,train,0.0317371449353099,0.0157380350575949,-0.0303866097026087,7.53376485938342e-05,0.18774869601691715,0.8121759663344891,2
2007-09-20,train,train,-0.0046816003729401,0.0153016223175439,-0.0303866097026087,0.02193164965399125,0.10549358750863858,0.8725747628373703,2
2007-09-21,train,train,0.0016275554953759,0.0148408289198839,-0.0303866097026087,0.06953256872052949,0.05564967799842661,0.8748177532810439,2
2007-09-24,train,train,0.0030471727703759,0.0144080639421491,-0.0303866097026087,0.147394389954204,0.02992540028329066,0.8226802097625052,2
2007-09-25,train,train,-0.012691705418179,0.0143108885591603,-0.0303866097026087,0.08818702407653993,0.02729638649886068,0.8845165894245997,2
2007-09-26,train,train,0.014001672300195,0.0142925242383445,-0.0303866097026087,0.07119039006446813,0.02673598017643176,0.9020736297591002,2
2007-09-27,train,train,0.0046673934382201,0.0139041989286644,-0.0303866097026087,0.14249245327803378,0.016973528872268787,0.8405340178496974,2
2007-09-28,train,train,-0.0003497905980979,0.0134808933006961,-0.0303866097026087,0.2533933102682745,0.010818852746019788,0.7357878369857057,2
2007-10-01,train,train,0.0018163459889424,0.0130777812299625,-0.0303866097026087,0.4014967449832923,0.007159333600559904,0.591343921416148,2
2007-10-02,train,train,0.0127243023474059,0.0130568423594116,-0.0303866097026087,0.35874157026053394,0.009411388388352187,0.6318470413511139,2
2007-10-03,train,train,-0.0004193036800432,0.0126594949895002,-0.0303866097026087,0.5137833729062001,0.005792153076146521,0.4804244740176533,0
2007-10-04,train,train,-0.0044607433834082,0.0123223755208883,-0.0303866097026087,0.612863281256876,0.004211728041253124,0.38292499070187064,0
2007-10-05,train,train,0.0117596219034331,0.0122893370288157,-0.0303866097026087,0.5943751994347081,0.005307212309072603,0.40031758825621927,0
2007-10-08,train,train,-0.0055957462365993,0.0119935348787594,-0.0303866097026087,0.6632523804558667,0.00391266672039071,0.3328349528237423,0
2007-10-09,train,train,0.0036196312723171,0.0116619162227992,-0.0303866097026087,0.7784327941514936,0.002314833837609045,0.2192523720108974,0
2007-10-10,train,train,7.398183164651584e-05,0.0113066617967912,-0.0303866097026087,0.8605301557330091,0.0013025551472027846,0.13816728911978818,0
2007-10-11,train,train,0.0157659810510663,0.0116225700444416,-0.0303866097026087,0.7315581611063597,0.0037297879816307533,0.2647120509120096,0
2007-10-12,train,train,0.0106254665850799,0.0115651683420828,-0.0303866097026087,0.7398030353046159,0.003618329752625872,0.2565786349427583,0
2007-10-15,train,train,-0.0048474833435575,0.0112755406672955,-0.0303866097026087,0.7981539854467138,0.0023295922097576415,0.19951642234352857,0
2007-10-16,train,train,0.006052447927489,0.0110321111240933,-0.0303866097026087,0.8586610712454262,0.0014869805568614263,0.13985194819771263,0
2007-10-17,train,train,0.0098209174304959,0.0109632136006592,-0.0303866097026087,0.8668392957031534,0.001449538079472193,0.13171116621737422,0
2007-10-18,train,train,0.0049518931165907,0.0106982149928269,-0.0294946309490588,0.9099447738234052,0.0008561645458527319,0.08919906163074243,0
2007-10-19,train,train,0.001456375195271,0.0103784371421397,-0.0294946309490588,0.9410023570615038,0.00047074974512159595,0.058526893193374466,0
2007-10-22,train,train,-0.0130861849693319,0.010560498770685,-0.0294946309490588,0.851288615828555,0.001387074538390379,0.1473243096330549,0
2007-10-23,train,train,0.0066195635381725,0.0103663785149229,-0.0294946309490588,0.891247940027371,0.001009855537731985,0.1077422044348974,0
2007-10-24,train,train,-0.012935222093418,0.0105381826488317,-0.0294946309490588,0.7743660772519916,0.0025335559218186104,0.22310036682618978,0
2007-10-25,train,train,0.0101055070637022,0.0105127243047938,-0.0294946309490588,0.7893291981173078,0.0025166113980795934,0.20815419048461262,0
2007-10-26,train,train,0.0140629171891763,0.0107588228148931,-0.0294946309490588,0.7007020208322193,0.004446712830724236,0.29485126633705633,0
2007-10-29,train,train,0.0085635998138551,0.0106398894151603,-0.0294946309490588,0.7543381548010991,0.0033061339631052615,0.24235571123579552,0
2007-10-30,train,train,0.0028172347329042,0.0103388113752619,-0.0294946309490588,0.8450071518839024,0.0017014369304838442,0.15329141118561335,0
2007-10-31,train,train,0.0068197218536471,0.0101620901286949,-0.0294946309490588,0.8856088188048018,0.001163754450726456,0.11322742674447162,0
2007-11-01,train,train,-0.0082717759414007,0.0100586941433855,-0.0294946309490588,0.8724219822796767,0.0012432855896613948,0.12633473213066165,0
2007-11-02,train,train,0.0040591539055237,0.009802820615705,-0.0284641342880532,0.9161733146370569,0.0007373577910827344,0.08308932757186076,0
2007-11-05,train,train,0.0001390347712279,0.0095042482260475,-0.0284641342880532,0.943876372934724,0.0004238255484705792,0.05569980151680551,0
2007-11-06,train,train,0.0043819249503133,0.0092770127874223,-0.0284641342880532,0.9575569357011291,0.00028453933940255776,0.04215852495946875,0
2007-11-07,train,train,-0.0033714337412202,0.0090322301903131,-0.0284641342880532,0.9619423581828437,0.00021954515968593247,0.037838096657470364,0
2007-11-08,train,train,0.0065308044882037,0.0089019883011575,-0.020985696776598,0.9641409321250578,0.00020160540416798678,0.03565746247077364,0
2007-11-09,train,train,-0.0135431508493391,0.009246387838869,-0.020985696776598,0.8833944232481385,0.0008334623430168401,0.11577211440884469,0
2007-11-12,train,train,0.0027613920090569,0.0089901870910698,-0.020985696776598,0.9250374549052095,0.0005562051355971147,0.07440633995919366,0
2007-11-13,train,train,0.0025387974220665,0.0087384658629252,-0.020985696776598,0.949032329846253,0.0003539769208234829,0.05061369323292355,0
2007-11-14,train,train,-0.0003731011819746,0.0084727498941476,-0.020985696776598,0.9617581424333193,0.00023164497778039493,0.03801021258890037,0
2007-11-15,train,train,-0.0052704392389388,0.0083154610881738,-0.020985696776598,0.9592752541384323,0.0002252963302524527,0.040499449531315096,0
2007-11-16,train,train,0.0027433268690728,0.008090094564406,-0.020985696776598,0.9677511935987813,0.00017011618502607004,0.03207869021619252,0
2007-11-19,train,train,-0.0146737157594073,0.0086279620020398,-0.020985696776598,0.8658114587282126,0.0009605153870367876,0.13322802588475038,0
2007-11-20,train,train,0.0102884363354445,0.0087364947172097,-0.020985696776598,0.8667914323570765,0.00123062879532501,0.13197793884759884,0
2007-11-21,train,train,-0.0216010805234605,0.0099871497602702,-0.0230127638719012,0.2497099497678346,0.015551340244123166,0.7347387099880421,2
2007-11-22,train,train,-0.0030898308574689,0.0097124350189685,-0.0230127638719012,0.36581800350011506,0.009610858103860316,0.6245711383960248,2
2007-11-23,train,train,0.0048910794160294,0.0094924638439691,-0.0230127638719012,0.5077008760348404,0.006280013174541727,0.4860191107906174,0
2007-11-26,train,train,-0.0040361525430482,0.0092562351569286,-0.0230127638719012,0.6149323200304122,0.0043213697686422465,0.3807463102009454,0
2007-11-27,train,train,-0.0009528615355921,0.0089772875987071,-0.0230127638719012,0.740398808899739,0.0026119463561488044,0.2569892447441121,0
2007-11-28,train,train,0.0162492944654394,0.0095707139393872,-0.0200922858095693,0.5503584248107792,0.007094244140447591,0.4425473310487736,0
2007-11-29,train,train,0.0057713648402007,0.0093862223774065,-0.0200922858095693,0.6706051890932413,0.004332808705087815,0.32506200220167114,0
2007-11-30,train,train,0.0065762421842399,0.0092417486420583,-0.0172648918401395,0.7590973073518699,0.0028605345167047515,0.23804215813142576,0
2007-12-03,train,train,-0.0015812350705145,0.0089685752015635,-0.0172648918401395,0.84167258276342,0.0015981857918316144,0.15672923144474832,0
2007-12-04,train,train,-0.0017046507763744,0.0087053759673835,-0.0172648918401395,0.8952868642811836,0.0009345457121548747,0.10377859000666191,0
2007-12-05,train,train,0.0059663076888844,0.0085657671072587,-0.0172648918401395,0.9238404704104707,0.0006484975658461814,0.07551103202368292,0
2007-12-06,train,train,-0.0067496332627044,0.0084677905688856,-0.0172648918401395,0.9224687412470896,0.0006172411543464859,0.07691401759856412,0
2007-12-07,train,train,0.0078501040215333,0.0084320054838888,-0.0166059823774023,0.9331077856051623,0.0005395634080547593,0.06635265098678314,0
2007-12-10,train,train,0.0008277818484278,0.0081776467800233,-0.0166059823774023,0.9537546290276556,0.0003205886387134413,0.04592478233363115,0
2007-12-11,train,train,0.0036440160657795,0.0079786091289495,-0.0166059823774023,0.9640591261801889,0.00021744511924049514,0.035723428700570777,0
2007-12-12,train,train,-0.0019212320688416,0.0077498502807695,-0.0166059823774023,0.9684399700102628,0.00016300034692873948,0.03139702964280863,0
2007-12-13,train,train,-0.0230118168489699,0.0093930395236747,-0.0197622043772792,0.4152722322226712,0.00765749859018368,0.5770702691871451,2
2007-12-14,train,train,0.004923602683289,0.0091864003726535,-0.0197622043772792,0.5568735593436077,0.005182242570631119,0.4379441980857615,0
2007-12-17,train,train,-0.0166507885750183,0.0097959930741342,-0.0204212286491495,0.21460230145948744,0.013929919930333951,0.7714677786101783,2
2007-12-18,train,train,-0.0023790674320976,0.0095154290077097,-0.0204212286491495,0.3322563343018508,0.00907824100798373,0.6586654246901655,2
2007-12-19,train,train,-0.0068945032268396,0.0093788504803847,-0.0204212286491495,0.37926678610240117,0.007751994804876584,0.6129812190927225,2
2007-12-20,train,train,-0.0024342187830225,0.0091126610503422,-0.0204212286491495,0.5156119756449054,0.005310980208344326,0.4790770441467505,0
2007-12-21,train,train,0.0097997637641593,0.0091553415077385,-0.0204212286491495,0.5597385265800532,0.0053680850632157355,0.43489338835673075,0
2007-12-27,train,train,-0.0021672361685722,0.0088922930784214,-0.0204212286491495,0.6859658561820028,0.003346879915574135,0.31068726390242285,0
2007-12-28,train,train,-0.0048557328185415,0.0087030564799554,-0.0204212286491495,0.7546125260556371,0.002481390522773328,0.2429060834215894,0
2008-01-02,train,train,-0.011913421229849,0.0089282908158104,-0.0204212286491495,0.6304868129259349,0.004508355366031688,0.3650048317080333,0
2008-01-03,train,train,-0.0097793184644274,0.0089816267154622,-0.0204212286491495,0.5795845847826168,0.005301889098462549,0.4151135261189207,0
2008-01-04,train,train,-0.0172584599054099,0.009679912584675,-0.0206237857592801,0.20499175837664085,0.015253738866704392,0.7797545027566547,2
2008-01-07,train,train,0.0044210395116491,0.0094472959416939,-0.0206237857592801,0.3290785957090022,0.009901814391591652,0.6610195898994063,2
2008-01-08,train,train,0.0002386027106442,0.0091596797132083,-0.0206237857592801,0.48563183709386204,0.006156771377058589,0.5082113915290796,2
2008-01-09,train,train,-0.0045774533060409,0.0089511414483174,-0.0206237857592801,0.584594359233404,0.004550127183420146,0.4108555135831756,0
2008-01-10,train,train,-0.0054587779504537,0.0087808571698246,-0.0206237857592801,0.6571534320433647,0.0036122230240573424,0.33923434493257787,0
2008-01-11,train,train,-0.0045545635780465,0.008586145144466,-0.0206237857592801,0.7355911651857028,0.0026572084556273053,0.2617516263586696,0
2008-01-14,train,train,-0.0018068350939204,0.0083363333857712,-0.0206237857592801,0.823995541865095,0.0016434214939606822,0.174361036640944,0
2008-01-15,train,train,-0.0343056496720246,0.0116592213730069,-0.0263061823481516,0.0017458983410245281,0.08302690576345075,0.9152271958955248,2
2008-01-16,train,train,-0.0092284588915516,0.0115278386375798,-0.0263061823481516,0.01575477285807948,0.053568119623561374,0.9306771075183593,2
2008-01-17,train,train,-0.0030080473163456,0.011200915174854,-0.0263061823481516,0.05166862796374473,0.030584919005305577,0.9177464530309496,2
2008-01-18,train,train,-0.0087638152372461,0.0110698300872133,-0.0263061823481516,0.06386898837191443,0.022361340807495567,0.9137696708205902,2
2008-01-21,train,train,-0.078392756679664,0.0219980482738903,-0.0452367410668861,3.539572244695051e-23,0.9997231452660178,0.0002768547339821762,1
2008-01-22,train,train,0.0167996414443445,0.0217212558879153,-0.0452367410668861,2.719799689866747e-06,0.9607739650232581,0.03922331517705215,1
2008-01-23,train,train,-0.0466406510902862,0.0239588230085483,-0.0531130191473249,9.575697365579314e-12,0.9979615142281738,0.002038485762250302,1
2008-01-24,train,train,0.0672222127536183,0.0284730265550962,-0.0531130191473249,8.400631793265259e-21,0.999991426315631,8.573684368888663e-06,1
2008-01-25,train,train,0.0026211316642816,0.0276130886828487,-0.0531130191473249,5.006378103733141e-06,0.9338235851898687,0.06617140843202755,1
2008-01-28,train,train,-0.0087435904646077,0.0268574147874144,-0.0531130191473249,0.0017376535048753568,0.8403192371884907,0.157943109306634,1
2008-01-29,train,train,0.0167397913141213,0.0263600971567604,-0.0531130191473249,0.0020064753660792413,0.7922359701936894,0.20575755444023103,1
2008-01-30,train,train,-0.0022294723391827,0.0255628963852238,-0.0531130191473249,0.015133492633077249,0.6149737986289958,0.3698927087379272,1
2008-01-31,train,train,0.0008999742047666,0.0247851279706146,-0.0531130191473249,0.055319808752102906,0.40994671988388587,0.5347334713640114,2
2008-02-01,train,train,0.019885661108569,0.0245187843391969,-0.0531130191473249,0.013121340216950045,0.4434336911919249,0.5434449685911249,2
2008-02-04,train,train,0.0015549584742774,0.0237748945758994,-0.0531130191473249,0.05167855931725517,0.26657500819558966,0.6817464324871553,2
2008-02-05,train,train,-0.0532590015520236,0.0264862634236792,-0.0594308031073246,9.709465967548376e-12,0.9821071834070132,0.017892816583277224,1
2008-02-06,train,train,0.0172214421565226,0.0260235567387827,-0.0594308031073246,0.00012416039832784318,0.9433500952374765,0.056525744364195676,1
2008-02-07,train,train,-0.0114013746851448,0.0253848666669555,-0.0594308031073246,0.0010269768020402883,0.867482820913632,0.13149020228432737,1
2008-02-08,train,train,0.0035083155038324,0.0246265398506901,-0.0594308031073246,0.010044669095564153,0.7202825630524395,0.2696727678519964,1
2008-02-11,train,train,-0.0090085192444887,0.0239780666913592,-0.0594308031073246,0.018828915845551186,0.5706787277521779,0.41049235640227105,1
2008-02-12,train,train,0.033439352013583,0.0246483718956294,-0.0594308031073246,1.9793193802778853e-05,0.8607433002137633,0.13923690659243382,1
2008-02-13,train,train,0.0009049305854331,0.0238985111846074,-0.0594308031073246,0.007639312657167873,0.7065588153889869,0.285801871953845,1
2008-02-14,train,train,0.0034988916129641,0.0231863115044526,-0.0594308031073246,0.03360263893695983,0.5138863971193827,0.4525109639436576,1
2008-02-15,train,train,-0.0181381514432676,0.0229148050608631,-0.0594308031073246,0.006613466185457508,0.5018999077273169,0.49148662608722565,1
2008-02-18,train,train,0.0180630351248063,0.0226530216040579,-0.0594308031073246,0.00473583581952494,0.48111909511122264,0.5141450690692524,2
2008-02-19,train,train,-0.0031976705433009,0.0219768817246781,-0.0594308031073246,0.027951389977669428,0.30258348880685076,0.6694651212154799,2
2008-02-20,train,train,-0.014368313868217,0.021596093098637,-0.0594308031073246,0.015722582197397993,0.24456174654092314,0.7397156712616786,2
2008-02-21,train,train,0.0070543311304603,0.0210093688186815,-0.0594308031073246,0.047154792916268215,0.1459425790740262,0.8069026280097055,2
2008-02-22,train,train,-0.0118746865906307,0.0205759678840964,-0.0594308031073246,0.03801721365052925,0.10395004462926258,0.8580327417202082,2
2008-02-25,train,train,0.0106289092129649,0.0201183162756919,-0.0594308031073246,0.05823838502010696,0.06963061550315121,0.872130999476742,2
2008-02-26,train,train,0.0210588153199192,0.0201759825768995,-0.0594308031073246,0.01148155548442997,0.09543042616509938,0.8930880183504708,2
2008-02-27,train,train,0.0013164465490347,0.019563998529384,-0.0594308031073246,0.05065325340232647,0.05096633174759614,0.8983804148500775,2
2008-02-28,train,train,-0.0136346989022852,0.019259785486854,-0.0594308031073246,0.028950633403007693,0.043271007436436464,0.927778359160556,2
2008-02-29,train,train,-0.0076921490305649,0.0187678748445891,-0.0594308031073246,0.04861127172173533,0.028470650263045554,0.9229180780152191,2
2008-03-03,train,train,-0.0236557647768284,0.0190964617414281,-0.0594308031073246,0.002000890768051688,0.05675939371756826,0.94123971551438,2
2008-03-04,train,train,-0.0182332962622061,0.0190457750048256,-0.0594308031073246,0.0026791106127849757,0.06157858710210523,0.9357423022851097,2
2008-03-05,train,train,0.0248662306932424,0.0194441975544312,-0.0594308031073246,0.0009283802323773817,0.11381075948192226,0.8852608602857003,2
2008-03-06,train,train,-0.0112461052121476,0.0190520524450822,-0.0594308031073246,0.010797938288422184,0.07812808161623855,0.9110739800953392,2
2008-03-07,train,train,-0.0087862397349982,0.0185966056243823,-0.0594308031073246,0.025363378132203487,0.04982315168685331,0.924813470180943,2
2008-03-10,train,train,-0.0028643128305431,0.0180437239389033,-0.0594308031073246,0.06719813489386275,0.028453505269094403,0.904348359837043,2
2008-03-11,train,train,0.0312029896117369,0.0190908095378629,-0.0594308031073246,0.0004652047213544524,0.12598838069869134,0.8735464145799542,2
2008-03-12,train,train,0.0057432568504396,0.0185626121070637,-0.0594308031073246,0.026488441862026577,0.0719124200102733,0.9015991381277001,2
2008-03-13,train,train,-0.0044343349579862,0.0180298678235379,-0.0594308031073246,0.06258129739658076,0.0404560037065309,0.8969626988968885,2
2008-03-14,train,train,-0.0039701643898636,0.0175076354207855,-0.0594308031073246,0.1162047859950063,0.02369344142455563,0.8601017725804382,2
2008-03-17,train,train,-0.0284627300068504,0.0183503100821781,-0.0594308031073246,0.0007518608487894065,0.08358401184658479,0.9156641273046259,2
2008-03-18,train,train,0.0291613062457782,0.0191716654003497,-0.0594308031073246,0.00017582226342064113,0.2147758399022698,0.7850483378343096,2
2008-03-19,train,train,-0.005062398819389,0.018628936144557,-0.0594308031073246,0.02098909429516209,0.12245338421876681,0.8565575214860712,2
2008-03-20,train,train,-3.856704157525053e-05,0.0180614261732097,-0.0594308031073246,0.06698814673961968,0.06412262886124535,0.8688892243991349,2
2008-03-25,train,train,0.0356119428752733,0.0195636100197992,-0.0594308031073246,5.7003291451132e-05,0.3440561443245608,0.655886852383988,2
2008-03-26,train,train,-0.0023251487436162,0.0189761725800325,-0.0594308031073246,0.022547871375262016,0.19971510520103086,0.7777370234237071,2
2008-03-27,train,train,0.0100146359660571,0.018560899607829,-0.0594308031073246,0.04423107452977991,0.1299896623043129,0.8257792631659073,2
2008-03-28,train,train,-0.0070792758317955,0.0180788147668742,-0.0594308031073246,0.07034824011937818,0.07588253596053258,0.8537692239200891,2
2008-03-31,train,train,-0.0129834453776473,0.0178142393046943,-0.0594308031073246,0.042936919997739416,0.059731074872536094,0.8973320051297243,2
2008-04-01,train,train,0.0318996535260511,0.0189568343451523,-0.0594308031073246,0.00022279095047490272,0.22464388658278503,0.7751333224667402,2
2008-04-02,train,train,0.0101389305922177,0.0185463675446002,-0.0594308031073246,0.016591315177765194,0.14836790588525509,0.8350407789369796,2
2008-04-03,train,train,-0.0072377826346456,0.0180685587140043,-0.0594308031073246,0.03703560208919621,0.08759046729172461,0.8753739306190792,2
2008-04-04,train,train,0.0077940531883624,0.017621841023784,-0.0594308031073246,0.07514027157812327,0.05262069899918543,0.872239029422691,2
2008-04-07,train,train,0.0052725967309717,0.017133754427466,-0.0594308031073246,0.14597487156143632,0.029766541490200745,0.8242585869483631,2
2008-04-08,train,train,-0.0115756469409565,0.0168520427384923,-0.0594308031073246,0.10467849546362584,0.02530285635349806,0.870018648182876,2
2008-04-09,train,train,-0.0117260063861805,0.0165892078574746,-0.0594308031073246,0.07497873521005056,0.02245921174829078,0.9025620530416589,2
2008-04-10,train,train,-0.0067215390133935,0.0161678833958159,-0.0594308031073246,0.10695996608801236,0.016253939595559878,0.8767860943164278,2
2008-04-11,train,train,-0.0171436367983805,0.0162280831662629,-0.0594308031073246,0.025914323150883392,0.023637201690199602,0.9504484751589168,2
2008-04-14,train,train,-0.008926411179957,0.0158849139515862,-0.0594308031073246,0.03895992162446368,0.018712091767554385,0.9423279866079821,2
2008-04-15,train,train,0.0187140068355877,0.0160687119858713,-0.0594308031073246,0.015105212350900859,0.028401869033985172,0.9564929186151141,2
2008-04-16,train,train,0.0169119775862146,0.0161205519057006,-0.0427874608830534,0.012461031116109328,0.033025465152225875,0.954513503731665,2
2008-04-17,train,train,-0.0050649762077281,0.0156786192363619,-0.0427874608830534,0.04039321534045759,0.0213845618589197,0.9382222228006226,2
2008-04-18,train,train,0.0259129741917045,0.016472974503012,-0.0351258321119008,0.0021455707261602455,0.05848348496099178,0.9393709443128478,2
2008-04-21,train,train,-0.0141755180383429,0.0163442367315697,-0.0351258321119008,0.00695867927178876,0.04914123865478777,0.9439000820734234,2
2008-04-22,train,train,-0.009918728849241,0.016031497147691,-0.0351258321119008,0.01871349474031246,0.03457252583284638,0.946713979426841,2
2008-04-23,train,train,0.0051070449123553,0.0155933729902432,-0.0351258321119008,0.05866923362767289,0.02197736834318879,0.9193533980291385,2
2008-04-24,train,train,0.0004536920977724,0.0151187444760222,-0.0351258321119008,0.12991693130934412,0.014153336000045112,0.8559297326906108,2
2008-04-25,train,train,0.0075504850074174,0.014774384518152,-0.0351258321119008,0.1977817330955335,0.01151858576353464,0.7906996811409316,2
2008-04-28,train,train,0.007594816027791,0.0144445964099575,-0.0351258321119008,0.2797851665060143,0.009587902332582481,0.7106269311614032,2
2008-04-29,train,train,-0.0123691827860964,0.0143285513743545,-0.0351258321119008,0.17851250848949024,0.012479665679434482,0.8090078258310754,2
2008-04-30,train,train,0.0066241321229088,0.0139864823669559,-0.0351258321119008,0.2708406881598755,0.009767843823811236,0.7193914680163135,2
2008-05-02,train,train,0.0187884533540121,0.0143200819280915,-0.0234505970152949,0.09224176461496165,0.02083520284215069,0.8869230325428875,2
2008-05-05,train,train,0.0009952381982133,0.0138859746357931,-0.0234505970152949,0.18338923071324656,0.013139157611283214,0.8034716116754701,2
2008-05-06,train,train,-0.0048576130207394,0.0135154303796176,-0.0234505970152949,0.2598571748678751,0.009805661283945777,0.730337163848179,2
2008-05-07,train,train,0.0014982574693831,0.0131088341728846,-0.0234505970152949,0.40929611611064903,0.006692787174798434,0.5840110967145528,2
2008-05-08,train,train,0.0033593555513562,0.0127360966372386,-0.0234505970152949,0.5643783614761728,0.0045864744290277995,0.4310351640947997,0
2008-05-09,train,train,-0.0092008990647575,0.0125520938777515,-0.0234505970152949,0.5347601464266598,0.005356780359264362,0.459883073214076,0
2008-05-12,train,train,0.0077717391593294,0.0123177007938403,-0.0234505970152949,0.6246243137598954,0.004364048723821085,0.37101163751628363,0
2008-05-13,train,train,-0.0026718674473709,0.0119603737489745,-0.0234505970152949,0.7337619216810127,0.0027572090702974437,0.2634808692486897,0
2008-05-14,train,train,0.0121120755235723,0.0119695300748013,-0.0234505970152949,0.7028806964773334,0.0037705350747029784,0.29334876844796326,0
2008-05-15,train,train,-5.637673732107761e-05,0.0116048981856399,-0.0234505970152949,0.8094843669017474,0.0020156624502662415,0.1884999706479861,0
2008-05-16,train,train,-0.0043516874219193,0.0113017464663745,-0.0234505970152949,0.8564825933911554,0.0013786348389306297,0.14213877176991396,0
2008-05-19,train,train,0.0086563491866311,0.0111607189586178,-0.0234505970152949,0.8782424283173752,0.0012157362052326102,0.12054183547739229,0
2008-05-20,train,train,-0.0180956061204339,0.0116933744686813,-0.0234505970152949,0.4931121637369753,0.008206346749337914,0.49868148951368707,2
2008-05-21,train,train,-0.0096878291870281,0.0115828385181846,-0.0234505970152949,0.4490940961149091,0.008274326765177857,0.5426315771199132,2
2008-05-22,train,train,-0.0003753410757807,0.0112303549412043,-0.0234505970152949,0.6031611856199123,0.004768558794513664,0.39207025558557373,0
2008-05-23,train,train,-0.020008299231127,0.0119404163271824,-0.0240422646716019,0.1203978443308961,0.020021258004592105,0.8595808976645118,2
2008-05-26,train,train,0.0004492120940844,0.0115771860584853,-0.0240422646716019,0.22466922690946575,0.012371143491696044,0.7629596295988382,2
2008-05-27,train,train,-0.0097873499071575,0.011477669445629,-0.0240422646716019,0.2014016222087809,0.012094586261403067,0.7865037915298161,2
2008-05-28,train,train,0.0035472236066526,0.0111618837956626,-0.0240422646716019,0.33054046709083573,0.008395341539037912,0.6610641913701261,2
2008-05-29,train,train,0.0029809032972895,0.010846452781618,-0.0222347751667278,0.485640217073037,0.005714447963764732,0.5086453349631981,2
2008-05-30,train,train,0.0045246611217053,0.0105742687294779,-0.0221888784528037,0.6269389502059546,0.003941903936201582,0.3691191458578436,0
2008-06-02,train,train,-0.0223719832580195,0.0116248263517029,-0.0236143374986656,0.06932141851242274,0.02400735354322931,0.906671227944348,2
2008-06-03,train,train,0.0098535741955636,0.0115262295617631,-0.0236143374986656,0.09842369120707191,0.019136733820178088,0.8824395749727499,2
2008-06-04,train,train,-0.0067606001446723,0.0112971267450977,-0.0236143374986656,0.13296956902737805,0.01437819655560303,0.8526522344170191,2
2008-06-05,train,train,-0.0076673497235725,0.0111128242782889,-0.0236143374986656,0.15712880162734424,0.012196876630225194,0.8306743217424305,2
2008-06-06,train,train,-0.0252029172373837,0.0124175840593162,-0.0253458768340845,0.003551738138705368,0.04060007005440943,0.9558481918068852,2
2008-06-09,train,train,-0.0066760564712991,0.0121498474903371,-0.0253458768340845,0.024150590326455907,0.026396093396815607,0.9494533162767287,2
2008-06-10,train,train,-0.0053716062819591,0.0118529707516322,-0.0253458768340845,0.05484716199029825,0.018044098939888023,0.9271087390698135,2
2008-06-11,train,train,-0.0134890706773128,0.0119574513323265,-0.0253458768340845,0.0316582861333368,0.019518199120796748,0.9488235147458666,2
2008-06-12,train,train,0.021150603879433,0.012698137126797,-0.0225277332421767,0.007248697401369038,0.035403209983757344,0.9573480926148735,2
2008-06-13,train,train,0.0112488060206659,0.0126158734741166,-0.0225277332421767,0.02361168843236934,0.02809280564841347,0.9482955059192171,2
2008-06-16,train,train,-0.0133282714346701,0.0126597478991565,-0.0225277332421767,0.018114106122742488,0.02615720005208402,0.9557286938251733,2
2008-06-17,train,train,0.0045504700578081,0.0123245880467789,-0.0225277332421767,0.05906896369614685,0.01756980782115572,0.9233612284826974,2
2008-06-18,train,train,-0.019877900345594,0.0129030848102459,-0.0225277332421767,0.007495579748372443,0.029818230727358598,0.962686189524269,2
2008-06-19,train,train,-0.0036880692822848,0.0125425807976282,-0.0225277332421767,0.03723298319169343,0.019313497030621324,0.9434535197776855,2
2008-06-20,train,train,-0.0138016132350985,0.0126216648963045,-0.0225277332421767,0.022268020860380107,0.020708980589276303,0.9570229985503435,2
2008-06-23,train,train,-0.0007333700530679,0.0122384765868719,-0.0225277332421767,0.06780844651993229,0.014187419963526297,0.9180041335165414,2
2008-06-24,train,train,-0.0160758458426325,0.0125019782350927,-0.0225277332421767,0.02200856064061143,0.01985171080632137,0.9581397285530673,2
2008-06-25,train,train,0.019512478724892,0.0130294167852076,-0.0225277332421767,0.008645379347745896,0.031198604533858178,0.9601560161183957,2
2008-06-26,train,train,-0.0300465273534714,0.014620102189009,-0.0258738092829582,6.630197068092429e-05,0.11068502046531467,0.8892486775640043,2
2008-06-27,train,train,0.0010013135903954,0.0141768368288,-0.0258738092829582,0.029363813411792165,0.05935434365278001,0.911281842935428,2
2008-06-30,train,train,-0.0036127547509336,0.0137734113470708,-0.0258738092829582,0.07041793085294386,0.033437115005042234,0.896144954142014,2
2008-07-01,train,train,-0.0231188793465259,0.0145049441040576,-0.0261227746457936,0.0032428655334005066,0.06199316923660832,0.9347639652299911,2
2008-07-02,train,train,0.0072795996448226,0.0141756606023655,-0.0261227746457936,0.028970942708165442,0.03851899931428383,0.9325100579775507,2
2008-07-03,train,train,0.0103369079067968,0.0139751025830606,-0.0261227746457936,0.05008529403082475,0.02860747413821041,0.9213072318309646,2
2008-07-04,train,train,-0.0180413745588728,0.0142518333709406,-0.0261227746457936,0.010679939437174654,0.036226867977292104,0.9530931925855333,2
2008-07-07,train,train,0.0182166989655103,0.0145202877533151,-0.0261227746457936,0.008092294716497465,0.043473203997022376,0.9484345012864802,2
2008-07-08,train,train,-0.0157719524849602,0.0145984143030673,-0.0261227746457936,0.006587563233667236,0.04215374771148737,0.9512586890548453,2
2008-07-09,train,train,0.0172396890986317,0.0147702163480163,-0.0261227746457936,0.008427103158673314,0.04569719821625816,0.9458756986250684,2
2008-07-10,train,train,-0.0219307643046472,0.0152946800845371,-0.0261227746457936,0.0012727738376366014,0.06834123766502315,0.93038598849734,2
2008-07-11,train,train,-0.030794316743324,0.0166369769241988,-0.0286812537780597,3.0423841055223706e-05,0.21038008488570262,0.7895894912732422,2
2008-07-14,train,train,0.0052132561584619,0.0161806162890098,-0.0286812537780597,0.02499138313752324,0.12015866609678426,0.8548499507656925,2
2008-07-15,train,train,-0.0257952657555629,0.0169123430371621,-0.0288787032841194,0.000531009901862236,0.21379849498439993,0.7856704951137381,2
2008-07-16,train,train,0.0121307169347542,0.0166641820617549,-0.0288787032841194,0.013181232848152678,0.1526840542330573,0.8341347129187897,2
2008-07-17,train,train,0.0309141818483279,0.0178430508692086,-0.0288787032841194,0.00012988345294279475,0.39072648887780237,0.6091436276692548,2
2008-07-18,train,train,0.0215155642751672,0.0180844454387362,-0.0288787032841194,0.0012887424257049982,0.44051608912953744,0.5581951684447579,2
2008-07-21,train,train,-0.009349795738765,0.0176824618658836,-0.0288787032841194,0.011338864557019568,0.3052917243697339,0.6833694110732466,2
2008-07-22,train,train,-0.0149182008681891,0.0175289033658338,-0.0288787032841194,0.008035229328434727,0.2504363394934904,0.7415284311780747,2
2008-07-23,train,train,0.0275915659444936,0.0182894608092304,-0.0288787032841194,0.0003387447271584505,0.436989485265501,0.5626717700073405,2
2008-07-24,train,train,-0.0220086002460275,0.018533667288969,-0.0288787032841194,0.000449779093903246,0.491815325930393,0.5077348949757039,2
2008-07-25,train,train,-0.00732427985881,0.0180583974459119,-0.0288787032841194,0.012961073759962619,0.33279368157411215,0.6542452446659249,2
2008-07-28,train,train,-0.0091270986764249,0.0176504280693301,-0.0288787032841194,0.024867651178480138,0.21939602145818224,0.7557363273633374,2
2008-07-29,train,train,0.0171962941487721,0.0176235100452727,-0.0288787032841194,0.01449085533467437,0.20506274838594843,0.7804463962793773,2
2008-07-30,train,train,0.0114121254169832,0.0173137811101115,-0.0288787032841194,0.029014831981435913,0.1417941112225788,0.8291910567959855,2
2008-07-31,train,train,0.0053503601371046,0.0168374159705379,-0.0288787032841194,0.0750872601958819,0.07838874762200444,0.8465239921821136,2
2008-08-01,train,train,-0.0265934206399598,0.0175761560999856,-0.0291447549122517,0.0009623532349959079,0.1677897673177847,0.8312478794472193,2
2008-08-04,train,train,-0.0105922689261007,0.0172371040814914,-0.0291447549122517,0.011595388324580173,0.11141150116900207,0.8769931105064176,2
2008-08-05,train,train,0.0261923752142009,0.0179012045083812,-0.0291447549122517,0.0008277271531801917,0.2094886177310731,0.7896836551157468,2
2008-08-06,train,train,0.0019553026445627,0.0173624689484458,-0.0291447549122517,0.029030640332964004,0.11424651183940308,0.8567228478276329,2
2008-08-07,train,train,-0.0048442703843323,0.016875308164297,-0.0291447549122517,0.0645000372402097,0.06310727554107443,0.8723926872187159,2
2008-08-08,train,train,0.0070076461327027,0.0164510148732794,-0.0291447549122517,0.11853555697476248,0.03725404255733493,0.8442104004679029,2
2008-08-11,train,train,0.0207826359658888,0.0167425450395287,-0.0291447549122517,0.023786977430104488,0.0578738469507272,0.9183391756191684,2
2008-08-12,train,train,-0.0042921452852444,0.0162665114946502,-0.0291447549122517,0.05924933129060338,0.03326333399158139,0.9074873347178153,2
2008-08-13,train,train,-0.0253859540160395,0.016952587770353,-0.0291447549122517,0.0012872486871105715,0.07522807410126907,0.9234846772116203,2
2008-08-14,train,train,-0.0076045267212824,0.0165413587042937,-0.0291447549122517,0.018994892269365987,0.04631700985248515,0.934688097878149,2
2008-08-15,train,train,0.0068089583391318,0.0161239346853337,-0.0291447549122517,0.05373217722097119,0.029201066135505944,0.9170667566435228,2
2008-08-18,train,train,-0.0007361552615145,0.0156337746250493,-0.0291447549122517,0.11946963872896092,0.017578899700144496,0.8629514615708948,2
2008-08-19,train,train,-0.0297422106148303,0.0168174302442627,-0.0301943515705419,0.00046324986852752783,0.07901815158012399,0.9205185985513485,2
2008-08-20,train,train,0.0039269466161894,0.0163334520846938,-0.0301943515705419,0.029484011114637703,0.04441603625601368,0.9260999526293487,2
2008-08-21,train,train,-0.0143825115479173,0.016223013156882,-0.0301943515705419,0.01685484525816528,0.03989247871742162,0.9432526760244133,2
2008-08-22,train,train,0.0246460546308624,0.0168475715480633,-0.0301943515705419,0.0018073609075961675,0.07985316584366935,0.9183394732487344,2
2008-08-25,train,train,-0.0149141733657424,0.0167378666822893,-0.0301943515705419,0.00575297952240087,0.06743857709509865,0.9268084433825003,2
2008-08-26,train,train,0.0081594400782676,0.0163505779088415,-0.0301943515705419,0.030370175850499163,0.0426637038943031,0.9269661202551978,2
2008-08-27,train,train,0.0052140365598717,0.0159038386784691,-0.0301943515705419,0.07702326627248078,0.025844522315748047,0.8971322114117711,2
2008-08-28,train,train,0.0158156101008094,0.0158985587711519,-0.0301943515705419,0.046753323144652185,0.0290428232437912,0.9242038536115564,2
2008-08-29,train,train,0.0038254588830261,0.0154426801067603,-0.0301943515705419,0.10772870049751343,0.018179691987240402,0.874091607515246,2
2008-09-01,train,train,-0.00115379321861,0.0149749010372164,-0.0301943515705419,0.1996526802145553,0.01185817905980632,0.7884891407256381,2
2008-09-02,train,train,0.0178073579028511,0.0151597797193354,-0.0301943515705419,0.0798911516557396,0.020899617347402012,0.8992092309968585,2
2008-09-03,train,train,-0.0046142325225391,0.0147413450667424,-0.0301943515705419,0.13378441649187273,0.014365407428106772,0.8518501760800204,2
2008-09-04,train,train,-0.0316368465235258,0.0162579895002842,-0.0308258968734404,0.00023169868627575803,0.08745923641527004,0.9123090648984541,2
2008-09-05,train,train,-0.0300997771337041,0.0174018011782054,-0.0308436468001846,3.688961807436028e-05,0.23672732288034407,0.7632357875015815,2
2008-09-08,train,train,0.0365337401875176,0.0190980672717525,-0.0308436468001846,3.1578070310635608e-06,0.6941799049046068,0.3058169372883621,1
2008-09-09,train,train,-0.0178312984558226,0.0190244399492505,-0.0308436468001846,0.0008975566944093948,0.65668697098515,0.34241547232044045,1
2008-09-10,train,train,-0.0150197555032067,0.0188082200056849,-0.0308436468001846,0.002489449267861879,0.5757214747249599,0.42178907600717824,1
2008-09-11,train,train,-0.0039700062088698,0.0182611568185923,-0.0308436468001846,0.02023997563909954,0.3876383102523204,0.5921217141085803,2
2008-09-12,train,train,0.0244374567453105,0.0186893824130912,-0.0308436468001846,0.0014633308646341725,0.5124518931890101,0.48608477594635596,1
2008-09-15,train,train,-0.0459943501766491,0.0213369222001236,-0.0361418378144996,4.2361380870179365e-10,0.9712002128032837,0.028799786773102385,1
2008-09-16,train,train,0.0011462381588418,0.0206888188582792,-0.0361418378144996,0.0017386911106036607,0.8813118813684093,0.11694942752098711,1
2008-09-17,train,train,-0.023187523195228,0.0208471884464405,-0.0361418378144996,9.5667293839553e-05,0.8935508827977389,0.10635344990842138,1
2008-09-18,train,train,-0.0027991199714719,0.020223725040432,-0.0361418378144996,0.0055325712885847264,0.7574811029748147,0.23698632573660044,1
2008-09-19,train,train,0.0835385544354802,0.0283404395849909,-0.0361418378144996,2.978817315102435e-27,0.9999994224037227,5.775962774310973e-07,1
2008-09-22,train,train,-0.0200475657757769,0.0279124341204835,-0.0361418378144996,1.0508341960773408e-07,0.9685565171317964,0.03144337778478385,1
2008-09-23,train,train,-0.0135083287840942,0.0272636431279986,-0.0361418378144996,0.0003184344770910172,0.9112626971155581,0.08841886840735066,1
2008-09-24,train,train,-0.005706734837116,0.0264700183559491,-0.0361418378144996,0.004167364550655501,0.7931076959659351,0.20272493948340944,1
2008-09-25,train,train,0.0288869658734953,0.0266212240008046,-0.0361418378144996,4.580190898923067e-05,0.900258116738957,0.09969608135205421,1
2008-09-26,train,train,-0.0044421487460377,0.0258331599768954,-0.0361418378144996,0.0044846314237971755,0.7721325435573474,0.22338282501885526,1
2008-09-29,train,train,-0.0396046719422731,0.0268593154698265,-0.039078622880816,2.9026999769153068e-08,0.9714707040539365,0.028529266919064055,1
2008-09-30,train,train,0.0038115638270287,0.0260578038020408,-0.039078622880816,0.0016229931640066037,0.884707143693352,0.11366986314264182,1
2008-10-01,train,train,0.0175917230325991,0.0256288258373624,-0.039078622880816,0.0012965102679116988,0.846658690027031,0.1520447997050572,1
2008-10-02,train,train,-0.0162456606297365,0.0251646935274709,-0.039078622880816,0.0010833055374633229,0.7911512996104616,0.20776539485207537,1
2008-10-03,train,train,0.0371304730537478,0.0260381722488993,-0.039078622880816,3.32839782445299e-07,0.9634578404679662,0.03654182669225108,1
2008-10-06,train,train,-0.0625641217428867,0.0295324125155239,-0.0493877146206029,2.3342366911216723e-18,0.9999393293305521,6.067066944778849e-05,1
2008-10-07,train,train,0.012599771591543,0.0287985909429158,-0.0493877146206029,2.7387029921406426e-06,0.9504980565624263,0.04949920473458142,1
2008-10-08,train,train,-0.0533596933747948,0.0308290889015987,-0.0539727217647768,3.4649567633578816e-14,0.999388101321189,0.0006118986787763969,1
2008-10-09,train,train,-0.039083080422563,0.0313856016299115,-0.0539727217647768,4.660991556616054e-11,0.9965182051936935,0.0034817947596968916,1
2008-10-10,train,train,-0.0958586628301049,0.0384354735194684,-0.0705941593159287,3.17783049633365e-39,0.999999999167403,8.325969748843963e-10,1
2008-10-13,train,train,0.1011762561626287,0.0447531739192983,-0.0705941593159287,3.3869091483178076e-43,0.999999999916136,8.386430217586645e-11,1
2008-10-14,train,train,0.0266414601673624,0.0438778056116171,-0.0705941593159287,1.8256275254102396e-08,0.9831817393654819,0.01681824237824303,1
2008-10-15,train,train,-0.0519601056972647,0.0444042483419961,-0.0705941593159287,4.116213843025475e-14,0.9995087714698255,0.0004912285301332546,1
2008-10-16,train,train,-0.0419309407054944,0.0442597476481222,-0.0705941593159287,5.080162311119395e-12,0.9978088715378665,0.0021911284570534403,1
2008-10-17,train,train,0.0366009351705934,0.0438379681724034,-0.0705941593159287,3.15145348609361e-09,0.9949067791816549,0.005093217666891483,1
2008-10-20,train,train,0.0295028819129096,0.0431124878514984,-0.0705941593159287,3.444899642182787e-07,0.9860008317049171,0.013998823805118707,1
2008-10-21,train,train,-0.0151274666308778,0.0419630292879454,-0.0705941593159287,9.41332761415103e-05,0.9393378114228705,0.06056805530098827,1
2008-10-22,train,train,-0.0851698344724807,0.045721724810465,-0.0811975396818241,1.1550836069922687e-30,0.9999998962919086,1.0370809130124126e-07,1
2008-10-23,train,train,-0.0206785557180831,0.0446173028371327,-0.0811975396818241,8.29819418285114e-08,0.9700790654229212,0.02992085159513685,1
2008-10-24,train,train,-0.0533789940218145,0.0451909339345807,-0.0811975396818241,2.0121766290450938e-14,0.9995393463233547,0.0004606536766251231,1
2008-10-27,train,train,-0.0419664420824869,0.0450039799901145,-0.0811975396818241,4.6813732746595996e-12,0.9978237292519357,0.0021762707433829265,1
2008-10-28,train,train,-0.0131321584354978,0.0437513878312915,-0.0811975396818241,2.5196730434841173e-05,0.9483386320131828,0.05163617125638238,1
2008-10-29,train,train,0.0900247506821386,0.0478079516927583,-0.0811975396818241,1.6981329855469202e-32,0.99999998448627,1.5513729793043817e-08,1
2008-10-30,train,train,0.0197798419243304,0.0466040637621525,-0.0811975396818241,2.404330897547223e-07,0.9685193365024861,0.03148042306442429,1
2008-10-31,train,train,0.0326804849760211,0.045887942637408,-0.0811975396818241,4.233023909789308e-07,0.984179137088006,0.01582043960960325,1
2008-11-03,train,train,0.0126228195241463,0.044597322981192,-0.0811975396818241,0.00032047241836714716,0.9291713605545235,0.07050816702710927,1
2008-11-04,train,train,0.0522309715086032,0.0450917997772032,-0.0811975396818241,1.2677165037886207e-12,0.9990620747269853,0.000937925271746721,1
2008-11-05,train,train,0.0018386270829781,0.0437204416227873,-0.0811975396818241,6.23321180367648e-05,0.9316546586731184,0.06828300920884527,1
2008-11-06,train,train,-0.0647307182462694,0.0452569591094092,-0.0819197385162849,4.3185058745447526e-19,0.999948087325719,5.191267428121999e-05,1
2008-11-07,train,train,0.022688022084589,0.0442287868670116,-0.0819197385162849,1.5157622530507274e-07,0.9752515373837567,0.024748311040018043,1
2008-11-10,train,train,-0.0053334298132985,0.0429012957948625,-0.0819197385162849,0.0010611076553722156,0.8937225988229536,0.10521629352167423,1
2008-11-11,train,train,-0.0419599194768048,0.0428453964922206,-0.0819197385162849,1.6356631037194462e-09,0.9906578377479943,0.00934216061634277,1
2008-11-12,train,train,-0.0301982486502903,0.0421936058406216,-0.0819197385162849,1.4481455335157017e-07,0.9853021092617084,0.014697745923738275,1
2008-11-13,train,train,0.0107895157000183,0.0409935015623961,-0.0819197385162849,0.0004124378050360168,0.9247775997309584,0.07480996246400533,1
2008-11-14,train,train,0.0104253742424285,0.0398266298575599,-0.0819197385162849,0.002827950932271702,0.837215571304615,0.15995647776311317,1
2008-11-17,train,train,-0.0384792412789621,0.0397470746046384,-0.0819197385162849,3.902430985654542e-08,0.9761653265544209,0.02383463442126904,1
2008-11-18,train,train,0.0037581706473899,0.0385472122733406,-0.0819197385162849,0.0013657365011813603,0.8926903451047585,0.10594391839405998,1
2008-11-19,train,train,-0.038147550112545,0.0385233494698809,-0.0819197385162849,2.6328371433886918e-08,0.9828314966518897,0.017168477019738945,1
2008-11-20,train,train,-0.0275451023762424,0.0379543081482316,-0.0819197385162849,1.0304842581937107e-06,0.9766298888706095,0.023369080645132212,1
2008-11-21,train,train,-0.0017540805273678,0.0368005753283838,-0.0819197385162849,0.0013279839682881177,0.8911360083508012,0.10753600768091073,1
2008-11-24,train,train,0.0781502411622335,0.0404904064619381,-0.0819197385162849,1.2932401590981415e-24,0.9999985123165497,1.4876834500758256e-06,1
2008-11-25,train,train,0.0085454904115344,0.0393126717345464,-0.0819197385162849,2.929392742672121e-06,0.9417387312145462,0.058258339392711335,1
2008-11-26,train,train,-0.0048989527765329,0.0381339346733603,-0.0819197385162849,0.002540374256318441,0.8377354366398858,0.15972418910379582,1
2008-11-27,train,train,0.0223052082292278,0.0373737407025406,-0.0819197385162849,0.0004472139210699558,0.8546229170731072,0.14492986900582275,1
2008-11-28,train,train,0.0069032045017543,0.0362746186526926,-0.0819197385162849,0.007151638614529802,0.7185547115950696,0.27429364979040066,1
2008-12-01,train,train,-0.0459408865499712,0.0369260204234659,-0.0819197385162849,3.913455868085845e-10,0.9873965139719839,0.0126034856366705,1
2008-12-02,train,train,0.037386514076695,0.0369538118648642,-0.0819197385162849,1.1000595459175774e-08,0.9941799197093969,0.005820069290007432,1
2008-12-03,train,train,0.0051031732878953,0.0358498493904721,-0.0819197385162849,0.0003176800202809468,0.9260359450941714,0.07364637488554783,1
2008-12-04,train,train,-0.0049447859513889,0.0347788161633869,-0.0819197385162849,0.003938744017109203,0.8129300144081888,0.1831312415747021,1
2008-12-05,train,train,-0.0398152429331613,0.0351013860793653,-0.0819197385162849,2.0413421852297003e-08,0.9777021425809386,0.02229783700563942,1
2008-12-08,train,train,0.0622416376613176,0.03729104656532,-0.0819197385162849,2.0409102141433404e-17,0.9999510804437823,4.891955621764833e-05,1
2008-12-09,train,train,0.0029392533461865,0.0361621788242169,-0.0819197385162849,7.391487681736265e-06,0.933978700727979,0.06601390778433924,1
2008-12-10,train,train,0.0098050103330246,0.0351426988197208,-0.0819197385162849,0.0020917599493399,0.8466239325215723,0.15128430752908814,1
2008-12-11,train,train,0.0032940605458382,0.0340816633045743,-0.0819197385162849,0.014190720158528692,0.6893353483988593,0.2964739314426119,1
2008-12-12,train,train,-0.0228116189998075,0.0335125108709199,-0.0819197385162849,0.0006120530968788343,0.7452121141031554,0.2541758327999659,1
2008-12-15,train,train,0.0053780185450258,0.0325182789641357,-0.0819197385162849,0.012581530985228987,0.5713799302562489,0.41603853875852204,1
2008-12-16,train,train,0.0158097105615861,0.0317645868171531,-0.0819197385162849,0.010673097334158407,0.5097800810044542,0.4795468216613874,1
2008-12-17,train,train,0.0031800583779668,0.0308067590538477,-0.0819197385162849,0.044472903406062775,0.32356480123199455,0.6319622953619428,2
2008-12-18,train,train,0.0065999121014233,0.0299119800344696,-0.0819197385162849,0.09708368066059467,0.1928827307462637,0.7100335885931417,2
2008-12-19,train,train,0.0011443899081655,0.0290020953433243,-0.0819197385162849,0.20208021845293445,0.09509399525916257,0.7028257862879033,2
2008-12-22,train,train,-0.018457149316263,0.0284797160080301,-0.0819197385162849,0.03610937298032402,0.1160070687796451,0.847883558240031,2
2008-12-23,train,train,-0.0033467031892833,0.0276242754800627,-0.0819197385162849,0.0825655164322428,0.06187265074474632,0.8555618328230109,2
2008-12-29,train,train,-0.0056175412305043,0.026818052990832,-0.0819197385162849,0.12886775114632204,0.0353559838823267,0.8357762649713515,2
2008-12-30,train,train,0.0195574152139495,0.0264387034030979,-0.0819197385162849,0.03476489357164636,0.05042065901263143,0.914814447415722,2
2009-01-02,train,train,0.031101827601814,0.026741431453629,-0.0819197385162849,0.00027277524838488975,0.18231957489483253,0.8174076498567826,2
2009-01-05,train,train,0.0164976738268265,0.0262398228141802,-0.0819197385162849,0.006198854844128644,0.16221557117363533,0.8315855739822363,2
2009-01-06,train,train,0.008250775871688,0.0255206019010032,-0.0819197385162849,0.029708823213867367,0.09902534740019087,0.8712658293859418,2
2009-01-07,train,train,-0.0159638671498684,0.025050224696973,-0.0819197385162849,0.011890403723133228,0.08881616293875408,0.8992934333381125,2
2009-01-08,train,train,-0.0105571088011876,0.0244243748067604,-0.0819197385162849,0.020397256376491976,0.060157015344312476,0.9194457282791957,2
2009-01-09,train,train,-0.0096562819818768,0.0237981450227083,-0.0677598489135215,0.03063326767649155,0.04073338484943747,0.9286333474740709,2
2009-01-12,train,train,-0.0192271988424255,0.0235489217300945,-0.0677598489135215,0.005422329674679765,0.051283301274215376,0.9432943690511048,2
2009-01-13,train,train,-0.0156215249512604,0.02314995754379,-0.0677598489135215,0.00603768683414908,0.047834105418770104,0.9461282077470808,2
2009-01-14,train,train,-0.0410874660877668,0.0245978880067644,-0.0677598489135215,1.726254637552891e-07,0.4592337157820886,0.5407661115924475,2
2009-01-15,train,train,-0.0094316016888416,0.0239601760292938,-0.0677598489135215,0.009640975849113071,0.3215610138240819,0.6687980103268053,2
2009-01-16,train,train,0.0010446179497291,0.0232316617320654,-0.0677598489135215,0.045248763266052865,0.1813182034531755,0.7734330332807715,2
2009-01-19,train,train,-0.0146424666660971,0.0228077094471845,-0.0677598489135215,0.02155600325487539,0.14861625829835226,0.8298277384467723,2
2009-01-20,train,train,-0.0260340421654736,0.0230140477687429,-0.0677598489135215,0.00042661939411698453,0.25899567934533774,0.7405777012605451,2
2009-01-21,train,train,-0.0055490901474105,0.0223543095421824,-0.0546835329393516,0.01979709198968091,0.15139296537188293,0.8288099426384361,2
2009-01-22,train,train,-0.0087126819354685,0.0217781288312784,-0.0546835329393516,0.034092934958906994,0.0938086681935744,0.8720983968475186,2
2009-01-23,train,train,0.0016531881534279,0.0211185620611938,-0.0508793489595758,0.09097726278755569,0.04915786116915807,0.8598648760432863,2
2009-01-26,train,train,0.0244634040693758,0.0213340463119455,-0.0508771747576818,0.006539587636225346,0.09789141364387269,0.8955689987199019,2
2009-01-27,train,train,-0.0030733277431544,0.0206978201925428,-0.0508771747576818,0.03651588547093763,0.05341390425953582,0.9100702102695266,2
2009-01-28,train,train,0.0412938103442333,0.0224723497090134,-0.0508771747576818,1.6615200049005705e-06,0.5092006910163828,0.4907976474636122,1
2009-01-29,train,train,-0.0260916061970005,0.0227057795768809,-0.0508771747576818,7.512164587148527e-05,0.6540804132443891,0.3458444651097393,1
2009-01-30,train,train,-0.003190024656222,0.0220279335404097,-0.0508771747576818,0.013954562779263194,0.461601059373862,0.524444377846875,2
2009-02-02,train,train,-0.0260147516218053,0.0222872632418993,-0.0508771747576818,0.0002207922854327596,0.6155664471648239,0.3842127605497434,1
2009-02-03,train,train,0.0154866375776901,0.0219387541408499,-0.0508771747576818,0.003948408615748973,0.5443831829454879,0.4516684084387634,1
2009-02-04,train,train,0.0158391823185607,0.0216213593247218,-0.0508771747576818,0.0062155350254939285,0.4818655270844882,0.511918937890018,2
2009-02-05,train,train,-0.0065188651335311,0.021023413720506,-0.0429960907048475,0.02320465329733567,0.31860646727656705,0.6581888794260975,2
2009-02-06,train,train,0.012305215143547,0.0206046108475624,-0.0429960907048475,0.03306537747789659,0.23475652469648114,0.7321780978256222,2
2009-02-09,train,train,0.0046819491258588,0.0200098032910307,-0.0429960907048475,0.08535304197165033,0.13009344637791798,0.7845535116504316,2
2009-02-10,train,train,-0.0220829953900803,0.0201402138818062,-0.0422811985236331,0.005122102757566435,0.18096734579634816,0.8139105514460855,2
2009-02-11,train,train,-0.0049543224116516,0.0195643359439087,-0.0422811985236331,0.029097903468412588,0.10177575916260602,0.8691263373689813,2
2009-02-12,train,train,-0.0187119530268379,0.0195142429429191,-0.0422811985236331,0.005883828892791014,0.10863629649949172,0.8854798746077174,2
2009-02-13,train,train,0.0078462819100624,0.0190171287361127,-0.0422811985236331,0.030916190497394705,0.06577228306106324,0.9033115264415419,2
2009-02-16,train,train,-0.0233173210195859,0.0193021750540128,-0.0422811985236331,0.0015575948144371829,0.10528261798343286,0.89315978720213,2
2009-02-17,train,train,-0.0291258979801176,0.0200279454786481,-0.0422811985236331,5.843540467662792e-05,0.2500704185838169,0.7498711460115065,2
2009-02-18,train,train,0.0023177582584683,0.019426111404258,-0.0422811985236331,0.0266119939766275,0.13894737435225255,0.8344406316711199,2
2009-02-19,train,train,0.0018427581198441,0.0188397219056572,-0.0422811985236331,0.07811041307267198,0.07278648220679762,0.8491031047205304,2
2009-02-20,train,train,-0.0351856548269191,0.0201970500947414,-0.0422811985236331,2.0399719078905902e-05,0.35214380151763003,0.6478357987632911,2
2009-02-23,train,train,-0.0083466227455605,0.019688208380986,-0.0422811985236331,0.012821421524938792,0.22859970344949546,0.7585788750255656,2
2009-02-24,train,train,-0.0075880048345523,0.0191787039536067,-0.0422811985236331,0.030894296221923367,0.13860678278500774,0.8304989209930691,2
2009-02-25,train,train,0.0038278497231225,0.0186180683807385,-0.0422811985236331,0.08294599226876495,0.07413019276019744,0.8429238149710375,2
2009-02-26,train,train,0.0391076078570052,0.0204352348054506,-0.0422811985236331,1.0142693767340074e-05,0.5086656786161424,0.4913241786900904,1
2009-02-27,train,train,-0.0247281997148392,0.0207179131171285,-0.0422811985236331,0.00013279079995037448,0.6216761143493593,0.3781910948506903,1
2009-03-02,train,train,-0.047069377421812,0.0231605178255101,-0.04265736214758,9.993628058429513e-11,0.9843161723950706,0.015683827504993142,1
2009-03-03,train,train,-0.0070532386703364,0.0225213210388171,-0.04265736214758,0.0005499910405019176,0.9125693976348294,0.08688061132466851,1
2009-03-04,train,train,0.0189483867364721,0.0223230774950129,-0.04265736214758,0.0005035307703830151,0.8849797482543321,0.11451672097528477,1
2009-03-05,train,train,-0.0461169411153954,0.0244136629162423,-0.0447579282083247,5.786168192610361e-11,0.9951412278152918,0.004858772126846532,1
2009-03-06,train,train,-0.0127482752110324,0.0238750169009365,-0.0447579282083247,6.0426132623800695e-05,0.9437076994821064,0.05623187438526962,1
2009-03-09,train,train,-0.0173768388696859,0.0235357752760555,-0.0447579282083247,0.0002060513335155776,0.9028891425593502,0.0969048061071342,1
2009-03-10,train,train,0.048095587040936,0.0256804961856857,-0.0447579282083247,5.0886517444776454e-11,0.9972338907627025,0.002766109186411029,1
2009-03-11,train,train,0.0071598638593386,0.0249598563760189,-0.0447579282083247,0.00012902097123888148,0.9346230925830873,0.06524788644567384,1
2009-03-12,train,train,0.0186733610622814,0.0246279603153518,-0.0447579282083247,0.0003336059654936343,0.9035732043472369,0.09609318968726964,1
2009-03-13,train,train,0.0118227432147673,0.0240526688532522,-0.0447579282083247,0.0026002398567374022,0.818356689689725,0.17904307045353776,1
2009-03-16,train,train,0.0277620202623715,0.0242912085407305,-0.0447579282083247,5.5606010888225105e-05,0.9008768341013933,0.09906755988771855,1
2009-03-17,train,train,0.0010993066363531,0.0235527398009647,-0.0447579282083247,0.005774034719234556,0.7660730450869704,0.22815292019379477,1
2009-03-18,train,train,0.002129799746961,0.0228411869617531,-0.0447579282083247,0.02811345908583724,0.5790870686974023,0.3927994722167603,1
2009-03-19,train,train,0.0052072654861719,0.0221820551199176,-0.0447579282083247,0.07787057099720893,0.3868773425388111,0.5352520864639799,2
2009-03-20,train,train,0.0010900765187941,0.0215079578573022,-0.0447579282083247,0.18179460668112382,0.21044697852030425,0.607758414798572,2
2009-03-23,train,train,0.0309429523379818,0.0221874895849764,-0.0447579282083247,0.0009226056206157627,0.5395155649619184,0.4595618294174657,1
2009-03-24,train,train,0.0046670140171897,0.0215419236287901,-0.0447579282083247,0.020140768909307164,0.35843518247996975,0.6214240486107232,2
2009-03-25,train,train,0.0103226548122432,0.0210381709602635,-0.0447579282083247,0.039206776286122715,0.24729547772272947,0.7134977459911481,2
2009-03-26,train,train,0.0004706658066726,0.0203975893352663,-0.0447579282083247,0.1024991686891116,0.1308448725206115,0.7666559587902769,2
2009-03-27,train,train,-0.0185710927493975,0.0202926361225732,-0.0447579282083247,0.01719066630682918,0.14409199925792215,0.8387173344352487,2
2009-03-30,train,train,-0.0420574098085994,0.0222084028949288,-0.0450812427819356,7.428621925294186e-08,0.7482495949407468,0.2517503307730338,1
2009-03-31,train,train,0.0277520054964454,0.0225794330783427,-0.0450812427819356,4.428660664161287e-05,0.8613353051555162,0.13862040823784244,1
2009-04-01,train,train,0.0185096132323349,0.0223561467424875,-0.0450812427819356,0.0006777813785206231,0.8319144511385461,0.16740776748293335,1
2009-04-02,train,train,0.045872914246954,0.0244145226255161,-0.0450812427819356,5.964056070134457e-10,0.993046435073377,0.006953564330217633,1
2009-04-03,train,train,-0.0017772655822367,0.0236747608331513,-0.0450812427819356,0.00040298580622081376,0.9205164358363022,0.07908057835747741,1
2009-04-06,train,train,0.0001441283599338,0.0229535593940362,-0.0450812427819356,0.00585009898551533,0.7958778623666596,0.1982720386478251,1
2009-04-07,train,train,0.0029879746321742,0.0222663336692049,-0.0450812427819356,0.027018958075264766,0.6181556106475236,0.3548254312772115,1
2009-04-08,train,train,0.0070087216078221,0.0216561669941572,-0.0450812427819356,0.06727827118852804,0.43780338182731976,0.4949183469841523,2
2009-04-09,train,train,0.0350835148469745,0.0226870309998282,-0.0450812427819356,2.875435900517161e-05,0.834157749943986,0.16581349569700873,1
2009-04-14,train,train,0.0148238858096567,0.0222935898518341,-0.0450812427819356,0.0020293880788744283,0.7631856754441579,0.23478493647696771,1
2009-04-15,train,train,-0.0140085082217469,0.0218851136101419,-0.0450812427819356,0.0029481834009469935,0.674030498708243,0.32302131789081007,1
2009-04-16,train,train,0.0184920622483718,0.0216964994373965,-0.0450812427819356,0.0023923682132476003,0.6531039127877105,0.3445037189990421,1
2009-04-17,train,train,0.0174700948961325,0.0214663936306852,-0.0450812427819356,0.00305056858118952,0.6149852885967209,0.3819641428220896,1
2009-04-20,train,train,-0.035239291400377,0.0225314480600141,-0.0450812427819356,6.843200879315087e-07,0.8978817556942695,0.10211755998564268,1
2009-04-21,train,train,-0.0118151246913393,0.0220359255051509,-0.0450812427819356,0.0014725322461895556,0.8098031791953012,0.18872428855850937,1
2009-04-22,train,train,0.0250215097128993,0.0222263728258843,-0.0450812427819356,0.0001463746678183395,0.8653762226719895,0.13447740266019223,1
2009-04-23,train,train,-0.0073735917284728,0.0216248269670346,-0.0450812427819356,0.004372283096154643,0.7358302687953256,0.25979744810851974,1
2009-04-24,train,train,0.0134789853001877,0.0212244230912479,-0.0450812427819356,0.008009396956641334,0.6395843428396277,0.352406260203731,1
2009-04-27,train,train,-0.0125899252269584,0.0208076413957984,-0.0450812427819356,0.009031806066119584,0.5266630541645462,0.4643051397693343,1
2009-04-28,train,train,-0.013847320591614,0.0204569147547422,-0.0450812427819356,0.00800466442092811,0.43382453018339573,0.5581708053956761,2
2009-04-29,train,train,0.0267859184438891,0.0208907961844154,-0.0450812427819356,0.0003385321451500274,0.6129318547546061,0.3867296131002439,1
2009-04-30,train,train,0.0163646784446192,0.0206472275461236,-0.0450812427819356,0.0033196550918340915,0.5561405275506571,0.44053981735750847,1
2009-05-04,train,train,0.0040524362197579,0.0200428256336234,-0.0450812427819356,0.025800509210685732,0.3695496375761075,0.6046498532132067,2
2009-05-05,train,train,0.0068089546164008,0.0195036837442349,-0.0450812427819356,0.06483779461187679,0.2289370760943684,0.7062251292937549,2
2009-05-06,train,train,0.0100513127691586,0.0190691319184286,-0.0450812427819356,0.0950495085017885,0.14875827734614294,0.7561922141520688,2
2009-05-07,train,train,-1.0793153966039674e-05,0.0184882095289029,-0.0450812427819356,0.19365895009446424,0.07283885853901034,0.7335021913665254,2
2009-05-08,train,train,0.0192310918456035,0.0185336221959978,-0.0450812427819356,0.05689919044476726,0.0945939346318865,0.8485068749233462,2
2009-05-11,train,train,-0.0097517878660545,0.0181270870411331,-0.0450812427819356,0.06102065482822735,0.061940715960432775,0.87703862921134,2
2009-05-12,train,train,-0.0051437076489372,0.0176199679688605,-0.0450812427819356,0.10550517659216338,0.03527025347912225,0.8592245699287143,2
2009-05-13,train,train,-0.0293842234310479,0.0185375680753705,-0.0450812427819356,0.00045959496706478954,0.1209934302140687,0.8785469748188667,2
2009-05-14,train,train,-0.0018236994366809,0.0179783897253946,-0.0450812427819356,0.027967001190622204,0.06506080422074036,0.9069721945886376,2
2009-05-15,train,train,-0.0006235766874353,0.0174313647820299,-0.0450812427819356,0.07790884766379592,0.03513451261666806,0.886956639719536,2
2009-05-18,train,train,0.019925723270836,0.0175910032785597,-0.0450812427819356,0.019851055723533195,0.05015382391366358,0.929995120362803,2
2009-05-19,train,train,0.0197077875424111,0.0177251405059178,-0.0450812427819356,0.007652717848604748,0.06340624518073677,0.9289410369706587,2
2009-05-20,train,train,0.0051039383761013,0.0172305769147199,-0.0450812427819356,0.04040519158943326,0.03697311033504895,0.9226216980755179,2
2009-05-21,train,train,-0.0176317649670623,0.0172549112462643,-0.0450812427819356,0.010028459744056504,0.04260542728627893,0.9473661129696646,2
2009-05-22,train,train,0.0089889829988536,0.0168735341084993,-0.0450812427819356,0.03379208706567488,0.02955340484458034,0.9366545080897448,2
2009-05-25,train,train,0.004159613831124,0.0163911966416578,-0.0450812427819356,0.08575473579397996,0.018789588532024212,0.8954556756739959,2
2009-05-26,train,train,0.0062176441658333,0.0159646670382798,-0.0450812427819356,0.1531852303779965,0.01364204146881019,0.8331727281531935,2
2009-05-27,train,train,0.0111120766895342,0.0157158217388018,-0.0450812427819356,0.16866916371243743,0.013544605852513384,0.8177862304350493,2
2009-05-28,train,train,-0.0079488110675421,0.0153609519754961,-0.0411378807747906,0.18853327276638837,0.011702673582286435,0.7997640536513252,2
2009-05-29,train,train,-0.0011877335225332,0.0148958369188549,-0.0411378807747906,0.310054484171339,0.008204399452140286,0.6817411163765208,2
2009-06-01,train,train,0.0216853028808921,0.0153879154444159,-0.0411378807747906,0.05616164129257217,0.025522912886651004,0.9183154458207767,2
2009-06-02,train,train,0.0035136826245656,0.014943942691144,-0.0355603082133414,0.123664815691375,0.016252639591265248,0.86008254471736,2
2009-06-03,train,train,-0.0209107870443201,0.0153674265462893,-0.0355603082133414,0.010992692806815056,0.03204076699718326,0.9569665401960016,2
2009-06-04,train,train,-0.0010782801935353,0.0149016137390152,-0.0355603082133414,0.04819476471285063,0.019763673181103072,0.9320415621060464,2
2009-06-05,train,train,0.0067884540159331,0.0145430255786334,-0.0355603082133414,0.09602807426042975,0.014897428262910361,0.8890744974766596,2
2009-06-08,train,train,-0.0129844416669494,0.0144542506179353,-0.0355603082133414,0.05589644360012236,0.016870622573970276,0.9272329338259073,2
2009-06-09,train,train,0.0107443226923634,0.0142589013418838,-0.0355603082133414,0.07565490833589954,0.01585233051599156,0.9084927611481088,2
2009-06-10,train,train,0.0135842622697274,0.0142193256631138,-0.0355603082133414,0.06646731263191624,0.017888094644604214,0.9156445927234798,2
2009-06-11,train,train,0.0083576058328213,0.0139373183751493,-0.0355603082133414,0.1088607574093268,0.014594498178482213,0.8765447444121912,2
2009-06-12,train,train,0.0006178312069347,0.0135135789413786,-0.0355603082133414,0.20760584717230268,0.010185365240946176,0.7822087875867513,2
2009-06-15,train,train,-0.0203510762605637,0.0140181947894291,-0.0355603082133414,0.02255533692436096,0.02429054217663193,0.953154120899007,2
2009-06-16,train,train,-0.0021875449558696,0.0136017028059413,-0.0355603082133414,0.06483612678022893,0.016037185387580304,0.9191266878321908,2
2009-06-17,train,train,-0.0228644504621631,0.0143273488742365,-0.0355603082133414,0.003313225646799582,0.03629351946674022,0.96039325488646,2
2009-06-18,train,train,0.0107997866667728,0.0141405330076736,-0.0355603082133414,0.020853043079547138,0.028089271875076125,0.9510576850453766,2
2009-06-19,train,train,0.0207654840975851,0.0146229173937715,-0.0355603082133414,0.006133342522205978,0.043877351780260955,0.9499893056975333,2
2009-06-22,train,train,-0.025625960747688,0.0155048805920356,-0.0355603082133414,0.00033227551108831407,0.091298082468422,0.9083696420204896,2
2009-06-23,train,train,0.0010916784622447,0.0150349176437645,-0.0355603082133414,0.03020369187689293,0.04935295886111659,0.9204433492619906,2
2009-06-24,train,train,0.0283574248003579,0.0161472733339091,-0.0355603082133414,0.000719900146423682,0.13555905882424138,0.8637210410293349,2
2009-06-25,train,train,0.0051440249365108,0.0157059870592593,-0.0300831585263709,0.027612618263647918,0.07629513268941072,0.8960922490469414,2
2009-06-26,train,train,0.0020357672431504,0.0152356820861877,-0.0300831585263709,0.07928470965553405,0.04089090554481628,0.8798243847996496,2
2009-06-29,train,train,0.0162603501404226,0.0152990975980561,-0.0300831585263709,0.044159974270951495,0.04284165341215697,0.9129983723168914,2
2009-06-30,train,train,-0.0058981451170465,0.0149032188142448,-0.0300831585263709,0.07763446714373798,0.02646537577474503,0.8959001570815168,2
2009-07-01,train,train,0.0117717638557786,0.01473411146355,-0.0300831585263709,0.08708135467543761,0.022739990487637265,0.8901786548369252,2
2009-07-02,train,train,-0.0266243577510919,0.015703495907682,-0.0304159575275056,0.0011624568930683804,0.06594967438011136,0.9328878687268204,2
2009-07-03,train,train,0.0066455594069821,0.0153118778825177,-0.0304159575275056,0.027043956905439825,0.04000577081801455,0.9329502722765457,2
2009-07-06,train,train,-0.014400973761732,0.0152587571823183,-0.0304159575275056,0.015886316158112146,0.03662500496293193,0.9474886788789559,2
2009-07-07,train,train,-0.0051338632466784,0.0148472651897294,-0.0304159575275056,0.044799979852456234,0.023188769550172225,0.9320112505973717,2
2009-07-08,train,train,-0.0168855170031625,0.0149773845402041,-0.0304159575275056,0.013040161210889512,0.028608017881863422,0.9583518209072469,2
2009-07-09,train,train,0.00877493455981,0.0146793287788296,-0.0304159575275056,0.03843578240054775,0.02139248962758384,0.9401717279718687,2
2009-07-10,train,train,-0.0104535038392677,0.0144606457789481,-0.0304159575275056,0.04068324538024119,0.01861093104614866,0.94070582357361,2
2009-07-13,train,train,0.0235307696021765,0.0151586769491206,-0.0304159575275056,0.004506170236168637,0.04254548400963792,0.9529483457541934,2
2009-07-14,train,train,0.0069369882236072,0.0147947850938701,-0.0272115139766092,0.03183270602631809,0.027605782443524948,0.9405615115301568,2
2009-07-15,train,train,0.027771467262904,0.0158753831340048,-0.0272115139766092,0.0009557038339358106,0.08349157364579131,0.915552722520273,2
2009-07-16,train,train,0.0092750865122423,0.0155585267959705,-0.0272115139766092,0.02119050282167428,0.05407283348902913,0.9247366636892964,2
2009-07-17,train,train,0.0044213574784553,0.0151233790805631,-0.0272115139766092,0.06446631522257006,0.03130334802842467,0.9042303367490052,2
2009-07-20,train,train,0.0099976100170205,0.0148657570102802,-0.0272115139766092,0.0917367716773588,0.023564622144526703,0.8846986061781146,2
2009-07-21,train,train,-0.0020330262333415,0.0144214867243048,-0.0272115139766092,0.17129785720703247,0.014619539429574592,0.8140826033633929,2
2009-07-22,train,train,0.0030776156659034,0.0140024578438988,-0.0272115139766092,0.29365509015666247,0.009681795215782364,0.6966631146275551,2
2009-07-23,train,train,0.0210890756581475,0.0145254825343896,-0.0272115139766092,0.060666336476507564,0.026135242676392816,0.9131984208470996,2
2009-07-24,train,train,0.0066127264342418,0.0141758228452211,-0.0272115139766092,0.11502827048583672,0.017853497086208793,0.8671182324279547,2
2009-07-27,train,train,0.0145602724217532,0.0141991833609714,-0.0272115139766092,0.08261943552851796,0.02059427278409924,0.8967862916873829,2
2009-07-28,train,train,0.0068028957816961,0.0138671036302602,-0.0272115139766092,0.14399560647171722,0.014874512807860774,0.8411298807204222,2
2009-07-29,train,train,-0.0002251184583195,0.0134447688714254,-0.0272115139766092,0.2558614617216165,0.009907054489068161,0.7342314837893154,2
2009-07-30,train,train,0.0197629940324426,0.013905058697944,-0.0272115139766092,0.0698817443715366,0.022920734986744965,0.9071975206417187,2
2009-07-31,train,train,-0.0017764610698712,0.0134884753321359,-0.0272115139766092,0.1402238046118797,0.014596547866984264,0.8451796475211363,2
2009-08-03,train,train,0.0042195526661126,0.0131183423594838,-0.0272115139766092,0.24471081430064362,0.010286894056273865,0.7450022916430824,2
2009-08-04,train,train,-0.0022224677758847,0.0127303500998943,-0.0272115139766092,0.3701104758594338,0.007279324875058935,0.6226101992655075,2
2009-08-05,train,train,-0.0159771700815894,0.0129481389656926,-0.0250382563203143,0.13327530393695486,0.014825239242166032,0.8518994568208792,2
2009-08-06,train,train,0.0066665373884466,0.0126594473718045,-0.0250382563203143,0.2128222504718478,0.011370102762533906,0.7758076467656182,2
2009-08-07,train,train,0.0157987949933572,0.0128694221582963,-0.0250382563203143,0.12313939274820113,0.017164297769491715,0.8596963094823071,2
2009-08-10,train,train,-0.0022495628243871,0.0124895290968552,-0.0250382563203143,0.21404192025215335,0.011411041609294823,0.7745470381385517,2
2009-08-11,train,train,-0.0083751458481998,0.0122815968390205,-0.0250382563203143,0.22430531611303994,0.010563363782720455,0.7651313201042397,2
2009-08-12,train,train,0.0093633798329307,0.0121263241163597,-0.0250382563203143,0.2769629660343369,0.009905537733111348,0.7131314962325517,2
2009-08-13,train,train,0.0102818947582512,0.0120236397970703,-0.0250382563203143,0.3111725313872484,0.009799450331664666,0.6790280182810873,2
2009-08-14,train,train,-0.0132036667057045,0.0120976877129487,-0.0250382563203143,0.17673721209758003,0.01352815698009751,0.8097346309223227,2
2009-08-17,train,train,-0.0282246683387756,0.013615091600502,-0.0268249956125185,0.0013070488762234606,0.059474510172843165,0.9392184409509335,2
2009-08-18,train,train,0.0103066521846852,0.013439572198847,-0.0268249956125185,0.01961794363244255,0.04153008757056971,0.9388519687969877,2
2009-08-19,train,train,-0.0011960324034181,0.0130334417728143,-0.0268249956125185,0.06252053621384861,0.024122709381311058,0.9133567544048404,2
2009-08-20,train,train,0.0182514049145416,0.0134039246140783,-0.0268249956125185,0.024150762047070305,0.03290361426092796,0.9429456236920015,2
2009-08-21,train,train,0.0243510158912993,0.0142990769580627,-0.0268249956125185,0.002444502724716499,0.06750691067552449,0.9300485865997592,2
2009-08-24,train,train,0.0127133896857809,0.0142089268553116,-0.0268249956125185,0.015159659497321808,0.05195862976233627,0.9328817107403419,2
2009-08-25,train,train,0.0109100424032696,0.0140328802371889,-0.0268249956125185,0.0326417187764293,0.03782673538470114,0.9295315458388694,2
2009-08-26,train,train,-0.0045079023592704,0.0136501170363866,-0.0268249956125185,0.07071457306234964,0.02319792944289325,0.906087497494757,2
2009-08-27,train,train,-0.0017155471679407,0.0132409493438256,-0.0268249956125185,0.14180953621284542,0.01469910155185406,0.8434913622353004,2
2009-08-28,train,train,0.0075264737726855,0.012969280766537,-0.0268249956125185,0.21303064805020455,0.011656674811421217,0.775312677138374,2
2009-08-31,train,train,-0.0068047743128409,0.0126841793661282,-0.0268249956125185,0.2573742234192482,0.009770138912025588,0.7328556376687263,2
2009-09-01,train,train,-0.0170470860023701,0.0129873511653038,-0.0268249956125185,0.06729588905592558,0.018429477316212577,0.914274633627862,2
2009-09-02,train,train,-0.0156320638534575,0.0131610295225175,-0.0268249956125185,0.024136321449013252,0.022706995854320525,0.9531566826966661,2
2009-09-03,train,train,0.0016713237891477,0.0127666571818747,-0.0268249956125185,0.07303490770123909,0.015140470000988598,0.911824622297772,2
2009-09-04,train,train,0.0183991214035203,0.0131726968980854,-0.0268249956125185,0.026727902368457977,0.024530892480379762,0.9487412051511624,2
2009-09-07,train,train,0.014674305718704,0.0132675868888905,-0.0268249956125185,0.025923778022377476,0.025713503344404642,0.948362718633218,2
2009-09-08,train,train,-0.0019336266233371,0.0128721196723039,-0.0268249956125185,0.07098533995078554,0.01660986851161435,0.9124047915376001,2
2009-09-09,train,train,0.0083580285751209,0.0126467930902019,-0.0268249956125185,0.11452847118502822,0.013863952201968054,0.8716075766130035,2
2009-09-10,train,train,-0.0106304017296375,0.0125349598880253,-0.0268249956125185,0.09580818516025043,0.0140435765874513,0.8901482382522983,2
2009-09-11,train,train,0.0098099291115244,0.0123883731289111,-0.0268249956125185,0.12826918874321752,0.013174358639518612,0.8585564526172639,2
2009-09-14,train,train,0.0034865752088391,0.0120412978476356,-0.0239653706974125,0.23196537502098918,0.009631045026960425,0.7584035799520503,2
2009-09-15,train,train,0.0087240210501597,0.0118684369325182,-0.0239653706974125,0.29830368483850955,0.008965144599517152,0.6927311705619732,2
2009-09-16,train,train,0.0131620942732946,0.0119500063199748,-0.0239653706974125,0.25275995405954277,0.011684766942056694,0.7355552789984007,2
2009-09-17,train,train,0.002049472225624,0.0115968319884703,-0.0239653706974125,0.40050797557171275,0.007520007704528065,0.5919720167237592,2
2009-09-18,train,train,0.0005350544336716,0.0112443096023499,-0.0239653706974125,0.5602928711571401,0.004780900071783294,0.4349262287710766,0
2009-09-21,train,train,-0.0042459200389358,0.0109512601442077,-0.0239653706974125,0.6582657825329168,0.003515215545450416,0.3382190019216326,0
2009-09-22,train,train,0.0075857917342157,0.0107790049167555,-0.0239653706974125,0.7348472924788871,0.0028487434778079355,0.26230396404330525,0
2009-09-23,train,train,0.0030924947007692,0.0104780504667695,-0.0239653706974125,0.8310476797061594,0.0016565492029082937,0.16729577109093233,0
2009-09-24,train,train,-0.0133679202148618,0.0106735301817802,-0.0207190904481027,0.6679054839918803,0.004146003093479949,0.32794851291464006,0
2009-09-25,train,train,-0.0044645581871925,0.0104059948365017,-0.0207190904481027,0.7459183352727959,0.0027840448009706473,0.2512976199262331,0
2009-09-28,train,train,0.0210248353876963,0.0113274121938705,-0.0207190904481027,0.29947536773933503,0.016382114533947823,0.6841425177267171,2
2009-09-29,train,train,-0.0031585786905495,0.0110095525862734,-0.0207190904481027,0.42181511902215013,0.009512340852442281,0.5686725401254078,2
2009-09-30,train,train,-0.0082678582292729,0.0108645792391093,-0.0204163081409117,0.4287601938702634,0.00828504861855426,0.5629547575111822,2
2009-10-01,train,train,-0.0204438321600367,0.0116633508702935,-0.0219051955003941,0.057704053940851825,0.025018539300930384,0.9172774067582179,2
2009-10-02,train,train,-0.0167656394951628,0.0120306661649747,-0.0219051955003941,0.0163881158782342,0.030145148392896767,0.9534667357288691,2
2009-10-05,train,train,0.0201285468878796,0.0126634204170808,-0.0219051955003941,0.006309530476343634,0.04380382393084853,0.9498866455928079,2
2009-10-06,train,train,0.0222563102750786,0.0134335804789262,-0.0219051955003941,0.0024640080546507745,0.06909675316043698,0.9284392387849124,2
2009-10-07,train,train,-0.0081313457808803,0.0131757560112221,-0.0219051955003941,0.01908707794290398,0.04360065192677523,0.937312270130321,2
2009-10-08,train,train,0.007894389227578,0.012919899247123,-0.0219051955003941,0.04972625131943391,0.028777528183402963,0.9214962204971631,2
2009-10-09,train,train,-0.0060362853442929,0.0126132697270741,-0.0219051955003941,0.08332312508732925,0.019308439506654573,0.897368435406016,2
2009-10-12,train,train,0.0004767252739378,0.0122295762328323,-0.0219051955003941,0.1688366733053071,0.012584904809258833,0.8185784218854338,2
2009-10-13,train,train,-0.0120307604956028,0.0122177385235866,-0.0219051955003941,0.11176580542927991,0.014362593977788593,0.8738716005929313,2
2009-10-14,train,train,0.0223697397157011,0.0130514773818821,-0.0219051955003941,0.014960060058183204,0.033843584593964,0.9511963553478531,2
2009-10-15,train,train,-0.0017874945305611,0.0126614496145031,-0.0219051955003941,0.05352298042462807,0.02064631546868584,0.925830704106686,2
2009-10-16,train,train,-0.0147328377984084,0.0127951927900996,-0.0219051955003941,0.024235901095955668,0.023016351379617172,0.9527477475244274,2
2009-10-19,train,train,0.0177325994351404,0.0131438444142989,-0.0219051955003941,0.01362391409094732,0.030187700357538753,0.9561883855515138,2
2009-10-20,train,train,-0.0080336394155145,0.0128944704801542,-0.0219051955003941,0.03106105689822658,0.021734142549019352,0.9472048005527541,2
2009-10-21,train,train,0.0071835209461576,0.0126248764436246,-0.0219051955003941,0.0695725783700641,0.016351027269548225,0.9140763943603879,2
2009-10-22,train,train,-0.0039319174508399,0.012278104633623,-0.0219051955003941,0.12547510809055668,0.012089574373806942,0.8624353175356364,2
2009-10-23,train,train,-0.0075355404189765,0.0120463191205822,-0.0219051955003941,0.15127794635275,0.010972223193088002,0.8377498304541622,2
2009-10-26,train,train,-0.0100333269713191,0.0119351177246148,-0.0219051955003941,0.13408912434933457,0.01173083473447251,0.8541800409161932,2
2009-10-27,train,train,0.0009804015392381,0.0115740176354228,-0.0219051955003941,0.24477946130134343,0.008675721801336203,0.7465448168973202,2
2009-10-28,train,train,-0.0177079007314797,0.0120305692330217,-0.0221254670767639,0.054364853457307794,0.018162554178782923,0.9274725923639091,2
2009-10-29,train,train,0.021945123866462,0.0128431237632111,-0.0221254670767639,0.008801988781463651,0.03659679264440342,0.954601218574133,2
2009-10-30,train,train,-0.0232583460547692,0.0136932873331984,-0.0239756155178605,0.0008526549255996499,0.06424554166702083,0.9349018034073795,2
2009-11-02,train,train,0.0044579370797291,0.0133209662971787,-0.0239756155178605,0.0298442764306077,0.037139707899971106,0.9330160156694212,2
2009-11-03,train,train,-0.0196763151845825,0.0137851622137615,-0.0239756155178605,0.004713873650520478,0.04927052613521173,0.9460156002142679,2
2009-11-04,train,train,0.01284147645039,0.0137303702233294,-0.0239756155178605,0.01685365550283179,0.039832412514006224,0.9433139319831622,2
2009-11-05,train,train,0.0140563998240577,0.0137501500007212,-0.0239756155178605,0.022059069444067242,0.035790064064468656,0.942150866491464,2
2009-11-06,train,train,0.0027410251599313,0.0133481616964823,-0.0239756155178605,0.0688267440251247,0.02157859883684108,0.9095946571380343,2
2009-11-09,train,train,0.0201910008997598,0.0138543713850523,-0.0211261644664628,0.016776297624952894,0.03561827927048572,0.9476054231045615,2
2009-11-10,train,train,-0.0002369625658587,0.0134324368288824,-0.0211261644664628,0.059260510776102,0.02128162574295661,0.9194578634809415,2
2009-11-11,train,train,-0.0010670683424226,0.0130258533579588,-0.0211261644664628,0.12688479131670777,0.013907572323666035,0.8592076363596259,2
2009-11-12,train,train,0.0028007956783672,0.0126476540017025,-0.0211261644664628,0.23273640995925465,0.0098454230896438,0.7574181669511016,2
2009-11-13,train,train,0.0027424468921765,0.0122807419783724,-0.0211261644664628,0.373812756755815,0.007052809155753185,0.6191344340884317,2
2009-11-16,train,train,0.0100529906015879,0.0121585929831183,-0.0211261644664628,0.41459194764860285,0.007378968130483177,0.5780290842209138,2
2009-11-17,train,train,-0.0022968089523507,0.0118016109159386,-0.0211261644664628,0.552671186309998,0.004914432493652249,0.4424143811963498,0
2009-11-18,train,train,0.0062516412646666,0.0115441032613475,-0.0211261644664628,0.6657920861382234,0.0036253586727903794,0.3305825551889865,0
2009-11-19,train,train,-0.0157621057950404,0.0118396359592589,-0.0211261644664628,0.3431120477423706,0.010440722968008572,0.6464472292896211,2
2009-11-20,train,train,-0.0107701295107914,0.0117782045426994,-0.0211261644664628,0.275041861983593,0.011341094941857859,0.7136170430745491,2
2009-11-23,train,train,0.0186989629221345,0.0123037233785747,-0.0211261644664628,0.09567734103405037,0.022562880048094088,0.8817597789178556,2
2009-11-24,train,train,-0.002960690177226,0.0119509268936525,-0.0211261644664628,0.17006692008080238,0.014356215962447337,0.81557686395675,2
2009-11-25,train,train,0.0050772736002577,0.0116534070911942,-0.0211261644664628,0.2779722207553071,0.01010460467821377,0.7119231745664794,2
2009-11-26,train,train,-0.0261028406826738,0.0129821138696828,-0.0232683396324932,0.0050588078741044306,0.04328050324029232,0.9516606888856032,2
2009-11-27,train,train,0.0101817383601184,0.0128313378669538,-0.0232683396324932,0.024289892259778005,0.031496646443166326,0.9442134612970555,2
2009-11-30,train,train,-0.011280331517992,0.0127436019365764,-0.0232683396324932,0.026484747708022414,0.025664596819096788,0.9478506554728806,2
2009-12-01,train,train,0.0184972715284158,0.01315995327266,-0.0232683396324932,0.012176204314729464,0.03451851403464422,0.9533052816506261,2
2009-12-02,train,train,0.0005646816828133,0.0127597977983373,-0.0232683396324932,0.05198730113600583,0.02086438512508744,0.9271483137389068,2
2009-12-03,train,train,0.0030705738817559,0.0123939258873444,-0.0232683396324932,0.1179603739477001,0.014043000861366174,0.8679966251909336,2
2009-12-04,train,train,0.010602753311899,0.0122938170490091,-0.0232683396324932,0.14137815593727363,0.013598336170989857,0.8450235078917366,2
2009-12-07,train,train,-0.0016969235905965,0.011926543269396,-0.0232683396324932,0.2433556466826602,0.009555315713211755,0.747089037604128,2
2009-12-08,train,train,-0.0170359829238902,0.0122931432573754,-0.0232683396324932,0.06315324338381034,0.018091177640394047,0.9187555789757957,2
2009-12-09,train,train,-0.022930281830724,0.0131758095906004,-0.024097156189389,0.003167915309741855,0.039342635567851156,0.957489449122407,2
2009-12-10,train,train,0.0046248599496894,0.0128245545980727,-0.024097156189389,0.033942364076716025,0.02447336267341453,0.9415842732498694,2
2009-12-11,train,train,0.0018353459391789,0.0124419917329822,-0.024097156189389,0.08970605172584203,0.01581154069596042,0.8944824075781975,2
2009-12-14,train,train,0.0077095712401741,0.0122098819858761,-0.024097156189389,0.1447180132528464,0.012869897091385002,0.8424120896557687,2
2009-12-15,train,train,0.0025254169297064,0.0118540714044842,-0.024097156189389,0.25884914103772944,0.009155997484164824,0.7319948614781057,2
2009-12-16,train,train,0.0108227629120343,0.0117947361205692,-0.024097156189389,0.2794294230438991,0.009903857873501353,0.7106667190825997,2
2009-12-17,train,train,-0.0141173193597976,0.0119468311488453,-0.024097156189389,0.13403081236359723,0.014665035163881797,0.8513041524725209,2
2009-12-18,train,train,-0.004446983955883,0.0116339893418943,-0.024097156189389,0.20530903738852221,0.010803781841309767,0.7838871807701681,2
2009-12-21,train,train,0.0158293963459697,0.0119274017643215,-0.024097156189389,0.11801259735898229,0.016708241454169923,0.865279161186848,2
2009-12-22,train,train,0.0050586965652929,0.0116302434511523,-0.024097156189389,0.20774852542669364,0.011767143476725549,0.7804843310965808,2
2009-12-23,train,train,0.0064296731556377,0.011385396382313,-0.024097156189389,0.309406312349687,0.009072729010473655,0.6815209586398392,2
2009-12-28,train,train,0.004643495134293,0.0110969968261316,-0.024097156189389,0.4498290317666072,0.006443849548553283,0.5437271186848395,2
2009-12-29,train,train,0.0009892159231385,0.0107616658159497,-0.024097156189389,0.6084229288605925,0.004096192238258674,0.387480878901149,0
2009-12-30,train,train,-0.0079332476328147,0.0106132383911011,-0.024097156189389,0.6179030847794799,0.004182053617162047,0.37791486160335813,0
2010-01-04,train,train,0.0170315923001925,0.0111034628640961,-0.024097156189389,0.3790977701710955,0.011017375549647858,0.609884854279257,2
2010-01-05,train,train,0.004870815444119,0.0108311202054699,-0.024097156189389,0.5218413100023052,0.006718376350605043,0.4714403136470895,0
2010-01-06,train,train,0.0014819425479075,0.0105074328089185,-0.024097156189389,0.6729543323474467,0.003776814403398571,0.3232688532491551,0
2010-01-07,train,train,-0.0046087018423547,0.0102496918753787,-0.024097156189389,0.7478117871192164,0.0026534905688798158,0.24953472231190366,0
2010-01-08,train,train,-0.0002712620731366,0.0099376671062443,-0.024097156189389,0.8394614145471454,0.0015201767382204312,0.15901840871463413,0
2010-01-11,train,train,-0.0073027734727659,0.0097995726379945,-0.024097156189389,0.8445870022048372,0.0014841570331357746,0.15392884076202695,0
2010-01-12,train,train,-0.0090180994275541,0.0097544499327848,-0.024097156189389,0.8192111811589879,0.0018242615543690955,0.17896455728664312,0
2010-01-13,train,train,-0.0006520383203711,0.0094586386504617,-0.024097156189389,0.8846738291848708,0.0010392555693597796,0.11428691524576949,0
2010-01-14,train,train,0.0034643884766994,0.0092096695740866,-0.024097156189389,0.9247859064967648,0.0006223990724832912,0.07459169443075206,0
2010-01-15,train,train,-0.012984141858096,0.0094786185296959,-0.024097156189389,0.8264911391345503,0.00173126987726872,0.17177759098818068,0
2010-01-18,train,train,0.0021673600661201,0.0092051835210917,-0.024097156189389,0.8917774798380822,0.0009753483914271297,0.10724717177049078,0
2010-01-19,train,train,0.0127149963196147,0.0094525947401773,-0.024097156189389,0.8540778299194696,0.0016170334033328692,0.14430513667719744,0
2010-01-20,train,train,-0.0264304286211058,0.0112207177982707,-0.0252638717861829,0.05639232593198186,0.03389454589676322,0.9097131281712549,2
2010-01-21,train,train,-0.0228922248542683,0.0122390144603487,-0.0252638717861829,0.0028876626130858053,0.060771711316326776,0.9363406260705873,2
2010-01-22,train,train,-0.0061882515959399,0.0119625889309909,-0.0252638717861829,0.024334434504181164,0.03671419762984548,0.9389513678659734,2
2010-01-25,train,train,-0.0109714541850993,0.0119054479257228,-0.0252638717861829,0.027861093744944186,0.02851493504644241,0.9436239712086135,2
2010-01-26,train,train,0.0086739348200806,0.0117366748957766,-0.0252638717861829,0.05775435154248226,0.021069402703031793,0.9211762457544859,2
2010-01-27,train,train,-0.0272554390025967,0.0131930323529528,-0.0265962361021254,0.0006395275108364815,0.06543899110809526,0.9339214813810683,2
2010-01-28,train,train,-0.0194689275559339,0.0136511935345151,-0.0265962361021254,0.001758385759388158,0.07579347775973161,0.9224481364808803,2
2010-01-29,train,train,0.0108740114903425,0.0135006824781308,-0.0265962361021254,0.018626922232700294,0.05282447222793498,0.9285486055393645,2
2010-02-01,train,train,0.0043294295518615,0.013132286904704,-0.0265962361021254,0.06038747641862767,0.030693184693043517,0.9089193388883287,2
2010-02-02,train,train,0.0131641496743934,0.0131342008506647,-0.0265962361021254,0.058892363068778916,0.027696836491473965,0.9134108004397472,2
2010-02-03,train,train,-0.0229249527058437,0.0139172556727387,-0.0265962361021254,0.0029738481639207635,0.05252708622612372,0.9444990656099554,2
2010-02-04,train,train,-0.0612304600109267,0.020174705924046,-0.0383054425448763,4.557594862151873e-15,0.9826585939454595,0.01734140605453574,1
2010-02-05,train,train,-0.0136054744142711,0.0198419799822667,-0.0383054425448763,0.00017270498428311265,0.9298300828272557,0.06999721218846122,1
2010-02-08,train,train,0.0101429877958181,0.019397286705239,-0.0383054425448763,0.002395256366324249,0.8426115924353504,0.15499315119832527,1
2010-02-09,train,train,0.0067475766113186,0.0188788568255936,-0.0383054425448763,0.012389933440042885,0.7002597186663154,0.2873503478936418,1
2010-02-10,train,train,0.0173276237588256,0.0187893947120824,-0.0383054425448763,0.006687848240416774,0.6632771493139702,0.3300350024456131,1
2010-02-11,train,train,-0.016714715197878,0.0186714159794167,-0.0383054425448763,0.002930433659461904,0.6115298332940349,0.3855397330465028,1
2010-02-12,train,train,-0.0055396806714996,0.0181533950519555,-0.0383054425448763,0.017733043989899368,0.429403248707442,0.5528637073026585,2
2010-02-15,train,train,0.0066963518186818,0.0176766364011481,-0.0383054425448763,0.05105252943369466,0.2745089218148249,0.6744385487514807,2
2010-02-16,train,train,0.0096968383171615,0.0173019474739649,-0.0383054425448763,0.08212008688511346,0.17847358589380205,0.7394063272210847,2
2010-02-17,train,train,0.0100227548530375,0.0169535624604086,-0.0383054425448763,0.11470396845031733,0.11427759985264788,0.7710184316970347,2
2010-02-18,train,train,0.0071752200054882,0.0165307867393136,-0.0383054425448763,0.18836623549487133,0.06338567554876927,0.7482480889563594,2
2010-02-19,train,train,0.0096467346441618,0.0162004464433891,-0.0383054425448763,0.23607925169649102,0.04000686745373628,0.7239138808497729,2
2010-02-22,train,train,-0.0099967229699107,0.0158966432077794,-0.0383054425448763,0.20813994730615706,0.029184082364962075,0.7626759703288807,2
2010-02-23,train,train,-0.0246715511724896,0.0165548239372794,-0.0383054425448763,0.005774368802463712,0.07204932135562467,0.9221763098419117,2
2010-02-24,train,train,-0.005727709286417,0.0161116995713935,-0.0383054425448763,0.029127821520594333,0.0422186888695606,0.9286534896098452,2
2010-02-25,train,train,-0.0125417428069008,0.01592009328026,-0.0383054425448763,0.023870340608480846,0.03454548423883834,0.941584175152681,2
2010-02-26,train,train,0.0202745616493494,0.0162143726012894,-0.0383054425448763,0.007484223153768859,0.04932568821547444,0.9431900886307569,2
2010-03-01,train,train,0.0097553207415501,0.0159009906322993,-0.0383054425448763,0.02823642895494792,0.03447707040447739,0.937286500640575,2
2010-03-02,train,train,0.008264796385622,0.0155489364414711,-0.0383054425448763,0.06035307373039869,0.02399046174637061,0.9156564645232309,2
2010-03-03,train,train,0.0134996994926385,0.01543365712256,-0.0383054425448763,0.055996468299455066,0.023545440006993927,0.9204580916935513,2
2010-03-04,train,train,0.0075479705663342,0.0150772748673743,-0.0383054425448763,0.10182134966727346,0.017184256936952354,0.8809943933957741,2
2010-03-05,train,train,0.0252252304275484,0.0158702079188695,-0.0383054425448763,0.0059072174522860595,0.04928955438319986,0.944803228164514,2
2010-03-08,train,train,0.0052945904461354,0.0154412969243001,-0.0383054425448763,0.03731591539899244,0.029865244647491043,0.9328188399535164,2
2010-03-09,train,train,-0.0068384608576906,0.0150643122802292,-0.0383054425448763,0.06294651874015068,0.020511865560319125,0.9165416156995302,2
2010-03-10,train,train,0.0106853672904096,0.014838063170628,-0.0383054425448763,0.08351889001384513,0.01793026847613916,0.898550841510016,2
2010-03-11,train,train,-0.0068210445716177,0.0144827356006762,-0.0383054425448763,0.11544058636327773,0.013915172451695396,0.8706442411850269,2
2010-03-12,train,train,0.0028568022453749,0.0140589591291282,-0.0383054425448763,0.21592469182510063,0.009994242766352544,0.7740810654085468,2
2010-03-15,train,train,-0.0108193834642666,0.0138859142802928,-0.0383054425448763,0.1699751753576423,0.011497282476439979,0.8185275421659179,2
2010-03-16,train,train,0.0092201806688682,0.0136510147011002,-0.0383054425448763,0.21998071481987402,0.010751756804164892,0.7692675283759614,2
2010-03-17,train,train,0.0096733095064879,0.0134455779063592,-0.0383054425448763,0.26584449075380756,0.010249864982353342,0.723905644263839,2
2010-03-18,train,train,-0.0083901269746392,0.0131969771220856,-0.0383054425448763,0.2740340401738751,0.009650459991554124,0.7163154998345707,2
2010-03-19,train,train,-0.007496332432874,0.0129260315970466,-0.0383054425448763,0.3047659088786576,0.008738280344932906,0.6864958107764096,2
2010-03-22,train,train,-0.0117972639174767,0.0128610995421579,-0.0383054425448763,0.21251695711495824,0.011265334097146501,0.7762177087878955,2
2010-03-23,train,train,0.0122884992847883,0.012827464341312,-0.0383054425448763,0.20036938893579173,0.012796221787015817,0.7868343892771924,2
2010-03-24,train,train,-0.0118835491800283,0.0127727966948833,-0.0383054425448763,0.13561131162348772,0.014339996694896648,0.8500486916816158,2
2010-03-25,train,train,0.0205037616556835,0.0133633801789172,-0.0383054425448763,0.029352230756549517,0.028958611050639623,0.9416891581928108,2
2010-03-26,train,train,-0.0018319080372406,0.0129640459441223,-0.0383054425448763,0.07682898431360531,0.018062835384877608,0.9051081803015172,2
2010-03-29,train,train,0.0017958081525538,0.0125768037919847,-0.0383054425448763,0.1594128182784228,0.012194914227139269,0.8283922674944382,2
2010-03-30,train,train,-0.0099946861884453,0.0124370036232642,-0.0383054425448763,0.14155944091307623,0.012402922139151276,0.8460376369477723,2
2010-03-31,train,train,-0.0100129427252177,0.0123050338032324,-0.0383054425448763,0.126492044362509,0.012605396675002599,0.8609025589624886,2
2010-04-01,train,train,0.01792280844105,0.0127123030655206,-0.0383054425448763,0.04898536627288484,0.021489042449735422,0.9295255912773799,2
2010-04-06,train,train,0.0083405423876364,0.0124932129220254,-0.0383054425448763,0.08678581747412188,0.016713946648168908,0.8965002358777094,2
2010-04-07,train,train,0.0027469922121891,0.0121312944462241,-0.0383054425448763,0.17340733826046023,0.011580424524394815,0.8150122372151448,2
2010-04-08,train,train,-0.0103289230861668,0.0120307691263579,-0.0383054425448763,0.14668116794308067,0.01223657855297921,0.8410822535039402,2
2010-04-09,train,train,0.0282967395962206,0.0135682485874928,-0.0383054425448763,0.0030691399803794194,0.056873685778693395,0.9400571742409273,2
2010-04-12,train,train,0.0058280346692017,0.0132321384074686,-0.0383054425448763,0.03164796274632539,0.03429998799104366,0.9340520492626307,2
2010-04-13,train,train,1.7467696159050105e-05,0.0128290348791936,-0.0383054425448763,0.0849416539420122,0.020329154536474964,0.894729191521513,2
2010-04-14,train,train,0.0037187760117223,0.0124715213778109,-0.0383054425448763,0.16757088385976768,0.013449788778070303,0.8189793273621622,2
2010-04-15,train,train,0.001719690587804,0.0120989237079845,-0.0383054425448763,0.29194637284197594,0.009062317174927767,0.6989913099830964,2
2010-04-16,train,train,-0.0231584556753158,0.0130299563220321,-0.0377191500620043,0.01477495742768261,0.030856336087096377,0.954368706485221,2
2010-04-19,train,train,-0.0053608678657788,0.0127010751633585,-0.0377191500620043,0.0424874475858341,0.020403746032498032,0.9371088063816676,2
2010-04-20,train,train,0.0094290190036578,0.0125288728802413,-0.0377191500620043,0.07106695854908641,0.016975325909962473,0.9119577155409513,2
2010-04-21,train,train,-0.0215381996690225,0.0132434111545799,-0.0377191500620043,0.005418118378141891,0.03364329920163079,0.9609385824202271,2
2010-04-22,train,train,-0.0221880052149125,0.0139428518314481,-0.0377191500620043,0.0010433751411310027,0.05486490354370018,0.9440917213151686,2
2010-04-23,train,train,0.0088592533714929,0.01369116913854,-0.0363534889529107,0.0225716877236448,0.036562471593594936,0.9408658406827601,2
2010-04-26,train,train,0.0019306541615814,0.0132825024436964,-0.0363534889529107,0.07032113544700078,0.021752779494363057,0.9079260850586359,2
2010-04-27,train,train,-0.0428072443279408,0.0166068356080836,-0.0429030851704523,2.961601161655112e-07,0.3893069585765406,0.610692745263343,2
2010-04-28,train,train,-0.0304074406895149,0.0177402513098395,-0.0448150483427941,1.4053015721268118e-05,0.6584560539216381,0.3415298930626405,1
2010-04-29,train,train,0.0265932097423287,0.018391994285777,-0.0448150483427941,0.00010447608110392568,0.7861680400909338,0.21372748382796228,1
2010-04-30,train,train,0.0048917842931829,0.017871913713809,-0.0448150483427941,0.01012495498019184,0.6184477343044601,0.3714273107153478,1
2010-05-03,train,train,-0.0066364538970934,0.0174035494375687,-0.0326287453966484,0.027356888617867885,0.44237197975537484,0.5302711316267572,2
2010-05-04,train,train,-0.0556008084391203,0.0216840382537333,-0.0429384978188586,3.746420043807751e-13,0.9947513300506514,0.005248669948973991,1
2010-05-05,train,train,-0.0229717903785927,0.021763452237223,-0.0429384978188586,2.451144769977476e-06,0.9717276343258752,0.02826991452935503,1
2010-05-06,train,train,-0.0297687724565168,0.0223248688887314,-0.0429384978188586,5.56690302137762e-07,0.9778255068541181,0.022173936455579774,1
2010-05-07,train,train,-0.0333205827462957,0.0231324762772659,-0.0439095451711189,6.027771970352962e-08,0.9871246346519751,0.012875305070305123,1
2010-05-10,train,train,0.1348363669385081,0.0399231201454211,-0.0439095451711189,3.805487853234379e-70,1.0000000000000007,1.3765893683664159e-17,1
2010-05-11,train,train,-0.0337253691218017,0.0395786334044152,-0.0440444739629542,1.5458253586804509e-10,0.9925713658914735,0.007428633953943819,1
2010-05-12,train,train,0.008080316681491,0.0384239198923251,-0.0440444739629542,0.000307099118492865,0.9287879103180351,0.07090499056347183,1
2010-05-13,train,train,-0.0111924461590386,0.0373541164232229,-0.0440444739629542,0.0014820056335888578,0.8465633961128282,0.15195459825358296,1
2010-05-14,train,train,-0.0687388092021584,0.0399388488362641,-0.0557156206564065,1.514603195605484e-20,0.9999647432264506,3.525677354945623e-05,1
2010-05-17,train,train,-0.0030752052393968,0.0387294766401491,-0.0557156206564065,5.8290833498195165e-06,0.9339178136673807,0.06607635724926998,1
2010-05-18,train,train,0.0361153539210776,0.0385776249463513,-0.0557156206564065,1.3097253139350015e-07,0.9845779036643969,0.015421965363071631,1
2010-05-19,train,train,-0.0264274010978039,0.0379584458248533,-0.0557156206564065,1.5777657630136304e-06,0.9746027070861316,0.025395715148105284,1
2010-05-20,train,train,-0.0113692554107163,0.0369072972593181,-0.0557156206564065,0.00042056528140169136,0.9107178985931831,0.08886153612541532,1
2010-05-21,train,train,0.0146486626271775,0.0359624064063335,-0.0557156206564065,0.0014617071612462126,0.8488223276161065,0.14971596522264716,1
2010-05-24,train,train,-0.0127734563949376,0.0350069516718986,-0.0557156206564065,0.0026961429363321536,0.7578020099455447,0.23950184711812306,1
2010-05-25,train,train,-0.0309990543250916,0.0347795047057908,-0.0557156206564065,4.73855036210078e-06,0.9033903851504069,0.096604876299231,1
2010-05-26,train,train,0.0042333144571445,0.0337359210308967,-0.0557156206564065,0.005078747626363689,0.7763488607759612,0.21857239159767497,1
2010-05-27,train,train,0.0318133317564586,0.0336236659271638,-0.0557156206564065,1.2818306985572987e-05,0.9221993800179182,0.0777878016750964,1
2010-05-28,train,train,0.0096586859713685,0.0326850924526799,-0.0557156206564065,0.002505175452624837,0.829182043878569,0.16831278066880606,1
2010-05-31,train,train,-0.0070375620352085,0.0317362251896123,-0.0557156206564065,0.00981314465170027,0.6850070419374505,0.30517981341084904,1
2010-06-01,train,train,-0.0063990717286606,0.0308093102335633,-0.0557156206564065,0.026769989878619824,0.5086883486447844,0.46454166147659587,1
2010-06-02,train,train,-0.0034145595980443,0.0298824419062229,-0.0557156206564065,0.07088014816367727,0.3203447773649509,0.6087750744713719,2
2010-06-03,train,train,0.0008843955950966,0.028972912238092,-0.0557156206564065,0.164510183728579,0.16977314428575138,0.6657166719856699,2
2010-06-04,train,train,-0.0387748497565,0.0296525412631221,-0.0557156206564065,3.5252360995653e-06,0.7167009670967097,0.2832955076671907,1
2010-06-07,train,train,-0.0144596323154395,0.028966561224304,-0.0557156206564065,0.0020841020482360575,0.6291630925710762,0.36875280538068755,1
2010-06-08,train,train,-0.0143717802088226,0.0283039017273928,-0.0557156206564065,0.003598193412595322,0.5389348377412109,0.45746696884619376,1
2010-06-09,train,train,0.0226825689479683,0.0279984667055008,-0.0557156206564065,0.000929420504902343,0.6099928073382418,0.389077772156856,1
2010-06-10,train,train,0.0364795171441676,0.0285783939340858,-0.0557156206564065,9.920655416046446e-07,0.9140033419846876,0.08599566594977053,1
2010-06-11,train,train,0.0387577623377705,0.0292890930611815,-0.0557156206564065,3.3687617596868454e-08,0.9873187003681796,0.012681265944202765,1
2010-06-14,train,train,0.0023294878007172,0.028402561588888,-0.0557156206564065,0.0007708510944303645,0.9106616081669165,0.08856754073865286,1
2010-06-15,train,train,0.0163514105370629,0.0278270604289249,-0.0557156206564065,0.0011510000794810234,0.862440133280675,0.13640886663984347,1
2010-06-16,train,train,-0.0060437093480023,0.0270199215385449,-0.0557156206564065,0.007346699793158284,0.7240182329350497,0.268635067271792,1
2010-06-17,train,train,0.0073874604423855,0.0262592091400225,-0.0557156206564065,0.025438905047365942,0.5581342447355834,0.41642685021705056,1
2010-06-18,train,train,0.0219709263386018,0.0260218484552972,-0.0557156206564065,0.003386701207035563,0.6220218521677714,0.3745914466251932,1
2010-06-21,train,train,0.0099883269783698,0.0253474732815371,-0.0557156206564065,0.014760254252289697,0.4770219973224799,0.5082177484252303,2
2010-06-22,train,train,-0.0055556530296609,0.0246129367302624,-0.0557156206564065,0.03991244367722219,0.30772134873842727,0.6523662075843505,2
2010-06-23,train,train,-0.0130741572798859,0.0240770610858837,-0.0557156206564065,0.026910436655817035,0.23640605805429418,0.7366835052898888,2
2010-06-24,train,train,-0.0307637869699294,0.0245297210262417,-0.0557156206564065,5.516671347409086e-05,0.5097896488566147,0.49015518442991124,1
2010-06-25,train,train,-0.0053866252260072,0.0238190202293725,-0.0557156206564065,0.014954239609422031,0.33645776553180073,0.6485879948587774,2
2010-06-28,train,train,0.0159703923328706,0.0234223864514693,-0.0557156206564065,0.013074744926736336,0.2932404291074128,0.6936848259658509,2
2010-06-29,train,train,-0.0560497847700867,0.0265365106640537,-0.0601298008037884,2.4594705156200507e-13,0.990909851206545,0.009090148793209045,1
2010-06-30,train,train,0.0111813174184377,0.0258734714694944,-0.0601298008037884,0.00024038921581060417,0.9340752407978002,0.06568436998638882,1
2010-07-01,train,train,-0.0092400755934371,0.0251871608989208,-0.0601298008037884,0.001920718716892833,0.8431618594031194,0.15491742187998772,1
2010-07-02,train,train,0.0078788932530803,0.0244960018621987,-0.0601298008037884,0.010065620103175186,0.7089523176128197,0.28098206228400524,1
2010-07-05,train,train,0.0033131620008586,0.0237636167984906,-0.0601298008037884,0.040087965240594436,0.5142310463363213,0.4456809884230842,1
2010-07-06,train,train,0.0353012438682245,0.024608892365635,-0.0601298008037884,1.4202993683630023e-05,0.8700194252761833,0.12996637173013295,1
2010-07-07,train,train,0.0379999964688414,0.025610578133918,-0.0601298008037884,8.643039007927045e-08,0.979797035968595,0.020202877601014736,1
2010-07-08,train,train,0.0092785359797672,0.0249341750095723,-0.0601298008037884,0.0007068331334753312,0.9118574941302605,0.08743567273626396,1
2010-07-09,train,train,0.0046317718640189,0.0242011879262056,-0.0601298008037884,0.0066579056839332525,0.7897631525617281,0.20357894175433866,1
2010-07-12,train,train,-0.0068463969602429,0.023523775978728,-0.0601298008037884,0.018407113070306076,0.6329236497776524,0.34866923715204146,1
2010-07-13,train,train,0.0198157878362733,0.0233179304607821,-0.0601298008037884,0.004815167346628547,0.6451330083356973,0.35005182431767423,1
2010-07-14,train,train,0.001850231307415,0.02261211466159,-0.0601298008037884,0.028745137292456698,0.446130475729932,0.5251243869776113,2
2010-07-15,train,train,-0.0115762009330685,0.0221058763993497,-0.0601298008037884,0.02764325612674618,0.3348800103944972,0.6374767334787566,2
2010-07-16,train,train,-0.0167232984109786,0.0218203965977909,-0.0601298008037884,0.008866378971998417,0.3037886212644131,0.6873449997635885,2
2010-07-19,train,train,-0.0062144567955525,0.0212103534534345,-0.0601298008037884,0.029880909710868618,0.1828293461282985,0.7872897441608326,2
2010-07-20,train,train,0.0131560572184326,0.0208151689518611,-0.0601298008037884,0.03498241246570326,0.13721905817570254,0.8277985293585942,2
2010-07-21,train,train,-0.0020395906321012,0.0201872380176597,-0.0601298008037884,0.08663568592598278,0.07179047035060437,0.841573843723413,2
2010-07-22,train,train,0.0257686039638332,0.02056488174217,-0.0601298008037884,0.0040286735808471395,0.1494876233360664,0.8464837030830864,2
2010-07-23,train,train,0.0082451270430814,0.0200404198210184,-0.0601298008037884,0.026795465984362877,0.09126899876051642,0.8819355352551206,2
2010-07-26,train,train,0.0113426137567934,0.0196275473306436,-0.0601298008037884,0.042258386415115895,0.06383203452587806,0.8939095790590059,2
2010-07-27,train,train,0.0130771441339462,0.0192973282939803,-0.0545211479095817,0.04546083224433921,0.050543683900674964,0.9039954838549858,2
2010-07-28,train,train,-0.0001033036432608,0.0187094710461594,-0.0545211479095817,0.10811934022076355,0.027622657907917323,0.8642580018713192,2
2010-07-29,train,train,0.0014645199929874,0.0181430520460601,-0.0545211479095817,0.2081384487797128,0.015899254139798383,0.7759622970804889,2
2010-07-30,train,train,-0.0150953378888159,0.017974767616076,-0.0545211479095817,0.08030197146345716,0.02086720589107792,0.8988308226454652,2
2010-08-02,train,train,0.0314624286811926,0.019055177766475,-0.0545211479095817,0.0005003246275733836,0.10676367514169742,0.8927360002307292,2
2010-08-03,train,train,0.0033169391473412,0.0184925373285462,-0.0545211479095817,0.029597407576440332,0.058482434310531725,0.9119201581130278,2
2010-08-04,train,train,-0.00258816646544,0.0179403850843839,-0.0545211479095817,0.07492301652839234,0.03246493922014177,0.8926120442514657,2
2010-08-05,train,train,-0.0003043640047623,0.0173940084570599,-0.0545211479095817,0.15446757767922512,0.01862990543782538,0.8269025168829498,2
2010-08-06,train,train,-0.0175798770546589,0.0174052165464101,-0.0419412296172261,0.03366559484971495,0.027358985034372403,0.9389754201159127,2
2010-08-09,train,train,0.0150489631752147,0.0172729078850297,-0.0419412296172261,0.02824131066392794,0.02852277373149123,0.9432359156045811,2
2010-08-10,train,train,-0.0087408728862713,0.0168830186141364,-0.0419412296172261,0.04209134090290377,0.02129503942881281,0.9366136196682836,2
2010-08-11,train,train,-0.0325914836838103,0.0182117112594199,-0.0424720394034656,5.262351347704285e-05,0.11663558919977313,0.8833117872867499,2
2010-08-12,train,train,-0.0031277850066638,0.0176735232401343,-0.0424720394034656,0.025570895177092736,0.06362003911726699,0.9108090657056402,2
2010-08-13,train,train,-0.0064603977404607,0.0172080336655381,-0.0424720394034656,0.05141912669675968,0.03817167143570587,0.9104092018675343,2
2010-08-16,train,train,-0.0017044840416321,0.0166890309253451,-0.0424720394034656,0.1125458115515692,0.021937555252443897,0.8655166331959867,2
2010-08-17,train,train,0.0107817013339963,0.0163947257693694,-0.0424720394034656,0.13349310158106317,0.018510774448917054,0.84799612397002,2
2010-08-18,train,train,0.0020712439426827,0.0159033711570177,-0.0424720394034656,0.2443081848960045,0.011640128000582383,0.7440516871034133,2
2010-08-19,train,train,-0.0148337742845368,0.0158412320505656,-0.0424720394034656,0.10083749721439127,0.016973589209877696,0.882188913575731,2
2010-08-20,train,train,-0.0141353174744487,0.0157440905394145,-0.0424720394034656,0.047116896413272026,0.019718761058306288,0.9331643425284217,2
2010-08-23,train,train,0.0124930415355448,0.015568184509024,-0.0424720394034656,0.05346835599101016,0.019378591685720453,0.9271530523232694,2
2010-08-24,train,train,-0.016662489718031,0.0156360027049372,-0.0424720394034656,0.015793772003089276,0.025017593524331284,0.9591886344725795,2
2010-08-25,train,train,-0.0158729473511618,0.0156503205465652,-0.0424720394034656,0.008550509627374657,0.02786400798241212,0.9635854823902134,2
2010-08-26,train,train,0.0110965333542454,0.0154150758793636,-0.0424720394034656,0.025433972310012008,0.023221527894472217,0.9513444997955159,2
2010-08-27,train,train,0.0142712514395964,0.0153488503661896,-0.0398016851412754,0.02689978024953768,0.02412626873051741,0.9489739510199448,2
2010-08-30,train,train,-0.0012029273610271,0.0148841794252828,-0.0398016851412754,0.07452315165036533,0.015746959619299294,0.9097298887303352,2
2010-08-31,train,train,0.0050189598948861,0.0144830199488836,-0.0398016851412754,0.14515929822119125,0.011854734825858158,0.8429859669529505,2
2010-09-01,train,train,0.0345204670667103,0.0163912218464519,-0.0398016851412754,0.0002496669432470667,0.11524105517038333,0.8845092778863697,2
2010-09-02,train,train,-0.0006830534597623,0.0158927599278464,-0.0398016851412754,0.028814154604162135,0.06166536202889235,0.9095204833669454,2
2010-09-03,train,train,0.0058476624094113,0.0154750359733339,-0.0398016851412754,0.07234834968363943,0.03610222763099938,0.8915494226853613,2
2010-09-06,train,train,0.0021958088025032,0.0150132417768864,-0.0398016851412754,0.15274871110776775,0.020489572501758133,0.8267617163904741,2
2010-09-07,train,train,-0.0136104929671111,0.0149327932437518,-0.0398016851412754,0.07749564118931376,0.021922047745400443,0.9005823110652857,2
2010-09-08,train,train,0.010168534889441,0.0146905738936526,-0.0398016851412754,0.10419066875387337,0.0181560292194514,0.8776533020266752,2
2010-09-09,train,train,0.0118973866631573,0.0145381240952929,-0.0398016851412754,0.10984552043752999,0.017438280906070767,0.8727161986563995,2
2010-09-10,train,train,-0.0021773917856108,0.0141053213780052,-0.0398016851412754,0.19597750518967647,0.011676439097923215,0.7923460557124002,2
2010-09-13,train,train,0.0070474649247426,0.0137841391250281,-0.0398016851412754,0.2861857921731616,0.009413848910559056,0.7044003589162795,2
2010-09-14,train,train,0.0038382987507376,0.013397249500216,-0.0398016851412754,0.4309709665948309,0.006592910888502243,0.562436122516667,2
2010-09-15,train,train,-0.005083863256716,0.0130486725936991,-0.0398016851412754,0.5217997272131134,0.00521520923730091,0.47298506354958575,0
2010-09-16,train,train,-0.0032605821218755,0.0126763428802045,-0.0354070485028519,0.6396075638675286,0.003673736271610643,0.35671869986086063,0
2010-09-17,train,train,-0.0120346837347807,0.0126387620217841,-0.0354070485028519,0.4979701955931953,0.0063390622218682646,0.4956907421849366,0
2010-09-20,train,train,0.0144857524631799,0.0127571246204686,-0.0354070485028519,0.3811082482919629,0.010227310477485992,0.6086644412305511,2
2010-09-21,train,train,0.0018042198888985,0.0123763842632525,-0.0222982197164826,0.5425556254389811,0.005892076879625387,0.45155229768139343,0
2010-09-22,train,train,-0.0194492413660104,0.0129104908337593,-0.0232068673681598,0.11191575955614066,0.02023920252896914,0.8678450379148901,2
2010-09-23,train,train,-0.005100549091324,0.012579382465624,-0.0232068673681598,0.16968433153083096,0.013916737345414721,0.8163989311237543,2
2010-09-24,train,train,0.0213017407197069,0.0132654536629864,-0.0232068673681598,0.03039097345252616,0.031042029021897684,0.938566997525576,2
2010-09-27,train,train,-0.0107401692964619,0.0131276425691267,-0.0232068673681598,0.03321739654180205,0.02474804441027052,0.9420345590479274,2
2010-09-28,train,train,-0.0021033909458043,0.0127381456525523,-0.0232068673681598,0.08205208474818174,0.016067055784866304,0.901880859466952,2
2010-09-29,train,train,-0.0098589811998183,0.0125839860141213,-0.0232068673681598,0.0798549705759575,0.014861712474885245,0.9052833169491573,2
2010-09-30,train,train,0.0026379547905007,0.0122177260606051,-0.0232068673681598,0.16286191630925792,0.01082686902202457,0.8263112146687176,2
2010-10-01,train,train,-0.0061437528397377,0.0119407370887988,-0.0232068673681598,0.21455061544233708,0.009412390582626856,0.7760369939750358,2
2010-10-04,train,train,-0.0064416636847677,0.0116840075296127,-0.0232068673681598,0.266248068837441,0.008479815087518086,0.7252721160750408,2
2010-10-05,train,train,0.0255027529315082,0.0129363246117302,-0.0232068673681598,0.015652950916630607,0.037324348883374284,0.9470227001999951,2
2010-10-06,train,train,0.0045898755521627,0.0125925216794538,-0.0232068673681598,0.05489676218379659,0.023160654860959945,0.9219425829552435,2
2010-10-07,train,train,0.0037405560795769,0.0122432353444557,-0.0232068673681598,0.12088745772926551,0.015233213254694471,0.8638793290160403,2
2010-10-08,train,train,-0.0018172437799052,0.0118786003171705,-0.0232068673681598,0.2140912301813212,0.01051002690230492,0.7753987429163738,2
2010-10-11,train,train,-0.0018672766025451,0.0115258093026044,-0.0232068673681598,0.3365741421708862,0.007574535611348196,0.6558513222177657,2
2010-10-12,train,train,-0.0049276096061327,0.0112396843132283,-0.0232068673681598,0.42930683504518347,0.00618736844387969,0.5645057965109369,2
2010-10-13,train,train,0.0202569532580346,0.0119737764540374,-0.0232068673681598,0.12351475130712633,0.01996248032536346,0.8565227683675102,2
2010-10-14,train,train,-0.0015103688146151,0.0116149006045835,-0.0232068673681598,0.22028650492080967,0.012484328570597525,0.7672291665085926,2
2010-10-15,train,train,0.0017036658648399,0.0112687936237129,-0.0232068673681598,0.36101178936195616,0.008118804239522534,0.6308694063985212,2
2010-10-18,train,train,0.0027106663774237,0.0109456580378881,-0.0232068673681598,0.5191707349793672,0.005356181610200239,0.47547308341043254,0
2010-10-19,train,train,-0.0002202902767959,0.0106123463832371,-0.0232068673681598,0.6662688659726177,0.0033740355583626513,0.33035709846901956,0
2010-10-20,train,train,0.0001468954491984,0.0102891144764123,-0.0232068673681598,0.7837963206981599,0.002044084869939633,0.21415959443190027,0
2010-10-21,train,train,-0.0004222817268056,0.0099762028556762,-0.0232068673681598,0.8626812004387665,0.001218411831279912,0.13610038772995392,0
2010-10-22,train,train,0.0029793195820164,0.009699779725481,-0.0232068673681598,0.9125680783007492,0.0007312115326702583,0.08670071016658087,0
2010-10-25,train,train,-0.0050011395491045,0.0094837369705648,-0.0232068673681598,0.9256667156213352,0.0005797227888949682,0.07375356158977016,0
2010-10-26,train,train,-0.0066918967281122,0.0093397901379222,-0.0232068673681598,0.9243774592016338,0.0005752651380097186,0.0750472756603566,0
2010-10-27,train,train,-0.0090893499597216,0.0093249534043137,-0.0232068673681598,0.8997489082735697,0.0008154904597415054,0.09943560126668877,0
2010-10-28,train,train,0.0049782372523861,0.0091227430853624,-0.0232068673681598,0.9301208193877145,0.0005541025014682832,0.06932507811081708,0
2010-10-29,train,train,0.0055086244280132,0.008947159968547,-0.0229010715892838,0.9471021460727379,0.0003909017496988418,0.052506952177563404,0
2010-11-01,train,train,-0.0152269744658479,0.0094424687606377,-0.0229010715892838,0.8010029536065785,0.0019660758997909434,0.1970309704936307,0
2010-11-02,train,train,0.0105177345380305,0.009510413645401,-0.0229010715892838,0.8053852953260526,0.0021921280267690546,0.1924225766471783,0
2010-11-03,train,train,-0.0180581897957771,0.0102267777313409,-0.0180566402932728,0.37352618485456146,0.011354255626120009,0.6151195595193185,2
2010-11-04,train,train,0.003145606877232,0.0099451221389101,-0.0180566402932728,0.5305818000678415,0.0065017410101329285,0.4629164589220256,0
2010-11-05,train,train,-0.0166140675990032,0.010465790062266,-0.0180566402932728,0.1993292066534864,0.015591620698040976,0.7850791726484725,2
2010-11-08,train,train,-0.0131566190911668,0.0106464357173837,-0.0180566402932728,0.10993136407719922,0.017796744891980413,0.8722718910308204,2
2010-11-09,train,train,0.0114002205314166,0.010693161345702,-0.0180566402932728,0.12204966517561612,0.01665440873519493,0.861295926089189,2
2010-11-10,train,train,-0.0168953308704931,0.0111628943336712,-0.0181342540107602,0.03122721258381979,0.0237405068425589,0.9450322805736213,2
2010-11-11,train,train,-0.0084279037883964,0.0110179567546081,-0.0181342540107602,0.046677659748451936,0.018379314680440746,0.9349430255711071,2
2010-11-12,train,train,0.0075872712667598,0.0108427694755608,-0.0181342540107602,0.0888578342398991,0.014624497606515713,0.8965176681535854,2
2010-11-15,train,train,0.0119458586710961,0.0109120998561016,-0.0181342540107602,0.09520990548791533,0.015308030180723943,0.8894820643313607,2
2010-11-16,train,train,-0.0248775688176105,0.0122091397604359,-0.0207949999931326,0.002392266024014952,0.04327581113978921,0.9543319228361958,2
2010-11-17,train,train,0.0092581307310312,0.0120524722420936,-0.0207949999931326,0.023512046319212828,0.030360350532250835,0.9461276031485363,2
2010-11-18,train,train,0.0132590581775757,0.0121282529386153,-0.0207949999931326,0.030071514559772895,0.027647357112681195,0.9422811283275458,2
2010-11-19,train,train,-0.0052046206997605,0.0118276850135668,-0.0207949999931326,0.06350700502692991,0.018520740627082324,0.917972254345988,2
2010-11-22,train,train,-0.0271674237830555,0.0132583792265054,-0.0238314113222254,0.0007189110903411081,0.05989355509859079,0.9393875338110682,2
2010-11-23,train,train,-0.0309449509449354,0.0149228999148982,-0.0276633145152004,2.8208206991252607e-05,0.19360305753307092,0.8063687342599376,2
2010-11-24,train,train,0.0052278406300243,0.014524847139197,-0.0276633145152004,0.025276826737837245,0.11009565124434251,0.8646275220178202,2
2010-11-25,train,train,-0.0021372181112372,0.0140920891079824,-0.0276633145152004,0.06983382152448817,0.0582785735356262,0.8718876049398859,2
2010-11-26,train,train,-0.0181228465499688,0.0143658626934167,-0.0276633145152004,0.013721978635710577,0.0655583249162277,0.9207196964480618,2
2010-11-29,train,train,-0.0235811482742339,0.0150784469858941,-0.0276633145152004,0.0008910296404889013,0.10587773259782948,0.8932312377616815,2
2010-11-30,train,train,-0.0061855154695591,0.0146974020082967,-0.0276633145152004,0.021277267672521822,0.061336936033038796,0.9173857962944394,2
2010-12-01,train,train,0.0434153780976822,0.0177805093168828,-0.0276633145152004,2.8754888442570243e-07,0.6248212820021803,0.37517843044893506,1
2010-12-02,train,train,0.0274346653518674,0.0185023612723303,-0.0276633145152004,8.22402038036113e-05,0.7784561151820414,0.2214616446141549,1
2010-12-03,train,train,0.0067327091811727,0.0180143524076724,-0.0276633145152004,0.009093231898743613,0.6199292113454972,0.37097755675575916,1
2010-12-06,train,train,-0.0125499178284298,0.017734032405456,-0.0276633145152004,0.00994573697167994,0.5065653939722986,0.48348886905602156,1
2010-12-07,train,train,0.0035125487005191,0.0172152964232019,-0.0276633145152004,0.04246224902487747,0.3222762139204524,0.6352615370546704,2
2010-12-08,train,train,0.0153679545545894,0.0171100814350459,-0.0276633145152004,0.030567814997226012,0.27595092333450694,0.6934812616682672,2
2010-12-09,train,train,0.0105704959420983,0.016789690782703,-0.0276633145152004,0.05060349987271083,0.1868164042505794,0.7625800958767098,2
2010-12-10,train,train,-0.0062637150375798,0.0163503559945457,-0.0276633145152004,0.08548197753986171,0.10663083034400972,0.8078871921161288,2
2010-12-13,train,train,0.00289051553944,0.0158680621842901,-0.0276633145152004,0.17574470520818428,0.05369928066812675,0.7705560141236889,2
2010-12-14,train,train,0.001132230952208,0.0153871566720813,-0.0276633145152004,0.30726867780299927,0.025732803136642744,0.6669985190603579,2
2010-12-15,train,train,-0.0151594990855688,0.0153735922859827,-0.0276633145152004,0.12408996969671687,0.0311192807747531,0.8447907495285298,2
2010-12-16,train,train,4.9949850165819565e-05,0.0149052557538722,-0.0276633145152004,0.2297894034972647,0.017114756150986853,0.7530958403517486,2
2010-12-17,train,train,-0.0112717743901917,0.0147125736707499,-0.0276633145152004,0.17049367122675307,0.016558762424839515,0.8129475663484073,2
2010-12-20,train,train,0.0098522074540114,0.014467072754335,-0.0276633145152004,0.20956042186172025,0.014005577695620351,0.7764340004426591,2
2010-12-21,train,train,0.0205259826564337,0.0149002476581835,-0.0276633145152004,0.04643812430754729,0.02962350383730597,0.9239383718551468,2
2010-12-22,train,train,-0.0019522749938497,0.0144542388287238,-0.0276633145152004,0.10349816893327043,0.018097270370202187,0.8784045606965275,2
2010-12-23,train,train,-0.0075502772388431,0.014135413686685,-0.0276633145152004,0.1282946463878217,0.01428180300233662,0.8574235506098419,2
2010-12-27,train,train,-0.0207846759154761,0.0146199004806046,-0.0276633145152004,0.01184183268776157,0.029329884611558426,0.95882828270068,2
2010-12-28,train,train,0.0004544885257744,0.0141749565871723,-0.0276633145152004,0.051361023005449966,0.018402720894885975,0.930236256099664,2
2010-12-29,train,train,0.0078451573210621,0.0138768303368189,-0.0276633145152004,0.09338035151781021,0.014726901502297355,0.8918927469798925,2
2010-12-30,train,train,-0.0123385448398048,0.0137893733110275,-0.0276633145152004,0.061029304083407676,0.016109336273602573,0.9228613596429899,2
2011-01-03,train,train,0.0029573762968086,0.013388904802331,-0.0276633145152004,0.13259007731207967,0.011696694594850742,0.8557132280930697,2
2011-01-04,train,train,1.0172175928771066e-05,0.0129810250637582,-0.0276633145152004,0.24037209973689241,0.008682792073445734,0.7509451081896618,2
2011-01-05,train,train,-0.0088371287707311,0.0127703673282405,-0.0276633145152004,0.23833637226521487,0.009209272374461366,0.7524543553603237,2
2011-01-06,train,train,-0.0101210651834101,0.0126270939817169,-0.0276633145152004,0.20480484346910413,0.01039126874652415,0.7848038877843716,2
2011-01-07,train,train,-0.014743265802264,0.0127639619816378,-0.0276633145152004,0.0845154817509783,0.01564775382798754,0.899836764421034,2
2011-01-10,train,train,-0.012938098415331,0.012774477107767,-0.0276633145152004,0.05032470942064142,0.017324070206748064,0.9323512203726106,2
2011-01-11,train,train,0.0151738680027024,0.0129310017270147,-0.0276633145152004,0.03703205138493424,0.021018949991389386,0.9419489986236765,2
2011-01-12,train,train,0.0527575665057525,0.0180049939389256,-0.0276633145152004,6.836858047171673e-10,0.8108773649989807,0.18912263431733406,1
2011-01-13,train,train,0.0263398290065909,0.018610647862503,-0.0276633145152004,5.876464426031526e-05,0.880494286690735,0.11944694866500496,1
2011-01-14,train,train,0.0013779043216994,0.0180468489839514,-0.0276633145152004,0.006806104673258557,0.7356779982304648,0.25751589709627676,1
2011-01-17,train,train,-0.0101717994889457,0.0176735781053293,-0.0276633145152004,0.011983567755214666,0.5997747202440653,0.3882417120007201,1
2011-01-18,train,train,0.029086542702039,0.0185573613222332,-0.0276633145152004,0.00011862154467257789,0.7978949405099256,0.20198643794540175,1
2011-01-19,train,train,-0.0025449914130292,0.0180028258494833,-0.0276633145152004,0.009670025217678898,0.6242901395413696,0.36603983524095146,1
2011-01-20,train,train,0.0075873485475638,0.0175530540286227,-0.0276633145152004,0.031272314726956935,0.45427982319275295,0.5144478620802899,2
2011-01-21,train,train,0.0179078121169599,0.0175745414585082,-0.0276633145152004,0.013342775390264665,0.43983918857035403,0.5468180360393815,2
2011-01-24,train,train,-0.0012658397447049,0.0170419710727301,-0.0276633145152004,0.049870408224786736,0.2638656416897962,0.6862639500854171,2
2011-01-25,train,train,-0.014059966390857,0.0168779148787955,-0.0276633145152004,0.026367416675448632,0.21176354782750878,0.7618690354970428,2
2011-01-26,train,train,0.0005905583795217,0.0163643849737316,-0.0276633145152004,0.07802156664117736,0.11199536366462062,0.809983069694202,2
2011-01-27,train,train,0.0146983636346278,0.0162692354905363,-0.0276633145152004,0.05759776235912218,0.09415077743396726,0.8482514602069106,2
2011-01-28,train,train,-0.0075733965924044,0.0158823210582234,-0.0276633145152004,0.08091025327356,0.05632822164590781,0.862761525080532,2
2011-01-31,train,train,0.0054748950203479,0.0154567688536035,-0.0276633145152004,0.1533708289015946,0.031629749768032824,0.8149994213303727,2
2011-02-01,train,train,0.0148713396534769,0.015422269799723,-0.0276633145152004,0.10329469379810817,0.03210193947618151,0.8646033667257106,2
2011-02-02,train,train,0.003849276974704,0.0149821439528059,-0.0276633145152004,0.19516284792812816,0.018566960582277716,0.7862701914895941,2
2011-02-03,train,train,-0.01367135990939,0.014906747602464,-0.0276633145152004,0.09832872382371664,0.020771555552443546,0.8808997206238398,2
2011-02-04,train,train,-0.0005526037725234,0.0144532618773174,-0.0276633145152004,0.18879227085795117,0.013056097340631892,0.7981516318014167,2
2011-02-07,train,train,0.0062358236955837,0.0140959604848482,-0.0276633145152004,0.28880854470579914,0.009765397287585109,0.7014260580066157,2
2011-02-08,train,train,0.0038834684911569,0.0136996064002689,-0.0276633145152004,0.43367039623313797,0.006718451465969506,0.5596111523008923,2
2011-02-09,train,train,-0.0026939821862359,0.0132986433515654,-0.0276633145152004,0.5660510305890895,0.004624150437936883,0.42932481897297387,0
2011-02-10,train,train,-0.0132276107318337,0.0132943920971582,-0.0272311743340749,0.37188175843932525,0.008681596249623037,0.6194366453110515,2
2011-02-11,train,train,0.0010834879056795,0.0128921234217451,-0.0272311743340749,0.5328204920143363,0.00538468337522136,0.4617948246104421,0
2011-02-14,train,train,-0.0026785669284896,0.0125165857481041,-0.0272311743340749,0.6570953692271961,0.0035712323618640428,0.33933339841093973,0
2011-02-15,train,train,0.0047683335296794,0.0121913593967728,-0.0272311743340749,0.766505949292184,0.0023530264557081373,0.2311410242521079,0
2011-02-16,train,train,0.0202621750540185,0.0128197048944187,-0.0251035917115484,0.3653255522142948,0.01329026447117485,0.6213841833145304,2
2011-02-17,train,train,0.0058842165922292,0.012512457147157,-0.0208295569132262,0.49499857258981234,0.008094410899646375,0.4969070165105415,2
2011-02-18,train,train,-0.0040484486021025,0.0121717412473691,-0.0208295569132262,0.6034081581135627,0.005093219228991298,0.39149862265744556,0
2011-02-21,train,train,-0.0235492007235547,0.0131352997368323,-0.0226383416377549,0.044254145020567244,0.030410787107947177,0.9253350678714856,2
2011-02-22,train,train,-0.0100965618359053,0.0129730631263483,-0.0226383416377549,0.04749792299176078,0.02364077380049727,0.9288613032077416,2
2011-02-23,train,train,-0.0064213113331912,0.0126758171027224,-0.0198311252415332,0.07767298968074596,0.016933642798037607,0.9053933675212166,2
2011-02-24,train,train,0.0013344518765143,0.0122940068560667,-0.0198311252415332,0.16077118206511481,0.011642107144867962,0.8275867107900172,2
2011-02-25,train,train,0.0163113365905546,0.0125713018571911,-0.0198311252415332,0.0846581598279326,0.01811175347061772,0.8972300867014498,2
2011-02-28,train,train,0.0025929963295021,0.0122048674863526,-0.0198311252415332,0.17055052774517407,0.01220993098672616,0.8172395412680997,2
2011-03-01,train,train,-0.008226644797388,0.0120034130152721,-0.0198311252415332,0.18502651392423985,0.011150269246382818,0.8038232168293772,2
2011-03-02,train,train,-0.0110346217828939,0.0119475010461512,-0.0198311252415332,0.1417914723515391,0.0124981888741596,0.8457103387743012,2
2011-03-03,train,train,-0.007251041047993,0.0117189107919506,-0.0198311252415332,0.17299773666503404,0.01092652300355804,0.816075740331408,2
2011-03-04,train,train,-0.0064750589827933,0.0114720739742452,-0.0198311252415332,0.22016325224746838,0.009532308820882981,0.7703044389316488,2
2011-03-07,train,train,-0.0002857907856017,0.011122808682015,-0.0198311252415332,0.3559646893689051,0.0069508291506566395,0.6370844814804383,2
2011-03-08,train,train,0.0069311601898133,0.0109167907139744,-0.0198311252415332,0.46726338941297474,0.005909144084685644,0.5268274665023394,2
2011-03-09,train,train,-0.0008708934186771,0.0105863708438707,-0.0198311252415332,0.6162943901871765,0.0038902328822041365,0.37981537693061923,0
2011-03-10,train,train,-0.0118029405042566,0.0106632798452512,-0.0198311252415332,0.484250772515326,0.006445720767614106,0.50930350671706,2
2011-03-11,train,train,-0.0035710182049955,0.0103753715642321,-0.0196923808137649,0.6010099819399557,0.00440509545295317,0.39458492260709127,0
2011-03-14,train,train,0.001681538320298,0.0100677251282244,-0.0196923808137649,0.7368923120299926,0.0026428760627904323,0.2604648119072169,0
2011-03-15,train,train,-0.0083102709233979,0.0099710170028563,-0.0196923808137649,0.7298171161219931,0.002863645042711101,0.2673192388352961,0
2011-03-16,train,train,-0.0232207443221034,0.011216420430749,-0.0225182069870447,0.08189695540213414,0.025083855064738085,0.8930191895331278,2
2011-03-17,train,train,0.0228236946258679,0.0122276270888941,-0.0225182069870447,0.009789469016952913,0.05007517349641714,0.94013535748663,2
2011-03-18,train,train,0.0002712098557716,0.0118553104412624,-0.0225182069870447,0.04749746453159773,0.02838864895863335,0.9241138865097688,2
2011-03-21,train,train,0.0235386265886849,0.0128592184451496,-0.0225182069870447,0.005020343470839759,0.057106677038846886,0.9378729794903135,2
2011-03-22,train,train,0.0001606789891207,0.0124675369717969,-0.020504403615974,0.03887702978426099,0.03195829227946474,0.9291646779362741,2
2011-03-23,train,train,0.005835800729724,0.0121719556220009,-0.020504403615974,0.08759728645571392,0.02067781308917662,0.8917249004551093,2
2011-03-24,train,train,0.0109940275716616,0.0121045128765642,-0.020504403615974,0.10541975561407974,0.018155347231792567,0.8764248971541279,2
2011-03-25,train,train,-0.0042112485593243,0.0117810082304478,-0.020504403615974,0.17134784791632857,0.012629788285424104,0.8160223637982473,2
2011-03-28,train,train,0.0037835087842289,0.0114596475492724,-0.020504403615974,0.28975473228083065,0.0089807622162901,0.7012645055028794,2
2011-03-29,train,train,-0.0014893436615782,0.0111165282039345,-0.020504403615974,0.4300443879730543,0.0062742478117813055,0.5636813642151647,2
2011-03-30,train,train,-0.0002515638253205,0.0107780501210484,-0.020504403615974,0.585448078115091,0.004192022330935763,0.41035989955397334,0
2011-03-31,train,train,-0.0146233236564586,0.0110465776706097,-0.020504403615974,0.32520716138386124,0.009782721032487129,0.6650101175836518,2
2011-04-01,train,train,0.0143997290154101,0.0112759211278671,-0.0204644229007055,0.23791202466670175,0.013691022935827945,0.7483969523974703,2
2011-04-04,train,train,0.0024387282818613,0.0109487194311906,-0.0204644229007055,0.3817529670057668,0.00849328860949355,0.60975374438474,2
2011-04-05,train,train,-0.0072313042143889,0.0107619466357354,-0.0204644229007055,0.41991173780526714,0.007338146618430356,0.5727501155763025,2
2011-04-06,train,train,0.0154716422838255,0.011101019257911,-0.0204644229007055,0.2761434918761284,0.012764132360584778,0.7110923757632868,2
2011-04-07,train,train,0.000368762540282,0.0107632165266387,-0.0204644229007055,0.4270269282562341,0.007670707390901849,0.5653023643528643,2
2011-04-08,train,train,0.0058909982100272,0.0105346215781101,-0.0204644229007055,0.5560039252880341,0.0053665285606303795,0.4386295461513355,0
2011-04-11,train,train,-0.0032031255189814,0.0102437862859279,-0.0204644229007055,0.6704767008714893,0.0035335549531569513,0.32598974417535387,0
2011-04-12,train,train,-0.0086600517737108,0.0101557293104365,-0.0204644229007055,0.6560113681487211,0.003867640522345607,0.34012099132893325,0
2011-04-13,train,train,0.0001390789732671,0.009846403817379,-0.0204644229007055,0.7763692791937774,0.0022361192004580273,0.2213946016057647,0
2011-04-14,train,train,-0.0152557730498892,0.010251774711131,-0.0206752393651824,0.4968219343920754,0.007240505900622392,0.495937559707302,0
2011-04-15,train,train,-0.0060525885789809,0.0100494269167203,-0.0206752393651824,0.5633289428365263,0.005464930510231822,0.43120612665324193,0
2011-04-18,train,train,-0.0204469953469582,0.0109551950962247,-0.0224056467975387,0.09350009062438792,0.021928381908249795,0.8845715274673623,2
2011-04-19,train,train,0.0030499547364598,0.0106476971714184,-0.0224056467975387,0.1830955466982923,0.013878848141814368,0.8030256051598933,2
2011-04-20,train,train,0.0151974339230743,0.0109740041744912,-0.0224056467975387,0.11647132618243644,0.018400934001236414,0.865127739816327,2
2011-04-21,train,train,0.0046117904878824,0.0106994933643931,-0.0224056467975387,0.20894944242880523,0.012405394299328996,0.7786451632718658,2
2011-04-26,train,train,0.006263360172405,0.0104863811488219,-0.0224056467975387,0.31322048674441266,0.009282363153264086,0.677497150102323,2
2011-04-27,train,train,0.0084427373796203,0.0103751205819566,-0.0224056467975387,0.39230868703637156,0.00799504121936211,0.5996962717442663,2
2011-04-28,train,train,0.011745361630709,0.0104623969841953,-0.0224056467975387,0.3825153899265993,0.009108739060578356,0.6083758710128223,2
2011-04-29,train,train,0.0010208995175007,0.0101467521781649,-0.0224056467975387,0.5436535202754107,0.005459578559164296,0.45088690116542524,0
2011-05-02,train,train,-0.000147138517444,0.0098377072513766,-0.0224056467975387,0.6874105126548293,0.003275295533201549,0.30931419181196934,0
2011-05-03,train,train,-0.0047643721055086,0.009609141971037,-0.0224056467975387,0.7571627396842845,0.0024296375547554314,0.24040762276096,0
2011-05-04,train,train,-0.0104930916824571,0.0096644591797865,-0.0224056467975387,0.686388117323547,0.003573383409791345,0.31003849926666177,0
2011-05-05,train,train,-0.0079944467600981,0.0095724780335865,-0.0224056467975387,0.6901357834864251,0.003508291787052918,0.30635592472652196,0
2011-05-06,train,train,-0.0015820683254337,0.0092889489164527,-0.0224056467975387,0.7930075890215865,0.0020730514450162272,0.20491935953339707,0
2011-05-09,train,train,-0.0203941428992641,0.010298677659285,-0.0224056467975387,0.22726516433218444,0.01581768935214125,0.7569171463156743,2
2011-05-10,train,train,0.0074842751001844,0.0101518401417959,-0.0224056467975387,0.31661912886286536,0.011323590071499811,0.6720572810656349,2
2011-05-11,train,train,0.0054365494789759,0.0099322520599784,-0.0224056467975387,0.4488982328788072,0.0075262672707005745,0.5435754998504921,2
2011-05-12,train,train,-0.004177200750552,0.0096838831824115,-0.0224056467975387,0.5574359737395036,0.005195326429867583,0.4373686998306288,0
2011-05-13,train,train,-0.0125792407149461,0.0098815573519072,-0.0224056467975387,0.39288061984991796,0.008548820541831474,0.5985705596082506,2
2011-05-16,train,train,0.0007143103871938,0.0095821229128437,-0.0224056467975387,0.5533848030438286,0.005189983502491205,0.44142521345368035,0
2011-05-17,train,train,-0.0055635579463043,0.0093896349964813,-0.0224056467975387,0.6268909574599398,0.004077464596603145,0.3690315779434572,0
2011-05-18,train,train,0.0036125619731969,0.009146494786842,-0.0213539608561085,0.7511125753502668,0.0025317135818313384,0.24635571106790233,0
2011-05-19,train,train,0.0031948719238872,0.0089023197689809,-0.0213539608561085,0.8416584903699098,0.0015051612107424561,0.15683634841934785,0
2011-05-20,train,train,-0.014580410718764,0.0093408523185364,-0.0213539608561085,0.6278785654123487,0.004856305049006944,0.36726512953864454,0
2011-05-23,train,train,-0.0141709455542171,0.0096987304627224,-0.0213539608561085,0.38596359421149723,0.009875155821008631,0.6041612499674942,2
2011-05-24,train,train,0.0032873819326036,0.0094376831389635,-0.0213539608561085,0.5421670343298168,0.005889061125123335,0.45194390454505967,0
2011-05-25,train,train,0.0099836194777827,0.0094713267667322,-0.0213539608561085,0.580085541468071,0.0056065645084438405,0.4143078940234848,0
2011-05-26,train,train,-0.0013907732519013,0.0091891089825497,-0.0213539608561085,0.7098634108925925,0.0032290998720684795,0.2869074892353391,0
2011-05-27,train,train,0.0056684012316579,0.0090167170750207,-0.0213539608561085,0.7985050024458374,0.002119855940432051,0.1993751416137305,0
2011-05-30,train,train,-0.0003509551999879,0.008742454219237,-0.0213539608561085,0.8723996614256939,0.0011860124597992982,0.12641432611450662,0
2011-05-31,train,train,0.0210680923087253,0.0099235349669695,-0.0213539608561085,0.47789406862003786,0.010539891504200979,0.5115660398757612,2
2011-06-01,train,train,-0.0131347905636804,0.0101449158131219,-0.0213539608561085,0.30047859789223996,0.014121659192200337,0.6853997429155597,2
2011-06-02,train,train,-0.0076018566872621,0.0100105669844236,-0.0213539608561085,0.32926940322993536,0.010937612183998547,0.659792984586066,2
2011-06-03,train,train,0.0024043016935853,0.0097234563950624,-0.0213539608561085,0.4870067272340967,0.006604435697310512,0.5063888370685927,2
2011-06-06,train,train,-0.0125225554219286,0.0099137143225128,-0.0213539608561085,0.33250536124047586,0.009916373984535301,0.6575782647749888,2
2011-06-07,train,train,0.0010232734811962,0.0096149702592016,-0.0213539608561085,0.4914839904960532,0.0061240825212654035,0.5023919269826816,2
2011-06-08,train,train,-0.0084539945444471,0.0095492929228118,-0.0213539608561085,0.4896139298029418,0.006184782323639913,0.504201287873418,2
2011-06-09,train,train,0.003880312741318,0.0093070438499208,-0.0213539608561085,0.6360002684364933,0.003982741710716441,0.36001698985279007,0
2011-06-10,train,train,-0.0170286430052323,0.0099409397074355,-0.0192899270838182,0.25502862299795676,0.012960116315895363,0.732011260686148,2
2011-06-13,train,train,-0.0004623424608732,0.0096387639749048,-0.0192899270838182,0.39812715626564804,0.0079927886317585,0.5938800551025932,2
2011-06-14,train,train,0.0185672435230182,0.0103930734928928,-0.0192899270838182,0.15654720114350237,0.01884629847319045,0.8246065003833071,2
2011-06-15,train,train,-0.0198852578227101,0.0111919804660073,-0.0202421320229774,0.01876428508992767,0.03313081864732591,0.9481048962627463,2
2011-06-16,train,train,-0.0014708765699963,0.0108570074062538,-0.0202421320229774,0.060505410901883896,0.020177242364204002,0.919317346733912,2
2011-06-17,train,train,0.0216127570881666,0.0117825637858409,-0.0202421320229774,0.010490375853038358,0.038216181198313326,0.9512934429486481,2
2011-06-20,train,train,-0.009626631130519,0.0116644503694237,-0.0202421320229774,0.02253810068062133,0.02776346156434256,0.9496984377550362,2
2011-06-21,train,train,0.0191224377165637,0.0122407473517321,-0.0202421320229774,0.009566649488937916,0.038241180071379194,0.9521921704396827,2
2011-06-22,train,train,-0.0005572561755881,0.0118686298304359,-0.0202421320229774,0.04641212452854673,0.022713179641088623,0.9308746958303644,2
2011-06-23,train,train,-0.0281244887044801,0.0134116264301577,-0.0229885423169008,0.0003816150024320573,0.0746451803451042,0.9249732046524636,2
2011-06-24,train,train,-0.0131510446254511,0.0133961344639569,-0.0229885423169008,0.007617087311370316,0.057694955180535586,0.9346879575080941,2
2011-06-27,train,train,0.0060452670888382,0.0130721745976847,-0.0229885423169008,0.038458273643835604,0.034799394703247416,0.926742331652917,2
2011-06-28,train,train,0.0065122536107425,0.0127739348133239,-0.0229885423169008,0.08371491328218927,0.022567311881841717,0.8937177748359688,2
2011-06-29,train,train,0.0206078567523614,0.0133740058162727,-0.0229885423169008,0.01798750786893516,0.038340859355149325,0.9436716327759156,2
2011-06-30,train,train,0.0210997178600928,0.0139586559276245,-0.0229885423169008,0.005150832277162031,0.05695119770495258,0.9378979700178857,2
2011-07-01,train,train,0.0126704530791688,0.0138847345549471,-0.0229885423169008,0.017574393351850712,0.04467194840729555,0.9377536582408538,2
2011-07-04,train,train,-0.0022900796841024,0.0134734320178355,-0.0229885423169008,0.05657311466665442,0.025925275231871034,0.9175016101014746,2
2011-07-05,train,train,-0.0132610725544003,0.0134607849264619,-0.0229885423169008,0.03389466023810124,0.024775151167004763,0.9413301885948938,2
2011-07-06,train,train,-0.0122331391407319,0.0133903005410807,-0.0229885423169008,0.027913340197418,0.022545699971628818,0.9495409598309533,2
2011-07-07,train,train,-0.0008136793155782,0.0129839078904371,-0.0229885423169008,0.07706897174894423,0.014957449350289208,0.9079735789007664,2
2011-07-08,train,train,-0.0256291126954619,0.0140669128565693,-0.0247335322489667,0.0015099587638144254,0.0453915536734768,0.9530984875627088,2
2011-07-11,train,train,-0.0272956498779162,0.0151890916519364,-0.0270164170926194,0.0001403107005382226,0.10946470602210204,0.8903949832773597,2
2011-07-12,train,train,-0.0069730786693484,0.0148250944167652,-0.0270164170926194,0.018655714299763513,0.0646806121913118,0.9166636735089246,2
2011-07-13,train,train,0.0065904829324217,0.0144638337557853,-0.0270164170926194,0.053962002837864925,0.038768239064764086,0.9072697580973709,2
2011-07-14,train,train,-0.0070905127452674,0.0141303524357867,-0.0270164170926194,0.08010051389983455,0.025246788627542767,0.8946526974726227,2
2011-07-15,train,train,-0.0119899493589846,0.0140111520404223,-0.0270164170926194,0.056705398255270316,0.022700063429172496,0.920594538315557,2
2011-07-18,train,train,-0.0144862911444437,0.0140401138341944,-0.0270164170926194,0.02670821554063573,0.02423232112386651,0.9490594633354977,2
2011-07-19,train,train,0.0102174308670772,0.0138405585978283,-0.0270164170926194,0.0482600309109051,0.0200001635315366,0.9317398055575581,2
2011-07-20,train,train,0.0301432143718938,0.01531614184193,-0.0270164170926194,0.0005488001946564828,0.08780907112138059,0.911642128683963,2
2011-07-21,train,train,0.0288419310240429,0.0164444692215508,-0.0270164170926194,0.0001943314159231658,0.21662180324830935,0.7831838653357674,2
2011-07-22,train,train,0.0041540573556681,0.0159759414574125,-0.0270164170926194,0.0263542303928815,0.12160316089645876,0.8520426087106597,2
2011-07-25,train,train,-0.0193827852878215,0.0162005680472771,-0.0270164170926194,0.004538925266867194,0.13353007168126946,0.8619310030518634,2
2011-07-26,train,train,-0.0033300033037229,0.0157281987548275,-0.0270164170926194,0.03234463331244172,0.07267868139569843,0.8949766852918599,2
2011-07-27,train,train,-0.0195214601765504,0.015981204784138,-0.0270164170926194,0.005122499492455331,0.08534442053293953,0.9095330799746051,2
2011-07-28,train,train,0.0014196889806243,0.0154982548365777,-0.0270164170926194,0.03913784878401724,0.04617954785432121,0.9146826033616615,2
2011-07-29,train,train,-0.0027271107859118,0.0150409566449429,-0.0270164170926194,0.0891027635095617,0.026318978178427203,0.8845782583120112,2
2011-08-01,train,train,-0.0329864690087897,0.0166716220700752,-0.029468869197062,8.106187123602632e-05,0.14408932130710794,0.855829616821656,2
2011-08-02,train,train,-0.0220589341948326,0.0170429515685896,-0.029468869197062,0.0007052968725482291,0.18390501775479973,0.8153896853726521,2
2011-08-03,train,train,-0.0085057493710097,0.0166545889358122,-0.029468869197062,0.015293212242181584,0.11360406587487554,0.8711027218829429,2
2011-08-04,train,train,-0.0396346818312174,0.0188411064668542,-0.0335818798481624,4.083064666193073e-07,0.6076563925707632,0.3923431991227702,1
2011-08-05,train,train,-0.0017628860934123,0.0182722336172762,-0.0335818798481624,0.016355944264095996,0.41178265422587146,0.5718614015100324,2
2011-08-08,train,train,-0.0247289421275575,0.0187225341449106,-0.0335818798481624,0.00043901330068087346,0.5367969136208798,0.46276407307843903,1
2011-08-09,train,train,-0.003611975568229,0.0181737192057441,-0.0335818798481624,0.017443674817955973,0.35191165016749715,0.6306446750145469,2
2011-08-10,train,train,-0.0564838380223501,0.0224029565693277,-0.0430349962874524,1.5296850251172958e-13,0.993670583611819,0.006329416388028064,1
2011-08-11,train,train,0.0349580096294807,0.0233474337240658,-0.0430349962874524,2.3635284598357396e-08,0.9928357566856296,0.007164219679086097,1
2011-08-12,train,train,0.0471066421469942,0.0254074525655675,-0.0430349962874524,6.758094126995481e-12,0.9990088298026711,0.0009911701905706248,1
2011-08-15,train,train,0.0071098700079005,0.0246949254344091,-0.0430349962874524,4.8698261956549484e-05,0.9375114026656206,0.06243989907242289,1
2011-08-16,train,train,-0.0039923693294279,0.023962581715043,-0.0430349962874524,0.0030727797447612512,0.8285878273835469,0.16833939287169203,1
2011-08-17,train,train,0.0061945832413527,0.0232820826988298,-0.0430349962874524,0.015134495044085393,0.6778565756155592,0.30700892934035556,1
2011-08-18,train,train,-0.0481734373095302,0.0254710199254046,-0.0480973190543659,1.1409900702261145e-10,0.9902786579967942,0.009721341889106795,1
2011-08-19,train,train,-0.0213622046174859,0.0252433577767518,-0.0480973190543659,8.521879030409004e-06,0.9640009911097513,0.03599048701121822,1
2011-08-22,train,train,0.0184967557363143,0.0248901844810464,-0.0480973190543659,0.0001762127950074497,0.9306403263097046,0.06918346089528793,1
2011-08-23,train,train,-0.0017015638184139,0.0241355282862459,-0.0480973190543659,0.004316522687653014,0.8133444908831037,0.18233898642924345,1
2011-08-24,train,train,0.0107275265630068,0.0235473372525729,-0.0480973190543659,0.011170218029372478,0.6955514314971727,0.2932783504734546,1
2011-08-25,train,train,-0.0083992859015798,0.0229225074196653,-0.0480973190543659,0.02244448779905813,0.5374235632886291,0.4401319489123128,1
2011-08-26,train,train,-0.0137826868531011,0.0224791595268545,-0.0480973190543659,0.014532324401958617,0.44703601254555825,0.5384316630524832,2
2011-08-29,train,train,0.0252719613606609,0.0226564378954996,-0.0480973190543659,0.0008161130616291381,0.5897479405513877,0.4094359463869832,1
2011-08-30,train,train,0.0059145598431397,0.0220139557670619,-0.0480973190543659,0.017237206092336737,0.4112369391516719,0.5715258547559912,2
2011-08-31,train,train,0.0319078182545634,0.0227293626296314,-0.0480973190543659,5.516887660115692e-05,0.7292993093687696,0.2706455217546292,1
2011-09-01,train,train,0.0048627983761789,0.0220691028023155,-0.0480973190543659,0.012111763335941272,0.550484673246384,0.43740356341767467,1
2011-09-02,train,train,-0.0345586588828705,0.0230104462107143,-0.0480973190543659,2.2832230961105335e-06,0.8636265790165027,0.1363711377604011,1
2011-09-05,train,train,-0.0480431071000228,0.0252230094381432,-0.050900127477301,1.1517102634697216e-11,0.9960298338450696,0.003970166143413502,1
2011-09-06,train,train,-0.0162598788353628,0.0247768281342488,-0.050900127477301,1.9639832061817744e-05,0.9545719548480727,0.04540840531986565,1
2011-09-07,train,train,0.0273676345307586,0.0249398673781359,-0.050900127477301,8.58564930853885e-06,0.9639568495040856,0.03603456484660614,1
2011-09-08,train,train,0.0147497374758381,0.0244485265626588,-0.050900127477301,0.0004674286569489257,0.9122576255240197,0.08727494581903111,1
2011-09-09,train,train,-0.045424044299157,0.0261852487490464,-0.050900127477301,7.790853467649454e-11,0.9956136925580649,0.004386307364026479,1
2011-09-12,train,train,-0.0346638778571609,0.0267698016916869,-0.050900127477301,5.327815345048277e-09,0.9926380922012782,0.00736190247090644,1
2011-09-13,train,train,0.025009567265379,0.0266674643140963,-0.050900127477301,3.6648980202534444e-06,0.9759997186955743,0.023996616406405644,1
2011-09-14,train,train,0.0266389874354537,0.0266657565589682,-0.050900127477301,6.086888253679411e-06,0.9716374627750228,0.02835645033672376,1
2011-09-15,train,train,0.0356735990463451,0.0272902026123954,-0.050900127477301,7.129284877387152e-08,0.9899752566627615,0.010024672044389865,1
2011-09-16,train,train,0.0060384190358376,0.0265001433840498,-0.050900127477301,0.0005058771753948001,0.9203273879904477,0.0791667348341578,1
2011-09-19,train,train,-0.019951220715512,0.0261534933784195,-0.050900127477301,0.00016034951350905438,0.8979774005792694,0.10186224990722148,1
2011-09-20,train,train,0.016822945518551,0.0256894062347991,-0.050900127477301,0.0008468526844898945,0.852539491661925,0.14661365565358503,1
2011-09-21,train,train,-0.0183321533616994,0.0253083568796427,-0.050900127477301,0.0004981192548929746,0.8196494023439356,0.1798524784011716,1
2011-09-22,train,train,-0.0473247160039958,0.0271377942538086,-0.050900127477301,3.3728227207715534e-11,0.9940094152784406,0.005990584687831189,1
2011-09-23,train,train,0.0209892630550372,0.0268086783366867,-0.050900127477301,1.3309677351526999e-05,0.9666211900896429,0.033365500233005545,1
2011-09-26,train,train,0.0252874856844348,0.0267198491022081,-0.050900127477301,1.5228253775382797e-05,0.9622358033301085,0.03774896841611586,1
2011-09-27,train,train,0.0394706935468075,0.0276512107298404,-0.050900127477301,9.113835194000029e-09,0.9934438678028015,0.0065561230833631285,1
2011-09-28,train,train,-0.0060780745605318,0.0268501520844535,-0.050900127477301,0.00026435299573059474,0.925951998855371,0.07378364814889818,1
2011-09-29,train,train,0.0131556858244492,0.0262308816304653,-0.050900127477301,0.001581957144925095,0.8563224476368687,0.14209559521820636,1
2011-09-30,train,train,-0.0053562378987046,0.025465603450742,-0.050900127477301,0.009075502962893776,0.7119043500089121,0.279020147028194,1
2011-10-03,train,train,-0.0228170192896022,0.0253145042163488,-0.050900127477301,0.00043435742363629956,0.7613026616186008,0.2382629809577631,1
2011-10-04,train,train,-0.0154895430266867,0.0248348592282482,-0.050900127477301,0.0015111399481952544,0.6904485078173223,0.30804035223448234,1
2011-10-05,train,train,0.030165036412089,0.0251865000390735,-0.050900127477301,2.402694461069141e-05,0.8641379819401418,0.1358379911152474,1
2011-10-06,train,train,0.0264826224744255,0.0252661424588822,-0.050900127477301,3.902666522301855e-05,0.9125501057682975,0.08741086756647941,1
2011-10-07,train,train,0.0106953666927118,0.0246361265134938,-0.050900127477301,0.002440788030449074,0.8223097560592297,0.1752494559103211,1
2011-10-10,train,train,0.0106271026645859,0.0240270373636901,-0.050900127477301,0.008331047135503995,0.7056278750252671,0.2860410778392286,1
2011-10-11,train,train,-0.0052881733876921,0.0233310629778047,-0.050900127477301,0.02684710512723229,0.5235436715564813,0.4496092233162864,1
2011-10-12,train,train,0.0202558601921932,0.0231580694795868,-0.050900127477301,0.006116397420565339,0.5532262754308355,0.4406573271485994,1
2011-10-13,train,train,-0.0092376929797857,0.0225663135978258,-0.050900127477301,0.015416937033729282,0.4031182155231629,0.581464847443108,2
2011-10-14,train,train,0.0035716351815233,0.0218963374449675,-0.050900127477301,0.055076529220956544,0.24063943706283245,0.7042840337162111,2
2011-10-17,train,train,-0.0124667032492043,0.0214477910118472,-0.050900127477301,0.039125632822821034,0.17851398695613654,0.7823603802210424,2
2011-10-18,train,train,-0.0059969916404222,0.0208462253047097,-0.050900127477301,0.07225326836070851,0.10133439426500038,0.8264123373742911,2
2011-10-19,train,train,0.0043259980669551,0.0202389243400916,-0.050900127477301,0.14879648495316794,0.05312101441801932,0.7980825006288127,2
2011-10-20,train,train,-0.0276457280492641,0.0207579958497864,-0.050900127477301,0.0012832779411266987,0.14422174599260335,0.8544949760662699,2
2011-10-21,train,train,0.0280411528221513,0.0212654438771797,-0.050900127477301,0.00024244126273325337,0.29708465293062053,0.7026729058066462,2
2011-10-24,train,train,0.0116900971816492,0.0208155100687649,-0.050900127477301,0.01270307508973735,0.21195809759041098,0.7753388273198515,2
2011-10-25,train,train,-0.0086900118834156,0.0202933316695292,-0.050900127477301,0.026841698539128177,0.1324460866284882,0.8407122148323835,2
2011-10-26,train,train,-0.0053183719801961,0.0197181960753445,-0.050900127477301,0.05913380259978207,0.0739080863451968,0.866958111055021,2
2011-10-27,train,train,0.0483991569779694,0.0224950555644673,-0.050900127477301,1.4528796478651261e-08,0.8378078338144066,0.16219215165679687,1
2011-10-28,train,train,-0.0049851313123863,0.0218439228484645,-0.050900127477301,0.006416332841901654,0.685668928613297,0.30791473854480145,1
2011-10-31,train,train,-0.0296512001895639,0.0223892645668853,-0.050900127477301,1.7503413734801483e-05,0.8522003045258785,0.14778219206038654,1
2011-11-01,train,train,-0.0428137082222026,0.0241077422103228,-0.050900127477301,8.064136862412543e-10,0.9889916464356058,0.011008352757980693,1
2011-11-02,train,train,-0.000594565132187,0.0233737769920139,-0.0478470868045162,0.0006625305858829025,0.9127530752839897,0.08658439413012708,1
2011-11-03,train,train,0.0159775428812648,0.0229971814884219,-0.0478470868045162,0.0011846254908297368,0.8616886461362597,0.13712672837291034,1
2011-11-04,train,train,-0.0134266661745073,0.0225378494293584,-0.0478470868045162,0.0020459574863826544,0.7792904580175088,0.21866358449610837,1
2011-11-07,train,train,-0.0140576934355932,0.0221209064500113,-0.0478470868045162,0.002803725554400822,0.6923481970154453,0.3048480774301538,1
2011-11-08,train,train,0.0049543966797951,0.0214813219990667,-0.0478470868045162,0.020055336781716077,0.508316021408945,0.4716286418093387,1
2011-11-09,train,train,-0.0211051816155889,0.021458939503143,-0.0478470868045162,0.0017416153003673234,0.5497660146160207,0.44849237008361237,1
2011-11-10,train,train,-0.003567159906869,0.0208235539068539,-0.0469306224677252,0.019874998384840716,0.3628064596794566,0.6173185419357025,2
2011-11-11,train,train,0.0290765102548892,0.0214086379853813,-0.0469306224677252,0.00024363930238457824,0.6102478575020112,0.38950850319560426,1
2011-11-14,train,train,-0.0217277389839744,0.0214279180520905,-0.0469306224677252,0.000330755244163737,0.6482678479061103,0.35140139684972604,1
2011-11-15,train,train,-0.0162077419941647,0.0211510705581832,-0.0469306224677252,0.0017138138300569505,0.5852969824249934,0.4129892037449499,1
2011-11-16,train,train,0.0080403383037722,0.0206010810642101,-0.0469306224677252,0.01618214990748008,0.42252905719017436,0.5612887929023456,2
2011-11-17,train,train,-0.0040423154233729,0.0199980170865071,-0.0469306224677252,0.04816166068719309,0.25759605741506425,0.6942422818977426,2
2011-11-18,train,train,0.0047645899705789,0.0194238905784593,-0.0469306224677252,0.11204503421060244,0.14238015697225645,0.745574808817141,2
2011-11-21,train,train,-0.0354084703432853,0.0207334478564179,-0.0469306224677252,1.9909806645331187e-05,0.5391842014978722,0.46079588869548255,1
2011-11-22,train,train,-0.0145802478085531,0.0204166188675658,-0.0469306224677252,0.0031358773437948897,0.4535327387175512,0.543331383938654,2
2011-11-23,train,train,-0.0211716101545439,0.0204627039028716,-0.0469306224677252,0.0007478242121168249,0.4909537492683997,0.5082984265194832,2
2011-11-24,train,train,-0.0022637490994811,0.0198470750881515,-0.0469306224677252,0.020747030995470563,0.30919200818449005,0.6700609608200394,2
2011-11-25,train,train,0.0053857966864144,0.0192876233512137,-0.0469306224677252,0.06128903614117741,0.18092346362972353,0.7577875002290988,2
2011-11-28,train,train,0.0448845473962172,0.0216926030103301,-0.0451874895084518,1.029050781792324e-07,0.8738619880582755,0.12613790903664623,1
2011-11-29,train,train,0.000997065054857,0.0210331769394301,-0.0451874895084518,0.006946157472797542,0.7256105984020743,0.26744324412512804,1
2011-11-30,train,train,0.0387923582548422,0.022497592843986,-0.0451874895084518,3.160115694365152e-07,0.9616457953507677,0.0383538886376629,1
2011-12-01,train,train,-0.0033786854932956,0.0218279205076228,-0.0451874895084518,0.0019389978934748755,0.8671245594149088,0.13093644269161647,1
2011-12-02,train,train,0.0162080104667822,0.0215321295524468,-0.0418489648564945,0.002166413742889347,0.8148668636361978,0.18296672262091318,1
2011-12-05,train,train,0.0170528853979858,0.0212899671419043,-0.0418489648564945,0.002203925770241715,0.7699843910255856,0.22781168320417255,1
2011-12-06,train,train,0.0008037394047659,0.020642327840411,-0.0418489648564945,0.017937838412332624,0.5846033665873929,0.3974587950002745,1
2011-12-07,train,train,-0.0078930727536897,0.0201066504570117,-0.0418489648564945,0.03444163036218669,0.4197967952498647,0.5457615743879487,2
2011-12-08,train,train,-0.0214091129907441,0.0201871681071776,-0.0418489648564945,0.0025181094187824967,0.4752719166825573,0.5222099738986602,2
2011-12-09,train,train,0.0220336528646489,0.0203026934747534,-0.0418489648564945,0.0011705227424945678,0.5354879900327321,0.4633414872247735,1
2011-12-12,train,train,-0.0315574543021443,0.0211475713951253,-0.0418489648564945,5.779446177683551e-06,0.7972066805631545,0.2027875399906678,1
2011-12-13,train,train,-0.0063679536146955,0.0205625786163005,-0.0418489648564945,0.00671685875500181,0.6404147446416293,0.3528683966033688,1
2011-12-14,train,train,-0.0176626318232183,0.0204002101647459,-0.0418489648564945,0.002306710039974489,0.6047412433047596,0.39295204665526584,1
2011-12-15,train,train,0.0083250610868282,0.0198835826451326,-0.0365932109558774,0.01635171449016284,0.44360531366623884,0.5400429718435982,2
2011-12-16,train,train,-0.0057129873722963,0.0193285731692857,-0.0365932109558774,0.04203351103937024,0.2816843898569714,0.6762820991036582,2
2011-12-19,train,train,0.0060280269524885,0.0187978281418679,-0.0365932109558774,0.09558693825961015,0.1627807602504781,0.7416323014899119,2
2011-12-20,train,train,0.0241103168683284,0.0191581649708316,-0.0365932109558774,0.007007611333335708,0.2614909119172491,0.7315014767494152,2
2011-12-21,train,train,-0.0090300594399252,0.0187057661258752,-0.0365932109558774,0.01968493960217519,0.16753145989409196,0.8127836005037328,2
2011-12-22,train,train,0.0100349490091566,0.0183017309911266,-0.0365932109558774,0.04081070496070566,0.10876296203688589,0.8504263330024084,2
2011-12-23,train,train,0.0093851990130045,0.0178924865087582,-0.0365932109558774,0.07002492927068392,0.06870806172835842,0.861267009000958,2
2011-12-27,train,train,-0.001534720236584,0.0173514820989563,-0.0365932109558774,0.14348454842246589,0.03577715856470129,0.8207382930128327,2
2011-12-28,train,train,-0.0202753744410379,0.0175406654289977,-0.0365932109558774,0.015289913132533826,0.05449030902665642,0.9302197778408097,2
2011-12-29,train,train,0.0153746140141667,0.0174182999295451,-0.0365932109558774,0.01666562826265787,0.05024624440389788,0.9330881273334443,2
2011-12-30,train,train,0.0091942215120274,0.0170371759585381,-0.0365932109558774,0.041271657840395506,0.03410187393069489,0.9246264682289098,2
2012-01-03,train,train,0.0192044324470463,0.0171749252196464,-0.0365932109558774,0.01401813553051526,0.045341648146220506,0.9406402163232642,2
2012-01-04,train,train,-0.0173966496066071,0.0171883093402034,-0.0365932109558774,0.0055744305588984935,0.04861135103737095,0.9458142184037305,2
2012-01-05,train,train,-0.0298283010346217,0.0181960257158747,-0.0365932109558774,6.10882542628174e-05,0.14873344583004533,0.8512054659156919,2
2012-01-06,train,train,-0.0048740424846268,0.0176820532786813,-0.0365932109558774,0.022148619226963713,0.08333123438152802,0.8945201463915085,2
2012-01-09,train,train,-0.0012311963857353,0.0171460391441735,-0.0365932109558774,0.06683022645176626,0.04445709925941591,0.8887126742888176,2
2012-01-10,train,train,0.0231627488483757,0.0175652564708374,-0.0365932109558774,0.007332725697477557,0.07889149244605931,0.9137757818564631,2
2012-01-11,train,train,-0.0054558066365568,0.017082502461772,-0.0365932109558774,0.03190676465114106,0.045546418430191665,0.922546816918667,2
2012-01-12,train,train,2.375672235687692e-05,0.0165621016419406,-0.0365932109558774,0.08552118788797794,0.025617250492054818,0.8888615616199672,2
2012-01-13,train,train,0.0027965646633388,0.0160721580562495,-0.0365932109558774,0.17179230868595194,0.015609905669728745,0.8125977856443194,2
2012-01-16,train,train,-0.0001183419234693,0.015582562337389,-0.0365932109558774,0.2945843424635775,0.00988800404765323,0.6955276534887695,2
2012-01-17,train,train,0.0100914358341959,0.0153087392913472,-0.0365932109558774,0.3339167463951869,0.009521038190467276,0.6565622154143459,2
2012-01-18,train,train,-0.0135175127596244,0.0152072166368934,-0.0365932109558774,0.18240612527970904,0.013681304442303635,0.8039125702779875,2
2012-01-19,train,train,0.0215109822595473,0.0156571776842813,-0.0365932109558774,0.03116229789254557,0.03152136630530943,0.937316335802145,2
2012-01-20,train,train,-0.0048817746672988,0.0152272217981175,-0.0365932109558774,0.06668185345848535,0.020281136870583,0.9130370096709317,2
2012-01-23,train,train,0.0067164676759049,0.0148547246002815,-0.0365932109558774,0.12260856408569004,0.014878457275735562,0.8625129786385748,2
2012-01-24,train,train,-0.0032768895223281,0.0144245399465525,-0.0365932109558774,0.20374093635026613,0.01065174372102183,0.7856073199287119,2
2012-01-25,train,train,-0.0041990445052513,0.0140228823711437,-0.0365932109558774,0.2942767094356206,0.008280985997358391,0.6974423045670207,2
2012-01-26,train,train,0.0183452639277145,0.0143190669636638,-0.0322647418933504,0.11138643161518692,0.018348724193461077,0.8702648441913522,2
2012-01-27,train,train,-0.0065050869182224,0.0139739939650807,-0.0322647418933504,0.15092863163106626,0.013725171174344436,0.8353461971945892,2
2012-01-30,train,train,-0.016338723674656,0.0141270446440489,-0.0322647418933504,0.04389698468715402,0.02042090230894643,0.9356821130038997,2
2012-01-31,train,train,-0.0009162130359453,0.0136985164792428,-0.0322647418933504,0.10291475411776278,0.013731753269906204,0.8833534926123312,2
2012-02-01,train,train,0.0217841679502537,0.0143130496717245,-0.0322647418933504,0.016170276020018023,0.031112270994313122,0.9527174529856688,2
2012-02-02,train,train,0.0086669163919385,0.0140384655085814,-0.0322647418933504,0.04283032706128703,0.022658628619398248,0.9345110443193148,2
2012-02-03,train,train,0.0100832202868629,0.013833079298793,-0.0322647418933504,0.06689072314407332,0.01881099918961016,0.9142982776663168,2
2012-02-06,train,train,-0.0029271816286729,0.013430820579947,-0.0322647418933504,0.1289151186687278,0.013000403278214043,0.8580844780530583,2
2012-02-07,train,train,0.0013121216823744,0.0130256295342009,-0.0322647418933504,0.23768788959203205,0.009283594091581956,0.7530285163163861,2
2012-02-08,train,train,0.0002711787201916,0.0126289910741282,-0.0322647418933504,0.38017588032173794,0.006673850395659744,0.6131502692826023,2
2012-02-09,train,train,0.0059488281965283,0.0123306627572119,-0.0322647418933504,0.5082498995034802,0.005304051628795748,0.4864460488677241,0
2012-02-10,train,train,-0.0118650945516261,0.0123032254922564,-0.0322647418933504,0.37808511709643583,0.008131997685742506,0.6137828852178219,2
2012-02-13,train,train,-0.0010008091384198,0.011930938487747,-0.0322647418933504,0.5293931791359413,0.005246396571008012,0.46536042429305075,0
2012-02-14,train,train,-0.0018677959321579,0.0115765182721382,-0.0322647418933504,0.6629970859124771,0.0034259961368012203,0.33357691795072164,0
2012-02-15,train,train,-0.0034602839976793,0.0112558092870978,-0.0275982894425033,0.7551691393515519,0.002373886885768456,0.24245697376267955,0
2012-02-16,train,train,-0.0212150588911716,0.0120870331996904,-0.0275982894425033,0.15892495024729866,0.01836655807250384,0.8227084916801974,2
2012-02-17,train,train,0.0114900967107033,0.0120520508056294,-0.0275982894425033,0.16760068710246798,0.016804414381839664,0.8155948985156922,2
2012-02-20,train,train,0.0184381593276369,0.0125273602992675,-0.0275982894425033,0.05835895701167124,0.027167428853339743,0.9144736141349891,2
2012-02-21,train,train,-0.0058003544153985,0.0122285451867447,-0.0275982894425033,0.0958224913613849,0.018260956137648512,0.8859165525009666,2
2012-02-22,train,train,-0.0126378049122382,0.012253486243563,-0.0275982894425033,0.05935024616704261,0.018825675611565205,0.921824078221392,2
2012-02-23,train,train,-0.0150485461556583,0.0124389137024845,-0.0275982894425033,0.024653606079730925,0.02210926984563668,0.9532371240746325,2
2012-02-24,train,train,0.0,0.0120599742807348,-0.0275982894425033,0.0729862812534183,0.014772773712898327,0.9122409450336835,2
2012-02-27,train,train,0.0011133977403506,0.0116957590666258,-0.0275982894425033,0.15320792463763216,0.010733002315010225,0.8360590730473576,2
2012-02-28,train,train,-0.0012306696477705,0.011343465352475,-0.0275982894425033,0.2626651532532504,0.008153957602835446,0.729180889143914,2
2012-02-29,train,train,-0.0071560708715325,0.0111367102346132,-0.0275982894425033,0.3012667370968498,0.007873043628334686,0.6908602192748156,2
2012-03-01,train,train,0.0096158974807184,0.0110513648487567,-0.0275982894425033,0.35238092121299003,0.0080515649291528,0.639567513857857,2
2012-03-02,train,train,0.0018350912927343,0.0107241204171845,-0.0275982894425033,0.5124510802192166,0.005323831309157259,0.4822250884716262,0
2012-03-05,train,train,-0.0129168097177203,0.0108681641318102,-0.0275336047426458,0.3378871364878237,0.009165396240642451,0.652947467271534,2
2012-03-06,train,train,-0.034527855988291,0.0135114892757644,-0.031971203775019,0.00018641245662941113,0.11105575576359772,0.8887578317797729,2
2012-03-07,train,train,-0.0005879691845318,0.0131006665619681,-0.0285237386380281,0.028842610129240626,0.059467607419830176,0.9116897824509291,2
2012-03-08,train,train,0.0176819809729463,0.0134197229320674,-0.0285237386380281,0.015182861148068709,0.06343405487908538,0.9213830839728461,2
2012-03-09,train,train,-0.0029777082551942,0.0130313326465957,-0.0285237386380281,0.05082880515867273,0.03548905006424851,0.9136821447770789,2
2012-03-12,train,train,-0.0124523553155278,0.0129973213350946,-0.0285237386380281,0.03611762123124055,0.030051943661392817,0.9338304351073665,2
2012-03-13,train,train,0.0237492981312118,0.0138793476027497,-0.0285237386380281,0.0038377564287166606,0.060228200119973735,0.9359340434513095,2
2012-03-14,train,train,0.001705618908111,0.0134630108310459,-0.0285237386380281,0.037097612602535406,0.03372987129868795,0.9291725160987768,2
2012-03-15,train,train,0.0042336901065414,0.0130940043116589,-0.0285237386380281,0.09096554357352876,0.02077527128331777,0.8882591851431533,2
2012-03-16,train,train,0.0070478233335635,0.0128119507025037,-0.0285237386380281,0.15309476602754113,0.014999257826378901,0.8319059761460802,2
2012-03-19,train,train,0.0123551745277274,0.0127850043493077,-0.0285237386380281,0.1463864316913521,0.015637488050109196,0.8379760802585384,2
2012-03-20,train,train,-0.0028322654305142,0.0124149208490123,-0.0285237386380281,0.24010536653002548,0.0106165206688388,0.7492781128011357,2
2012-03-21,train,train,-0.0089809362441375,0.0122360891241966,-0.0285237386380281,0.23471362352991268,0.01039228853293327,0.754894087937154,2
2012-03-22,train,train,-0.0163025278776043,0.0125173842852239,-0.0285237386380281,0.07130576491466414,0.01781181542266627,0.9108824196626695,2
2012-03-23,train,train,-0.0086322335422965,0.012318877470738,-0.0285237386380281,0.08335787319259333,0.015030832411897316,0.9016112943955092,2
2012-03-26,train,train,-0.0069184742906311,0.0120632240632975,-0.0285237386380281,0.11408633547543878,0.012478911215822439,0.8734347533087385,2
2012-03-27,train,train,-0.0103147862866859,0.0119655246972977,-0.0285237386380281,0.09979795997905609,0.01296293215579581,0.887239107865148,2
2012-03-28,train,train,-0.0197883981676538,0.0125729151960569,-0.0285237386380281,0.012275540388016743,0.02512513853307933,0.9625993210789042,2
2012-03-29,train,train,-0.0087843840064908,0.012378345159108,-0.0251771043490388,0.027026598493604777,0.01950417361672548,0.9534692278896698,2
2012-03-30,train,train,0.0121867969614978,0.0123669359324038,-0.0251771043490388,0.03818418659246925,0.01899866412632284,0.9428171492812079,2
2012-04-02,train,train,0.0043362194573182,0.0120371427691845,-0.0251771043490388,0.09219072544713759,0.01369669357657411,0.8941125809762883,2
2012-04-03,train,train,-0.02751738675437,0.0134770780256835,-0.0277534338779442,0.0008842079960159966,0.05267303463862702,0.9464427573653569,2
2012-04-04,train,train,-0.0211564690855015,0.0140566534151513,-0.0277534338779442,0.0011089183187427511,0.07170162914357318,0.9271894525376841,2
2012-04-05,train,train,-2.6133137629503868e-05,0.0136284326280067,-0.0277534338779442,0.031535135675956866,0.039314517004268926,0.9291503473197741,2
2012-04-10,train,train,-0.0300669444860445,0.0151271740383313,-0.0307040624095685,0.0001253742523565311,0.13289080255891988,0.8669838231887235,2
2012-04-11,train,train,0.0190674518694775,0.0153920620441348,-0.0307040624095685,0.0036538624142966017,0.14100217740396098,0.8553439601817424,2
2012-04-12,train,train,-0.007511644249605,0.0150361606632885,-0.0307040624095685,0.021189831268758307,0.08414123352170945,0.8946689352095323,2
2012-04-13,train,train,-0.0364818716872186,0.0170990227074781,-0.0336922240538513,3.654708994700245e-06,0.41584970396539817,0.5841466413256073,2
2012-04-16,train,train,-0.0057401129248171,0.0166376355495959,-0.0336922240538513,0.016183184037486795,0.2622504884691729,0.7215663274933404,2
2012-04-17,train,train,0.0225212328941913,0.0170480091959376,-0.0336922240538513,0.002705723155935741,0.3321374188823324,0.6651568579617319,2
2012-04-18,train,train,-0.0407044473980416,0.0193030480176288,-0.0372380583578504,4.621812340142006e-08,0.8680406551094286,0.13195929867244807,1
2012-04-19,train,train,-0.0244662392174203,0.0196511326567013,-0.0372380583578504,3.400289610556484e-05,0.8948141776243976,0.1051518194794964,1
2012-04-20,train,train,0.0189987066660113,0.019612599142099,-0.0372380583578504,0.0004461243952898147,0.8684446212762739,0.13110925432843645,1
2012-04-23,train,train,-0.0279411728907606,0.0202093382116492,-0.0372380583578504,8.280593644798152e-06,0.9248356647548556,0.07515605465149958,1
2012-04-24,train,train,0.022143608448543,0.0203305846842386,-0.0372380583578504,0.00011324281754333796,0.9184594362909911,0.08142732089146555,1
2012-04-25,train,train,0.0168573735911688,0.0201390907404071,-0.0372380583578504,0.0006662046558374095,0.874360354448422,0.12497344089574092,1
2012-04-26,train,train,-0.0129791019991023,0.0197827051391239,-0.0372380583578504,0.0018111230362561233,0.7901548887290304,0.20803398823471342,1
2012-04-27,train,train,0.0167506446752703,0.0196140037495269,-0.0372380583578504,0.002403319006866557,0.7406066891033184,0.256989991889815,1
2012-04-30,train,train,-0.019044419673803,0.0195802959564963,-0.0372380583578504,0.0008036267520936701,0.722188497669685,0.2770078755782212,1
2012-05-02,train,train,-0.0258774950577979,0.0200140799285735,-0.0372380583578504,4.837658852948747e-05,0.8143944368609216,0.1855571865505492,1
2012-05-03,train,train,0.0029231696618781,0.0194175767519126,-0.0372380583578504,0.009633053779569611,0.6467641650515805,0.3436027811688496,1
2012-05-04,train,train,0.0035111191935002,0.0188456739646235,-0.0372380583578504,0.039744049168572174,0.4501866458942113,0.5100693049372168,2
2012-05-07,train,train,0.0268611039555746,0.0194201183284955,-0.0372380583578504,0.0009165558574128283,0.6426460184046195,0.35643742573796766,1
2012-05-08,train,train,-0.0080028786827186,0.0189302746987945,-0.0372380583578504,0.009945074094176295,0.4785019046552942,0.5115530212505296,2
2012-05-09,train,train,-0.0281067760052949,0.0196023833654538,-0.0372380583578504,7.020877409757967e-05,0.6803662924518965,0.3195634987740059,1
2012-05-10,train,train,0.0336289472396396,0.0207135847485806,-0.0372380583578504,3.362866193243556e-06,0.9044298414024654,0.09556679573134143,1
2012-05-11,train,train,-0.0071361428767644,0.0201584947269852,-0.0372380583578504,0.0031104060030472205,0.7895129131297697,0.20737668086718308,1
2012-05-14,train,train,-0.026977354663052,0.0206312790431273,-0.0372380583578504,3.409021687422735e-05,0.873732419330528,0.12623349045259788,1
2012-05-15,train,train,-0.0160919847974729,0.0203874425306703,-0.0372380583578504,0.0006386486407360111,0.8179131816049323,0.18144816975433176,1
2012-05-16,train,train,-0.0134014844487717,0.0200370888926197,-0.0372380583578504,0.0021437608840470888,0.727546661320412,0.27030957779554105,1
2012-05-17,train,train,-0.0111945706035632,0.0196192492229745,-0.0372380583578504,0.0059578110193492,0.6009373166098367,0.39310487237081404,1
2012-05-18,train,train,0.0043954594829028,0.0190520142639235,-0.0372380583578504,0.03054427489711633,0.41128349581664253,0.5581722292862411,2
2012-05-21,train,train,-0.0065237750026359,0.0185406060062524,-0.0372380583578504,0.05932558897075208,0.2602251161027785,0.6804492949264697,2
2012-05-22,train,train,0.0208269682172477,0.0186856785566292,-0.0372380583578504,0.011424703952662943,0.30755942577437073,0.6810158702729665,2
2012-05-23,train,train,-0.033708413892493,0.0199093128501018,-0.0372380583578504,6.213657723356146e-06,0.6784918755473188,0.32150191079495766,1
2012-05-24,train,train,0.0144742771873496,0.0196257019206756,-0.0372380583578504,0.004021358599557684,0.5921494553381368,0.40382918606230567,1
2012-05-25,train,train,0.0013152626594448,0.0190305512342196,-0.0372380583578504,0.028084788669680227,0.39439247353144924,0.5775227377988705,2
2012-05-28,train,train,-0.0219102194501904,0.019215504948944,-0.0372380583578504,0.0018399782491793709,0.45798955772159694,0.5401704640292236,2
2012-05-29,train,train,-0.0236320690105263,0.0195087153282684,-0.0372380583578504,0.0002752280081082641,0.549688890306556,0.4500358816853357,1
2012-05-30,train,train,-0.0261397399199908,0.0199687690035949,-0.0372380583578504,6.822129439096662e-05,0.6894599771914413,0.3104718015141678,1
2012-05-31,train,train,-9.853669014416372e-05,0.0193604549005584,-0.0372380583578504,0.014690976392131386,0.49329808265542585,0.492010940952443,1
2012-06-01,train,train,-0.0040806702541018,0.0187972522806533,-0.0369649109925844,0.044994031361946366,0.3134917826139504,0.641514186024103,2
2012-06-04,train,train,0.0283655378401603,0.0195041717568849,-0.0369649109925844,0.0006477555885900589,0.5465924138979689,0.45275983051344126,1
2012-06-05,train,train,0.0045253383463961,0.0189424569207826,-0.0369649109925844,0.019463846474244467,0.3641413954302083,0.616394758095547,2
2012-06-06,train,train,0.0238213873648718,0.0192700592501217,-0.0369649109925844,0.0018062509937315395,0.47269794231245565,0.5254958066938127,2
2012-06-07,train,train,0.0029867354039595,0.0186973342430252,-0.0369649109925844,0.025151442198320863,0.29573354325469287,0.6791150145469865,2
2012-06-08,train,train,0.017536808467859,0.018629741501212,-0.0369649109925844,0.013163034833872073,0.2804550634922914,0.7063819016738362,2
2012-06-11,train,train,-0.0054482910270297,0.0181114401637411,-0.0369649109925844,0.03883947449463655,0.16405281810181555,0.7971077074035479,2
2012-06-12,train,train,0.0009356777861968,0.0175611884134208,-0.0369649109925844,0.10047491201548577,0.08475291842674568,0.8147721695577685,2
2012-06-13,train,train,0.014127395161576,0.0173743090747587,-0.0369649109925844,0.07883790651516324,0.0703338476251907,0.8508282458596462,2
2012-06-14,train,train,0.0121252271530193,0.017104849806019,-0.0369649109925844,0.08490881403924219,0.052221709341500396,0.8628694766192572,2
2012-06-15,train,train,0.0034290042455095,0.0166050238747261,-0.0369649109925844,0.17023228675150698,0.02807862269216438,0.8016890905563288,2
2012-06-18,train,train,-0.0300803415873628,0.0177051638176029,-0.0369649109925844,0.0005695406446409952,0.11640385398339397,0.8830266053719652,2
2012-06-19,train,train,0.026337653171977,0.0183380690023815,-0.0369649109925844,0.00045676360879696255,0.21791808781843156,0.7816251485727715,2
2012-06-20,train,train,0.0151522986284304,0.0181626875069591,-0.0369649109925844,0.00789238899135388,0.17978862101627166,0.8123189899923745,2
2012-06-21,train,train,-0.0033309959262998,0.0176282715108028,-0.0369649109925844,0.037382545417076314,0.09818131229227538,0.8644361422906481,2
2012-06-22,train,train,0.0150627632316129,0.017484959515005,-0.0369649109925844,0.030066900832247084,0.08397103693050494,0.8859620622372478,2
2012-06-25,train,train,-0.0373813089648191,0.019267125272917,-0.0381892093500264,2.7410837016427544e-06,0.45007670731656046,0.549920551599738,2
2012-06-26,train,train,-0.0145375568595087,0.0190165512875481,-0.0381892093500264,0.003680555964942948,0.37031547639679546,0.6260039676382616,2
2012-06-27,train,train,0.0209931160426705,0.0191409018797572,-0.0381892093500264,0.0020667739398894584,0.41021284700827326,0.5877203790518375,2
2012-06-28,train,train,0.0081861665234538,0.0186658103661547,-0.0381892093500264,0.020025117795204557,0.2721466576132493,0.7078282245915462,2
2012-06-29,train,train,0.0550634806513372,0.0225704883003036,-0.0381892093500264,6.911986504055523e-12,0.9883024520550309,0.011697547938057313,1
2012-07-02,train,train,0.0030647458770814,0.0218957732365121,-0.0381892093500264,0.0006982814661309341,0.9130951814478226,0.08620653708604642,1
2012-07-03,train,train,0.0133163466015706,0.0214778699524898,-0.0381892093500264,0.0021711739855078097,0.8415818082695045,0.1562470177449879,1
2012-07-04,train,train,-0.0070892779426126,0.0208958473276189,-0.0381892093500264,0.008847208422672165,0.7016897091442206,0.28946308243310714,1
2012-07-05,train,train,-0.0303505672922724,0.0215802610156729,-0.0381892093500264,1.42566239134701e-05,0.8714358635072061,0.12854987986888047,1
2012-07-06,train,train,-0.0314491607232108,0.022295923129262,-0.0381892093500264,1.1017079695669272e-06,0.9500097495476784,0.04998914874435195,1
2012-07-09,train,train,-0.0075369980064914,0.02169539299556,-0.0372647234184512,0.001592297216262817,0.8594430389445958,0.13896466383914144,1
2012-07-10,train,train,0.0057547027794293,0.0210816429350907,-0.0372647234184512,0.010690076463736554,0.7178563448586501,0.27145357867761355,1
2012-07-11,train,train,0.0116754815515485,0.0206385208016401,-0.0372647234184512,0.018996783107243002,0.5970279245834904,0.38397529230926647,1
2012-07-12,train,train,-0.0261699935669429,0.0210115145152504,-0.0341796278601743,0.00021309408125353874,0.7364757421571634,0.26331116376158303,1
2012-07-13,train,train,0.0051900550467398,0.0204110489190143,-0.0341796278601743,0.012030480964601345,0.5604077953492856,0.42756172368611306,1
2012-07-16,train,train,-0.0200814730968496,0.0203914245848666,-0.0341796278601743,0.0016628234173890091,0.5749683728521874,0.42336880373042335,1
2012-07-17,train,train,0.0039877098184835,0.0197943349112838,-0.0341796278601743,0.02151177211237676,0.3870329390456006,0.5914552888420226,2
2012-07-18,train,train,0.0050192560286443,0.0192306611631043,-0.0341796278601743,0.06397359236952713,0.2330663081042912,0.7029600995261815,2
2012-07-19,train,train,0.0062614497328853,0.0187077944774195,-0.0341796278601743,0.12861579220886316,0.13119487131344942,0.7401893364776876,2
2012-07-20,train,train,-0.0600076273015309,0.0233460403455998,-0.0436991167196143,5.546508447638051e-14,0.9916634330637734,0.008336566936171234,1
2012-07-23,train,train,-0.011091813350406,0.0227973034202136,-0.0436991167196143,0.00014793422518648535,0.9343037094528736,0.06554835632193992,1
2012-07-24,train,train,-0.0364479611911025,0.0238378114167088,-0.0446122991524841,3.068707513240611e-08,0.9848383829159609,0.015161586396963857,1
2012-07-25,train,train,0.0081263441651214,0.0231971771153229,-0.0446122991524841,0.0006168065282644991,0.916468948156704,0.08291424531503136,1
2012-07-26,train,train,0.0588352308694506,0.0267117492508479,-0.0446122991524841,3.685733230756213e-15,0.9997566618305294,0.00024333816946693068,1
2012-07-27,train,train,0.0383217067704187,0.0275466819734363,-0.0446122991524841,1.5140658726397797e-10,0.9962721748547989,0.0037278249937943556,1
2012-07-30,train,train,0.0274545010868035,0.0275411598208285,-0.0446122991524841,6.579206498493897e-07,0.982957176750394,0.017042165328956273,1
2012-07-31,train,train,-0.0094092632557402,0.0268014292402622,-0.0446122991524841,0.00041371772089393116,0.9165250148148737,0.08306126746423205,1
2012-08-01,train,train,-0.0026898487640646,0.0259933016360744,-0.0446122991524841,0.005448586257609414,0.7921589329789326,0.20239248076345773,1
2012-08-02,train,train,-0.0529550694141884,0.0283437292667532,-0.0501146685601794,6.329551621432734e-13,0.9977792977636772,0.0022207022356899165,1
2012-08-03,train,train,0.0582535421517993,0.0309640675592867,-0.0501146685601794,1.1546857348709873e-16,0.9999174190531596,8.258094684045894e-05,1
2012-08-06,train,train,0.0431514902494414,0.0318271917968262,-0.0501146685601794,2.8397064761062347e-12,0.9983144325565361,0.0016855674406241708,1
2012-08-07,train,train,0.0220834031268337,0.0313281427957576,-0.0501146685601794,2.640269012138709e-06,0.9727065494945932,0.02729081023639462,1
2012-08-08,train,train,-0.0084811720755776,0.0304447236143807,-0.0501146685601794,0.0007703242541033688,0.8978757733926318,0.10135390235326502,1
2012-08-09,train,train,-0.0056099611369075,0.0295492237467607,-0.0501146685601794,0.005699470939851353,0.7726158203375532,0.22168470872259574,1
2012-08-10,train,train,-0.0088290592450157,0.0287305475726286,-0.0501146685601794,0.01292466915070917,0.628899827686852,0.3581755031624385,1
2012-08-13,train,train,0.0031025680803549,0.0278656644944147,-0.0501146685601794,0.04861172490945222,0.42930164451155545,0.5220866305789925,2
2012-08-14,train,train,0.0077777211636348,0.027083853474761,-0.0501146685601794,0.09756410509970959,0.2772006176861345,0.625235277214156,2
2012-08-15,train,train,0.0005753035446596,0.0262591483172988,-0.0501146685601794,0.20843799700409726,0.14052727501633788,0.6510347279795649,2
2012-08-16,train,train,0.0396581920464728,0.0272495253153628,-0.0501146685601794,1.2716046130766433e-05,0.7204762830637779,0.2795110008900914,1
2012-08-17,train,train,0.0191883275393589,0.0268342308804129,-0.0501146685601794,0.001110300022965069,0.7075469859873331,0.29134271398970196,1
2012-08-20,train,train,-0.012162005958004,0.0261867572154716,-0.0501146685601794,0.0043821986974104865,0.5901426342631151,0.40547516703947445,1
2012-08-21,train,train,0.0099773680936677,0.0255063590247398,-0.0501146685601794,0.016806624252153915,0.44551778587103325,0.5376755898768127,2
2012-08-22,train,train,-0.0273845506703439,0.0256229332158125,-0.0501146685601794,0.00013985812124070208,0.6361927655281356,0.36366737635062374,1
2012-08-23,train,train,-0.0079051193250203,0.0249177061319785,-0.0501146685601794,0.009102238688845448,0.4711765074919495,0.5197212538192048,2
2012-08-24,train,train,0.0037551685162025,0.0241761169665843,-0.0501146685601794,0.04072814703062043,0.29467006667274975,0.6646017862966297,2
2012-08-27,train,train,0.0120470534371707,0.023624636367109,-0.0501146685601794,0.05157284536413319,0.21365285232638614,0.7347743023094808,2
2012-08-28,train,train,-0.0088784444367052,0.0230079473966362,-0.0501146685601794,0.06493613173018536,0.13450972024646063,0.8005541480233541,2
2012-08-29,train,train,-0.0037569670908517,0.0223260070972241,-0.0501146685601794,0.1242451512240958,0.07082479072516513,0.8049300580507389,2
2012-08-30,train,train,-0.0153096034996261,0.0219683088764231,-0.0501146685601794,0.04547904177454211,0.0666576372405472,0.8878633209849107,2
2012-08-31,train,train,0.0308601309489917,0.0226006871605239,-0.0501146685601794,0.00035387241730787015,0.2200100992344064,0.7796360283482858,2
2012-09-03,train,train,0.00184456266728,0.0219168369343345,-0.0501146685601794,0.027914079334683806,0.12037240841105612,0.8517135122542598,2
2012-09-04,train,train,0.0072374149987944,0.0213229849525277,-0.0501146685601794,0.06523455216068674,0.07035122770106758,0.8644142201382459,2
2012-09-05,train,train,0.0007742268759264,0.0206742707654684,-0.0501146685601794,0.14274960327433514,0.036341037664607515,0.8209093590610573,2
2012-09-06,train,train,0.0479383754249976,0.0232306955058635,-0.0501146685601794,7.186713237130599e-08,0.7294665239701014,0.27053340416276606,1
2012-09-07,train,train,0.0026421215495964,0.0225322912559276,-0.0501146685601794,0.013019434491312602,0.5416990565779376,0.44528150893074975,1
2012-09-10,train,train,-0.0031891814827016,0.021859829665375,-0.0501146685601794,0.044111420603017495,0.35102360367540186,0.6048649757215808,2
2012-09-11,train,train,0.0092095049265527,0.0213136088609787,-0.0501146685601794,0.07794282196047164,0.2305089734574319,0.6915482045820963,2
2012-09-12,train,train,0.0077500490870278,0.020751325812322,-0.0501146685601794,0.136371909248972,0.13533205192781123,0.7282960388232171,2
2012-09-13,train,train,-0.0070567550355647,0.0201932746004434,-0.0501146685601794,0.17751053790638882,0.07713813532902244,0.7453513267645887,2
2012-09-14,train,train,0.027173131835409,0.020678611761147,-0.0501146685601794,0.005100624545064897,0.194719925195428,0.8001794502595071,2
2012-09-17,train,train,-0.0007974245623291,0.0200496094341538,-0.0498035526356072,0.03651016905790759,0.10466193763594797,0.8588278933061446,2
2012-09-18,train,train,-0.011069917784091,0.0196270276134512,-0.0498035526356072,0.035814495174538614,0.07219540787943586,0.8919900969460256,2
2012-09-19,train,train,0.0050132916696127,0.0190686912441494,-0.0498035526356072,0.0867553910451733,0.040500286309495016,0.8727443226453315,2
2012-09-20,train,train,-0.0095156430756682,0.0186341335834921,-0.0498035526356072,0.08817551705694338,0.028822974158139544,0.8830015087849173,2
2012-09-21,train,train,0.0256708112171201,0.0191294670928305,-0.0498035526356072,0.0044228534589977565,0.07260694741383586,0.9229701991271664,2
2012-09-24,train,train,-0.0112774530952973,0.0187512980211862,-0.0498035526356072,0.013329447030676676,0.051534073259121585,0.9351364797102018,2
2012-09-25,train,train,0.0044871328517663,0.0182132525514897,-0.0498035526356072,0.05117294432521981,0.030287996993584317,0.918539058681196,2
2012-09-26,train,train,-0.0400068241743002,0.0201953453356184,-0.0509898402966731,1.1912923100300025e-06,0.336280602524073,0.663718206183617,2
2012-09-27,train,train,-0.0015417396425644,0.019583755321667,-0.0509898402966731,0.023408483711041466,0.19340156908490952,0.7831899472040491,2
2012-09-28,train,train,-0.0172085349537082,0.019449423761751,-0.0509898402966731,0.0073169112066614,0.18000587920137476,0.8126772095919638,2
2012-10-01,train,train,0.0097595979370571,0.0190078474504057,-0.0509898402966731,0.026756926607595717,0.11609307145168868,0.8571500019407156,2
2012-10-02,train,train,0.0106063253819693,0.0186110187013638,-0.0509898402966731,0.0461463723766241,0.07748285696875748,0.8763707706546183,2
2012-10-03,train,train,-0.0051485339501998,0.018088069553895,-0.0509898402966731,0.08594655733088472,0.0435787838057151,0.8704746588634003,2
2012-10-04,train,train,-0.0017776026308778,0.0175424387370214,-0.0509898402966731,0.1653579218153846,0.023739532642233857,0.8109025455423816,2
2012-10-05,train,train,0.0179617894961994,0.0175678820677385,-0.0509898402966731,0.0635089739858716,0.03317593409455959,0.9033150919195687,2
2012-10-08,train,train,-0.0080022993738415,0.0171451118176967,-0.0509898402966731,0.0821379153045799,0.023008875935211594,0.8948532087602088,2
2012-10-09,train,train,-0.0186237819998864,0.0172374094064509,-0.0509898402966731,0.013991968326534364,0.03290163006235561,0.9531064016111098,2
2012-10-10,train,train,-0.0100432911482332,0.0168923843162579,-0.0509898402966731,0.023984319207450797,0.025092532506165627,0.9509231482863835,2
2012-10-11,train,train,0.0086609073822964,0.0165146046884553,-0.0509898402966731,0.05287610106651314,0.01921203016381186,0.9279118687696749,2
2012-10-12,train,train,-0.0106974232771319,0.0162244978295539,-0.0431366182598637,0.04960738430876675,0.017485719767178182,0.9329068959240551,2
2012-10-15,train,train,0.0034049076882731,0.0157523291552033,-0.0431366182598637,0.11323523463179164,0.01258056647070465,0.8741841988975035,2
2012-10-16,train,train,0.0335143064071078,0.0173389805185313,-0.0401154814196108,0.00030101226096054215,0.10323057098468791,0.8964684167543514,2
2012-10-17,train,train,0.0234009950898265,0.0177611436841306,-0.0401154814196108,0.001190890727966267,0.15484224222199383,0.8439668670500398,2
2012-10-18,train,train,-0.0034384504612926,0.0172406527708413,-0.0401154814196108,0.026367072348191745,0.08470446231103353,0.8889284653407749,2
2012-10-19,train,train,-0.0233435236802462,0.0176663778787687,-0.0401154814196108,0.0013669207500786235,0.13026922926918819,0.8683638499807333,2
2012-10-22,train,train,-0.0045976890600401,0.017165173392532,-0.0401154814196108,0.02488222093729237,0.07253925467518291,0.9025785243875247,2
2012-10-23,train,train,-0.0165637944567532,0.0171296860493204,-0.0401154814196108,0.009259272450610458,0.06928838643753121,0.9214523411118584,2
2012-10-24,train,train,0.0056373512374144,0.016665154041827,-0.0401154814196108,0.04189661526753577,0.04048264758582304,0.917620737146641,2
2012-10-25,train,train,-0.0015798672422265,0.0161621000032093,-0.0302449661749634,0.09796572398945949,0.023194536474228207,0.8788397395363126,2
2012-10-26,train,train,-0.0004628926465238,0.0156701475455417,-0.0302449661749634,0.18874849330594096,0.014118631569031058,0.797132875125028,2
2012-10-29,train,train,-0.0060628978916573,0.0152651838018342,-0.0302449661749634,0.2454677929591933,0.010766780347765924,0.743765426693041,2
2012-10-30,train,train,0.0135327251290701,0.0151668179022065,-0.0302449661749634,0.19853394541556657,0.013637602525297046,0.7878284520591367,2
2012-10-31,train,train,0.0011481947937288,0.0147074649222438,-0.0302449661749634,0.33319564479821917,0.008774735221986123,0.6580296199797946,2
2012-11-01,train,train,0.0055310986059914,0.0143236355748128,-0.0302449661749634,0.46525134188107964,0.006378548081610881,0.5283701100373094,2
2012-11-02,train,train,0.0104066578524978,0.0141192937349846,-0.0302449661749634,0.49429426157112955,0.006631918094497801,0.49907382033437264,2
2012-11-05,train,train,-0.0190408881419352,0.0144618986828947,-0.0302449661749634,0.10466087491142191,0.020068991398720332,0.8752701336898578,2
2012-11-06,train,train,0.0024271570435607,0.0140339298908858,-0.0302449661749634,0.20144947414208902,0.012766214757395776,0.7857843111005152,2
2012-11-07,train,train,-0.0228293116415567,0.0147107023997157,-0.0302449661749634,0.010366542656727993,0.03430267583483609,0.955330781508436,2
2012-11-08,train,train,-0.0047890982312978,0.0143107165054571,-0.0302449661749634,0.038369363150721814,0.021925289976786982,0.9397053468724912,2
2012-11-09,train,train,0.0016381968630457,0.0138805558902845,-0.0302449661749634,0.09717908771918357,0.01452983958225318,0.8882910726985634,2
2012-11-12,train,train,-0.0090501215046994,0.0136390587603729,-0.0302449661749634,0.10244504006240593,0.013348584412703333,0.8842063755248907,2
2012-11-13,train,train,0.016460444074886,0.0138245890204851,-0.0302449661749634,0.05350354416373486,0.0197217562139655,0.9267746996222995,2
2012-11-14,train,train,-0.0026551352562921,0.0134192060303115,-0.0287265531653677,0.11075328816959848,0.01353520394329433,0.8757115078871072,2
2012-11-15,train,train,0.0029280722192895,0.0130301573847055,-0.0287265531653677,0.20878245474486656,0.009895586072420377,0.7813219591827129,2
2012-11-16,train,train,-0.0140413219223969,0.0130930296212025,-0.0287265531653677,0.098524518110602,0.014454187090692634,0.8870212947987055,2
2012-11-19,train,train,0.0228774683160832,0.0138760402339856,-0.0287265531653677,0.011518087516708195,0.035345305632542935,0.9531366068507489,2
2012-11-20,train,train,0.0019173762482741,0.0134615156249705,-0.0287265531653677,0.05101308564096184,0.021423826442402084,0.927563087916636,2
2012-11-21,train,train,0.0034265385562944,0.0130783840261215,-0.0287265531653677,0.11553996576901071,0.01440008790610367,0.8700599463248854,2
2012-11-22,train,train,0.0089536042650766,0.0128682361950177,-0.0287265531653677,0.16187478331312674,0.012617764983453676,0.8255074517034194,2
2012-11-23,train,train,0.0043078435260816,0.0125207613009445,-0.0287265531653677,0.2734644266134564,0.009200892993759265,0.7173346803927844,2
2012-11-26,train,train,-0.004409465550706,0.0121872843131063,-0.0287265531653677,0.3711486112388468,0.0071631387685503495,0.6216882499926029,2
2012-11-27,train,train,-0.0014105057324171,0.0118210607213587,-0.0287265531653677,0.51853062250024,0.004988781025594935,0.4764805964741652,0
2012-11-28,train,train,-0.0033245842296651,0.0114898389719515,-0.0287265531653677,0.6357126557811417,0.0036215804673598653,0.36066576375149845,0
2012-11-29,train,train,0.0172159287428143,0.0119112848918138,-0.0287265531653677,0.38734670828439666,0.010464015023073071,0.6021892766925303,2
2012-11-30,train,train,-0.0049156386276847,0.0116110204329591,-0.0287265531653677,0.48252166848443917,0.007065632199147543,0.5104126993164134,2
2012-12-03,train,train,-0.0057382007995768,0.0113447108676199,-0.0287265531653677,0.557138892310056,0.005343474917004668,0.43751763277293926,0
2012-12-04,train,train,0.0016717397963735,0.0110067251999179,-0.0287265531653677,0.7020872715967872,0.0031519864059360433,0.2947607419972769,0
2012-12-05,train,train,-0.0024325632708937,0.0106880382434257,-0.0287265531653677,0.795389913791303,0.0019862469806391867,0.20262383922805796,0
2012-12-06,train,train,0.0034949556505992,0.0103977398843852,-0.0287265531653677,0.869747662056128,0.0011954293509062294,0.12905690859296595,0
2012-12-07,train,train,-0.0079064668824293,0.0102653274733401,-0.0287265531653677,0.8628181037330181,0.0012806249510535737,0.13590127131592822,0
2012-12-10,train,train,-0.0056347716572494,0.0100478540168823,-0.0287265531653677,0.8840531625174818,0.0010347066986380396,0.11491213078388002,0
2012-12-11,train,train,0.0148171734274863,0.0103958994717492,-0.0287265531653677,0.7958516185515969,0.002554918931251358,0.2015934625171518,0
2012-12-12,train,train,0.0082852780733757,0.0102814878418593,-0.0287265531653677,0.8353848169564927,0.001932079347277058,0.16268310369622999,0
2012-12-13,train,train,0.0037866221096903,0.0100113317359809,-0.0287265531653677,0.8942671389648416,0.001050855394726457,0.10468200564043213,0
2012-12-14,train,train,0.0008727536099083,0.0097087001844739,-0.0287265531653677,0.9319780160379809,0.0005684816961521113,0.06745350226586727,0
2012-12-17,train,train,0.0020168483556696,0.0094258892605987,-0.0287265531653677,0.9531645912730355,0.00033354944339410506,0.04650185928357067,0
2012-12-18,train,train,0.0158556399539567,0.0099297846982125,-0.0287265531653677,0.875840962328006,0.001231603639541421,0.12292743403245271,0
2012-12-19,train,train,0.0116109138100756,0.0100385948157092,-0.021737907821246,0.856632027294323,0.0016088128206645522,0.1417591598850125,0
2012-12-20,train,train,0.0,0.0097327787769755,-0.021737907821246,0.9091149582261809,0.0008419644601593784,0.09004307731366037,0
2012-12-21,train,train,0.0032376360584441,0.0094695459760787,-0.021737907821246,0.9393657691817127,0.00048712063124900214,0.060147110187038284,0
2012-12-24,train,train,0.0010246839757386,0.0091844957166136,-0.021737907821246,0.9572562971923764,0.0002890870928477081,0.04245461571477591,0
2012-12-27,train,train,-0.002243569088513,0.0089216411051823,-0.021737907821246,0.964011506997879,0.00020630474595005797,0.035782188256171285,0
2012-12-28,train,train,-0.018267747603631,0.009738715282813,-0.021737907821246,0.7204630879504891,0.0027093349702435664,0.2768275770792673,0
2012-12-31,train,train,0.0044789518296385,0.0095055605519952,-0.021737907821246,0.8148599053540876,0.001768201869459214,0.18337189277645316,0
2013-01-02,train,train,0.0337194425212199,0.0123755560990082,-0.021737907821246,0.00787432801255288,0.08031780146730888,0.9118078705201382,2
2013-01-03,train,train,-0.0052459042452407,0.0120671577480006,-0.021737907821246,0.03323321367855169,0.04607207232442476,0.9206947139970237,2
2013-01-04,train,train,0.0038481029370175,0.0117374525396722,-0.021737907821246,0.08584611871064274,0.026693485128872197,0.8874603961604849,2
2013-01-07,train,train,-0.0019934769877346,0.0113903538849252,-0.021737907821246,0.16305693027234683,0.016110330676834442,0.8208327390508187,2
2013-01-08,train,train,0.0040303557903088,0.0110873972596904,-0.021737907821246,0.2773462707648307,0.010629807821178117,0.7120239214139913,2
2013-01-09,train,train,0.0179847685104139,0.0116173004272477,-0.021737907821246,0.11141414995849762,0.020297686407828475,0.868288163633674,2
2013-01-10,train,train,0.0014513552023262,0.011268999732865,-0.021737907821246,0.21256944940734615,0.012651993092191614,0.7747785575004623,2
2013-01-11,train,train,0.0052998168110217,0.0110025550293728,-0.021737907821246,0.3296131282412524,0.008990459801660699,0.661396411957087,2
2013-01-14,train,train,-0.0037695594606964,0.0107072601003047,-0.021737907821246,0.4438546145927394,0.006462150136500559,0.5496832352707604,2
2013-01-15,train,train,-0.0036092955490901,0.0104186522442149,-0.021737907821246,0.5621996898935394,0.004661614904918493,0.433138695201542,0
2013-01-16,train,train,-0.0023164130502012,0.0101171815183815,-0.0200459824623743,0.6863233739036608,0.003115343658253122,0.3105612824380857,0
2013-01-17,train,train,0.0055550206849604,0.0099028993457445,-0.0200459824623743,0.7818767430475437,0.0021710978532055608,0.21595215909925036,0
2013-01-18,train,train,-0.0028898714423188,0.009627276455053,-0.0200459824623743,0.8489705888673763,0.0013958692352435628,0.14963354189737998,0
2013-01-21,train,train,0.0071686248692058,0.0094977226626397,-0.0200459824623743,0.8857577226374556,0.001074509875836221,0.11316776748670812,0
2013-01-22,train,train,-0.0039080655125561,0.0092580078954849,-0.0200459824623743,0.9133867598027555,0.0007324060862334799,0.08588083411101079,0
2013-01-23,train,train,-0.002180272065131,0.0089918453477564,-0.0200459824623743,0.9380445640823484,0.000466248662817336,0.061489187254834377,0
2013-01-24,train,train,0.0060536283424691,0.0088431256215783,-0.0200459824623743,0.9504695662825463,0.0003523788846388923,0.04917805483281492,0
2013-01-25,train,train,0.006785464073329,0.0087333481480415,-0.0200459824623743,0.956203330176629,0.00029218650272531,0.043504483320645854,0
2013-01-28,train,train,-0.0059894831826058,0.008593458105448,-0.0200459824623743,0.9524089128474992,0.0002902500091608904,0.047300837143339894,0
2013-01-29,train,train,-0.0034073585503113,0.0083733670894633,-0.0200459824623743,0.9586403495791308,0.00023855948247211462,0.041121090938396804,0
2013-01-30,train,train,-0.0082602959804285,0.0083666259155689,-0.0200459824623743,0.9416858050293085,0.00035219146413367785,0.05796200350655781,0
2013-01-31,train,train,-0.0247559974056644,0.0101277819837989,-0.0219510188836173,0.2027544100977942,0.015785140041886487,0.7814604498603192,2
2013-02-01,train,train,-0.015983916701315,0.010571035210591,-0.0219510188836173,0.06488913925556385,0.02218372359402644,0.9129271371504097,2
2013-02-04,train,train,-0.0384087924287624,0.0139124440142013,-0.0271441791460192,3.8666881782611435e-06,0.23975574217450601,0.7602403911373158,2
2013-02-05,train,train,0.0217328870224333,0.0145010977253855,-0.0271441791460192,0.0015462924729620414,0.28852053880076306,0.709933168726275,2
2013-02-06,train,train,-0.00463163716829,0.0141050362955304,-0.0271441791460192,0.02277625481270114,0.1677190708609146,0.8095046743263842,2
2013-02-07,train,train,-0.0051771203409657,0.0137340118124977,-0.0271441791460192,0.054200196012894074,0.09370224329755028,0.8520975606895557,2
2013-02-08,train,train,0.0198036020802224,0.0141716849724718,-0.0271441791460192,0.01472971925150219,0.1121383891608885,0.8731318915876092,2
2013-02-11,train,train,-0.0118498821686416,0.0140432061191911,-0.0271441791460192,0.018088507887223146,0.07945929014775545,0.9024522019650215,2
2013-02-12,train,train,0.0191383147118478,0.0143998418470588,-0.0271441791460192,0.008194179371113788,0.09003216778291377,0.9017736528459726,2
2013-02-13,train,train,0.0086452997875596,0.0141208565962584,-0.0271441791460192,0.03208157298657546,0.05649704479778811,0.9114213822156363,2
2013-02-14,train,train,-0.0071042084315678,0.013800828315638,-0.0271441791460192,0.055497318712223326,0.03499363993706475,0.909509041350712,2
2013-02-15,train,train,-0.0118555085300557,0.0136919054706139,-0.0271441791460192,0.04288785444071148,0.02880743857238213,0.9283047069869065,2
2013-02-18,train,train,-0.0050802841139508,0.013332994265804,-0.0271441791460192,0.08126441894685726,0.018876277381665862,0.8998593036714768,2
2013-02-19,train,train,0.0142524896615279,0.0133899447205566,-0.0271441791460192,0.06375608135604133,0.020922690750298498,0.9153212278936603,2
2013-02-20,train,train,-0.0076029462744685,0.0131149330903949,-0.0271441791460192,0.08591149009862845,0.016089084513003758,0.8979994253883677,2
2013-02-21,train,train,-0.0183593662271008,0.0134872295696059,-0.0271747186871758,0.01562418824051291,0.02544109784883826,0.9589347139106489,2
2013-02-22,train,train,0.020317513499969,0.0139913945360976,-0.0271747186871758,0.005897861690821914,0.03929660055919175,0.9548055377499866,2
2013-02-25,train,train,0.0079763664438891,0.0137051420678404,-0.0271747186871758,0.03134547262331594,0.02672367681401145,0.9419308505626728,2
2013-02-26,train,train,-0.0325201340281832,0.01549240494521,-0.03189497462087,4.329426277621076e-05,0.13280185069429756,0.8671548550429263,2
2013-02-27,train,train,0.0193585849693541,0.0157511594191706,-0.03189497462087,0.0033867500614686045,0.14369590873206928,0.8529173412064622,2
2013-02-28,train,train,0.0114376781591942,0.015526181454744,-0.03189497462087,0.018224354340968085,0.09927411365432529,0.8825015320047065,2
2013-03-01,train,train,-0.0052626315588263,0.015108285454913,-0.03189497462087,0.047390981016112776,0.055957819753992964,0.8966511992298941,2
2013-03-04,train,train,0.0072047825460784,0.0147539555887933,-0.03189497462087,0.09288432613131148,0.034115181523768315,0.8730004923449203,2
2013-03-05,train,train,0.0212370834578149,0.0152210142898813,-0.03189497462087,0.016793048020341397,0.05518631504687331,0.9280206369327852,2
2013-03-06,train,train,-0.00767477409066,0.0148765805510731,-0.03189497462087,0.035710284503948836,0.03509706945036439,0.9291926460456869,2
2013-03-07,train,train,0.0036063151631008,0.0144504055480235,-0.03189497462087,0.09039145714540932,0.02121666029362376,0.888391882560967,2
2013-03-08,train,train,0.028091104776936,0.0156087147878208,-0.03189497462087,0.0020111338157281344,0.07512001020891372,0.9228688559753581,2
2013-03-11,train,train,-0.008578466009843,0.0152783985886219,-0.03189497462087,0.017534584945937848,0.047748256609805265,0.9347171584442571,2
2013-03-12,train,train,-0.0025868799412159,0.0148265037178916,-0.03189497462087,0.05570002083726448,0.027518074506073194,0.9167819046566622,2
2013-03-13,train,train,-0.0039928224541461,0.0144080622436146,-0.03189497462087,0.1060144557364451,0.01758610349357551,0.8763994407699792,2
2013-03-14,train,train,0.0186061426130498,0.0146938094017565,-0.03189497462087,0.03576115769144423,0.027730521933460203,0.9365083203750957,2
2013-03-15,train,train,-0.0044916230780697,0.014288598018125,-0.03189497462087,0.07505280833616386,0.01816996848237605,0.9067772231814601,2
2013-03-18,train,train,-0.0129972720736619,0.0142144270445755,-0.03189497462087,0.04494129267684322,0.019115000001387668,0.9359437073217689,2
2013-03-19,train,train,-0.0222009500906456,0.0148155280408383,-0.03189497462087,0.003027943347374195,0.03782401775139758,0.9591480389012285,2
2013-03-20,train,train,0.0113878505833158,0.0146325277145,-0.03189497462087,0.01908788408242032,0.02982796032940882,0.9510841555881708,2
2013-03-21,train,train,-0.0077650221826077,0.0143136979654615,-0.03189497462087,0.03781496083113767,0.021300084584216276,0.9408849545846462,2
2013-03-22,train,train,-0.0026018368734935,0.013892271440864,-0.03189497462087,0.087231844332558,0.014478076037540533,0.8982900796299014,2
2013-03-25,train,train,-0.0229394955036388,0.0145941330909765,-0.03189497462087,0.004216866841127032,0.03479488965840328,0.9609882435004697,2
2013-03-26,train,train,-0.018610582479341,0.0148657534033673,-0.03189497462087,0.002772497682284032,0.042576521691070124,0.9546509806266457,2
2013-03-27,train,train,-0.0113399073440599,0.0146781060327638,-0.03189497462087,0.012322192827884278,0.032608352137920314,0.9550694550341956,2
2013-03-28,train,train,0.0024778295319217,0.0142438887687972,-0.03189497462087,0.05217325144923492,0.020202358184234215,0.9276243903665307,2
2013-04-02,train,train,0.0163305170050381,0.0143776288852337,-0.03189497462087,0.030850824560866047,0.025179984939746186,0.9439691904993878,2
2013-04-03,train,train,-0.0183148343094883,0.014643743680045,-0.03189497462087,0.006984702065003446,0.033289274053003595,0.9597260238819931,2
2013-04-04,train,train,-0.00716092994601,0.014305579690818,-0.03189497462087,0.02686033652241218,0.022824315230596626,0.9503153482469914,2
2013-04-05,train,train,-0.0063274020310484,0.01395610241653,-0.03189497462087,0.05354561110789989,0.016661728765402603,0.9297926601266976,2
2013-04-08,train,train,-0.0014500424106884,0.0135356043219578,-0.03189497462087,0.1163318074826863,0.011929912902815618,0.8717382796144982,2
2013-04-09,train,train,0.0109071539071342,0.013392452713383,-0.03189497462087,0.1352188442973332,0.012589886306074567,0.8521912693965923,2
2013-04-10,train,train,0.0329721079260626,0.0152913673804753,-0.03189497462087,0.00045433160771239965,0.09799029537301196,0.9015553730192756,2
2013-04-11,train,train,0.0028350857333152,0.0148417864170624,-0.03189497462087,0.029964012919451607,0.05353170665047954,0.9165042804300687,2
2013-04-12,train,train,-0.0147040866066485,0.014833560475586,-0.03189497462087,0.01591324510352162,0.0475693515185284,0.9365174033779499,2
2013-04-15,train,train,-0.0032763219545085,0.0144040446588057,-0.03189497462087,0.051134865018983754,0.02773380051706079,0.9211313344639555,2
2013-04-16,train,train,-0.0081940317237117,0.0141087363620648,-0.03189497462087,0.0679073668433461,0.020279585633359132,0.9118130475232947,2
2013-04-17,train,train,-0.0185001610718836,0.014410010853963,-0.03189497462087,0.012223002643216869,0.029628933597822427,0.9581480637589609,2
2013-04-18,train,train,0.0012167411453773,0.0139742025025954,-0.03189497462087,0.052334643673925096,0.01858411114461305,0.929081245181462,2
2013-04-19,train,train,0.013097860481632,0.0139231775252745,-0.03189497462087,0.05313340718302706,0.019284846174861738,0.9275817466421111,2
2013-04-22,train,train,0.0140751757963602,0.0139323441846014,-0.03189497462087,0.046350942411160154,0.020991603714552026,0.9326574538742878,2
2013-04-23,train,train,0.0320673913061166,0.0156257049991442,-0.03189497462087,0.00024571433204504084,0.11232918652998855,0.8874250991379664,2
2013-04-24,train,train,0.011991570761172,0.0154318101166479,-0.03189497462087,0.014330486556602939,0.080187405121949,0.9054821083214482,2
2013-04-25,train,train,-0.0028888218472371,0.0149784189809073,-0.03189497462087,0.04966482159702611,0.04390263953989588,0.906432538863078,2
2013-04-26,train,train,-0.008174247184551,0.0146595004034788,-0.03189497462087,0.06678303166267786,0.02918902960573043,0.9040279387315917,2
2013-04-29,train,train,0.0183790064050667,0.014908862047154,-0.0312894739868614,0.024803181714679108,0.03827496235389506,0.9369218559314259,2
2013-04-30,train,train,-0.0037819383812334,0.0144843329485265,-0.0312894739868614,0.06277863489656324,0.023204114593268627,0.914017250510168,2
2013-05-02,train,train,-0.0014976909435662,0.014047872849499,-0.0258868598741558,0.1306873687083703,0.014785816139944577,0.854526815151685,2
2013-05-03,train,train,0.0163295378934482,0.0141951187444404,-0.0258868598741558,0.06889282144465694,0.020854387973485978,0.9102527905818572,2
2013-05-06,train,train,-0.004809793443979,0.0138130141235381,-0.0258868598741558,0.11752719573036137,0.014547913060928052,0.8679248912087106,2
2013-05-07,train,train,0.0047161876296524,0.0134419471495734,-0.0258868598741558,0.20946858275121283,0.010673266092613336,0.7798581511561735,2
2013-05-08,train,train,0.0061840293162411,0.0131201874871,-0.0258868598741558,0.3147407522753242,0.00846229621986907,0.6767969515048068,2
2013-05-09,train,train,-0.0028305498072943,0.0127393752298749,-0.0258868598741558,0.4421439638591353,0.006121141824049215,0.5517348943168153,2
2013-05-10,train,train,-0.0032949605617637,0.0123776244198518,-0.0258868598741558,0.5654694394671756,0.004471436861525339,0.4300591236712989,0
2013-05-13,train,train,-0.0101987422230958,0.0122578183898346,-0.0258868598741558,0.4993226063726062,0.005917832097495954,0.49475956152989764,0
2013-05-14,train,train,0.0019843410528851,0.0118943314878276,-0.0258868598741558,0.6529227260120386,0.0036588793204302915,0.3434183946675312,0
2013-05-15,train,train,0.0126518509694413,0.0119411378949815,-0.0258868598741558,0.6037877990690848,0.005297932764124756,0.3909142681667906,0
2013-05-16,train,train,-0.004694981649931,0.0116343413623178,-0.0258868598741558,0.6886185238049077,0.0035935701515953274,0.30778790604349676,0
2013-05-17,train,train,0.0046833754681599,0.0113380979597721,-0.0258868598741558,0.7907231093922135,0.002208020526636068,0.2070688700811507,0
2013-05-20,train,train,-0.0078608235235007,0.011160056909027,-0.0258868598741558,0.7908047764135654,0.0021999861251809326,0.20699523746125356,0
2013-05-21,train,train,-0.0059718838253808,0.010918510053363,-0.0258868598741558,0.8231501026180401,0.0017645694805595016,0.17508532790140052,0
2013-05-22,train,train,-0.0002480798631414,0.0105860626625472,-0.0258868598741558,0.8881534675471511,0.0009995310419088437,0.11084700141093987,0
2013-05-23,train,train,-0.0141381511843356,0.0108320856010429,-0.0258868598741558,0.7249549251732861,0.0032476848320197073,0.2717973899946944,0
2013-05-24,train,train,-0.0095134551799341,0.0107575268313799,-0.0212503426912084,0.6842487711714899,0.003805077464409663,0.3119461513641006,0
2013-05-27,train,train,0.0119076363151738,0.0108299782397313,-0.0212503426912084,0.6597665219754328,0.004678806971031655,0.33555467105353565,0
2013-05-28,train,train,0.0175057779545757,0.0113418807373541,-0.0212503426912084,0.39698417203086744,0.012432012957400223,0.5905838150117323,2
2013-05-29,train,train,-0.0082109446791275,0.0111787807873741,-0.0212503426912084,0.40686693337784924,0.009949453120123788,0.5831836135020272,2
2013-05-30,train,train,-0.000971864559212,0.0108408441895418,-0.0212503426912084,0.5588438620236902,0.005693588123162757,0.4354625498531469,0
2013-05-31,train,train,-0.0134775631859897,0.0110168575893195,-0.0212503426912084,0.354258929713027,0.010022128935446701,0.6357189413515262,2
2013-06-03,train,train,-0.0043600499146563,0.0107344997177439,-0.0212503426912084,0.459479107262955,0.006899220617064082,0.5336216721199807,2
2013-06-04,train,train,0.0094429489986898,0.0106614198063082,-0.0212503426912084,0.5155364832298425,0.0063477962605836685,0.47811572050957396,0
2013-06-05,train,train,-0.0086827953405894,0.0105531690048418,-0.0212503426912084,0.5053732920394163,0.006315611595912976,0.488311096364671,0
2013-06-06,train,train,-0.0089657453934216,0.0104647163797997,-0.0212503426912084,0.48599438184820754,0.006537579196124353,0.5074680389556679,2
2013-06-07,train,train,0.0060545667798453,0.0102537377725669,-0.0212503426912084,0.6092924768506297,0.004588474683234969,0.3861190484661352,0
2013-06-10,train,train,-0.0047531628867104,0.0100093128363393,-0.0212503426912084,0.6921857969634181,0.0033080403227306473,0.3045061627138513,0
2013-06-11,train,train,-0.0169278761495199,0.010553120027005,-0.0212503426912084,0.30854449848484167,0.011727207629377241,0.679728293885781,2
2013-06-12,train,train,0.0042558287101329,0.010284598506831,-0.0212503426912084,0.4530426821318063,0.007407663667811416,0.5395496542003821,2
2013-06-13,train,train,-0.0064338665062971,0.0100950615031885,-0.0212503426912084,0.5116028272954776,0.005974819871973588,0.4824223528325491,0
2013-06-14,train,train,-9.915302214167954e-05,0.0097875553958727,-0.0200167463516211,0.6604365519911036,0.0036114342267601135,0.33595201378213596,0
2013-06-17,train,train,0.0080705273574482,0.009693114612924,-0.0200167463516211,0.7287390202477942,0.003008546782881225,0.2682524329693244,0
2013-06-18,train,train,0.0053811223271973,0.0094898088123702,-0.0200167463516211,0.8146668568178437,0.0019250302210645385,0.18340811296109186,0
2013-06-19,train,train,-0.0100624953418278,0.0095251410366397,-0.0200167463516211,0.7627790717377285,0.0026433462524894915,0.23457758200978207,0
2013-06-20,train,train,-0.0347010395696502,0.0125512685372702,-0.0239372610402916,0.0010116326226597549,0.09707500557508314,0.9019133618022571,2
2013-06-21,train,train,-0.0157067610888022,0.0127626181489157,-0.0238386783170073,0.004538217272720887,0.08431124143407387,0.9111505412932053,2
2013-06-24,train,train,-0.0192750072751655,0.0132439764052037,-0.0241587359722331,0.0022556233279783225,0.09356572719296628,0.9041786494790554,2
2013-06-25,train,train,0.0071895849881688,0.0129607154238654,-0.0241587359722331,0.02727676345935621,0.05601260416157774,0.916710632379066,2
2013-06-26,train,train,0.0279072230032696,0.0143048985101527,-0.0241587359722331,0.0007838389497862577,0.14267581939816001,0.8565403416520537,2
2013-06-27,train,train,0.0027317789968253,0.0138852465261468,-0.0241587359722331,0.029868344001999527,0.07727061552051923,0.8928610404774812,2
2013-06-28,train,train,-0.0104696624738411,0.013704338611014,-0.0241587359722331,0.03425885932097656,0.05284467130712674,0.9128964693718965,2
2013-07-01,train,train,0.0184308837767241,0.0140328974758201,-0.0241587359722331,0.014523595695859653,0.060711617463086884,0.9247647868410535,2
2013-07-02,train,train,-0.0025959758055629,0.0136202505225069,-0.0241587359722331,0.05081318903308422,0.03397861907734913,0.9152081918895668,2
2013-07-03,train,train,-0.0156932649114344,0.0137534455556753,-0.0241587359722331,0.01890773739218713,0.03521519989399204,0.9458770627138208,2
2013-07-04,train,train,0.0302195994688314,0.015251271432151,-0.0241587359722331,0.00027465227372717766,0.1269708834958433,0.8727544642304295,2
2013-07-05,train,train,-0.0168367403280805,0.0153510179783566,-0.0241587359722331,0.0032222928315629984,0.11571568458544496,0.8810620225829923,2
2013-07-08,train,train,0.0187843693149789,0.0155783721751411,-0.0241587359722331,0.00479572250127467,0.12204846861795333,0.8731558088807718,2
2013-07-09,train,train,-0.0003493295968155,0.0151040345841636,-0.0241587359722331,0.03730399883815389,0.06491645654482754,0.8977795446170186,2
2013-07-10,train,train,-0.0024734644474483,0.0146564330810331,-0.0241587359722331,0.08762638647470584,0.03534688638996921,0.8770267271353251,2
2013-07-11,train,train,0.0044553799104952,0.0142517856224434,-0.0236346409981118,0.1687876382414646,0.020640961844865295,0.8105713999136703,2
2013-07-12,train,train,-0.0234335144117084,0.0149624318104853,-0.025803187085508,0.0069588872309310846,0.04835045475819273,0.9446906580108763,2
2013-07-15,train,train,0.0013248466886484,0.0145102452380145,-0.025803187085508,0.04286708832219812,0.027727436287289464,0.9294054753905127,2
2013-07-16,train,train,-0.0072700591811823,0.0141804657710936,-0.025803187085508,0.06624826616293296,0.019635412150182125,0.9141163216868848,2
2013-07-17,train,train,0.0018576787142584,0.0137559998229272,-0.025803187085508,0.1426695758805125,0.013063412571218269,0.8442670115482694,2
2013-07-18,train,train,0.0183390388659,0.0140731339811774,-0.025803187085508,0.0505740326549954,0.02280965662226515,0.9266163107227393,2
2013-07-19,train,train,-0.0017734208454745,0.013651322842082,-0.025803187085508,0.11054158138587196,0.014835883143191052,0.8746225354709369,2
2013-07-22,train,train,0.0028661849528866,0.0132540559599495,-0.025803187085508,0.20874872811092635,0.010458931055290298,0.7807923408337835,2
2013-07-23,train,train,0.0134294187682605,0.0132646431061413,-0.025803187085508,0.17131474648047146,0.013437888069997881,0.8152473654495306,2
2013-07-24,train,train,0.0146071672712284,0.0133490026395489,-0.025803187085508,0.11955862798848903,0.01721171805189789,0.8632296539596129,2
2013-07-25,train,train,0.0108774222791047,0.0132137510990907,-0.025803187085508,0.13907846143961758,0.015717031437277325,0.8452045071231054,2
2013-07-26,train,train,0.0085960337323121,0.0129830864118598,-0.025803187085508,0.19472542437846818,0.01286017720857836,0.7924143984129535,2
2013-07-29,train,train,0.0026898316476448,0.0126048011673612,-0.025803187085508,0.3260927868668763,0.008633692941777845,0.6652735201913458,2
2013-07-30,train,train,0.0095530206739692,0.0124428197752931,-0.025803187085508,0.3796273930040305,0.008238609118080296,0.612133997877889,2
2013-07-31,train,train,-0.0027353207874798,0.0120823531197952,-0.025803187085508,0.5120741660615535,0.005553022007081583,0.4823728119313646,0
2013-08-01,train,train,0.0125844041414673,0.0121130629963063,-0.025803187085508,0.46775641408778046,0.007497960572164026,0.5247456253400554,2
2013-08-02,train,train,0.0039499226330108,0.0117838376928632,-0.025803187085508,0.6159110780221793,0.00458656167018189,0.37950236030763873,0
2013-08-05,train,train,-0.0015407488404927,0.0114310863589078,-0.025803187085508,0.7371955609228439,0.0027398159732532255,0.26006462310390277,0
2013-08-06,train,train,-0.0036628815449116,0.0111191075764578,-0.025803187085508,0.8099097280304577,0.001842145464073948,0.1882481265054684,0
2013-08-07,train,train,0.0052152479382967,0.0108558006965173,-0.025803187085508,0.8719070061070662,0.0012028554976916375,0.12689013839524232,0
2013-08-08,train,train,0.0113303850101287,0.0108848592873505,-0.025803187085508,0.8572930374701442,0.0015461416539713077,0.14116082087588447,0
2013-08-09,train,train,0.0073188311450854,0.0107044509136579,-0.025803187085508,0.8905818006611568,0.0011104397976941095,0.10830775954114874,0
2013-08-12,train,train,-0.0020397209207281,0.010390369622261,-0.025803187085508,0.9245988379874854,0.0006435814249480224,0.07475758058756629,0
2013-08-13,train,train,0.0046691980400555,0.0101385540711784,-0.025803187085508,0.9458266705769496,0.00041332069705482283,0.053760008725995234,0
2013-08-14,train,train,0.0035103964613151,0.0098672303578001,-0.025803187085508,0.9597847922287633,0.0002644531159556108,0.039950754655281,0
2013-08-15,train,train,-0.0058995485616963,0.0096751631113779,-0.025803187085508,0.9554779886424736,0.0002620587627547666,0.04425995259477212,0
2013-08-16,train,train,0.0095337311415371,0.0096667355465332,-0.025803187085508,0.9489030750312635,0.0003359826985688821,0.050760942270167926,0
2013-08-19,train,train,-0.0187894998138516,0.0104413479854995,-0.025803187085508,0.6355370178078106,0.004319247105231001,0.36014373508695835,0
2013-08-20,train,train,-0.018031244336599,0.0110448173017305,-0.025803187085508,0.21012618982682343,0.015347130026011572,0.7745266801471651,2
2013-08-21,train,train,-0.0047866336237052,0.0107723452210623,-0.025803187085508,0.29279924548442493,0.010544114409683962,0.6966566401058911,2
2013-08-22,train,train,0.0196478910133174,0.0114997040633362,-0.025803187085508,0.08435690256981722,0.02383272305713617,0.8918103743730467,2
2013-08-23,train,train,0.006594851648515,0.0112657945138196,-0.025803187085508,0.14830144509674106,0.016345774672943066,0.8353527802303159,2
2013-08-26,train,train,-0.0042568085944316,0.0109722497068982,-0.025803187085508,0.22590764803423025,0.011364113853726186,0.7627282381120436,2
2013-08-27,train,train,-0.0300306714080117,0.0129335734167188,-0.0293884084631234,0.0008364611274201075,0.06778679359152412,0.9313767452810559,2
2013-08-28,train,train,0.000488278874391,0.0125401350479836,-0.0293884084631234,0.03135494804772132,0.03739080549642643,0.9312542464558522,2
2013-08-29,train,train,0.0040403659305528,0.0121983261643363,-0.0293884084631234,0.08216375031550532,0.02259362503113471,0.8952426246533599,2
2013-08-30,train,train,-0.0169355418288008,0.0125331546771331,-0.0293884084631234,0.021327147929452978,0.028716508672226644,0.9499563433983204,2
2013-09-02,train,train,0.0166390114978884,0.0128166520748946,-0.0293884084631234,0.015777345191305726,0.03274498565367734,0.9514776691550166,2
2013-09-03,train,train,0.0018489827213851,0.0124344561767133,-0.0293884084631234,0.0585225774587348,0.020072102101518906,0.9214053204397462,2
2013-09-04,train,train,0.0053260621531726,0.0121260370554248,-0.0293884084631234,0.11963704971829645,0.014249861458952112,0.8661130888227516,2
2013-09-05,train,train,0.0070069777930417,0.0118812538251185,-0.0293884084631234,0.19112619351154983,0.01139912758491762,0.7974746789035326,2
2013-09-06,train,train,0.0122059181504413,0.0119009834544544,-0.0293884084631234,0.18298291058097751,0.012917376072428967,0.8040997133465935,2
2013-09-09,train,train,-0.0026030409929667,0.0115560353104717,-0.0293884084631234,0.28994055147493525,0.009012289171678829,0.7010471593533859,2
2013-09-10,train,train,0.0193993480367454,0.0121700253584823,-0.0293884084631234,0.08799635909973959,0.02125478366695062,0.8907488572333095,2
2013-09-11,train,train,0.0083274218484913,0.0119742934435022,-0.0293884084631234,0.13630757429632284,0.0161307154395953,0.8475617102640819,2
2013-09-12,train,train,0.0055058227915676,0.0116875800035578,-0.0242463976982952,0.2290768925014266,0.01144802461675909,0.7594750828818142,2
2013-09-13,train,train,0.0019477926398985,0.0113415690505887,-0.0242463976982952,0.37163204039741066,0.00764068473084586,0.6207272748717438,2
2013-09-16,train,train,0.0064545261583717,0.0111091391067563,-0.0240845618778572,0.4917840480006718,0.005922891415775211,0.5022930605835532,2
2013-09-17,train,train,-0.0008337279006336,0.0107726458924632,-0.0240845618778572,0.6387549478318535,0.0037522529888837416,0.357492799179263,0
2013-09-18,train,train,0.0078097346332069,0.0106182118483013,-0.0240845618778572,0.7148946917487562,0.003109008234416391,0.2819963000168277,0
2013-09-19,train,train,0.0100131799547816,0.010582885421873,-0.0240845618778572,0.7381746106714628,0.0031228073792123777,0.25870258194932455,0
2013-09-20,train,train,0.0019752429152769,0.0102718893634912,-0.0240845618778572,0.8355430315895247,0.0016821102081775751,0.16277485820229742,0
2013-09-23,train,train,-0.0068156130234681,0.0100979286630078,-0.0240845618778572,0.8483204999607945,0.0014882235494837795,0.15019127648972166,0
2013-09-24,train,train,0.0063575609614271,0.0099133843045097,-0.0240845618778572,0.8909204384603314,0.001033268634347014,0.10804629290532144,0
2013-09-25,train,train,0.0081802537726341,0.0098180278148846,-0.0240845618778572,0.9083734526348015,0.000860525410784487,0.09076602195441362,0
2013-09-26,train,train,0.0031865597464054,0.0095508795272719,-0.0240845618778572,0.9390102092368944,0.0004935761368157764,0.06049621462628967,0
2013-09-27,train,train,-0.0047565648567375,0.009332932889182,-0.0240845618778572,0.945413055021786,0.00038607178896722584,0.054200873189247094,0
2013-09-30,train,train,-0.0045943034589012,0.0091183263591234,-0.0240845618778572,0.9504161552272837,0.00032086113814256946,0.04926298363457342,0
2013-10-01,train,train,0.0167754271508161,0.0097488532875172,-0.0240845618778572,0.8495835445868691,0.0015513189042461904,0.14886513650888444,0
2013-10-02,train,train,0.0009095053332071,0.0094544890921356,-0.0240845618778572,0.9058733782384463,0.0008417041300409474,0.0932849176315127,0
2013-10-03,train,train,-0.005824400746711,0.0092768281646913,-0.0240845618778572,0.9153249891005197,0.0007022004096623253,0.08397281048981803,0
2013-10-04,train,train,0.0133787321959398,0.0095726379258602,-0.0222838051861541,0.8692062424129415,0.0013840407496326238,0.12940971683742625,0
2013-10-07,train,train,-0.0041483284211507,0.0093364763572466,-0.0222838051861541,0.9006430102017924,0.0009112248542764844,0.0984457649439312,0
2013-10-08,train,train,-0.0067377119159467,0.0092012721422092,-0.0222838051861541,0.9035616682343891,0.0008353752494182527,0.09560295651619263,0
2013-10-09,train,train,0.0128054177781906,0.0094563379783792,-0.0222838051861541,0.865593831715955,0.0014414525692697596,0.13296471571477547,0
2013-10-10,train,train,0.0231953880983478,0.0107860349538482,-0.0222838051861541,0.32720766576782184,0.01764939079108001,0.6551429434410982,2
2013-10-11,train,train,0.0008277726256425,0.0104594143944717,-0.0222838051861541,0.4866836350809497,0.00901031375139454,0.5043060511676558,2
2013-10-14,train,train,0.0028402536831643,0.0101646156329617,-0.0222838051861541,0.6399374656624264,0.00483399560508861,0.3552285387324853,0
2013-10-15,train,train,0.0112096177956477,0.0102303263963262,-0.0222838051861541,0.6378665519224302,0.005157732071410475,0.35697571600615957,0
2013-10-16,train,train,0.0074882635969093,0.010086845343647,-0.0222838051861541,0.7197537466865859,0.0035931932835005943,0.27665306002991374,0
2013-10-17,train,train,0.0039399998917256,0.009827064566607,-0.0222838051861541,0.8174801673006733,0.001999146790927899,0.18052068590839937,0
2013-10-18,train,train,0.0084137774510701,0.0097480472493856,-0.0222838051861541,0.8506435674951643,0.0016222196439008032,0.1477342128609346,0
2013-10-21,train,train,0.0035928935223488,0.0094919699060551,-0.0222838051861541,0.9041505563347189,0.0009018050609989788,0.09494763860428224,0
2013-10-22,train,train,-0.0024836490370613,0.0092228929240215,-0.0222838051861541,0.9314928752631009,0.0005533707308932978,0.06795375400600599,0
2013-10-23,train,train,-0.018608359638698,0.0100366484227194,-0.0224761769535204,0.5907680992994541,0.005612013662208608,0.4036198870383373,0
2013-10-24,train,train,0.0088231928458158,0.0099680076638848,-0.0224761769535204,0.653612606130344,0.004567191817150993,0.34182020205250485,0
2013-10-25,train,train,-0.0101263846267084,0.0099775811756413,-0.0224761769535204,0.5904098887121697,0.005446597655769006,0.4041435136320612,0
2013-10-28,train,train,-0.0081118591175611,0.0098755827195215,-0.0224761769535204,0.5956894140712353,0.00507190648763523,0.39923867944112973,0
2013-10-29,train,train,0.0130307626705314,0.0100927475225355,-0.0224761769535204,0.5327295266189311,0.007038578607564799,0.4602318947735036,0
2013-10-30,train,train,-0.008675105313681,0.0100133504149528,-0.0224761769535204,0.5224093792568241,0.006600361455405535,0.4709902592877706,0
2013-10-31,train,train,0.013125900320842,0.010226852443183,-0.0224761769535204,0.45768663619319877,0.008732890655658762,0.5335804731511425,2
2013-11-01,train,train,-0.0070495530616014,0.0100645403344147,-0.0224761769535204,0.49980698401910506,0.006888765196623856,0.4933042507842712,0
2013-11-04,train,train,0.0036018561449467,0.0097977383041092,-0.0224761769535204,0.6471232110820633,0.004126937804558289,0.3487498511133786,0
2013-11-05,train,train,-0.0079412387056581,0.0096963772437996,-0.0224761769535204,0.6544956164503725,0.003986718532233298,0.3415176650173942,0
2013-11-06,train,train,0.0042173828513144,0.0094575751036777,-0.0224761769535204,0.7685395985273911,0.002436039305887922,0.22902436216672079,0
2013-11-07,train,train,-0.009878697649448,0.0094833698264992,-0.0224761769535204,0.7183230056033307,0.0032000187534486123,0.2784769756432208,0
2013-11-08,train,train,0.0006978603392982,0.0091960570688407,-0.0224761769535204,0.8217778018745387,0.0017720857154929978,0.176450112409968,0
2013-11-11,train,train,0.0043303027278424,0.0089787810408462,-0.0222234251277695,0.8837820366069209,0.0010793545269695446,0.11513860886610983,0
2013-11-12,train,train,-0.0084013474863998,0.0089451862370733,-0.0218581909585035,0.8687644980409612,0.0012315610153230765,0.13000394094371565,0
2013-11-13,train,train,-0.0033431162899474,0.0087112548463844,-0.0218581909585035,0.9051213835706878,0.0008110164961321032,0.09406759993318006,0
2013-11-14,train,train,0.0034564836211952,0.0084882059400177,-0.0218581909585035,0.9367343823257155,0.0004949038799822123,0.06277071379430232,0
2013-11-15,train,train,-0.0013192561599618,0.00823596308177,-0.0218581909585035,0.9536699257034531,0.0003130581429951764,0.04601701615355189,0
2013-11-18,train,train,0.008953220255137,0.0082807506777732,-0.0218581909585035,0.9503394191797291,0.0003408662705312552,0.04931971454973957,0
2013-11-19,train,train,-0.015793946318452,0.0089119866639714,-0.0171126159286502,0.7883376002803651,0.0020636007437929834,0.2095987989758422,0
2013-11-20,train,train,-0.0073270198976221,0.0088249197818272,-0.0171126159286502,0.798924694654422,0.002003184611352059,0.19907212073422614,0
2013-11-21,train,train,0.0041547385972367,0.0086163894860333,-0.0171126159286502,0.8697315368053637,0.0012215255885293088,0.12904693760610653,0
2013-11-22,train,train,0.0081031599419319,0.0085864608408352,-0.0148428968612861,0.893345238805687,0.0010203239026371324,0.10563443729167625,0
2013-11-25,train,train,0.0012081927009938,0.0083301413530076,-0.0148428968612861,0.931558993836052,0.0005630917992130323,0.06787791436473502,0
2013-11-26,train,train,0.0026283689579365,0.008101992289935,-0.0148428968612861,0.9526214031228728,0.0003375432485479495,0.04704105362857953,0
2013-11-27,train,train,0.0096093425070883,0.008200250613689,-0.0148428968612861,0.9462314559804997,0.0003889950113447168,0.0533795490081557,0
2013-11-28,train,train,0.005226668592424,0.0080528595786944,-0.0148428968612861,0.9574215213968531,0.0002817893832606993,0.04229668921988612,0
2013-11-29,train,train,-0.0022541276905537,0.0078270364793605,-0.0148428968612861,0.9640888606681997,0.00020387480764197635,0.03570726452415839,0
2013-12-02,train,train,-0.0094061085435366,0.0079306520994338,-0.0148428968612861,0.938506724446494,0.0003660245774596378,0.061127250976046425,0
2013-12-03,train,train,-0.0145218584440583,0.0084719885811463,-0.0163080548004027,0.805854330316889,0.0017594222447310267,0.19238624743837981,0
2013-12-04,train,train,-0.0067379081059783,0.008378071342893,-0.0163080548004027,0.8241870084603902,0.00165118794124758,0.17416180359836225,0
2013-12-05,train,train,-0.0156770423639667,0.0089848057351234,-0.0166931161070389,0.5424784307584879,0.006407628721321854,0.4511139405201901,0
2013-12-06,train,train,0.000894011482147,0.0087138444697988,-0.0166931161070389,0.6898239951144168,0.003557780728884364,0.30661822415669887,0
2013-12-09,train,train,0.0092017738194068,0.0087438880826909,-0.0166931161070389,0.7329622449242684,0.0031865652435865404,0.263851189832145,0
2013-12-10,train,train,-0.00518879050878,0.0085722608972842,-0.0166931161070389,0.7878064225563163,0.0022674472057440907,0.20992613023793963,0
2013-12-11,train,train,-0.0084694544769503,0.0085661273061909,-0.0166931161070389,0.7749930793330776,0.002431265789021078,0.2225756548779016,0
2013-12-12,train,train,-0.0092965735604692,0.0086117014348054,-0.0166931161070389,0.7416972104874856,0.002903194482104105,0.25539959503041026,0
2013-12-13,train,train,6.477142666069307e-05,0.0083493693909396,-0.0166931161070389,0.8363395120285875,0.00160630005535791,0.16205418791605464,0
2013-12-16,train,train,0.0167684701146237,0.0090774526422273,-0.0166931161070389,0.6544393803421938,0.005346923996224636,0.3402136956615813,0
2013-12-17,train,train,-0.0091728290108014,0.0090832034661374,-0.0166931161070389,0.624596742529634,0.0052868764614879445,0.370116381008878,0
2013-12-18,train,train,0.0106669796147021,0.0091859336673439,-0.0166931161070389,0.6389273422184518,0.005173110417676183,0.35589954736387225,0
2013-12-19,train,train,0.0182055199396838,0.0099601682755286,-0.0166931161070389,0.3415176255383095,0.014649796506385907,0.6438325779553045,2
2013-12-20,train,train,0.0075414305620502,0.0098318383554434,-0.0166931161070389,0.4417905365589984,0.009762859426231545,0.5484466040147701,2
2013-12-23,train,train,0.0070443534195501,0.0096872347771016,-0.0166931161070389,0.5519983007726104,0.00654820009292835,0.44145349913446136,0
2013-12-24,train,train,0.006241718210357,0.0095157505926824,-0.0166931161070389,0.6656880859817059,0.004247875722728507,0.33006403829556563,0
2013-12-27,train,train,0.0081746221664501,0.0094406570552827,-0.0166931161070389,0.731523701072577,0.0032816891515972894,0.2651946097758259,0
2013-12-30,train,train,0.0001818789042647,0.0091531650314785,-0.0166931161070389,0.8298252217534214,0.001752003969446197,0.1684227742771326,0
2013-12-31,train,train,0.0014935284617734,0.00888186027383,-0.0166931161070389,0.8941360309992656,0.0009620424026174942,0.10490192659811685,0
2014-01-02,train,train,-0.0158971224911506,0.0094507833335829,-0.0167664761494335,0.6551317509130208,0.004513435877874878,0.34035481320910405,0
2014-01-03,train,train,0.0038551694196163,0.0092114063614882,-0.0167664761494335,0.7713037995169769,0.0025629845655484895,0.2261332159174743,0
2014-01-06,train,train,0.0091941916853732,0.0092103743882602,-0.0167664761494335,0.8025878967389546,0.0022766613028363776,0.195135441958209,0
2014-01-07,train,train,0.0289247872154518,0.011399111172243,-0.0167664761494335,0.047285734507266586,0.048238230981915806,0.9044760345108177,2
2014-01-08,train,train,0.0073315122652171,0.0111968038167964,-0.0167664761494335,0.09179836600803815,0.030152540315960673,0.8780490936760011,2
2014-01-09,train,train,-0.001893755345933,0.010865610398304,-0.0167664761494335,0.17263333129365127,0.017553678224502975,0.809812990481846,2
2014-01-10,train,train,0.0054957530002311,0.0106202635574849,-0.0167664761494335,0.27739188785150154,0.01166679983000992,0.7109413123184886,2
2014-01-13,train,train,0.0072521723095159,0.0104488390905894,-0.0167664761494335,0.37729731298874974,0.008780315468176376,0.613922371543074,2
2014-01-14,train,train,0.0015905550610536,0.0101380143995115,-0.0167664761494335,0.5385835966941227,0.005394533631326159,0.4560218696745511,0
2014-01-15,train,train,0.0136798562214902,0.0103846465409882,-0.0167664761494335,0.4515152842785872,0.008281371273443092,0.5402033444479698,2
2014-01-16,train,train,-0.0066252306081218,0.0101982376708444,-0.0167664761494335,0.5052630917059859,0.0064818393207568,0.48825506897325677,0
2014-01-17,train,train,0.0009751072118504,0.0098904427878657,-0.0167664761494335,0.6582781558306451,0.003786338689549958,0.33793550547980505,0
2014-01-20,train,train,-0.0011090544984693,0.0095929873939496,-0.0157893703911897,0.772463277697237,0.0022610165845597403,0.2252757057182033,0
2014-01-21,train,train,-0.0092929403913612,0.0095752497188894,-0.0157893703911897,0.7391478017599707,0.0028131216200954785,0.2580390766199342,0
2014-01-22,train,train,-0.0075301899156882,0.0094650149687323,-0.0157893703911897,0.7504443056235013,0.0026745094764642962,0.24688118490003408,0
2014-01-23,train,train,-0.0037522803334059,0.0092225860971234,-0.0157893703911897,0.8188867698613536,0.0017754643947535255,0.1793377657438931,0
2014-01-24,train,train,-0.0370303219520288,0.0127368525661553,-0.0229071302538771,0.00043270682647266004,0.12072255294210647,0.8788447402314208,2
2014-01-27,train,train,-0.0112599565964863,0.0126531010368108,-0.0229071302538771,0.01039061402009575,0.0827258179576184,0.9068835680222858,2
2014-01-28,train,train,0.012292894589613,0.0126317783126668,-0.0229071302538771,0.022898281478087083,0.061121796360739784,0.9159799221611731,2
2014-01-29,train,train,0.0017294915635649,0.0122542883271141,-0.0229071302538771,0.07105430619180632,0.03352893671312599,0.8954167570950676,2
2014-01-30,train,train,0.0068779187471413,0.0119998280586573,-0.0229071302538771,0.12785575028088586,0.021628356003456015,0.8505158937156581,2
2014-01-31,train,train,-0.0044556790955315,0.0116853457631017,-0.0229071302538771,0.19782767431521178,0.014098763614703202,0.7880735620700847,2
2014-02-03,train,train,-0.0198320618606592,0.0123269261345132,-0.0242531687679461,0.02463206447596172,0.027999962880741754,0.9473679726432964,2
2014-02-04,train,train,0.0029671364498398,0.0119734771630015,-0.0242531687679461,0.07291715493266926,0.01785553289352009,0.9092273121738109,2
2014-02-05,train,train,0.0021199145872204,0.0116203247941686,-0.0242531687679461,0.1529639415381169,0.01219474753096241,0.8348413109309207,2
2014-02-06,train,train,0.0192106863037717,0.0122095478834545,-0.0242531687679461,0.04491844651467575,0.023664341593830938,0.9314172118914935,2
2014-02-07,train,train,0.0107602861167375,0.01212747712371,-0.0242531687679461,0.06424028908083772,0.020036951300568144,0.9157227596185944,2
2014-02-10,train,train,-0.0089454431248643,0.0119604521848027,-0.0242531687679461,0.07377369990627859,0.016527759498683393,0.9096985405950381,2
2014-02-11,train,train,0.0108101724191393,0.0118945727599165,-0.0242531687679461,0.09338565203303281,0.015571884631771796,0.8910424633351951,2
2014-02-12,train,train,-0.0010311720817583,0.0115349819429517,-0.0242531687679461,0.1789854856552946,0.01088199229871984,0.8101325220459853,2
2014-02-13,train,train,0.0017939422425106,0.0111922095068372,-0.0242531687679461,0.3070478450547172,0.007890426059895036,0.6850617288853879,2
2014-02-14,train,train,0.003351028658536,0.0108822508705901,-0.0242531687679461,0.45768039367217483,0.00575243825277344,0.5365671680750519,2
2014-02-17,train,train,-0.001402296716935,0.0105563235614854,-0.0242531687679461,0.6030882838494578,0.00394338091039571,0.3929683352401466,0
2014-02-18,train,train,-0.0075292611969898,0.0103995767008583,-0.0242531687679461,0.6242762903024659,0.0039619252426918924,0.37176178445484215,0
2014-02-19,train,train,0.0011046322783649,0.0100863936355784,-0.0242531687679461,0.7545730978451521,0.002392169461039458,0.24303473269380824,0
2014-02-20,train,train,0.0008351957913618,0.0097812611404727,-0.0242531687679461,0.8461784538191642,0.0014017733899815165,0.15241977279085414,0
2014-02-21,train,train,0.0008741594678654,0.0094857015879032,-0.0242531687679461,0.9037663084552279,0.000812282011755877,0.09542140953301591,0
2014-02-24,train,train,0.012050891613135,0.0096588437122751,-0.0242531687679461,0.8779334702008075,0.0012456547442898105,0.12082087505490262,0
2014-02-25,train,train,0.0048347530517573,0.0094391819757305,-0.0242531687679461,0.9172420542159884,0.0007506062940081202,0.08200733949000338,0
2014-02-26,train,train,-0.0017785114809066,0.0091619895859994,-0.0242531687679461,0.9413986774567433,0.0004501400219082156,0.058151182521348405,0
2014-02-27,train,train,-0.0059053614238724,0.0089998848657256,-0.0242531687679461,0.9416790737703045,0.0004088035001100403,0.057912122729585666,0
2014-02-28,train,train,-0.0049213779414869,0.0088085895347164,-0.0242531687679461,0.9465461935146894,0.00035285499269881973,0.053100951492611854,0
2014-03-03,train,train,-0.023559475434289,0.0103072162866596,-0.026807286415659,0.2896411132531044,0.012692651545855901,0.6976662352010397,2
2014-03-04,train,train,0.0247945032689078,0.0116940338919594,-0.026807286415659,0.021604007444073755,0.0443422360138912,0.934053756542035,2
2014-03-05,train,train,0.0087013160180344,0.0115363849178613,-0.026807286415659,0.049623770477379064,0.030030056163969317,0.9203461733586517,2
2014-03-06,train,train,0.0086553521764643,0.0113841026713831,-0.026807286415659,0.08541633182523099,0.02161299637737316,0.892970671797396,2
2014-03-07,train,train,-0.0136604219286035,0.0115333582988948,-0.026807286415659,0.04447885370669176,0.022438595521944223,0.933082550771364,2
2014-03-10,train,train,0.002986371399805,0.0112059072492993,-0.026807286415659,0.10594046268612523,0.014879320196853825,0.879180217117021,2
2014-03-11,train,train,-0.0030749599205011,0.0108906078137938,-0.026807286415659,0.18296344002091658,0.010780448987990179,0.8062561109910933,2
2014-03-12,train,train,-0.0091826194448158,0.0107957513973198,-0.026807286415659,0.17770211989662077,0.010904762341409642,0.8113931177619698,2
2014-03-13,train,train,-0.011997796541197,0.010871622723835,-0.026807286415659,0.1181134019261502,0.013178596143754382,0.8687080019300956,2
2014-03-14,train,train,-0.013996569278078,0.0110839923720564,-0.026807286415659,0.056077135955289174,0.01675707974446056,0.9271657843002505,2
2014-03-17,train,train,0.0164758526433197,0.0114791470462329,-0.026807286415659,0.03178112282950212,0.02252886611368285,0.945690011056815,2
2014-03-18,train,train,0.0076300118140931,0.0112852821281299,-0.026807286415659,0.06833833656227051,0.017019995510979,0.9146416679267506,2
2014-03-19,train,train,0.0041598549196717,0.0109888307260582,-0.026807286415659,0.14016722543792806,0.012279913603127666,0.8475528609589442,2
2014-03-20,train,train,-0.0013284386092789,0.0106590347419793,-0.026807286415659,0.2442278922310885,0.008953898889248392,0.7468182088796631,2
2014-03-21,train,train,-0.0026623774977076,0.010354874000648,-0.026807286415659,0.36412424104019087,0.006828211740298942,0.6290475472195102,2
2014-03-24,train,train,-0.0140239441574536,0.0106108562905649,-0.026807286415659,0.1862220645935677,0.011951106247688817,0.8018268291587437,2
2014-03-25,train,train,0.0077775737317082,0.0104625185369016,-0.026807286415659,0.2631603302863228,0.010000145455598644,0.7268395242580785,2
2014-03-26,train,train,0.0149321479836055,0.0107830690942406,-0.026807286415659,0.1762032229080869,0.014731337082822728,0.8090654400090904,2
2014-03-27,train,train,0.005722811058867,0.0105481343530799,-0.026807286415659,0.2792465418700213,0.010446623634796311,0.7103068344951823,2
2014-03-28,train,train,0.0126561662947834,0.0106863493648514,-0.026807286415659,0.25053037082511953,0.012279985041696223,0.7371896441331844,2
2014-03-31,train,train,0.0011223956603003,0.0103644471779201,-0.026807286415659,0.3982625190688588,0.007719647318544561,0.5940178336125967,2
2014-04-01,train,train,0.0117865328698696,0.0104552283959373,-0.026807286415659,0.3868453763829429,0.008932605931942334,0.6042220176851147,2
2014-04-02,train,train,-0.0026125632493015,0.010156900214457,-0.026807286415659,0.5212136575466029,0.005739624117914437,0.47304671833548234,0
2014-04-03,train,train,0.0141106685635261,0.0104364516329561,-0.026807286415659,0.4177430496084276,0.009138882678904899,0.5731180677126675,2
2014-04-04,train,train,0.0087578159315645,0.0103434187636042,-0.026807286415659,0.4921375230880888,0.007338816646952557,0.500523660264959,2
2014-04-07,train,train,-0.0066718976989833,0.0101606095363647,-0.026807286415659,0.5431526529214019,0.005822001463508513,0.4510253456150899,0
2014-04-08,train,train,-0.0119223786717247,0.0102748378952155,-0.026807286415659,0.4080087110926226,0.00845827034546539,0.5835330185619119,2
2014-04-09,train,train,0.0004483704492513,0.0099624303415464,-0.026807286415659,0.5675881110455665,0.005059915456480668,0.4273519734979527,0
2014-04-10,train,train,-0.0143221883233213,0.0102763087688954,-0.026807286415659,0.3236807082753899,0.010409609575167445,0.6659096821494426,2
2014-04-11,train,train,-0.0127255671915179,0.0104394815110524,-0.026807286415659,0.1990121199799177,0.013452791405533912,0.7875350886145484,2
2014-04-14,train,train,-0.0016868249859686,0.0101298830436697,-0.026807286415659,0.31962926204032477,0.008894431648799547,0.6714763063108756,2
2014-04-15,train,train,-0.0083482207450778,0.0100319103876696,-0.026807286415659,0.32713162019541225,0.008585228604168242,0.6642831512004196,2
2014-04-16,train,train,0.0161405839057313,0.0104991418408238,-0.026807286415659,0.18660759636962532,0.01509861079300228,0.7982937928373723,2
2014-04-17,train,train,0.0023832372355002,0.0101960212736809,-0.026807286415659,0.31661095514854415,0.009599078186374557,0.6737899666650813,2
2014-04-22,train,train,0.0140280313507038,0.0104655844862641,-0.0192379085394231,0.2423841017809963,0.013089912320245235,0.7445259858987584,2
2014-04-23,train,train,-0.0012845653458059,0.0101516381736369,-0.0192379085394231,0.3769514165827723,0.00826182375035465,0.614786759666873,2
2014-04-24,train,train,0.0036003991079873,0.009881810794391,-0.0192379085394231,0.5307013005345752,0.0054126425696658775,0.46388605689575885,0
2014-04-25,train,train,-0.0150039856305191,0.0102614983598704,-0.0194651743084891,0.2640783410453561,0.011729931228256756,0.7241917277263872,2
2014-04-28,train,train,0.0014253300458897,0.00995501590248,-0.0194651743084891,0.41459268991198495,0.007392383815559277,0.5780149262724558,2
2014-04-29,train,train,0.0134830668996803,0.0102011659482035,-0.0194651743084891,0.34422506263769814,0.010305930509107029,0.6454690068531949,2
2014-04-30,train,train,-0.0001912047858557,0.0098905082304615,-0.0176285497960431,0.49995260513168127,0.006210079594343044,0.49383731527397584,0
2014-05-02,train,train,0.0014808817197838,0.009596061927348,-0.0176285497960431,0.6539387495713045,0.003733548734212558,0.34232770169448296,0
2014-05-05,train,train,0.0002386466434816,0.0093039108645727,-0.0176285497960431,0.7750990177739941,0.0022021143867482313,0.2226988678392577,0
2014-05-06,train,train,0.0004199170851278,0.0090210626732587,-0.0176285497960431,0.8590033056555446,0.0012772490083497248,0.13971944533610542,0
2014-05-07,train,train,-0.0064704707937929,0.0088886903977566,-0.0176285497960431,0.8722098747573485,0.0011506521458834404,0.12663947309676798,0
2014-05-08,train,train,0.0168916724756516,0.0095597073129579,-0.0176285497960431,0.7051382194003558,0.004283539977802342,0.29057824062184173,0
2014-05-09,train,train,-0.0098680116152058,0.0095784854162402,-0.0176285497960431,0.6525898928943651,0.004789589746564289,0.34262051735907034,0
2014-05-12,train,train,0.0075804606689545,0.0094704985578475,-0.0176285497960431,0.7305064074291486,0.003392598443202742,0.2661009941276487,0
2014-05-13,train,train,0.001909807204365,0.0091938982032439,-0.0176285497960431,0.83049319790496,0.0017883878440981683,0.16771841425094192,0
2014-05-14,train,train,0.0025187594744991,0.0089351411448694,-0.0176285497960431,0.8938624815309297,0.0009846318347285815,0.10515288663434186,0
2014-05-15,train,train,-0.0237297780617966,0.0104322904701576,-0.0207644130422015,0.17485252089676506,0.020015360061636046,0.8051321190415988,2
2014-05-16,train,train,0.0109099093937819,0.0104615625393795,-0.0207644130422015,0.19429512308387387,0.01704732781695341,0.7886575490991728,2
2014-05-19,train,train,-0.0050899211018243,0.0102192011003206,-0.0207644130422015,0.2692878537332472,0.01160745697010812,0.7191046892966448,2
2014-05-20,train,train,0.0027108046153078,0.00993010848686,-0.0207644130422015,0.41824153913228124,0.007411943314573849,0.5743465175531451,2
2014-05-21,train,train,0.0073957854464993,0.0097965549980286,-0.0207644130422015,0.5219060023140062,0.0058543256043390775,0.47223967208165457,0
2014-05-22,train,train,-0.0010261061391124,0.0095014374737804,-0.0207644130422015,0.6638230502900557,0.0035799290321982757,0.33259702067774605,0
2014-05-23,train,train,0.0036339441101612,0.0092548910426766,-0.0207644130422015,0.7787084513025726,0.0022094035324696907,0.21908214516495741,0
2014-05-26,train,train,0.0121057033238917,0.0094502227961605,-0.0207644130422015,0.7484970427855866,0.0030887741813443144,0.248414183033069,0
2014-05-27,train,train,0.002495150920223,0.0091826932285756,-0.0207644130422015,0.8417310482525625,0.0016479122280341123,0.15662103951940362,0
2014-05-28,train,train,0.0040053373073218,0.0089568469480642,-0.0207644130422015,0.8975120571889287,0.0009562494005155987,0.10153169341055607,0
2014-05-29,train,train,-0.0020845357462145,0.0086989837436691,-0.0176853173385456,0.9286826326707819,0.0005783696323656803,0.07073899769685227,0
2014-05-30,train,train,0.0059349982074241,0.0085583544741725,-0.0176853173385456,0.945006407785187,0.0004163944503967041,0.054577197764416246,0
2014-06-02,train,train,0.0026542224345774,0.0083230642933469,-0.0176853173385456,0.9600281165302191,0.0002602107241678064,0.03971167274561342,0
2014-06-03,train,train,-0.0046935847762935,0.0081509986848515,-0.0176853173385456,0.9599709668116758,0.00022846425675842534,0.03980056893156542,0
2014-06-04,train,train,-0.0019599033950745,0.0079172549577429,-0.0176853173385456,0.9660264246175838,0.0001784138738111779,0.033795161508605245,0
2014-06-05,train,train,0.0111688384780874,0.0081490200440867,-0.0176853173385456,0.9488064287596287,0.0003156765395836931,0.05087789470078792,0
2014-06-06,train,train,0.0171283678466428,0.0089456690707619,-0.0176853173385456,0.8368703605634125,0.0017075145290809724,0.16142212490750654,0
2014-06-09,train,train,0.0089794679032599,0.0089477006010321,-0.0176853173385456,0.8592702424391251,0.0015054290086538203,0.13922432855222128,0
2014-06-10,train,train,-0.00094988901038,0.0086782372997568,-0.0176853173385456,0.9086921533455444,0.0008243549094477339,0.09048349174500789,0
2014-06-11,train,train,-0.0070719474571325,0.0085903341566684,-0.0176853173385456,0.9071297999977322,0.0007939025215215141,0.09207629748074588,0
2014-06-12,train,train,0.0012271265293663,0.0083340602852976,-0.0176853173385456,0.9393729896957523,0.0004622478507610165,0.06016476245348701,0
2014-06-13,train,train,0.0022700662560429,0.0080992814025101,-0.0176853173385456,0.9571317987474209,0.00028594623125194997,0.04258225502132736,0
2014-06-16,train,train,-0.0095380531057361,0.0081927361183974,-0.0176853173385456,0.9297496855191045,0.0004740076344631998,0.06977630684643199,0
2014-06-17,train,train,0.0045589000922007,0.0080212644765269,-0.0176853173385456,0.9490463886781509,0.00034571807373023314,0.0506078932481188,0
2014-06-18,train,train,0.0048531391465706,0.0078672371483772,-0.0176853173385456,0.9597632503858097,0.0002536399783115757,0.03998310963587896,0
2014-06-19,train,train,0.0067713031914535,0.0078058214136959,-0.0176853173385456,0.9621871432142273,0.00022532627154177277,0.03758753051423111,0
2014-06-20,train,train,-0.0029271270802323,0.007601913012038,-0.0176853173385456,0.9657054165714464,0.00018100129823004512,0.03411358213032374,0
2014-06-23,train,train,-0.0033043790228055,0.0074146390201829,-0.0176853173385456,0.9671078975179134,0.00016131362415956605,0.032730788857927025,0
2014-06-24,train,train,-0.0011158492378984,0.0071939534793425,-0.0176853173385456,0.9710767026386687,0.00013383951620118544,0.02878945784512993,0
2014-06-25,train,train,-0.0126130317332068,0.0076284403932482,-0.0176853173385456,0.9122215541830451,0.0005161993564951025,0.08726224646045971,0
2014-06-26,train,train,0.0020313480306581,0.0074127659583073,-0.0176853173385456,0.9420890354628126,0.0003771964993961954,0.05753376803779114,0
2014-06-27,train,train,-0.0026515820283089,0.00721623214972,-0.0176853173385456,0.9541584124474256,0.00028384621783634736,0.04555774133473804,0
2014-06-30,train,train,-0.0033267645140446,0.0070436927658897,-0.0176853173385456,0.9599308633020182,0.00022956676769763377,0.03983956993028417,0
2014-07-01,train,train,0.0076876704252568,0.0070839824892129,-0.0176853173385456,0.9596949355103787,0.0002378623133544357,0.04006720217626725,0
2014-07-02,train,train,0.0007628404673938,0.0068707172091236,-0.0176853173385456,0.9682136155156804,0.00016847259881952486,0.031617911885499964,0
2014-07-03,train,train,0.00667678539193,0.0068592359239114,-0.0176853173385456,0.9677608704030387,0.00016533905702747706,0.03207379053993385,0
2014-07-04,train,train,-0.0072942315777646,0.0068861106054788,-0.0176853173385456,0.9555556910979413,0.0002289890932752421,0.044215319808783474,0
2014-07-07,train,train,-0.0110423132410083,0.0072034275881268,-0.0176853173385456,0.9108853484535303,0.0005886965640244766,0.08852595498244567,0
2014-07-08,train,train,-0.0184827106988574,0.0083230188371169,-0.019072158130391,0.5421860640336389,0.0060429674747901636,0.4517709684915708,0
2014-07-09,train,train,0.0053928885302808,0.0081768746359,-0.019072158130391,0.6678640999379142,0.003903702836059426,0.32823219722602637,0
2014-07-10,train,train,-0.020047286505531,0.0093254074364953,-0.0207532584220616,0.15035686154274516,0.018992880154519394,0.8306502583027355,2
2014-07-11,train,train,0.0004935556333903,0.0090421262021185,-0.0207532584220616,0.2675560797254969,0.01153282451547461,0.7209110957590288,2
2014-07-14,train,train,0.006384486156558,0.0089050627897131,-0.0207532584220616,0.3805350326527095,0.008402267675956913,0.611062699671334,2
2014-07-15,train,train,-0.0123707401233404,0.0091500954838385,-0.0207532584220616,0.25195170205151035,0.011435201683268765,0.7366130962652206,2
2014-07-16,train,train,0.0182087377879171,0.0099294652641171,-0.0207532584220616,0.09541115035493997,0.02149894646348391,0.8830899031815759,2
2014-07-17,train,train,-0.0117955809283876,0.010051207259415,-0.0207532584220616,0.06817873921404863,0.02003207665135816,0.9117891841345934,2
2014-07-18,train,train,-0.0015471848725699,0.0097523734645064,-0.0207532584220616,0.13864756555422855,0.013272781999814872,0.8480796524459565,2
2014-07-21,train,train,-0.0042838892700483,0.0095133255666154,-0.0207532584220616,0.2131230341862495,0.010064575335048787,0.7768123904787019,2
2014-07-22,train,train,0.0157971528003423,0.010002307920279,-0.0207532584220616,0.12333518632885827,0.016012249027995806,0.8606525646431459,2
2014-07-23,train,train,0.0009573146060237,0.0097004319998361,-0.0207532584220616,0.2295463810781145,0.010620177927097713,0.7598334409947879,2
2014-07-24,train,train,0.0187368550819541,0.0104650208994616,-0.0207532584220616,0.07703863989969613,0.021478531492862094,0.9014828286074419,2
2014-07-25,train,train,0.0025196292090036,0.0101649680059334,-0.0207532584220616,0.15900844198577022,0.013823547730852974,0.8271680102833768,2
2014-07-28,train,train,-0.0007625736524723,0.0098570721414869,-0.0207532584220616,0.2738162389333485,0.00934022592085372,0.7168435351457977,2
2014-07-29,train,train,0.0019650538194141,0.0095688998908505,-0.0207532584220616,0.4253139123738535,0.006422524572482351,0.5682635630536641,2
2014-07-30,train,train,0.0033152549257208,0.0093128657956186,-0.0207532584220616,0.5801536860129691,0.004381923647665802,0.41546439033936516,0
2014-07-31,train,train,-0.0212717350037242,0.0104247255969493,-0.0216829331903506,0.07961617493401488,0.02161597170012445,0.8987678533658607,2
2014-08-01,train,train,-0.018208746649868,0.0110475298967205,-0.0216829331903506,0.015149017570121152,0.030486500082336714,0.954364482347542,2
2014-08-04,train,train,-0.0016943986237315,0.0107190158602161,-0.0216829331903506,0.054042503010111376,0.01902363665424013,0.9269338603356484,2
2014-08-05,train,train,-0.0136597363589403,0.010917818774582,-0.0216829331903506,0.03028371195714101,0.020410496883610636,0.9493057911592485,2
2014-08-06,train,train,-0.0104466699173011,0.0108901246792037,-0.0216829331903506,0.03466086178126393,0.018029755666221448,0.9473093825525146,2
2014-08-07,train,train,-0.016492519390128,0.0113048360601519,-0.0199339107360375,0.011874841634696705,0.02340252613445934,0.9647226322308441,2
2014-08-08,train,train,0.0025962163107603,0.0109788787949422,-0.0199339107360375,0.05135968037418291,0.01582253844035683,0.9328177811854602,2
2014-08-11,train,train,0.0087396357131191,0.01085755528479,-0.0199339107360375,0.08676188265448098,0.013871553405105874,0.8993665639404131,2
2014-08-12,train,train,0.0046978359426134,0.0105894993323177,-0.0199339107360375,0.1650896037624732,0.010727108126265544,0.8241832881112611,2
2014-08-13,train,train,0.0060840824655727,0.0103744980557847,-0.0199339107360375,0.26048523688679975,0.008870049532744416,0.7306447135804559,2
2014-08-14,train,train,-0.0008932758808512,0.0100608286846994,-0.0199339107360375,0.40113834729017833,0.006395430781958877,0.5924662219278627,2
2014-08-15,train,train,-0.0070770569195139,0.0099071762612775,-0.0199339107360375,0.44308563760693226,0.0061117806736287784,0.5508025817194391,2
2014-08-18,train,train,0.0127531743235819,0.010100575246161,-0.0199339107360375,0.396258435184047,0.008458788011223486,0.5952827768047295,2
2014-08-19,train,train,0.0031918833881829,0.0098240322810434,-0.0199339107360375,0.5527928311198391,0.0052876416698553075,0.44191952721030553,0
2014-08-20,train,train,0.0033065598624968,0.0095591272578045,-0.0199339107360375,0.6938530534359046,0.0032600289293134464,0.30288691763478165,0
2014-08-21,train,train,0.0129189188587264,0.0097932735570772,-0.0199339107360375,0.6362256979701025,0.004919959934008384,0.3588543420958889,0
2014-08-22,train,train,-0.005338030312653,0.0095845390396748,-0.0199339107360375,0.7049662700806607,0.003455012176877749,0.2915787177424616,0
2014-08-25,train,train,0.0179237379608278,0.0102775098266153,-0.0199339107360375,0.42338751408074676,0.011110267126564675,0.5655022187926887,2
2014-08-26,train,train,0.0127157839039012,0.0104398776505975,-0.0199339107360375,0.3797515583140932,0.012082286866446948,0.6081661548194598,2
2014-08-27,train,train,0.0009693376528502,0.010124621453022,-0.0199339107360375,0.5413115775778019,0.006533349091701551,0.4521550733304966,0
2014-08-28,train,train,-0.0106867848542256,0.0101592285250507,-0.0199339107360375,0.45717886674939984,0.007824917903150505,0.5349962153474496,2
2014-08-29,train,train,0.0006153201429408,0.0098508906147338,-0.0199339107360375,0.6147376897581693,0.004520085747091395,0.38074222449473927,0
2014-09-01,train,train,0.0016484256042288,0.0095593243258927,-0.0199339107360375,0.747539500696789,0.0026134585918783353,0.24984704071133282,0
2014-09-02,train,train,0.0007906433445136,0.0092701320210362,-0.0199339107360375,0.8415162483814758,0.0014909612293735144,0.15699279038915068,0
2014-09-03,train,train,0.0121802776286171,0.0094699934853624,-0.0199339107360375,0.8110852518369616,0.0021895552553240984,0.18672519290771467,0
2014-09-04,train,train,0.0194029848221468,0.0103386884669451,-0.0199339107360375,0.47600613362917504,0.010812309627315221,0.5131815567435097,2
2014-09-05,train,train,0.0043867958935534,0.0100811611015921,-0.0199339107360375,0.6204618878209701,0.005800642074024646,0.3737374701050052,0
2014-09-08,train,train,-0.004161597810656,0.0098270623477791,-0.0199339107360375,0.7115859602442166,0.003559093000638349,0.28485494675514494,0
2014-09-09,train,train,-0.0136936766816777,0.0101008857031277,-0.0199339107360375,0.4985023022225101,0.007506518042283604,0.49399117973520623,0
2014-09-10,train,train,-0.0012608678565519,0.0097980409130341,-0.0199339107360375,0.6418330840283416,0.004290431755240094,0.35387648421641804,0
2014-09-11,train,train,-0.0047195666455098,0.0095696378170109,-0.0199339107360375,0.7203724948147044,0.003021857566748585,0.27660564761854717,0
2014-09-12,train,train,0.0002388578283913,0.0092782925722124,-0.0199339107360375,0.8222682135090346,0.0017190842392487051,0.1760127022517169,0
2014-09-15,train,train,-0.0043810649426075,0.0090594223918591,-0.0199339107360375,0.8654878394803515,0.0012278552453173041,0.13328430527433094,0
2014-09-16,train,train,-0.003937126312038,0.0088362211292773,-0.0199339107360375,0.899395322788524,0.0008586144996845678,0.09974606271179122,0
2014-09-17,train,train,0.0100157290949842,0.0089113952539995,-0.0199339107360375,0.8990662665315233,0.0009531192008329112,0.09998061426764372,0
2014-09-18,train,train,0.0076352697949725,0.008840024216095,-0.0199339107360375,0.9178839801171952,0.0007473133738965559,0.08136870650890804,0
2014-09-19,train,train,0.0009912655422723,0.0085741601860004,-0.0199339107360375,0.9453699013186833,0.00041842269252294134,0.054211675988794214,0
2014-09-22,train,train,-0.0049203327480544,0.0083998708313031,-0.0199339107360375,0.9491283218106621,0.0003424373710360241,0.0505292408183017,0
2014-09-23,train,train,-0.0134349371720825,0.0087837470587837,-0.0199339107360375,0.857392436610434,0.001212850066973104,0.14139471332259285,0
2014-09-24,train,train,0.0050880947583571,0.0086068741216153,-0.0199339107360375,0.9033635102992591,0.000824705689202302,0.0958117840115385,0
2014-09-25,train,train,-0.0068208078227571,0.0085102873264015,-0.0199339107360375,0.9050106036009307,0.0007938160891020711,0.09419558030996726,0
2014-09-26,train,train,0.0063140887002999,0.0083947337016817,-0.0199339107360375,0.9286240601607415,0.0005851877160801916,0.07079075212317824,0
2014-09-29,train,train,-0.0153596817051347,0.0089665182770016,-0.0199339107360375,0.7537727133828542,0.0027615345089108236,0.24346575210823485,0
2014-09-30,train,train,0.0129700016167311,0.0092556901162137,-0.0198425893863744,0.6974535230846385,0.0041511205594484835,0.29839535635591363,0
2014-10-01,train,train,-0.0067010660108899,0.0091226086563368,-0.0198425893863744,0.7311628367852698,0.0032421422274272233,0.26559502098730303,0
2014-10-02,train,train,-0.0316587944381097,0.0117628833748933,-0.0237130920305673,0.003526507433868943,0.0701746770103428,0.9262988155557883,2
2014-10-03,train,train,0.0142480534594096,0.0119266056116898,-0.0237130920305673,0.012572359633274847,0.05840822548599255,0.9290194148807328,2
2014-10-06,train,train,0.0073634011339747,0.0117030964580906,-0.0237130920305673,0.04238824060998324,0.03642650351640275,0.9211852558736138,2
2014-10-07,train,train,-0.0204026943218578,0.0123984238853332,-0.0244444079212305,0.004927030412329796,0.05177477128980036,0.9432981982978699,2
2014-10-08,train,train,-0.0088302561090278,0.0122137654033078,-0.0244444079212305,0.019885865826735575,0.03466126355940157,0.945452870613863,2
2014-10-09,train,train,-0.0063359085009056,0.0119429529681451,-0.0244444079212305,0.04505678457574096,0.022855218665202078,0.9320879967590571,2
2014-10-10,train,train,-0.0120642980401214,0.0119502684193879,-0.0244444079212305,0.035226367029676166,0.021128452784331363,0.9436451801859923,2
2014-10-13,train,train,0.0036188657649169,0.0116200753759674,-0.0244444079212305,0.08937932494051415,0.014562917132352665,0.8960577579271329,2
2014-10-14,train,train,0.0017262098922838,0.0112740130687394,-0.0244444079212305,0.17878753124084618,0.01046649732987066,0.8107459714292831,2
2014-10-15,train,train,-0.0365647148970349,0.0141313789477088,-0.0298317481129562,3.0159925680904457e-05,0.1379849922160363,0.8619848478582827,2
2014-10-16,train,train,-0.0173059723495911,0.0143416846794165,-0.0298317481129562,0.0027876987037265292,0.1287268823534504,0.8684854189428229,2
2014-10-17,train,train,0.0292584389399666,0.0156430898236061,-0.0298317481129562,0.0001709294292297442,0.30111957927642796,0.6987094912943423,2
2014-10-20,train,train,-0.0041867664078147,0.0152011718118328,-0.0298317481129562,0.021036955419785015,0.17492233986767677,0.8040407047125383,2
2014-10-21,train,train,0.0236115160278886,0.0158322868952594,-0.0298317481129562,0.0024510788766598612,0.25231336281041084,0.7452355583129293,2
2014-10-22,train,train,0.0095874554835209,0.0155285797158878,-0.0298317481129562,0.020159072006532497,0.16444862196957638,0.8153923060238912,2
2014-10-23,train,train,0.0081424389084732,0.0151870517018879,-0.0295420678856674,0.049906558281041846,0.09938532444795395,0.8507081172710044,2
2014-10-24,train,train,0.0005417322431512,0.014724990847585,-0.0295420678856674,0.11788603603616446,0.05093629622938861,0.831177667734447,2
2014-10-27,train,train,-0.0140351238731616,0.0146845128030137,-0.0295420678856674,0.05588906072364307,0.04565906678960705,0.8984518724867502,2
2014-10-28,train,train,0.0193886420974655,0.0150083972438491,-0.0295420678856674,0.016945120550118688,0.05851663479464191,0.9245382446552394,2
2014-10-29,train,train,-0.0142426477982433,0.0149635573824447,-0.0295420678856674,0.01247786936167587,0.04969190748697078,0.9378302231513534,2
2014-10-30,train,train,0.0015503898266407,0.0145126768406909,-0.0295420678856674,0.052699973532623706,0.028257984502984508,0.9190420419643919,2
2014-10-31,train,train,0.0206453183927668,0.0149517380939377,-0.0295420678856674,0.011977497652659066,0.04442704912940531,0.9435954532179359,2
2014-11-03,train,train,-0.0099174539974591,0.0146983862153445,-0.0295420678856674,0.0227687105938481,0.031770439720862687,0.9454608496852892,2
2014-11-04,train,train,-0.0214341456451487,0.0151870128684857,-0.0298858849934311,0.002388275965512669,0.049959959155344284,0.9476517648791429,2
2014-11-05,train,train,0.0119915611890672,0.0150144760368308,-0.0298858849934311,0.0169267463983286,0.03860438482866316,0.9444688687730083,2
2014-11-06,train,train,-0.0014704537590702,0.0145615299771825,-0.0298858849934311,0.05745065928477773,0.022828066812632504,0.9197212739025898,2
2014-11-07,train,train,-0.0132922774012735,0.0144885107678652,-0.0298858849934311,0.03410866216327601,0.022652593449172382,0.943238744387552,2
2014-11-10,train,train,0.0143831288580986,0.0144822094778122,-0.0298858849934311,0.031916573749528436,0.023882990141787658,0.9442004361086841,2
2014-11-11,train,train,0.0063847017165638,0.0141278516710167,-0.0298858849934311,0.07456470606610865,0.017015523133342786,0.9084197708005484,2
2014-11-12,train,train,-0.0177111682889931,0.0143680739905395,-0.0298858849934311,0.016212035156164498,0.02498771784562861,0.9588002469982069,2
2014-11-13,train,train,-0.001665157696896,0.0139363346040159,-0.0298858849934311,0.05586861267147585,0.01638856803495687,0.9277428192935673,2
2014-11-14,train,train,0.0007491588919499,0.0135130237625081,-0.0298858849934311,0.1255825856702512,0.011676526271801387,0.8627408880579474,2
2014-11-17,train,train,0.0157406749090852,0.0136569335258451,-0.0298858849934311,0.0736492008621521,0.017314354895743934,0.9090364442421038,2
2014-11-18,train,train,0.0119470241715057,0.0135604205879782,-0.0298858849934311,0.08146449516017205,0.017113180830253046,0.9014223240095751,2
2014-11-19,train,train,-0.0053917912551165,0.0132134851915692,-0.0298858849934311,0.1281548947019597,0.012842351977844342,0.859002753320196,2
2014-11-20,train,train,-0.0162832495335275,0.0134174912847229,-0.0298858849934311,0.03769968622280058,0.01938239110157191,0.9429179226756275,2
2014-11-21,train,train,0.0300649689615791,0.0149486276812529,-0.0298858849934311,0.0004698384808491542,0.08479829612274326,0.9147318653964076,2
2014-11-24,train,train,0.0115011989149124,0.0147644991777026,-0.0298858849934311,0.01585069330369556,0.06022084975285553,0.9239284569434489,2
2014-11-25,train,train,0.0053509077495815,0.0143745936511245,-0.0298858849934311,0.053339952846059135,0.03527599130192774,0.9113840558520133,2
2014-11-26,train,train,-0.0049281637106692,0.013988867499923,-0.0298858849934311,0.09633972747767348,0.021855679168256627,0.88180459335407,2
2014-11-27,train,train,0.0075416685114153,0.0136879404926652,-0.0298858849934311,0.1552991017960839,0.01579220809995668,0.8289086901039594,2
2014-11-28,train,train,0.0040096832910365,0.0133072456068325,-0.0298858849934311,0.2669344818858762,0.010577708048133664,0.72248781006599,2
2014-12-01,train,train,-0.0091310811135303,0.0130942894820697,-0.0298858849934311,0.2557381662220732,0.01034360611276922,0.7339182276651575,2
2014-12-02,train,train,0.0071329279410985,0.012815050201954,-0.0298858849934311,0.35479333519100564,0.00829737336962269,0.6369092914393716,2
2014-12-03,train,train,0.0117180283599628,0.0127518905381351,-0.0298858849934311,0.347643146271679,0.00950687458772741,0.6428499791405936,2
2014-12-04,train,train,-0.0238197555410807,0.0136710246434199,-0.0306810882920751,0.015166598166301115,0.035140555353504674,0.9496928464801941,2
2014-12-05,train,train,0.0260974149744624,0.0147155565308925,-0.0306810882920751,0.0010830273068748097,0.08309563362795234,0.9158213390651729,2
2014-12-08,train,train,-0.0087995161713791,0.0144291592570073,-0.0306810882920751,0.01607737561701083,0.05279063012566526,0.9311319942573241,2
2014-12-09,train,train,-0.0323161771936857,0.0160738519701115,-0.0335132288429434,2.959088342096381e-05,0.2052325922355209,0.7947378168810582,2
2014-12-10,train,train,-0.0062036572992751,0.0156580878769039,-0.0335132288429434,0.018795453787375727,0.11955958123225313,0.8616449649803711,2
2014-12-11,train,train,0.0033510955933793,0.0152032550298859,-0.0335132288429434,0.062456732588807906,0.06423121780225756,0.8733120496089345,2
2014-12-12,train,train,-0.0278778703320395,0.0162450350860971,-0.0335132288429434,0.0005036601328221072,0.1590949402875963,0.8404013995795817,2
2014-12-15,train,train,-0.0240522420485233,0.0168159958344803,-0.0335132288429434,0.00036040280602711296,0.2321227347658395,0.7675168624281334,2
2014-12-16,train,train,0.0178131346961477,0.0168774855654843,-0.0335132288429434,0.004429725695731452,0.22116527075288683,0.7744050035513816,2
2014-12-17,train,train,-0.0032188967887659,0.0163823144172167,-0.0335132288429434,0.03128435049455199,0.12236311626062078,0.8463525332448274,2
2014-12-18,train,train,0.0334459547576043,0.0178716346623227,-0.0335132288429434,7.407409962643698e-05,0.4164851779787445,0.5834407479216291,2
2014-12-19,train,train,-0.0026692724335326,0.0173395244136853,-0.0335132288429434,0.020628374307728622,0.2520568830146617,0.7273147426776101,2
2014-12-22,train,train,0.0007138212212101,0.0168122019058591,-0.0335132288429434,0.06738308243690176,0.13609436771817596,0.7965225498449221,2
2014-12-23,train,train,0.0102357687391545,0.0164917367990414,-0.0335132288429434,0.09445046853235287,0.08822673248165855,0.8173227989859883,2
2014-12-24,train,train,0.0003911938385514,0.0159896191839295,-0.0335132288429434,0.1898831931659737,0.04363862657381021,0.766478180260216,2
2014-12-29,train,train,-0.0083924328114168,0.0156382167160424,-0.0322529208075867,0.20275440961092334,0.028498875291995122,0.7687467150970816,2
2014-12-30,train,train,-0.0111255336362857,0.0154047798639241,-0.0322529208075867,0.15400574710561588,0.023872680366889054,0.8221215725274951,2
2014-12-31,train,train,2.9165754447248777e-05,0.0149354899194863,-0.0322529208075867,0.27165637209090276,0.013549120581663257,0.7147945073274339,2
2015-01-02,train,train,0.0069121790275165,0.0145791433466263,-0.0322529208075867,0.37699070133271245,0.009517354059201996,0.6134919446080855,2
2015-01-05,train,train,-0.0351488830464567,0.0165506789662237,-0.0346765917123924,0.00016093754753819203,0.12602036155447927,0.8738187008979825,2
2015-01-06,train,train,-0.0123036044992679,0.0163270388254847,-0.0346765917123924,0.00846441902884643,0.09030371818829587,0.9012318627828578,2
2015-01-07,train,train,0.002054477768891,0.01583764874388,-0.0346765917123924,0.04508951958087785,0.048762308212297656,0.9061481722068246,2
2015-01-08,train,train,0.0223537602082425,0.0163022294916158,-0.0346765917123924,0.006665425827646144,0.07801006737955764,0.9153245067927963,2
2015-01-09,train,train,-0.0399367774360049,0.0185879987285304,-0.0372167917931655,2.958006686281151e-07,0.5249636887407649,0.47503601545856633,1
2015-01-12,train,train,0.0080445266210092,0.0181291406150789,-0.0358006125587157,0.014475744294890267,0.36743783147187836,0.6180864242332315,2
2015-01-13,train,train,0.0170520656200589,0.018066327008816,-0.0358006125587157,0.01000029943311743,0.33784267595447226,0.6521570246124102,2
2015-01-14,train,train,-0.0121140304658622,0.0177655178742916,-0.0358006125587157,0.013321333184381102,0.2476184850746988,0.7390601817409201,2
2015-01-15,train,train,0.01376829218155,0.017551374874837,-0.0358006125587157,0.019248133768237887,0.19190790634446864,0.7888439598872936,2
2015-01-16,train,train,0.0056340309602948,0.017072558469337,-0.0358006125587157,0.057890285512210496,0.10841967130458421,0.8336900431832053,2
2015-01-19,train,train,0.0117446786764639,0.0168006001726247,-0.0358006125587157,0.0696907476745039,0.07649877273556704,0.8538104795899292,2
2015-01-20,train,train,0.0123672676164983,0.0165680872368738,-0.0358006125587157,0.07428865406935466,0.05716574510520685,0.8685456008254385,2
2015-01-21,train,train,0.0049856030882094,0.0161097112977399,-0.0358006125587157,0.14661417821932096,0.031778593606907934,0.8216072281737711,2
2015-01-22,train,train,0.0168190505256501,0.016153150090487,-0.0358006125587157,0.07041285040814077,0.03743170192505431,0.8921554476668049,2
2015-01-23,train,train,0.0067229655847572,0.0157474029081078,-0.0358006125587157,0.12829984958320675,0.023502778101722476,0.8481973723150706,2
2015-01-26,train,train,0.0107719700835614,0.0154939980901681,-0.0358006125587157,0.1497832947653319,0.01932190897276394,0.8308947962619043,2
2015-01-27,train,train,-0.00912890273178,0.0151875063823599,-0.0358006125587157,0.14909337525876967,0.0158869074856082,0.835019717255622,2
2015-01-28,train,train,-0.0134881878123793,0.0150909443619374,-0.0358006125587157,0.07729144746131977,0.018287591261697177,0.9044209612769831,2
2015-01-29,train,train,0.0048366876904085,0.0146791014200413,-0.0358006125587157,0.1504284350530494,0.012955476892109425,0.8366160880548413,2
2015-01-30,train,train,-0.0099757332034132,0.0144401652541308,-0.0358006125587157,0.1344747671320893,0.012875015565265664,0.852650217302645,2
2015-02-02,train,train,-0.0072547541597978,0.0141125886246201,-0.0358006125587157,0.16516452074130358,0.011172839262533697,0.823662639996163,2
2015-02-03,train,train,0.0258159222212462,0.0150732530873232,-0.0358006125587157,0.008078974951170777,0.04209586946141941,0.9498251555874099,2
2015-02-04,train,train,-0.0019267489264858,0.0146216798898748,-0.0358006125587157,0.04180586037226135,0.02480023208631049,0.9333939075414283,2
2015-02-05,train,train,-0.0040069439375046,0.0142101811183725,-0.0358006125587157,0.08621572434457925,0.01647731013366513,0.8973069655217555,2
2015-02-06,train,train,0.0035624994652237,0.0138048895945718,-0.0358006125587157,0.16994545613937725,0.01164052476723964,0.8184140190933831,2
2015-02-09,train,train,-0.0198878875470877,0.0142433199212948,-0.0358006125587157,0.02050739844648802,0.024681774306058793,0.9548108272474531,2
2015-02-10,train,train,0.0129596213951832,0.0141695779697182,-0.0358006125587157,0.02910964787034402,0.02334240168625534,0.9475479504434003,2
2015-02-11,train,train,-0.0129693259293347,0.0141004442608453,-0.0358006125587157,0.022088674709801394,0.022457601286297552,0.9554537240039013,2
2015-02-12,train,train,0.0188661966235097,0.0144308412490135,-0.0358006125587157,0.0100524906419754,0.03225482566404774,0.9576926836939768,2
2015-02-13,train,train,0.0166469414479326,0.0145733135552361,-0.0358006125587157,0.0110068705796144,0.03562664608887968,0.9533664833315058,2
2015-02-16,train,train,-0.0046665864825177,0.0141755141587317,-0.0358006125587157,0.039635150547754974,0.02252214952288592,0.9378426999293592,2
2015-02-17,train,train,0.0007948576491906,0.0137450499266277,-0.0358006125587157,0.09906843225293475,0.014722336646281798,0.8862092311007835,2
2015-02-18,train,train,0.0099799382836992,0.013548681254098,-0.0358006125587157,0.12977132811755746,0.013656800170472081,0.8565718717119704,2
2015-02-19,train,train,0.0096797717426172,0.0133482072489525,-0.0358006125587157,0.1677518317570598,0.012582027151258574,0.8196661410916817,2
2015-02-20,train,train,-0.0028546182318304,0.012960443251305,-0.0358006125587157,0.26756551682196084,0.00907530274599158,0.7233591804320478,2
2015-02-23,train,train,0.0101329587965476,0.0128084079866481,-0.0358006125587157,0.305126221677776,0.009290563115720064,0.6855832152065038,2
2015-02-24,train,train,0.0067469595144964,0.0125277006671097,-0.0358006125587157,0.4164576154007563,0.007247243147634025,0.5762951414516095,2
2015-02-25,train,train,-0.0013566082005445,0.012150601224343,-0.0358006125587157,0.5644774708850493,0.0047152478659705545,0.43080728124898,0
2015-02-26,train,train,0.0081120923051525,0.0119468508821473,-0.0358006125587157,0.6446521594742459,0.004032785284476833,0.35131505524127726,0
2015-02-27,train,train,0.0034770349105749,0.0116141722712559,-0.0358006125587157,0.7652788384942559,0.0024240791491197166,0.23229708235662416,0
2015-03-02,train,train,1.790913942313402e-05,0.0112603586504987,-0.0358006125587157,0.8518244736166456,0.001382275520703696,0.14679325086265102,0
2015-03-03,train,train,-0.0147614554703406,0.0115005204394306,-0.0358006125587157,0.6353250018539517,0.004729267279696573,0.3599457308663517,0
2015-03-04,train,train,0.0033172916317498,0.0111797369191453,-0.0358006125587157,0.7591281024297245,0.002672534476974908,0.2381993630933006,0
2015-03-05,train,train,0.0065927973001001,0.0109587966994937,-0.0358006125587157,0.8261675472350662,0.0018435753312686415,0.17198887743366525,0
2015-03-06,train,train,-0.0029257847911283,0.010649090317648,-0.034321176938167,0.8791280368985366,0.001129180748500222,0.11974278235296267,0
2015-03-09,train,train,-0.0034045987693558,0.0103583017278237,-0.034321176938167,0.9116550704836788,0.0007455642921657206,0.08759936522415576,0
2015-03-10,train,train,-0.0138458558161246,0.010599962886747,-0.034321176938167,0.7772826414156009,0.002422397022916381,0.2202949615614829,0
2015-03-11,train,train,0.0109105010941245,0.0106188512776044,-0.0330459675103282,0.775704194050549,0.002723394329428358,0.22157241162002253,0
2015-03-12,train,train,-0.0009077055601116,0.0102977588858722,-0.0316578493431831,0.8558952517535785,0.0014594696896139603,0.1426452785568074,0
2015-03-13,train,train,0.001995865763039,0.009996010033804,-0.0316578493431831,0.9096403341292628,0.000802006985425312,0.0895576588853121,0
2015-03-16,train,train,0.00730522210337,0.0098553021160657,-0.0316578493431831,0.9270654675228563,0.0006259992247010222,0.07230853325244246,0
2015-03-17,train,train,-0.0078219682713534,0.0097452733296341,-0.0316578493431831,0.9161256591802095,0.000684564204223433,0.0831897766155669,0
2015-03-18,train,train,0.0019839043674099,0.009460881762577,-0.0316578493431831,0.9443499457904043,0.0004098642121465617,0.05524018999744934,0
2015-03-19,train,train,0.0037034562024763,0.0092174140610344,-0.0316578493431831,0.9587422757636256,0.00027002486865445024,0.04098769936772003,0
2015-03-20,train,train,0.0291972049193364,0.0114460335994747,-0.0316578493431831,0.1612302254630756,0.025414135784358874,0.8133556387525657,2
2015-03-23,train,train,0.0029030843725061,0.0111201015275545,-0.0316578493431831,0.28172915637467516,0.014348767264983754,0.7039220763603411,2
2015-03-24,train,train,0.0109847910427467,0.0111120293627807,-0.0316578493431831,0.2984091293919376,0.012987798979313944,0.6886030716287483,2
2015-03-25,train,train,-0.0099462481069951,0.0110455527634472,-0.0316578493431831,0.2617641808944697,0.012318605798203913,0.7259172133073263,2
2015-03-26,train,train,-0.0009512317642232,0.0107115952225262,-0.0316578493431831,0.4027052315229316,0.007733492623927295,0.5895612758531409,2
2015-03-27,train,train,-0.0023075234334254,0.0104006468905699,-0.0316578493431831,0.5408441307177114,0.0051242334551441955,0.4540316358271445,0
2015-03-30,train,train,0.008860234608432,0.010314711524651,-0.0248620401511444,0.6070082770708156,0.004658494210806481,0.38833322871837794,0
2015-03-31,train,train,-0.0006941379013452,0.0100019291665222,-0.0248620401511444,0.7357741580696113,0.0027377379618399337,0.2614881039685484,0
2015-04-01,train,train,0.0042181394565463,0.0097521194546361,-0.0248620401511444,0.8270724672084208,0.0016925224041404625,0.17123501038743877,0
2015-04-02,train,train,0.0055336129877005,0.009551693891028,-0.0248620401511444,0.8815575283883027,0.0011147404526911117,0.11732773115900609,0
2015-04-07,train,train,0.0082604503006669,0.0094791807223417,-0.0161650662778509,0.9008382716540777,0.0009425753504230376,0.09821915299549919,0
2015-04-08,train,train,-0.0064141223207347,0.0093237349300335,-0.0161650662778509,0.9066599956788527,0.0008153780991599538,0.0925246262219874,0
2015-04-09,train,train,0.0067635445332759,0.009190258056334,-0.0161650662778509,0.9277195552702729,0.000609995022502081,0.07167044970722519,0
2015-04-10,train,train,0.0012519396071758,0.0089155613239039,-0.0161650662778509,0.9508887542939354,0.0003542161556841875,0.04875702955038072,0
2015-04-13,train,train,0.0099172720643182,0.0089788160026217,-0.0161650662778509,0.9430665026912822,0.0004234949702408686,0.05651000233847712,0
2015-04-14,train,train,-0.0137204363604666,0.0093315063647675,-0.0161650662778509,0.8388277238750944,0.0014947043501325084,0.15967757177477326,0
2015-04-15,train,train,0.0062768977698603,0.0091769470473765,-0.0161650662778509,0.8849685169782514,0.0010656638303561256,0.11396581919139243,0
2015-04-16,train,train,-0.0142541657109024,0.00955794172877,-0.0163011695761102,0.7146451422794333,0.003463625332865347,0.2818912323877011,0
2015-04-17,train,train,-0.0219676203371091,0.0107157629537822,-0.0188723211181791,0.1099205805172519,0.023459096401192772,0.8666203230815553,2
2015-04-20,train,train,0.0022159035375288,0.0104034866679402,-0.0188723211181791,0.209931353274189,0.014143618648247555,0.7759250280775636,2
2015-04-21,train,train,0.003306040659802,0.0101190106754398,-0.0188723211181791,0.3430770334082492,0.009105636362100836,0.64781733022965,2
2015-04-22,train,train,-0.0020243753466554,0.0098232683033364,-0.0188723211181791,0.48307548982753934,0.006001477736861558,0.5109230324355989,2
2015-04-23,train,train,0.0023307468766738,0.0095411082694811,-0.0188723211181791,0.6378366280643739,0.003798066283465597,0.35836530565216046,0
2015-04-24,train,train,0.0069425923060325,0.0094054642344241,-0.0188723211181791,0.7276609999791938,0.0029086143885793244,0.2694303856322269,0
2015-04-27,train,train,0.0116481285338987,0.0095548796914279,-0.0188723211181791,0.7099976542335062,0.0036623080636286366,0.28634003770286526,0
2015-04-28,train,train,-0.0027959560554774,0.0092890809329261,-0.0188723211181791,0.7982390983482345,0.002155761829867011,0.19960513982189873,0
2015-04-29,train,train,-0.0199079105817648,0.0102415476041288,-0.0205878061553205,0.258094672837424,0.015060709850994825,0.7268446173115813,2
2015-04-30,train,train,0.0005359025207823,0.0099304164554507,-0.0205878061553205,0.4065818334655985,0.008720367812917098,0.5846977987214843,2
2015-05-04,train,train,0.0038660048269138,0.0096743547753464,-0.0205878061553205,0.5585610765016878,0.005417059798294218,0.4360218637000183,0
2015-05-05,train,train,-0.0278132373655783,0.0115927616323873,-0.0232295894281507,0.008324191604726994,0.047079688877347314,0.9445961195179257,2
2015-05-06,train,train,0.0043089631986323,0.0112890488864324,-0.0232295894281507,0.043054500603500266,0.028079134893065134,0.9288663645034347,2
2015-05-07,train,train,0.0014948345076542,0.0109512619860435,-0.0232295894281507,0.10514824160023908,0.01727586712402617,0.8775758912757349,2
2015-05-08,train,train,0.0216244342189514,0.0118655509800063,-0.0232295894281507,0.017187079584960522,0.03539127327197547,0.9474216471430639,2
2015-05-11,train,train,0.0018451399824177,0.0115129533373876,-0.0232295894281507,0.06098401436513112,0.021302940669772362,0.9177130449650964,2
2015-05-12,train,train,-0.0108221506760123,0.0114726782222457,-0.0232295894281507,0.05446602996205093,0.018869007741601884,0.9266649622963471,2
2015-05-13,train,train,0.0001766224649393,0.0111232583618932,-0.0232295894281507,0.12257050654277821,0.01281255194123851,0.8646169415159832,2
2015-05-14,train,train,0.0065220215083872,0.0109020855740383,-0.0232295894281507,0.2002131529398293,0.010452474954406163,0.7893343721057644,2
2015-05-15,train,train,-0.0071668271727216,0.0107147536777685,-0.0232295894281507,0.23621830570668706,0.009442904784563987,0.7543387895087492,2
2015-05-18,train,train,0.0024446095933742,0.0104055829513093,-0.0232295894281507,0.37909251046321846,0.006828037756694343,0.6140794517800873,2
2015-05-19,train,train,0.0133699278403006,0.0106068320148136,-0.0232295894281507,0.31650027043832407,0.009935436998659515,0.6735642925630163,2
2015-05-20,train,train,0.0066227837938707,0.0104108725944499,-0.0232295894281507,0.43103465577994293,0.007388243667809164,0.561577100552248,2
2015-05-21,train,train,0.0018386938689504,0.0101037586964366,-0.0232295894281507,0.5910517350560829,0.0045557902640526015,0.4043924746798649,0
2015-05-22,train,train,-0.0035594808966506,0.0098346823875144,-0.0232295894281507,0.6953188071338202,0.0031309560866574345,0.30155023677952225,0
2015-05-25,train,train,-0.0202748298107408,0.0107508996104865,-0.0233518958378094,0.15763316257195562,0.017803122124593958,0.8245637153034504,2
2015-05-26,train,train,-0.0072687055243965,0.0105743546700826,-0.0233518958378094,0.18984746088274423,0.01356069780801368,0.7965918413092423,2
2015-05-27,train,train,0.016832177251324,0.0110502167195298,-0.0233518958378094,0.09126497439401714,0.020791629677648797,0.8879433959283337,2
2015-05-28,train,train,-0.004234254354733,0.0107636697632404,-0.0233518958378094,0.15248612777176523,0.014032092564518709,0.8334817796637161,2
2015-05-29,train,train,-0.0146195034830272,0.0110330859006528,-0.0233518958378094,0.06375554127188877,0.018294355532201434,0.9179501031959098,2
2015-06-01,train,train,0.0018258195295147,0.0107063188089546,-0.0233518958378094,0.1386464692544009,0.012491860135585973,0.8488616706100129,2
2015-06-02,train,train,0.002958825404247,0.010405432502256,-0.0233518958378094,0.2488770125092426,0.009124441117199573,0.7419985463735578,2
2015-06-03,train,train,-0.0003372629875617,0.0100887793515782,-0.0233518958378094,0.3909364124607552,0.006545035684331792,0.602518551854913,2
2015-06-04,train,train,-0.0108417014059795,0.0101355320550589,-0.0233518958378094,0.3133479043207092,0.008628873428556852,0.6780232222507341,2
2015-06-05,train,train,-0.0075737340294352,0.0100003478072363,-0.0233518958378094,0.34223584911597155,0.008017027948886717,0.6497471229351416,2
2015-06-08,train,train,-0.0131671553361959,0.010218071132489,-0.0233518958378094,0.19830965805132328,0.012037633188849307,0.7896527087598273,2
2015-06-09,train,train,0.0019034043734346,0.0099177525630063,-0.0233518958378094,0.3325768576667539,0.008174564645339704,0.6592485776879063,2
2015-06-10,train,train,0.0144677122242541,0.0102478772810366,-0.0233518958378094,0.2415438973267682,0.012432944133084559,0.7460231585401474,2
2015-06-11,train,train,0.0053203796844308,0.0100207901804371,-0.0233518958378094,0.364593870311662,0.008622738107383373,0.6267833915809544,2
2015-06-12,train,train,-0.0113759921378888,0.0101072277859561,-0.0233518958378094,0.2729860438008029,0.01062390500845985,0.7163900511907374,2
2015-06-15,train,train,-0.0172275119186602,0.0106692980237983,-0.0233518958378094,0.06932901060769667,0.01975505363716362,0.9109159357551397,2
2015-06-16,train,train,0.0026988581322044,0.0103653709636681,-0.0233518958378094,0.14645443049954296,0.013192965224912558,0.8403526042755444,2
2015-06-17,train,train,-0.0053493870070123,0.0101346641178992,-0.0233518958378094,0.20813812456598088,0.01034764720550279,0.7815142282285162,2
2015-06-18,train,train,0.0053953782297034,0.0099144005441665,-0.0233518958378094,0.3227966933799724,0.008059475935859326,0.669143830684168,2
2015-06-19,train,train,0.0066372466788193,0.0097488871400632,-0.0233518958378094,0.4373350163552343,0.006527749382048136,0.5561372342627173,2
2015-06-22,train,train,0.0380011968222893,0.0132658889652028,-0.0233518958378094,0.00020358088476781316,0.16207436220697796,0.8377220569082541,2
2015-06-23,train,train,0.0030126316397398,0.0128829087708743,-0.0233518958378094,0.0282741226293052,0.08829813467809934,0.8834277426925957,2
2015-06-24,train,train,-0.0070936992046753,0.0126107260773967,-0.0233518958378094,0.051334741989784737,0.05250645653647972,0.8961588014737355,2
2015-06-25,train,train,-0.0011930920152979,0.0122300447906213,-0.0233518958378094,0.11476555962119406,0.028547084942943106,0.8566873554358625,2
2015-06-26,train,train,0.0056347157372818,0.0119375272620491,-0.0233518958378094,0.1991856502275399,0.017610563486900765,0.7832037862855594,2
2015-06-29,train,train,-0.0466560176985781,0.0162653411570012,-0.0321456251337551,6.140819826016492e-08,0.5474988250189062,0.4525011135728954,1
2015-06-30,train,train,-0.0078064413159024,0.0158853415178125,-0.0321456251337551,0.010657987945560408,0.38536807669971174,0.6039739353547279,2
2015-07-01,train,train,0.013099227082446,0.0157320950810353,-0.0321456251337551,0.018137930691558758,0.2980565226839471,0.6838055466244941,2
2015-07-02,train,train,-0.0059840211369297,0.0153231001183978,-0.0321456251337551,0.043991351466791895,0.17738759444376243,0.7786210540894457,2
2015-07-03,train,train,-0.0061592755130689,0.0149327075205701,-0.0321456251337551,0.07751685247501669,0.10096463212845186,0.8215185153965314,2
2015-07-06,train,train,-0.0224870233036839,0.0154902092201759,-0.0323187594559467,0.004173650780599063,0.1480351574150688,0.8477911918043318,2
2015-07-07,train,train,-0.0185870412126366,0.0156932620205663,-0.0323187594559467,0.0025279081177490854,0.14940805375217245,0.8480640381300788,2
2015-07-08,train,train,0.0081150498670488,0.0153444780470389,-0.0323187594559467,0.024955208187855085,0.09090051039530435,0.8841442814168404,2
2015-07-09,train,train,0.0261267434880716,0.0161951298130452,-0.0323187594559467,0.0013148025360342423,0.17813842432836566,0.8205467731356,2
2015-07-10,train,train,0.0303299821621497,0.0173706581613674,-0.0323187594559467,8.879111778202442e-05,0.4121997148189288,0.5877114940632892,2
2015-07-13,train,train,0.0169004261359509,0.0173428037893571,-0.0323187594559467,0.004164573445307674,0.37397205816958634,0.621863368385106,2
2015-07-14,train,train,0.0030334412161624,0.0168308816945603,-0.0323187594559467,0.032350216290002363,0.22094621225358238,0.7467035714564154,2
2015-07-15,train,train,0.0068514449583503,0.0164042190237862,-0.0323187594559467,0.07452422320508081,0.12877637161564265,0.7966994051792764,2
2015-07-16,train,train,0.0153112768242542,0.0163407040715161,-0.0323187594559467,0.049790329778134475,0.11170391117447083,0.838505759047395,2
2015-07-17,train,train,-0.0026009370198036,0.0158557051367182,-0.0323187594559467,0.10769291981606566,0.0583245818364052,0.8339824983475292,2
2015-07-20,train,train,0.0065460272828291,0.0154560735845444,-0.0323187594559467,0.18252451150514587,0.03314495321089872,0.7843305352839554,2
2015-07-21,train,train,-0.0084729052210663,0.0151282585046961,-0.0323187594559467,0.19318452362695854,0.022799989896489785,0.7840154864765521,2
2015-07-22,train,train,0.0022403648163692,0.0146776533251212,-0.0323187594559467,0.3264989737756176,0.012666129290293508,0.6608348969340888,2
2015-07-23,train,train,-0.0036987817767617,0.0142593252260554,-0.0323187594559467,0.4422899583744403,0.007961744757680408,0.5497482968678793,2
2015-07-24,train,train,-0.01165672341413,0.0141167066482762,-0.0323187594559467,0.3283295542517189,0.010190826513711384,0.6614796192345697,2
2015-07-27,train,train,-0.0145985022739429,0.0141460771352491,-0.0323187594559467,0.1487288803995275,0.015660185451727895,0.8356109341487447,2
2015-07-28,train,train,0.009554592168779,0.0139133828491899,-0.0298059569376675,0.19085279853495254,0.013442057828631945,0.7957051436364158,2
2015-07-29,train,train,0.0027068687159157,0.0135058105000906,-0.0298059569376675,0.32102643971674366,0.008916057445868318,0.6700575028373879,2
2015-07-30,train,train,-0.0101821159464365,0.0133297798682985,-0.0298059569376675,0.2742250339737983,0.009919443958268322,0.7158555220679335,2
2015-07-31,train,train,0.0010828616480562,0.0129264227386384,-0.0298059569376675,0.42605191378898555,0.0066005681898887465,0.5673475180211258,2
2015-08-03,train,train,0.0075914117256539,0.0126698315872079,-0.0298059569376675,0.5256123821475639,0.005524779411688419,0.4688628384407477,0
2015-08-04,train,train,-0.0102961696568066,0.0125400885593932,-0.0298059569376675,0.4570883780184451,0.006893464877239124,0.5360181571043158,2
2015-08-05,train,train,0.0115025909158293,0.012480271138056,-0.0298059569376675,0.45243003936699616,0.00779997309127043,0.5397699875417333,2
2015-08-06,train,train,-0.0022988784872569,0.0121131675525678,-0.0298059569376675,0.5891927144740071,0.00482750223555616,0.4059797832904363,0
2015-08-07,train,train,-0.006722579325774,0.0118590338069619,-0.0298059569376675,0.6327334088919994,0.004135128641272463,0.3631314624667282,0
2015-08-10,train,train,0.0118721474839369,0.0118598210364831,-0.0298059569376675,0.6101528542129389,0.005206139696409495,0.3846410060906511,0
2015-08-11,train,train,-0.0141918832197192,0.0120125187481931,-0.0298059569376675,0.3680490335821181,0.010331951385783023,0.6216190150320989,2
2015-08-12,train,train,-0.0247102770201925,0.0131254880937826,-0.0312844393408181,0.012223347030293256,0.04093367385092984,0.9468429791187769,2
2015-08-13,train,train,0.006212302183877,0.012816290155246,-0.0312844393408181,0.04537854669973024,0.02603776244198832,0.9285836908582814,2
2015-08-14,train,train,-0.0062858157457485,0.0125208843345116,-0.0312844393408181,0.07616285176173523,0.018104649061870204,0.9057324991763946,2
2015-08-17,train,train,0.00192841260628,0.0121486344235855,-0.0312844393408181,0.15827432704033048,0.012237238774094746,0.8294884341855747,2
2015-08-18,train,train,-0.00022014812375,0.0117786615185358,-0.0312844393408181,0.2754320327160418,0.008645542829087369,0.7159224244548708,2
2015-08-19,train,train,-0.0106549450882935,0.0117142787412719,-0.0312844393408181,0.22175929942903644,0.010304779830652543,0.767935920740311,2
2015-08-20,train,train,-0.018288396464411,0.0122089636561377,-0.0312844393408181,0.04204736445023139,0.02071714582992935,0.9372354897198395,2
2015-08-21,train,train,-0.0302343045789369,0.0139628813769147,-0.0338668664325691,0.00014950475576386413,0.08788658164128593,0.9119639136029501,2
2015-08-24,train,train,-0.0514485760084461,0.0184954505585253,-0.042779632761987,3.275506019299113e-11,0.9099381821729624,0.09006181779428256,1
2015-08-25,train,train,0.0361151501475325,0.0199953753176031,-0.042779632761987,1.814446049270605e-07,0.9805402247973528,0.01945959375804217,1
2015-08-26,train,train,-0.0130251758402606,0.0196470212598879,-0.042779632761987,0.0002228862494097383,0.9249696444353402,0.07480746931524991,1
2015-08-27,train,train,0.0301580486365717,0.0204307511261149,-0.042779632761987,4.464560353891954e-06,0.9633998068590977,0.036595728580548395,1
2015-08-28,train,train,0.006074712771109,0.0198641582806244,-0.042779632761987,0.0018032188613471114,0.8762476642771566,0.12194911686149593,1
2015-08-31,train,train,-0.0091113518238513,0.0193879008938389,-0.042779632761987,0.005395814986935193,0.761965069437643,0.2326391155754216,1
2015-09-01,train,train,-0.0262904851485273,0.0198697920363011,-0.042779632761987,6.692382739885911e-05,0.8490941490198834,0.15083892715271774,1
2015-09-02,train,train,-0.0054688592510176,0.019310997455397,-0.042779632761987,0.00588150522113601,0.703211167566135,0.2909073272127292,1
2015-09-03,train,train,0.0104202183730491,0.0188958885055858,-0.042779632761987,0.016100261776107915,0.5659903850681542,0.41790935315573774,1
2015-09-04,train,train,-0.0222118051882526,0.0191110748953022,-0.042779632761987,0.000958974198767025,0.6257133518923891,0.3733276739088439,1
2015-09-07,train,train,-0.0016710925689777,0.0185333954163037,-0.042779632761987,0.01819556735819826,0.42870497994598084,0.553099452695821,2
2015-09-08,train,train,0.0061815060131887,0.0180324763111756,-0.042779632761987,0.053762689842203046,0.2707119240749841,0.6755253860828128,2
2015-09-09,train,train,0.0172431701677557,0.017986094763577,-0.042779632761987,0.025398634930005555,0.25732709731943126,0.717274267750563,2
2015-09-10,train,train,-0.0179732213399015,0.0179853226180042,-0.042779632761987,0.006171873916738265,0.24879042852651845,0.7450376975567434,2
2015-09-11,train,train,-0.0123592271384609,0.0176982640284542,-0.042779632761987,0.010988013472137239,0.179896085704898,0.8091159008229648,2
2015-09-14,train,train,-0.0042708101776963,0.0171909634930116,-0.042779632761987,0.03991586869299668,0.09952430604532352,0.8605598252616796,2
2015-09-15,train,train,0.0088403610796532,0.0168073374247706,-0.042779632761987,0.07252830670714129,0.061718306306334264,0.8657533869865243,2
2015-09-16,train,train,0.0196673223868891,0.0169925162946421,-0.042779632761987,0.019680010080675606,0.07785388889010313,0.9024661010292215,2
2015-09-17,train,train,0.0129262716512601,0.0167763578690486,-0.042779632761987,0.028335354566473007,0.05978058703913263,0.9118840583943945,2
2015-09-18,train,train,-0.0260014919332247,0.0174678008723072,-0.042779632761987,0.000573645618717505,0.12283920320733933,0.876587151173943,2
2015-09-21,train,train,0.0009743828308935,0.0169373430203728,-0.0359911219119701,0.03010132567379718,0.06569389703444999,0.9042047772917531,2
2015-09-22,train,train,-0.0315994671875217,0.0181541387255496,-0.0377607825916349,5.779996425548272e-05,0.2257266134071084,0.7742155866286361,2
2015-09-23,train,train,-0.0079476328022966,0.0177084239762921,-0.0377607825916349,0.015209843869027717,0.1384227724082412,0.8463673837227311,2
2015-09-24,train,train,-0.0195252296222641,0.0178226557630674,-0.0377607825916349,0.003126872766792307,0.15054429017812995,0.8463288370550778,2
2015-09-25,train,train,0.0242530684095566,0.018272408559864,-0.0377607825916349,0.001007939444611809,0.22935455489624657,0.7696375056591417,2
2015-09-28,train,train,-0.0132498417443069,0.0180105957169335,-0.0377607825916349,0.006856675210675091,0.1714395966205812,0.8217037281687437,2
2015-09-29,train,train,-3.191434895910878e-05,0.0174619221652611,-0.0377607825916349,0.040807579027346844,0.09131764853446014,0.867874772438193,2
2015-09-30,train,train,0.0175167416313031,0.0174652161854919,-0.0377607825916349,0.01990360029603396,0.09224511633236693,0.8878512833715992,2
2015-10-01,train,train,0.0007737067539205,0.0169342158705407,-0.0377607825916349,0.0656916471103036,0.048836977508643596,0.8854713753810528,2
2015-10-02,train,train,0.0037869777799748,0.0164445151696068,-0.0377607825916349,0.13867107615662022,0.027164926833883062,0.8341639970094966,2
2015-10-05,train,train,0.0375729970536349,0.0184092520453486,-0.0377607825916349,5.065366450178718e-05,0.2629127341272417,0.7370366122082564,2
2015-10-06,train,train,0.0131511495593812,0.0181368048812632,-0.0377607825916349,0.010379147407104735,0.19786076841232683,0.7917600841805684,2
2015-10-07,train,train,0.0065800365524274,0.0176579976974976,-0.0377607825916349,0.04027522317861215,0.11536906064665953,0.8443557161747285,2
2015-10-08,train,train,0.001100692652977,0.0171221868107645,-0.0377607825916349,0.10211971739615708,0.05948313036230984,0.8383971522415332,2
2015-10-09,train,train,0.0125325736917434,0.0168820333050286,-0.0377607825916349,0.10032021984828095,0.04606992333888713,0.853609856812832,2
2015-10-12,train,train,-0.0061490060260073,0.0164368939312706,-0.0377607825916349,0.1438881933445194,0.027607225757472553,0.8285045808980079,2
2015-10-13,train,train,-0.0128772697542347,0.016245326643708,-0.0377607825916349,0.08339859973051057,0.02593633131837365,0.8906650689511161,2
2015-10-14,train,train,-0.0077111143198117,0.0158632807621348,-0.0377607825916349,0.10551893065832717,0.018702480425382622,0.8757785889162903,2
2015-10-15,train,train,0.0063657490762429,0.0154588622357571,-0.0377607825916349,0.17919897489022465,0.013421231798570181,0.807379793311205,2
2015-10-16,train,train,0.0127673677484082,0.0153107209849849,-0.0377607825916349,0.16105635498345613,0.014912688424187328,0.8240309565923564,2
2015-10-19,train,train,-0.0023680678211077,0.0148556235536438,-0.0377607825916349,0.26412077628000963,0.010034014695581945,0.7258452090244085,2
2015-10-20,train,train,-0.0105082565325641,0.0146312537199917,-0.0377607825916349,0.21649592459354378,0.011109721496971673,0.7723943539094845,2
2015-10-21,train,train,0.0056174688037736,0.0142521060773251,-0.0377607825916349,0.3305889916225647,0.008387605063494246,0.661023403313941,2
2015-10-22,train,train,0.0202610465739561,0.014682158440682,-0.0377607825916349,0.08585928987850738,0.022589676506790286,0.8915510336147022,2
2015-10-23,train,train,0.0106421812050281,0.014471599467118,-0.0377607825916349,0.10781277712747696,0.018954540807811438,0.8732326820647114,2
2015-10-26,train,train,0.0001908890738951,0.0140308141597984,-0.0377607825916349,0.20536674112041675,0.012088743659404298,0.7825445152201791,2
2015-10-27,train,train,-0.014990119840089,0.014090214434025,-0.0377607825916349,0.08076900786943823,0.017403318291663496,0.9018276738388984,2
2015-10-28,train,train,0.0095930797723606,0.0138615917195728,-0.0377607825916349,0.1139257470331772,0.015045262207700708,0.8710289907591221,2
2015-10-29,train,train,-0.0023728433694213,0.0134518743913059,-0.0377607825916349,0.20004480384712398,0.010609441414373746,0.7893457547385022,2
2015-10-30,train,train,-0.0035167405863136,0.0130704933733271,-0.0377607825916349,0.2997453166433396,0.00809560614128797,0.6921590772153722,2
2015-11-02,train,train,0.0055344801834941,0.0127446207262102,-0.0377607825916349,0.4285048438696891,0.006359340319884249,0.5651358158104269,2
2015-11-03,train,train,0.0045011949039083,0.0124054617544623,-0.0377607825916349,0.5739288183524801,0.004521015775381358,0.42155016587213867,0
2015-11-04,train,train,0.0007927725752684,0.0120291089346762,-0.0377607825916349,0.7149747656999828,0.0028002767033047903,0.28222495759671223,0
2015-11-05,train,train,-0.0040469277718401,0.0117047063833314,-0.0377607825916349,0.7886689676674963,0.0020109878313688276,0.20932004450113473,0
2015-11-06,train,train,0.0021068386315437,0.0113598621721375,-0.0377607825916349,0.8682123346763798,0.0011821095932425117,0.1306055557303773,0
2015-11-09,train,train,-0.0123206550191294,0.011419789527911,-0.0377607825916349,0.7607298034216853,0.002636356279701919,0.23663384029861292,0
2015-11-10,train,train,0.0011227976628509,0.0110753120843424,-0.0377607825916349,0.8505245475496179,0.0014479268490677644,0.14802752560131427,0
2015-11-11,train,train,0.0039007901666749,0.010780341151147,-0.0377607825916349,0.9032322245398177,0.0008638915991541788,0.09590388386102826,0
2015-11-12,train,train,-0.0227287367545051,0.0118422353667853,-0.0377607825916349,0.2425661907690415,0.01623682713305595,0.7411969820979026,2
2015-11-13,train,train,-0.0032187656954163,0.0115085122118161,-0.0364461761148317,0.35569607237178724,0.010008082582097675,0.6342958450461152,2
2015-11-16,train,train,0.0012945950181333,0.0111624218118385,-0.0279638147564245,0.5164547166671462,0.005983273678247173,0.4775620096546066,0
2015-11-17,train,train,0.0233607415410178,0.0122420233533455,-0.0279638147564245,0.07907382755433444,0.029135972052931065,0.8917902003927345,2
2015-11-18,train,train,-0.0099589480707585,0.0121171756790677,-0.0279638147564245,0.07657182197199876,0.022679992199109145,0.9007481858288924,2
2015-11-19,train,train,0.0090805428390965,0.0119567455917698,-0.0279638147564245,0.11453327115489123,0.01762121680553478,0.867845512039574,2
2015-11-20,train,train,-0.006238863311617,0.0116927902642094,-0.0279638147564245,0.15809143854531998,0.01318915418342618,0.828719407271254,2
2015-11-23,train,train,-0.0012543385119032,0.0113407436008036,-0.0279638147564245,0.2693571486944527,0.00913999637081684,0.7215028549347307,2
2015-11-24,train,train,-0.0068539821863916,0.0111226948983914,-0.0267765652917505,0.31547749220953075,0.008169928069001877,0.6763525797214672,2
2015-11-25,train,train,0.0019672257201686,0.0107946134676784,-0.0267765652917505,0.4724871732367797,0.005648699683062489,0.5218641270801578,2
2015-11-26,train,train,0.0102143061754926,0.0107606775883488,-0.0267765652917505,0.5067775491050025,0.0060607582628969085,0.4871616926321005,0
2015-11-27,train,train,-0.0020926841774597,0.0104454492892725,-0.0267765652917505,0.6410091738509042,0.003858323312465752,0.3551325028366301,0
2015-11-30,train,train,0.0073632321169829,0.0102865930917866,-0.0267765652917505,0.724052323248692,0.0030192707390204435,0.2729284060122874,0
2015-12-01,train,train,-0.000741612860835,0.0099748762883533,-0.0267765652917505,0.8215856991646309,0.0017360328765496454,0.17667826795881947,0
2015-12-02,train,train,-0.0035905520431097,0.0097109109453405,-0.0267765652917505,0.8714558538829852,0.0011630763665305237,0.1273810697504843,0
2015-12-03,train,train,-0.0243809577986348,0.0111494192716823,-0.0273273056397937,0.12358379378335856,0.022965614978125923,0.8534505912385154,2
2015-12-04,train,train,-0.0014079409660306,0.0108152630553235,-0.0273273056397937,0.22128335673804148,0.013772221614326561,0.764944421647632,2
2015-12-07,train,train,-0.0036081405338132,0.0105229672975449,-0.0273273056397937,0.3245040350735221,0.009293605904825504,0.6662023590216525,2
2015-12-08,train,train,-0.020655276243805,0.0113880330392461,-0.0273273056397937,0.03616064854679074,0.02538206301659468,0.9384572884366145,2
2015-12-09,train,train,-0.0001626232423173,0.0110411795335426,-0.0273273056397937,0.09208426714406351,0.016096758488808233,0.8918189743671285,2
2015-12-10,train,train,-0.0057917243075263,0.0107984179855046,-0.0273273056397937,0.1369444738143538,0.012416680679817845,0.8506388455058284,2
2015-12-11,train,train,-0.0152506532359539,0.0111159536962731,-0.0262363872468871,0.050350761316859706,0.01770061040793875,0.9319486282752018,2
2015-12-14,train,train,-0.0212189375216892,0.0119651644182596,-0.0262363872468871,0.0044686222802252824,0.03323200857486851,0.9622993691449063,2
2015-12-15,train,train,0.0295840200931689,0.0136780153777881,-0.0227762106916097,0.00020709540973856417,0.11280106437132512,0.8869918402189364,2
2015-12-16,train,train,-6.174353487318464e-05,0.0132613365514323,-0.0227762106916097,0.029199367061059005,0.06033126102849316,0.9104693719104479,2
2015-12-17,train,train,0.017101431810517,0.0135225294416658,-0.0227762106916097,0.017278897666901584,0.061707747958980444,0.9210133543741178,2
2015-12-18,train,train,-0.0164735149447346,0.0137175025434202,-0.0227762106916097,0.007689109350363757,0.05948491190165863,0.9328259787479776,2
2015-12-21,train,train,-0.0368224816963451,0.0160696419675011,-0.0279773920831616,2.142450794280944e-06,0.3472053516523772,0.6527925058968286,2
2015-12-22,train,train,0.0053031163533611,0.0156341540215418,-0.0279773920831616,0.02210257557869388,0.2099622267715459,0.7679351976497601,2
2015-12-23,train,train,0.0236570152457212,0.0162277671868717,-0.0279773920831616,0.002409395843789679,0.2963272310437125,0.7012633731124978,2
2015-12-24,train,train,0.0043366502408771,0.0157692230093221,-0.0279773920831616,0.028940268085456022,0.17178814091205752,0.7992715910024866,2
2015-12-28,train,train,-0.0135585969685617,0.0156453962482266,-0.0279773920831616,0.019399538916223532,0.13180449657688534,0.8487959645068913,2
2015-12-29,train,train,0.0122668261750999,0.0154635125312068,-0.0279773920831616,0.03064492149545447,0.0948267851408586,0.8745282933636868,2
2015-12-30,train,train,-0.0029514918844033,0.0150098529265027,-0.0279773920831616,0.0755075977362783,0.05080543210196066,0.8736869701617612,2
2015-12-31,train,train,-0.0101845749044035,0.0147648731027982,-0.0279773920831616,0.07169192648515892,0.0360801089642902,0.8922279645505512,2
2016-01-04,train,train,-0.0245009163556675,0.015522212574671,-0.0285681186168824,0.002066350403844538,0.07441026403971744,0.9235233855564381,2
2016-01-05,train,train,0.0023594552655395,0.0150604369116398,-0.0285681186168824,0.033510221745008645,0.041102621410272565,0.9253871568447188,2
2016-01-06,train,train,-0.0148713602159919,0.0150491593004972,-0.0285681186168824,0.01659609837850214,0.038610245503181,0.9447936561183169,2
2016-01-07,train,train,-0.0151289534608248,0.0150539588773792,-0.0285681186168824,0.010293360451257796,0.03698943087389893,0.9527172086748436,2
2016-01-08,train,train,-0.0167073765448836,0.0151582506599431,-0.0285681186168824,0.005799064871460437,0.03934216933480093,0.9548587657937389,2
2016-01-11,train,train,-0.0025962610336065,0.0147102224173111,-0.0285681186168824,0.03685368606440077,0.02367586223154352,0.9394704517040559,2
2016-01-12,train,train,0.0032919514247757,0.0142848668738544,-0.0285681186168824,0.09280555547534902,0.01565966450531041,0.8915347800193407,2
2016-01-13,train,train,0.0021400271211704,0.0138596089148388,-0.0285681186168824,0.18372008175340954,0.010946539646787011,0.8053333785998034,2
2016-01-14,train,train,-0.0165671650646486,0.0140367977549262,-0.0285681186168824,0.051257038828696505,0.018406169428647964,0.9303367917426557,2
2016-01-15,train,train,-0.0281706483596311,0.015258601360546,-0.0298313488038812,0.00040812453536323963,0.06568423672631715,0.9339076387383196,2
2016-01-18,train,train,-0.0087345903866752,0.0149476755619271,-0.0298313488038812,0.0157421447916389,0.04254457248440597,0.9417132827239549,2
2016-01-19,train,train,0.010056436690533,0.0147001680111826,-0.0298313488038812,0.036732612151054965,0.030772371011743866,0.9324950168372014,2
2016-01-20,train,train,-0.0324922143969521,0.0163240277801965,-0.0324951148176427,4.8405398752899937e-05,0.14588405505674226,0.8540675395445048,2
2016-01-21,train,train,0.0194677753548961,0.0165295222746041,-0.0324951148176427,0.0032461130036358006,0.1578571232328578,0.8388967637635065,2
2016-01-22,train,train,0.0324719911838395,0.0178912663865819,-0.0324951148176427,4.067132027855172e-05,0.4454244920710659,0.5545348366086557,2
2016-01-25,train,train,-0.0179524731497996,0.0178949446959848,-0.0324951148176427,0.001550507446841575,0.4194555202156489,0.5789939723375097,2
2016-01-26,train,train,0.0144612583048054,0.0177077096892148,-0.0324951148176427,0.007823811315563195,0.3443407916416492,0.6478353970427877,2
2016-01-27,train,train,0.0055640203086786,0.0172222734507086,-0.0324951148176427,0.03665340525116992,0.20764181799829978,0.7557047767505303,2
2016-01-28,train,train,-0.0173560804553086,0.0172303311740835,-0.0324951148176427,0.009614624744936014,0.19657268875378292,0.7938126865012808,2
2016-01-29,train,train,0.0258770333613577,0.017867526548506,-0.0324951148176427,0.0007512869880945412,0.32409017440304994,0.6751585386088556,2
2016-02-01,train,train,-0.00310149839907,0.0173398602129036,-0.0324951148176427,0.023277018331111596,0.18755643269187963,0.7891665489770089,2
2016-02-02,train,train,-0.0300071096275124,0.0183481907762784,-0.0331072685736031,7.847370435773184e-05,0.4160283824978803,0.5838931437977617,2
2016-02-03,train,train,-0.0254360175100188,0.0188487717818203,-0.0331072685736031,0.00012513711339297743,0.5521248130331888,0.447750049853418,1
2016-02-04,train,train,0.0183051568658922,0.0188165977768366,-0.0331072685736031,0.0022968606769808134,0.531576652825048,0.46612648649797106,1
2016-02-05,train,train,0.0037012258332994,0.0182658817236311,-0.0331072685736031,0.02434812299976375,0.34691385103035555,0.6287380259698809,2
2016-02-08,train,train,-0.0454185727176745,0.0209139832144865,-0.0382444229369905,3.4305821739933558e-09,0.942165054629916,0.057834941939501956,1
2016-02-09,train,train,-0.0242383629453058,0.0211282016877484,-0.0382444229369905,1.5980127596050722e-05,0.941675057116834,0.05830896275556988,1
2016-02-10,train,train,0.026894258383596,0.0215177814889198,-0.0382444229369905,1.3548095204753167e-05,0.9558122536475944,0.04417419825720076,1
2016-02-11,train,train,-0.050029350639277,0.0241952511976187,-0.0440901350177655,6.287551407169999e-13,0.9988645784333311,0.0011354215660401594,1
2016-02-12,train,train,0.0222769235910288,0.0240844607406051,-0.0440901350177655,1.6930293317333464e-06,0.9735577425027883,0.02644056446788016,1
2016-02-15,train,train,0.0321021554946203,0.0246392061044964,-0.0440901350177655,4.837561744996155e-07,0.9842919246134824,0.015707591630343215,1
2016-02-16,train,train,-0.0050990671419331,0.023921226514444,-0.0440901350177655,0.0006980409136325313,0.9086253970889115,0.09067656199745616,1
2016-02-17,train,train,0.027549087591863,0.0241542689168326,-0.0440901350177655,2.296773038271674e-05,0.9435184180799401,0.05645861418967737,1
2016-02-18,train,train,-0.0083432439062962,0.0235074364324369,-0.0440901350177655,0.0016219201072194907,0.8528315090850391,0.1455465708077418,1
2016-02-19,train,train,-0.0122745937089456,0.0229887697063314,-0.0440901350177655,0.0030815759178708015,0.7579767607626653,0.2389416633194637,1
2016-02-22,train,train,0.0232563018933028,0.0230049093742888,-0.0440901350177655,0.0004445855034950966,0.805483648756008,0.1940717657404969,1
2016-02-23,train,train,-0.0143386890287335,0.0225789323083234,-0.0440901350177655,0.0017137564763936432,0.7239174034938655,0.2743688400297405,1
2016-02-24,train,train,-0.0311915854625905,0.0231860862017078,-0.0440901350177655,4.143236564455896e-06,0.8904251176887267,0.10957073907470902,1
2016-02-25,train,train,0.0248821030287072,0.0232913301642417,-0.0440901350177655,5.954159997822649e-05,0.9148816473791782,0.0850588110208434,1
2016-02-26,train,train,0.0161310279985188,0.0229248664342428,-0.0440901350177655,0.0008052280541622214,0.8649135825649774,0.13428118938086012,1
2016-02-29,train,train,0.0133489554024288,0.0224657118201574,-0.0440901350177655,0.003022808065259174,0.7835345975922064,0.2134425943425345,1
2016-03-01,train,train,0.0175257830337326,0.0222003355692635,-0.0440901350177655,0.002451020111032709,0.7450261931898652,0.2525227866991021,1
2016-03-02,train,train,0.0176690338424481,0.0219548466366806,-0.0440901350177655,0.002386219561089748,0.7086015976002721,0.28901218283863817,1
2016-03-03,train,train,0.0002852012119439,0.0212861282006295,-0.0440901350177655,0.020414741746768286,0.5127798006532045,0.46680545760002723,1
2016-03-04,train,train,0.0050743234004181,0.0206750628542101,-0.0440901350177655,0.06176396585680774,0.3311185491393492,0.6071174850038429,2
2016-03-07,train,train,-0.0028184206178867,0.0200571019908352,-0.0440901350177655,0.13357067409659798,0.18278074155287216,0.6836485843505301,2
2016-03-08,train,train,-0.0053060867765608,0.0194894682653823,-0.0440901350177655,0.20510379843949963,0.09762470473105138,0.697271496829449,2
2016-03-09,train,train,0.0023769339673178,0.0189047084023108,-0.0440901350177655,0.3508840064250702,0.04411035421535545,0.6050056393595743,2
2016-03-10,train,train,0.0006618880966624,0.0183295118740508,-0.0440901350177655,0.5163888827957722,0.018499488790740422,0.4651116284134873,0
2016-03-11,train,train,0.0362575946518818,0.0198667947944534,-0.0440901350177655,0.0005708103879907517,0.2515698389028996,0.7478593507091098,2
2016-03-14,train,train,0.0057149038874085,0.0193123735171823,-0.0440901350177655,0.0245310003666698,0.14714836494880323,0.8283206346845272,2
2016-03-15,train,train,-0.0170320746592977,0.0191832009489326,-0.0440901350177655,0.008007301610017286,0.13703376657646593,0.8549589318135168,2
2016-03-16,train,train,-0.0028410562781405,0.0186118183629336,-0.0426467125846345,0.03906032131177049,0.0739201433264025,0.887019535361827,2
2016-03-17,train,train,0.0017835667126357,0.0180501153021649,-0.0426467125846345,0.09921749477518998,0.039196628834740024,0.8615858763900702,2
2016-03-18,train,train,0.0080200406057307,0.0176101540525691,-0.0426467125846345,0.15450894813097382,0.025211317742791523,0.8202797341262348,2
2016-03-21,train,train,-0.0033310646947078,0.0170931633622897,-0.0426467125846345,0.24610415932866855,0.014914016688451874,0.7389818239828797,2
2016-03-22,train,train,-0.0032199026653386,0.0165911942335861,-0.0426467125846345,0.35967624587782127,0.009421127116568272,0.6309026270056105,2
2016-03-23,train,train,-0.0072437499084909,0.0161833240496195,-0.0426467125846345,0.39769097060559855,0.007941901433260378,0.5943671279611409,2
2016-03-24,train,train,-0.0154996296383406,0.0161431189611189,-0.0426467125846345,0.16084738299118326,0.014955438364725277,0.8241971786440915,2
2016-03-29,train,train,0.0021025026229691,0.0156598053449601,-0.0426467125846345,0.28241868452822183,0.009799794537810366,0.7077815209339677,2
2016-03-30,train,train,0.0070029363516209,0.0152793390003694,-0.0426467125846345,0.3870469514215798,0.0077670646932991895,0.6051859838851209,2
2016-03-31,train,train,-0.0167227481589245,0.0153697666420192,-0.0426467125846345,0.12158133807615283,0.01654675654081024,0.8618719053830367,2
2016-04-01,train,train,-0.0139450620406282,0.0152880289230279,-0.0426467125846345,0.058244450064958056,0.019250316632135514,0.9225052333029067,2
2016-04-04,train,train,-0.00055812390516,0.0148229244343978,-0.0426467125846345,0.1268986746833631,0.012957396516056804,0.8601439288005799,2
2016-04-05,train,train,-0.0247051185878692,0.0155934767299354,-0.0426467125846345,0.0033745620781467367,0.039318805936092036,0.9573066319857613,2
2016-04-06,train,train,0.001298609834758,0.0151217825928556,-0.0426467125846345,0.036545475894992775,0.02343913916893496,0.9400153849360722,2
2016-04-07,train,train,-0.012665217982335,0.0149857490653907,-0.0426467125846345,0.02722855459182296,0.022185461656943666,0.9505859837512335,2
2016-04-08,train,train,0.0161122304221098,0.0150557149514168,-0.0426467125846345,0.020269547246016498,0.02630349104339487,0.9534269617105888,2
2016-04-11,train,train,0.0082717456879229,0.0147370073671678,-0.0426467125846345,0.04979934102506309,0.019633467439999684,0.9305671915349369,2
2016-04-12,train,train,0.0057146990712472,0.0143564650976504,-0.0426467125846345,0.10446332014848843,0.014317011210760042,0.8812196686407517,2
2016-04-13,train,train,0.0316028681891905,0.015926898045792,-0.0426467125846345,0.0006159134454618469,0.08786396976107788,0.9115201167934603,2
2016-04-14,train,train,0.004614801009372,0.0154830197242255,-0.0426467125846345,0.028877625684468437,0.049625970057654,0.9214964042578775,2
2016-04-15,train,train,-0.0011968588023991,0.0150142070737513,-0.042213169606514,0.07801579371428977,0.027768002313721927,0.8942162039719883,2
2016-04-18,train,train,0.0034624875062883,0.0145815005535831,-0.042213169606514,0.15827629552313338,0.016897067468275902,0.8248266370085906,2
2016-04-19,train,train,0.0100489042571681,0.0143499748256462,-0.042213169606514,0.1929171345823263,0.014471399465742359,0.7926114659519312,2
2016-04-20,train,train,0.0194172903839534,0.0147033445446322,-0.042213169606514,0.054794339258854984,0.027142446119842557,0.9180632146213027,2
2016-04-21,train,train,0.0054511673051317,0.014317819451634,-0.042213169606514,0.1135319123331784,0.017803781227732622,0.8686643064390891,2
2016-04-22,train,train,0.0038632329221494,0.0139138575073651,-0.042213169606514,0.2092026174532531,0.011948161450214913,0.7788492210965319,2
2016-04-25,train,train,-0.0101018583978796,0.0137150485772597,-0.042213169606514,0.18089072809384169,0.012156084279411897,0.8069531876267464,2
2016-04-26,train,train,0.0155242945656608,0.0138302793657135,-0.042213169606514,0.10909417005408048,0.017436480016333182,0.8734693499295861,2
2016-04-27,train,train,0.0053288403088405,0.0134723354336168,-0.042213169606514,0.19313567563026096,0.01231652546171269,0.7945477989080265,2
2016-04-28,train,train,-0.0068381134218797,0.0131688716458155,-0.042213169606514,0.23543144593694612,0.010256815170463071,0.7543117388925908,2
2016-04-29,train,train,-0.0265993339186625,0.0143340679324997,-0.042213169606514,0.003417683633095899,0.044576324227766334,0.9520059921391378,2
2016-05-02,train,train,-0.0003990059210677,0.0138977381478933,-0.042213169606514,0.03576996373815518,0.0259093899138631,0.9383206463479817,2
2016-05-03,train,train,-0.0289219543695087,0.0152232409414973,-0.042213169606514,0.00022688776924280083,0.08803968272072822,0.9117334295100289,2
2016-05-04,train,train,-0.0126988819930847,0.0150836977266705,-0.036714296823792,0.008137607397935839,0.06556855207809834,0.9262938405239659,2
2016-05-05,train,train,0.0040476563870356,0.0146577580897162,-0.036714296823792,0.04295225159125708,0.03729144931166763,0.9197562990970753,2
2016-05-06,train,train,0.0014603954624423,0.0142157252779465,-0.036714296823792,0.10516944904010704,0.02155437859856773,0.8732761723613253,2
2016-05-09,train,train,-0.0047572612619892,0.0138318301952508,-0.0289042912502539,0.16523525954110074,0.014455413743923473,0.8203093267149759,2
2016-05-10,train,train,0.0131225220929282,0.0137903005812782,-0.0289042912502539,0.14256998901754772,0.016093349517007506,0.8413366614654448,2
2016-05-11,train,train,-0.0127645835333464,0.0137309184791647,-0.0289042912502539,0.08406037068446785,0.017557468997505113,0.8983821603180272,2
2016-05-12,train,train,-9.243170346379104e-05,0.0133126386400956,-0.0289042912502539,0.16855668393449796,0.011811550017646343,0.8196317660478557,2
2016-05-13,train,train,0.0067186671735949,0.0130115793055045,-0.0289042912502539,0.25708284967048106,0.009591965185537458,0.7333251851439815,2
2016-05-16,train,train,-0.004527856146866,0.0126638545924703,-0.0289042912502539,0.3506628134476729,0.007496345818135649,0.6418408407341912,2
2016-05-17,train,train,0.0019102236906263,0.0122869751209877,-0.0289042912502539,0.5104445058015395,0.005139181440616055,0.4844163127578446,0
2016-05-18,train,train,0.0087445179188877,0.0121037005822339,-0.0289042912502539,0.5813100664993983,0.00480237340898223,0.41388756009161914,0
2016-05-19,train,train,-0.0115073667579056,0.012068751513697,-0.0289042912502539,0.46218098993140866,0.007094150876232086,0.5307248591923591,2
2016-05-20,train,train,0.0110628949232064,0.0120107758266615,-0.0267421356253468,0.47147660477398584,0.007537201832266618,0.5209861933937474,2
2016-05-23,train,train,-0.006542728276103,0.0117546437376261,-0.0267421356253468,0.5266882730377314,0.005974528762552906,0.46733719819971603,0
2016-05-24,train,train,0.0231519710054755,0.0127295787880395,-0.0267421356253468,0.0866309067207264,0.028636695839771326,0.8847323974395022,2
2016-05-25,train,train,0.0229350461969544,0.0135602590755869,-0.0267421356253468,0.00996453577766804,0.05585985763177244,0.9341756065905596,2
2016-05-26,train,train,-0.0050317998104484,0.0132048070483881,-0.0267421356253468,0.0369361042924844,0.03304506617346393,0.9300188295340517,2
2016-05-27,train,train,0.0030901667605349,0.0128248922518095,-0.0267421356253468,0.09346931820269419,0.02004112046195189,0.8864895613353538,2
2016-05-30,train,train,0.0010536095941636,0.0124368724036595,-0.0267421356253468,0.1852758931229278,0.012774522211435374,0.8019495846656367,2
2016-05-31,train,train,-0.0091346484826193,0.0122638393518455,-0.0267421356253468,0.18090496447197146,0.011996635106393833,0.8070984004216345,2
2016-06-01,train,train,-0.0130468536456056,0.0123122245639037,-0.0267421356253468,0.10131468773477799,0.01496897101604898,0.8837163412491731,2
2016-06-02,train,train,0.0045874762717511,0.0119899173309038,-0.0267421356253468,0.18711654073242534,0.011023431155126957,0.8018600281124475,2
2016-06-03,train,train,-0.0176024067891015,0.0123985206388477,-0.0267421356253468,0.041091383333573074,0.02005596703824023,0.9388526496281868,2
2016-06-06,train,train,0.0024851404217499,0.012036214960068,-0.0267421356253468,0.10108660528484675,0.013732598514909062,0.8851807962002443,2
2016-06-07,train,train,0.0080144994333505,0.0118335191046915,-0.0267421356253468,0.1558726120261423,0.011844774721496365,0.8322826132523615,2
2016-06-08,train,train,-0.0071195185675755,0.0116048048934515,-0.0267421356253468,0.19020122880512494,0.010426785001889576,0.7993719861929853,2
2016-06-09,train,train,-0.0070338114845491,0.0113824284341339,-0.0267421356253468,0.2282977103751514,0.009429665836920245,0.7622726237879286,2
2016-06-10,train,train,-0.0323319337454286,0.0135833476292782,-0.0292844073445332,0.0003124506184630617,0.0801813271554101,0.9195062222261268,2
2016-06-13,train,train,-0.0222346968443614,0.0142513086232243,-0.0292844073445332,0.0007399635808687846,0.11131194417502485,0.8879480922441063,2
2016-06-14,train,train,-0.02155821968366,0.0147918632964769,-0.0292844073445332,0.0009031136056546217,0.14091551928713375,0.8581813671072117,2
2016-06-15,train,train,0.0151551367207888,0.0148139109196832,-0.0292844073445332,0.008747269095958198,0.11724412776129019,0.8740086031427515,2
2016-06-16,train,train,-0.0061881415709639,0.0144423829439005,-0.0292844073445332,0.03131354927974225,0.0675104128673667,0.9011760378528911,2
2016-06-17,train,train,0.0195756470008228,0.0148006701511256,-0.0292844073445332,0.010406882869298452,0.08131409084111942,0.9082790262895821,2
2016-06-20,train,train,0.0335263611619145,0.0165335192948332,-0.0292844073445332,4.4283332459484675e-05,0.3179676496807711,0.6819880669867694,2
2016-06-21,train,train,0.0023333439990977,0.0160400278774494,-0.0292844073445332,0.02514240087471551,0.18216234278730173,0.7926952563379828,2
2016-06-22,train,train,0.003995587270074,0.0155821509333198,-0.0292844073445332,0.07274144754259242,0.09878897464812839,0.8284695778092791,2
2016-06-23,train,train,0.0208453403646403,0.0159470033216682,-0.0292844073445332,0.01451785028275264,0.12895227068855517,0.8565298790286924,2
2016-06-24,train,train,-0.1318516236113468,0.035806976121724,-0.0643685039087613,2.2122010408941104e-66,0.9999999999999906,1.0146780608901464e-14,1
2016-06-27,train,train,-0.0184283515803188,0.0350083906394007,-0.0643685039087613,1.8223006204395841e-07,0.9645511526062858,0.03544866516365233,1
2016-06-28,train,train,0.024483636341915,0.0344676526204297,-0.0643685039087613,2.187134432483742e-05,0.9579324616733942,0.04204566698228117,1
2016-06-29,train,train,0.0339172687865319,0.0344348776656623,-0.0643685039087613,2.979697959397607e-07,0.984327337821916,0.015672364208288103,1
2016-06-30,train,train,0.0071303304681281,0.0334315068253476,-0.0643685039087613,0.0007109766906895011,0.9131805912660583,0.08610843204325211,1
2016-07-01,train,train,0.0128530614837756,0.0325655919809054,-0.0643685039087613,0.002389775945119286,0.8382576095573515,0.15935261449752905,1
2016-07-04,train,train,-0.001573392969023,0.031575864962482,-0.0643685039087613,0.015019453182684397,0.6738002196841154,0.3111803271332002,1
2016-07-05,train,train,-0.0230720911917967,0.0311312129021489,-0.0643685039087613,0.0005876289629947037,0.737205662799693,0.2622067082373123,1
2016-07-06,train,train,-0.0176822998853017,0.0304920169143894,-0.0643685039087613,0.0009134365596124535,0.6970696162638458,0.302016947176542,1
2016-07-07,train,train,0.0102922886147884,0.0296704091996179,-0.0643685039087613,0.0091409548086772,0.5584317581760643,0.4324272870152586,1
2016-07-08,train,train,0.0219471089721963,0.0292645472659779,-0.0643685039087613,0.0017106876447853898,0.6144578349416369,0.38383147741357787,1
2016-07-11,train,train,0.0144565868103231,0.0285931543767727,-0.0643685039087613,0.005967668335446775,0.5276746120122884,0.4663577196522649,1
2016-07-12,train,train,0.0239020599338354,0.0283335997841072,-0.0643685039087613,0.0007512865174017548,0.627987309335199,0.3712614041473995,1
2016-07-13,train,train,-0.0037808994017314,0.027486051301334,-0.0643685039087613,0.015579703753412374,0.43727410824695667,0.5471461879996311,2
2016-07-14,train,train,0.0092093323539018,0.0267440225716975,-0.0643685039087613,0.03750121911589598,0.30045995984568474,0.662038821038419,2
2016-07-15,train,train,-0.0024936418570545,0.0259364853767663,-0.0643685039087613,0.09192020547817327,0.16586390012248756,0.7422158943993389,2
2016-07-18,train,train,-0.0007739026411853,0.0251470700638294,-0.0643685039087613,0.18686763232290737,0.0819816459603128,0.7311507217167799,2
2016-07-19,train,train,-0.0046091928512946,0.0244071158548457,-0.0643685039087613,0.27472329299600123,0.0418005299149572,0.6834761770890415,2
2016-07-20,train,train,0.0105858079559209,0.0238052184593111,-0.0643685039087613,0.3042559802711695,0.028750857317301336,0.6669931624115293,2
2016-07-21,train,train,0.0009440600219069,0.0230811740451237,-0.0643685039087613,0.46325782241802266,0.013419502801883858,0.5233226747800934,2
2016-07-22,train,train,0.0018972602950139,0.0223828536022742,-0.0643685039087613,0.6222606555920005,0.006396265129688318,0.3713430792783111,0
2016-07-25,train,train,-0.0028179755585098,0.0217119567619523,-0.0643685039087613,0.730762686079117,0.0034749135868812958,0.2657624003340018,0
2016-07-26,train,train,-0.0018090679653754,0.0210551866783725,-0.0624185495161907,0.8207743241591553,0.0019122217495569712,0.17731345409128757,0
2016-07-27,train,train,0.0117528402423575,0.0206157558222635,-0.0624185495161907,0.7993331376122167,0.002456862557737453,0.1982099998300459,0
2016-07-28,train,train,-0.0212602886601763,0.0206549949714504,-0.0624185495161907,0.19119760371795955,0.019638183227911825,0.7891642130541285,2
2016-07-29,train,train,0.0126566164198199,0.0202643155469488,-0.0624185495161907,0.1738682480976064,0.018968766837372752,0.807162985065021,2
2016-08-01,train,train,-0.0086313065423024,0.0197604125126163,-0.0624185495161907,0.18078986212434178,0.015133014947556592,0.8040771229281017,2
2016-08-02,train,train,-0.0281246339761594,0.0203594000571287,-0.0641027304443116,0.0013908274177393816,0.06314562330933973,0.9354635492729209,2
2016-08-03,train,train,-0.0016685780678295,0.0197434016727398,-0.0641027304443116,0.030655947817085853,0.035268089268461894,0.9340759629144522,2
2016-08-04,train,train,0.0146557971908016,0.0194756601560089,-0.0641027304443116,0.0283496132121041,0.033746822791912566,0.9379035639959834,2
2016-08-05,train,train,0.0181867696753555,0.0194007415753903,-0.0641027304443116,0.013578204690351214,0.04139402491855825,0.9450277703910904,2
2016-08-08,train,train,0.0027014101234429,0.0188213523492302,-0.0641027304443116,0.05416099797227207,0.024478173281541095,0.9213608287461867,2
2016-08-09,train,train,0.0119459263160634,0.018481098866993,-0.0641027304443116,0.06391119837055713,0.021808545123321865,0.914280256506121,2
2016-08-10,train,train,-0.0007503910705637,0.0179190328873297,-0.0641027304443116,0.13532900156307848,0.014044093105703228,0.8506269053312183,2
2016-08-11,train,train,0.0069741579935345,0.0174569346685865,-0.0641027304443116,0.21180943945085315,0.011116383455256767,0.77707417709389,2
2016-08-12,train,train,-0.000355543371803,0.0169253501767985,-0.0641027304443116,0.345250449300819,0.0076630914860926,0.6470864592130884,2
2016-08-15,train,train,0.0004816446442826,0.016410159925626,-0.0641027304443116,0.5034957213260426,0.005212462867687248,0.49129181580627057,0
2016-08-16,train,train,-0.0114056944378738,0.0161536726410483,-0.0641027304443116,0.39242676171955637,0.007676499662951202,0.5998967386174926,2
2016-08-17,train,train,-0.0157467226744438,0.0161295451859516,-0.0641027304443116,0.15075254693075893,0.015009035655631539,0.8342384174136096,2
2016-08-18,train,train,0.0074073521125639,0.0157430818504664,-0.0641027304443116,0.22580283978497742,0.011652794047538799,0.7625443661674834,2
2016-08-19,train,train,-0.0117055345591918,0.0155304578470965,-0.0641027304443116,0.15718139563838648,0.013353428570254233,0.8294651757913591,2
2016-08-22,train,train,0.0020569547317066,0.0150657650801449,-0.0641027304443116,0.2772800507857446,0.009166782390459746,0.7135531668237954,2
2016-08-23,train,train,0.0132444953536536,0.0149627417351728,-0.0641027304443116,0.23247897869957282,0.012015351819338348,0.7555056694810887,2
2016-08-24,train,train,0.0086561084083748,0.0146610475269036,-0.0641027304443116,0.3004528804060581,0.01013961289793432,0.6894075066960077,2
2016-08-25,train,train,-0.0064908950002371,0.0143030569734307,-0.0641027304443116,0.3566962081109184,0.00826224415191608,0.6350415477371655,2
2016-08-26,train,train,0.0069529221525509,0.0139715203197669,-0.0641027304443116,0.4678403079494743,0.006483296023233838,0.5256763960272922,2
2016-08-29,train,train,-0.0049895748200956,0.0136009164638284,-0.0641027304443116,0.5595221394151372,0.00491470929445538,0.43556315129040735,0
2016-08-30,train,train,0.0079760906596516,0.0133305256561523,-0.0641027304443116,0.64293397330166,0.004099991399960828,0.3529660352983793,0
2016-08-31,train,train,0.0036086756599848,0.0129546166216648,-0.0641027304443116,0.7633522899744462,0.0024644950596319553,0.234183214965922,0
2016-09-01,train,train,0.0052632906038823,0.0126259613489155,-0.0641027304443116,0.8399727269607208,0.0015890836662714864,0.15843818937300774,0
2016-09-02,train,train,0.0165353546273955,0.0128939940726089,-0.0610161162597676,0.6702590988680096,0.005040121435683554,0.3247007796963066,0
2016-09-05,train,train,0.0049713366794985,0.0125603594478288,-0.0610161162597676,0.7752120073380139,0.002806304931332825,0.2219816877306531,0
2016-09-06,train,train,-0.0060270622126076,0.0122668822618471,-0.0610161162597676,0.8096969473616834,0.0020946687753172102,0.1882083838629991,0
2016-09-07,train,train,0.012928016922571,0.0123075518968427,-0.0610161162597676,0.7589721656509514,0.003196495636939152,0.2378313387121094,0
2016-09-08,train,train,0.0094721301105128,0.012156091419601,-0.0610161162597676,0.7875932771944364,0.0027240042211255627,0.2096827185844382,0
2016-09-09,train,train,-0.0083413380713753,0.0119615634569588,-0.0610161162597676,0.7778095487341344,0.002635613266299591,0.21955483799956615,0
2016-09-12,train,train,-0.0177625401078775,0.012386473678162,-0.0610161162597676,0.3551026163602915,0.011903796554721513,0.6329935870849869,2
2016-09-13,train,train,-0.0161905685108189,0.0126470279864964,-0.0610161162597676,0.12100179893539563,0.020063900988118805,0.8589343000764855,2
2016-09-14,train,train,-0.0025019011540817,0.0122770537361712,-0.0610161162597676,0.20916087326353833,0.01277638043576924,0.7780627463006926,2
2016-09-15,train,train,0.0020776811529852,0.0119139200548264,-0.0610161162597676,0.3464132958703805,0.008378118962693784,0.6452085851669255,2
2016-09-16,train,train,-0.0100381284655077,0.0118097774320192,-0.0241523379427107,0.3010827273697938,0.009360244536254466,0.6895570280939517,2
2016-09-19,train,train,0.0094646024117046,0.011682350548708,-0.0241523379427107,0.3560285551852332,0.00874769004770531,0.6352237547670617,2
2016-09-20,train,train,-0.0033790478185165,0.0113566611876869,-0.0241523379427107,0.47820645689228497,0.006067733549174493,0.5157258095585404,2
2016-09-21,train,train,0.0083006555552984,0.0111968469262941,-0.0241523379427107,0.5610318924466425,0.005242553857721686,0.43372555369563565,0
2016-09-22,train,train,0.0199403429164052,0.0119039596253868,-0.0241523379427107,0.20243324853680905,0.018442737873323484,0.7791240135898675,2
2016-09-23,train,train,-0.0125350945884104,0.0119427683247014,-0.0241523379427107,0.12394942218619147,0.01907521738308483,0.8569753604307235,2
2016-09-26,train,train,-0.0127973481613321,0.011995760065114,-0.0241523379427107,0.07316642427358946,0.019655723775198548,0.9071778519512119,2
2016-09-27,train,train,-0.0026667519115802,0.0116486504760368,-0.0223824875814044,0.1398016235802605,0.013246431949508013,0.8469519444702314,2
2016-09-28,train,train,0.0059901942378169,0.011388702299143,-0.0223824875814044,0.228733974248032,0.010261202986000424,0.7610048227659676,2
2016-09-29,train,train,0.0063751564165072,0.011151634176886,-0.0223824875814044,0.3352455466449703,0.00817515072561712,0.6565793026294127,2
2016-09-30,train,train,-0.0019230436435163,0.0108221667856986,-0.0223824875814044,0.4756859446479574,0.005688692970932073,0.5186253623811107,2
2016-10-03,train,train,-0.0031716165141008,0.010521201707979,-0.0223824875814044,0.5989716145496901,0.00408731079881011,0.3969410746515001,0
2016-10-04,train,train,0.0019862786358642,0.0102122799817836,-0.0223824875814044,0.7349444664233024,0.0025627756009203666,0.2624927579757776,0
2016-10-05,train,train,0.0010599699853236,0.0099045764605532,-0.0223824875814044,0.833328049164496,0.0015230116822017403,0.16514893915330237,0
2016-10-06,train,train,-0.0023836429369988,0.0096205770092149,-0.0223824875814044,0.8868404520786732,0.0009729407065454309,0.11218660721478127,0
2016-10-07,train,train,-0.0153153242887796,0.0100536421935063,-0.0223824875814044,0.6698823519769131,0.004106487875774712,0.32601116014731196,0
2016-10-10,train,train,0.0089116470353278,0.0099888049959283,-0.0223824875814044,0.721473630693003,0.0034485751457491,0.2750777941612479,0
2016-10-11,train,train,-0.0009542912754084,0.0096873263619113,-0.0223824875814044,0.818940678931971,0.0018842193005735451,0.17917510176745516,0
2016-10-12,train,train,-0.000771036964866,0.0093941100908879,-0.0223824875814044,0.8841707655881212,0.0010604889330520346,0.11476874547882636,0
2016-10-13,train,train,-0.00899675384825,0.0093707438831769,-0.0223824875814044,0.8598407973031859,0.001332532316679849,0.13882667038013402,0
2016-10-14,train,train,0.018324027079281,0.0101335279430604,-0.0223824875814044,0.6162673740586638,0.006399187181408018,0.37733343875992825,0
2016-10-17,train,train,-0.0031070692442006,0.00985425380309,-0.0223824875814044,0.7225667454555212,0.003561004385326098,0.27387225015915234,0
2016-10-18,train,train,0.0141544575313569,0.0101637030168728,-0.0223824875814044,0.6213445026865927,0.006007814343299516,0.3726476829701076,0
2016-10-19,train,train,0.009519903893933,0.0101262293912029,-0.0223824875814044,0.665551371824534,0.004913252202071858,0.3295353759733945,0
2016-10-20,train,train,0.0123369214061217,0.0102722961488226,-0.0206925808649519,0.6275566385982766,0.005868455874874454,0.3665749055268492,0
2016-10-21,train,train,0.0043168283545992,0.0100153364647201,-0.0206925808649519,0.7476848250794873,0.003190334684289205,0.24912484023622336,0
2016-10-24,train,train,0.0126444147745966,0.0101922235126091,-0.0206925808649519,0.7013191250533335,0.004306417632182026,0.29437445731448436,0
2016-10-25,train,train,-0.0083352427593028,0.0100904465329595,-0.0165666104310467,0.6954301912079621,0.003962290973386837,0.30060751781865086,0
2016-10-26,train,train,0.0036694858381377,0.0098242552969383,-0.0165666104310467,0.8016102680478489,0.002193379180756718,0.1961963527713944,0
2016-10-27,train,train,0.0026020417637014,0.0095462699465004,-0.0165666104310467,0.8758332964268463,0.0011996861951204412,0.12296701737803353,0
2016-10-28,train,train,0.0004456460518899,0.0092560958142288,-0.0165666104310467,0.9209957183630193,0.0006662834620359754,0.07833799817494493,0
2016-10-31,train,train,-0.0063234079236508,0.0091068062681154,-0.0165666104310467,0.9233634403300455,0.0006054950975105293,0.0760310645724438,0
2016-11-01,train,train,-0.0112847226317634,0.009251950230802,-0.0165666104310467,0.8638452108617474,0.0012324470411159082,0.13492234209713677,0
2016-11-02,train,train,-0.0186785451976058,0.0100695556570676,-0.017543884605434,0.4274022627302757,0.009365506253756322,0.5632322310159679,2
2016-11-03,train,train,0.0007322582285438,0.0097644439774998,-0.017543884605434,0.58734595079634,0.005236712140216192,0.4074173370634437,0
2016-11-04,train,train,-0.009993663939841,0.0097783487028688,-0.017543884605434,0.5288217049224976,0.006155854294161352,0.465022440783341,0
2016-11-07,train,train,0.0143647107657479,0.0101123603612915,-0.017543884605434,0.41457868590768426,0.009766144510044334,0.5756551695822714,2
2016-11-08,train,train,0.0020385759041429,0.0098170051265668,-0.017543884605434,0.5753675820157367,0.005502175066211173,0.41913024291805234,0
2016-11-09,train,train,-0.0039801605364746,0.0095677413713741,-0.017543884605434,0.6759086343227935,0.0036427713528317234,0.3204485943243747,0
2016-11-10,train,train,-0.0163892827593589,0.0101077044779963,-0.0176101226882807,0.3207645406864263,0.011418008881195403,0.6678174504323784,2
2016-11-11,train,train,-0.0135205105593018,0.010344273815628,-0.0176101226882807,0.17403622464136015,0.015251044538833637,0.8107127308198063,2
2016-11-14,train,train,0.0021968627900629,0.0100435717298891,-0.0176101226882807,0.30025259087848016,0.009781373120917591,0.6899660360006022,2
2016-11-15,train,train,0.0033322503651413,0.0097717535098661,-0.0176101226882807,0.4504714456626593,0.006530269361528727,0.542998284975812,2
2016-11-16,train,train,-0.0056101650666239,0.0095732112575986,-0.0176101226882807,0.5291188269153141,0.0052560633746682305,0.4656251097100174,0
2016-11-17,train,train,0.0091608971835012,0.0095489744783435,-0.0176101226882807,0.5889364555310757,0.00493170326522259,0.4061318412037018,0
2016-11-18,train,train,-0.0109683535044069,0.0096400324423018,-0.0176101226882807,0.4921666483300792,0.006694971181386475,0.5011383804885347,2
2016-11-21,train,train,-0.0009631073985941,0.0093493350838969,-0.0176101226882807,0.6383327801950313,0.004021459912498451,0.35764575989247005,0
2016-11-22,train,train,0.0042743234013663,0.0091247823509767,-0.0176101226882807,0.7558810243238537,0.0025284284941590024,0.24159054718198725,0
2016-11-23,train,train,-0.0027779403245445,0.0088729347412419,-0.0176101226882807,0.8315269867406877,0.0016008860920740035,0.1668721271672383,0
2016-11-24,train,train,0.0034365912289163,0.0086437169217575,-0.0176101226882807,0.8927188866698839,0.0009551552205547874,0.10632595810956144,0
2016-11-25,train,train,0.0019848369888292,0.008394485473357,-0.0176101226882807,0.9310963848795546,0.000551356967218951,0.06835225815322632,0
2016-11-28,train,train,-0.0063723519860142,0.0082870836468976,-0.0176101226882807,0.9309745109538795,0.0005179137911056053,0.06850757525501487,0
2016-11-29,train,train,0.0055188579304549,0.0081475565429047,-0.0176101226882807,0.9475868624942353,0.0003772954701283279,0.05203584203563658,0
2016-11-30,train,train,0.0024430955124394,0.0079219845937501,-0.0176101226882807,0.9615504830464183,0.00024131890467702776,0.03820819804890436,0
2016-12-01,train,train,-0.0021892688030652,0.0076993469452234,-0.0176101226882807,0.966602505171168,0.00017945780168184748,0.03321803702715032,0
2016-12-02,train,train,-0.0071891381956838,0.0076696916013451,-0.0176101226882807,0.9550885168709267,0.00023753752870211183,0.044673945600371315,0
2016-12-05,train,train,0.0066699244007866,0.007613408736886,-0.0170861321559278,0.9594578459106918,0.00023439522131872038,0.04030775886798944,0
2016-12-06,train,train,0.0260408392179093,0.0097556994351804,-0.0167943840819147,0.3663813308904349,0.01295457368577049,0.6206640954237947,2
2016-12-07,train,train,0.0075167501575183,0.0096360439578302,-0.0167943840819147,0.46797740058676346,0.008767634889205626,0.523254964524031,2
2016-12-08,train,train,0.0204361509053872,0.0105990715818636,-0.0167943840819147,0.13536799361138788,0.025195573244623175,0.839436433143989,2
2016-12-09,train,train,0.0026425588678311,0.010296547301684,-0.0167943840819147,0.24629691153063374,0.014586785527092944,0.7391163029422734,2
2016-12-12,train,train,0.0018305497866086,0.0099929379016855,-0.0167943840819147,0.39340995331588424,0.008696853848619021,0.5978931928354967,2
2016-12-13,train,train,0.0156501476970835,0.0104193525139021,-0.0167943840819147,0.24931338057593969,0.014388881294529433,0.7362977381295308,2
2016-12-14,train,train,-0.0121727906068661,0.010532793659326,-0.0167943840819147,0.16272948739504087,0.015758052906907925,0.8215124596980512,2
2016-12-15,train,train,0.0131903516758898,0.0107108580596402,-0.0167943840819147,0.13931249901220133,0.017099824420109246,0.8435876765676895,2
2016-12-16,train,train,0.0076785636103367,0.0105535184606089,-0.0167943840819147,0.20803536649442503,0.012973868176680777,0.778990765328894,2
2016-12-19,train,train,-0.0081175527085391,0.0104234268119013,-0.0167943840819147,0.22426101379783622,0.011271157703125756,0.764467828499038,2
2016-12-20,train,train,0.00759691169919,0.0102757842014513,-0.0167943840819147,0.310732679443185,0.009232801047801997,0.6800345195090131,2
2016-12-21,train,train,-0.0038552726384327,0.0100073984693579,-0.0167943840819147,0.42203293422785165,0.006725050866370426,0.5712420149057779,2
2016-12-22,train,train,-0.0040737800545751,0.0097537112789451,-0.0167943840819147,0.532985257775978,0.005017231846031313,0.4619975103779907,0
2016-12-23,train,train,0.0036468720449943,0.0094986720773481,-0.0167943840819147,0.6752121695232921,0.003310907927433231,0.32147692254927424,0
2016-12-27,train,train,0.000949559580664,0.0092122410282649,-0.0167943840819147,0.7918612509181443,0.0019770984941337015,0.20616165058772218,0
2016-12-28,train,train,-0.0033864005601165,0.0089700347938171,-0.0167943840819147,0.852152411942025,0.0013381662529478742,0.14650942180502707,0
2016-12-29,train,train,-0.0019066823739076,0.0087093030152045,-0.0167943840819147,0.9010893599331324,0.0008318775976159443,0.09807876246925153,0
2016-12-30,train,train,0.002676775876158,0.008469400758937,-0.0167943840819147,0.9353902022107269,0.0005003758778854103,0.06410942191138774,0
2017-01-03,train,train,0.0151328935153471,0.0090092825591921,-0.0161961128387554,0.8621248225765812,0.0014766941796609527,0.13639848324375795,0
2017-01-04,train,train,-0.0033548374825953,0.0087733937543894,-0.0161961128387554,0.9006877390347098,0.0009123326351181298,0.09839992833017208,0
2017-01-05,train,train,0.0026700105994236,0.008531226704727,-0.0161961128387554,0.9351856120220687,0.0005231506666969975,0.0642912373112343,0
2017-01-06,train,train,0.0029151829421513,0.0083020971349035,-0.0161961128387554,0.9544188892287739,0.00031898556990936995,0.045262125201316325,0
2017-01-09,train,train,-0.0024305288707078,0.0080711694358755,-0.0161961128387554,0.9620111695000041,0.00022565395709194232,0.03776317654290362,0
2017-01-10,train,train,-0.0043072366227761,0.0078960931313106,-0.0161961128387554,0.9624133549934195,0.00020231564289931815,0.0373843293636809,0
2017-01-11,train,train,-0.0046022362096251,0.0077381021072212,-0.0161961128387554,0.9618409683174879,0.000198632477835339,0.03796039920467692,0
2017-01-12,train,train,-0.0001274679795518,0.0075024333155066,-0.0161961128387554,0.9689634141992429,0.0001542891340882762,0.030882296666668876,0
2017-01-13,train,train,0.0110154101558452,0.0077582002402938,-0.0161961128387554,0.9524636176907544,0.00027614193133736827,0.0472602403779088,0
2017-01-16,train,train,-0.0107391116940414,0.0079685633528894,-0.0161961128387554,0.9108349995350513,0.0006186578956652213,0.08854634256928354,0
2017-01-17,train,train,-0.0016059231696512,0.0077358167731714,-0.0161961128387554,0.9379477312884428,0.00042974649481517955,0.06162252221674209,0
2017-01-18,train,train,-0.0009264841423988,0.0075035852664684,-0.0161961128387554,0.9549292393214024,0.0002876469993802374,0.04478311367921732,0
2017-01-19,train,train,-0.0007567783462334,0.0072773571540781,-0.0161961128387554,0.9646642427263894,0.00019975407262963038,0.035136003200981356,0
2017-01-20,train,train,0.0001066143590977,0.0070557078678489,-0.0161961128387554,0.9706340781783407,0.00014615593319665577,0.02921976588846259,0
2017-01-23,train,train,-0.0080600072459209,0.0071199617775447,-0.0161961128387554,0.9541530948183153,0.0002306553891256776,0.04561624979255913,0
2017-01-24,train,train,0.008816704943534,0.0072329994839317,-0.0161961128387554,0.9513009727381116,0.00029807829272616103,0.048400948969162375,0
2017-01-25,train,train,0.0171207529280727,0.0081709556045746,-0.0161961128387554,0.8422211322563149,0.0016226340810388097,0.15615623366264664,0
2017-01-26,train,train,-0.0038295933141035,0.0079773799996928,-0.0161961128387554,0.8841000251288831,0.0010671767240267626,0.1148327981470906,0
2017-01-27,train,train,-0.0009149962599121,0.007737603585689,-0.0140275279751756,0.9236916150619395,0.000622981385426242,0.07568540355263415,0
2017-01-30,train,train,-0.0151390944793744,0.0083683815396788,-0.0150162959326783,0.7520386505101463,0.002778942110957459,0.2451824073788964,0
2017-01-31,train,train,-0.004936653334156,0.008203063682949,-0.0150162959326783,0.8064059666059428,0.0019802053127962404,0.19161382808126107,0
2017-02-01,train,train,0.0016732396240007,0.0079637191317679,-0.0150162959326783,0.8796808383479212,0.001105452104042975,0.11921370954803599,0
2017-02-02,train,train,0.0080696150331867,0.007970112563329,-0.0150162959326783,0.9009423280351817,0.0009271523403072044,0.09813051962451091,0
2017-02-03,train,train,0.0059674250504327,0.0078643462741513,-0.0150162959326783,0.9274576587062446,0.0006259132391721184,0.07191642805458368,0
2017-02-06,train,train,-0.0112010087785967,0.0081033833452493,-0.0136107985485141,0.8709365423076283,0.0011963272155776287,0.12786713047679404,0
2017-02-07,train,train,-0.0027609928242185,0.0078855765308685,-0.012837631288279,0.9094359931701913,0.0007626836302186111,0.08980132319959017,0
2017-02-08,train,train,-0.0001928927051039,0.0076454961020508,-0.012837631288279,0.9396799250207734,0.0004530743186358741,0.059867000660590704,0
2017-02-09,train,train,0.0115836347175115,0.0079370794127191,-0.012837631288279,0.9200528263424295,0.0006872937991725186,0.07925987985839797,0
2017-02-10,train,train,-0.0064093734413811,0.0078538016210142,-0.012837631288279,0.9219922922286792,0.0006245421497090924,0.07738316562161171,0
2017-02-13,train,train,0.0112395288223711,0.0080969678520447,-0.012837631288279,0.9064444985937793,0.0008628402386911835,0.09269266116752949,0
2017-02-14,train,train,0.0027482563330931,0.0078791122511084,-0.012837631288279,0.9384004276835499,0.0004934133028666723,0.06110615901358374,0
2017-02-15,train,train,0.0077405072502728,0.007870864782419,-0.012837631288279,0.9447540740603017,0.00042261201672110795,0.05482331392297725,0
2017-02-16,train,train,-0.0030722341512199,0.0076681027013552,-0.012837631288279,0.9547670631348791,0.0002966691612007733,0.04493626770392026,0
2017-02-17,train,train,-0.0057098439698931,0.0075649157421515,-0.012837631288279,0.9525501085059942,0.0002885401247792406,0.047161351369226515,0
2017-02-20,train,train,0.002764488408187,0.0073656511554811,-0.012837631288279,0.9640789644922867,0.0002057893013031104,0.03571524620641018,0
2017-02-21,train,train,0.0036044791984244,0.0071956364656018,-0.012837631288279,0.9697984877899686,0.00015619017397407013,0.030045322036057247,0
2017-02-22,train,train,-0.0088033895044531,0.007302091008911,-0.012837631288279,0.9489072404867579,0.00026984588609994787,0.05082291362714203,0
2017-02-23,train,train,0.0017079268710685,0.0070919899864628,-0.012837631288279,0.9624606359686465,0.00020696827073577774,0.03733239576061786,0
2017-02-24,train,train,-0.004211818164078,0.0069529063983948,-0.012837631288279,0.9629601846529452,0.00019303393031903357,0.03684678141673571,0
2017-02-27,train,train,0.0011417613012333,0.006746891882481,-0.012837631288279,0.9700397624664224,0.00014792518533056316,0.029812312348246845,0
2017-02-28,train,train,0.009590100339819,0.0069503610367464,-0.012837631288279,0.9602599750465848,0.0002140562786471633,0.039525968674767806,0
2017-03-01,train,train,0.0203042143835972,0.0083752453535857,-0.012837631288279,0.7508289238796896,0.00291398691823975,0.24625708920207068,0
2017-03-02,train,train,-0.0036471081905699,0.008169096310977,-0.012837631288279,0.8202884908387825,0.0018411101739637824,0.17787039898725393,0
2017-03-03,train,train,0.0084553015970457,0.0081865507982029,-0.012837631288279,0.852317925558368,0.0015501930403276022,0.1461318814013044,0
2017-03-06,train,train,0.0005713129522505,0.0079383890710035,-0.012837631288279,0.9072428151300226,0.0008340523094204188,0.09192313256055662,0
2017-03-07,train,train,-0.0002447657426253,0.0076967872775721,-0.012837631288279,0.9383705685397883,0.00047912632847842964,0.06115030513173361,0
2017-03-08,train,train,0.004966355370403,0.0075608189683613,-0.012837631288279,0.9533100249276405,0.00032826356808229407,0.046361711504277196,0
2017-03-09,train,train,0.0149029039444304,0.0081891279891455,-0.012837631288279,0.8937668482462411,0.0009876582451098148,0.10524549350864941,0
2017-03-10,train,train,0.0007998080574699,0.0079420708738325,-0.0123597383173374,0.9316364864853034,0.0005534329801438025,0.06781008053455248,0
2017-03-13,train,train,-0.0010498793193139,0.0077044166018062,-0.0123597383173374,0.9511731010049768,0.0003406941732405996,0.048486204821782786,0
2017-03-14,train,train,-0.0091253114256351,0.007796975797104,-0.0123597383173374,0.9272376117706042,0.0005123961818814982,0.07224999204751441,0
2017-03-15,train,train,0.0078539632016738,0.0078004067819686,-0.0123597383173374,0.9364250309046548,0.00048052318868533424,0.06309444590666012,0
2017-03-16,train,train,0.0183418341115279,0.0087966435599506,-0.0123597383173374,0.7690786880134447,0.003021348971319538,0.22789996301523582,0
2017-03-17,train,train,0.0076223125640445,0.0087306391847911,-0.0123597383173374,0.8227107059357367,0.0021103255877980443,0.1751789684764652,0
2017-03-20,train,train,-0.0031085182257453,0.0084988463966645,-0.0123597383173374,0.8756940771493321,0.0012388130198809277,0.12306710983078689,0
2017-03-21,train,train,-0.0002055830433167,0.0082400911726093,-0.0123597383173374,0.9200842565717718,0.000683939008880438,0.07923180441934755,0
2017-03-22,train,train,0.0017023871493246,0.0079999402311086,-0.0123597383173374,0.946643861851095,0.000396708299428872,0.05295942984947627,0
2017-03-23,train,train,0.0093023590720055,0.0080840048328475,-0.0123597383173374,0.9431701942959844,0.0004279568630883376,0.056401848840927755,0
2017-03-24,train,train,-0.0015023531041536,0.0078463679483074,-0.0123597383173374,0.9570728685263721,0.000278004283806531,0.04264912718982106,0
2017-03-27,train,train,-0.0006306913803016,0.0076089044466627,-0.0123597383173374,0.9659744595963157,0.00019042479775060198,0.03383511560593362,0
2017-03-28,train,train,0.0083221071693843,0.0076535710181627,-0.0123597383173374,0.9618545372232548,0.00021507029170401474,0.037930392485041785,0
2017-03-29,train,train,-0.0020620331471029,0.007437582887756,-0.0123597383173374,0.9669647202996174,0.00017004616780423321,0.03286523353257841,0
2017-03-30,train,train,0.0036874695789678,0.0072673534916953,-0.0123597383173374,0.971315490593634,0.00013877976970725356,0.028545729636658752,0
2017-03-31,train,train,0.0054627136789802,0.0071718920523925,-0.0123597383173374,0.9717898400854827,0.00013075043335576784,0.028079409481161288,0
2017-04-03,train,train,-0.0132385290000946,0.007672378541214,-0.0131928774193552,0.903653159809947,0.0005792261482721877,0.09576761404178083,0
2017-04-04,train,train,0.0034709038906062,0.007487075487797,-0.0131928774193552,0.935801052947347,0.0004358277313454468,0.06376311932130761,0
2017-04-05,train,train,0.003997327523122,0.0073247279156292,-0.0131928774193552,0.9535049856877974,0.0003066555451573347,0.046188358767045135,0
2017-04-06,train,train,0.0111082696275197,0.0076050088719724,-0.0131928774193552,0.937438127917066,0.00046457739892783833,0.062097294684006335,0
2017-04-07,train,train,0.0009596786342288,0.0073770759336658,-0.0131928774193552,0.956172216778932,0.0002887312007082677,0.0435390520203597,0
2017-04-10,train,train,-0.0087090844923681,0.007463703071058,-0.0131928774193552,0.9359419097901189,0.00042049504477661206,0.06363759516510417,0
2017-04-11,train,train,-0.0020524022381479,0.0072537709515654,-0.0131928774193552,0.9518243628946129,0.00030521399829786124,0.0478704231070893,0
2017-04-12,train,train,-0.0053713699291058,0.0071548066592764,-0.0131928774193552,0.9518228967255808,0.0002925128255585894,0.04788459044886032,0
2017-04-13,train,train,-0.0033258653412573,0.0069845161355543,-0.0131928774193552,0.9584794029110595,0.00023971034944163727,0.04128088673949859,0
2017-04-18,train,train,-0.0059832927952177,0.0069285240325301,-0.0131928774193552,0.9541380805352389,0.000260366323283393,0.04560155314147766,0
2017-04-19,train,train,0.0102545925152534,0.0071717207567236,-0.0131928774193552,0.9437500146982529,0.00037922135168231836,0.055870763950064586,0
2017-04-20,train,train,0.0002121406311074,0.0069534354181596,-0.0131928774193552,0.9592864076028528,0.00025043064861640413,0.040463161748530756,0
2017-04-21,train,train,0.0004337453982553,0.0067424429083142,-0.0131928774193552,0.9678798209936632,0.00017327801271646456,0.03194690099362005,0
2017-04-24,train,train,0.0368754886213534,0.0111499329080213,-0.0131928774193552,0.00910083412722062,0.06811849551572624,0.922780670357053,2
2017-04-25,train,train,0.0015127502437671,0.0108166098395096,-0.0131928774193552,0.04653975912286594,0.037404566753971843,0.9160556741231622,2
2017-04-26,train,train,-0.0018285312453287,0.010496652661962,-0.0111882830681087,0.1043380361878696,0.021707587218037505,0.8739543765940928,2
2017-04-27,train,train,-0.0074135542673399,0.0103376293845354,-0.0111882830681087,0.13113535937243218,0.016083879534022103,0.8527807610935458,2
2017-04-28,train,train,0.0029812976255318,0.0100492723391502,-0.0111882830681087,0.2384001492347828,0.010766452780099658,0.7508333979851174,2
2017-05-02,train,train,0.0097047118148098,0.0100289325433036,-0.0111882830681087,0.284758820935053,0.010138876866661182,0.705102302198286,2
2017-05-03,train,train,0.0015422235249232,0.0097307464197098,-0.0111882830681087,0.43853400320019104,0.006609557102858935,0.5548564396969499,2
2017-05-04,train,train,0.0161011434925188,0.0102255068156847,-0.0103890766433942,0.26715079524199137,0.012914371491198257,0.7199348332668103,2
2017-05-05,train,train,0.0110619094763652,0.0102776106530242,-0.0103890766433942,0.28193631773914835,0.012300731655802769,0.7057629506050488,2
2017-05-08,train,train,-0.0035175560942795,0.0100016956534195,-0.0103890766433942,0.39610382553726525,0.008114598594606696,0.5957815758681281,2
2017-05-09,train,train,-0.0042536569860026,0.0097528199436003,-0.0103890766433942,0.5040909100983157,0.005793001527616259,0.49011608837406806,0
2017-05-10,train,train,-0.0013041471351218,0.0094611043238172,-0.0103890766433942,0.6460699811643943,0.003683832150000623,0.3502461866856053,0
2017-05-11,train,train,-0.0158386420888263,0.0099595933811406,-0.0127341608381853,0.32074652872748216,0.010656264038453116,0.6685972072340647,2
2017-05-12,train,train,0.0032722663892372,0.0096893938890896,-0.0127341608381853,0.4737446273503778,0.006686467020114646,0.5195689056295077,2
2017-05-15,train,train,0.0055639916251033,0.0094925640830023,-0.0127341608381853,0.6046801261295487,0.004590823166123189,0.3907290507043279,0
2017-05-16,train,train,0.0022425133798166,0.009219760217773,-0.0127341608381853,0.7390769665034765,0.0027029219507214907,0.25822011154580177,0
2017-05-17,train,train,-0.0180357950656226,0.0099710146917846,-0.0157043220515145,0.2963933593186676,0.012497819858429135,0.6911088208229034,2
2017-05-18,train,train,-0.0094266655624954,0.0099391945026942,-0.0157043220515145,0.2748460565880151,0.011555655572132232,0.7135982878398527,2
2017-05-19,train,train,0.013987021383479,0.0102273426730288,-0.0157043220515145,0.2101744943494826,0.01469853062451791,0.7751269750259995,2
2017-05-22,train,train,-0.0038837153493737,0.0099613061672333,-0.0157043220515145,0.3072186231038807,0.009891731857762681,0.6828896450383567,2
2017-05-23,train,train,0.0113221947653308,0.0100481584871141,-0.0157043220515145,0.313756230416734,0.01044575962982732,0.6757980099534389,2
2017-05-24,train,train,-0.0008155733882108,0.0097440992010718,-0.0157043220515145,0.4628945293714683,0.006557470215899508,0.5305480004126323,2
2017-05-25,train,train,0.0027740613048771,0.0094716601529669,-0.0157043220515145,0.6181878131540088,0.004139538688622527,0.3776726481573688,0
2017-05-26,train,train,-0.0030675010570726,0.0092138037234473,-0.0157043220515145,0.7240699623475775,0.00276917450279945,0.273160863149623,0
2017-05-29,train,train,-0.0018542331095806,0.0089446531031918,-0.0157043220515145,0.8155544593394003,0.0017267628374187764,0.1827187778231808,0
2017-05-30,train,train,-0.0006525106497852,0.0086736356965887,-0.0157043220515145,0.8823338803384295,0.0010243652549080337,0.11664175440666259,0
2017-05-31,train,train,0.0002849311565821,0.0084096914313873,-0.0157043220515145,0.9245976987085389,0.0006005034839504319,0.07480179780751064,0
2017-06-01,train,train,9.19075410783518e-05,0.0081535294316416,-0.0157043220515145,0.9485641048301416,0.0003635307592048513,0.05107236441065324,0
2017-06-02,train,train,0.0022858140460996,0.0079249439374855,-0.0157043220515145,0.9621504364520023,0.00023416770753663006,0.03761539584046093,0
2017-06-05,train,train,-0.0019458116280802,0.0076982870303119,-0.0157043220515145,0.967309062924931,0.00017343608384398737,0.03251750099122444,0
2017-06-06,train,train,-0.0004594659166549,0.0074646146815974,-0.0157043220515145,0.9717289975489667,0.00013371743378242718,0.02813728501725076,0
2017-06-07,train,train,-0.0007355848558763,0.0072394550284429,-0.0157043220515145,0.9739466210335225,0.0001120531930383289,0.025941325773439113,0
2017-06-08,train,train,0.0074593849408926,0.0072528388913653,-0.0157043220515145,0.9697228142876796,0.0001369401477807555,0.030140245564539786,0
2017-06-09,train,train,0.0022980937903142,0.0070543834435902,-0.0157043220515145,0.973553067370619,0.00011664981296901811,0.026330282816411754,0
2017-06-12,train,train,-0.0124561695983613,0.0074891812561078,-0.0157043220515145,0.9186385556399838,0.00045055540711790975,0.080910888952898,0
2017-06-13,train,train,0.0036547918654234,0.0073160109314024,-0.0157043220515145,0.9441615332764702,0.00035759782247026786,0.05548086890105977,0
2017-06-14,train,train,-0.0098163405643431,0.0074896066329285,-0.0157043220515145,0.9122886523693396,0.0006361639463260964,0.08707518368433412,0
2017-06-15,train,train,-0.0070965399651415,0.0074666061790921,-0.0157043220515145,0.9098921055157992,0.0006947644020279047,0.08941313008217266,0
2017-06-16,train,train,0.0055735063194065,0.0073667519114726,-0.0157043220515145,0.9344737571647863,0.0005045892511899346,0.06502165358402393,0
2017-06-19,train,train,0.0082839009618374,0.0074249762700231,-0.0157043220515145,0.9394279693479812,0.00047059170405562437,0.06010143894796288,0
2017-06-20,train,train,-0.0095208666632574,0.0075671177059005,-0.0157043220515145,0.9105317818328673,0.0007087960717113577,0.08875942209542162,0
2017-06-21,train,train,-0.0005025796512492,0.0073376255921658,-0.0157043220515145,0.939881339108898,0.0004386363020343644,0.05968002458906786,0
2017-06-22,train,train,-0.002871698228716,0.0071487833520094,-0.0157043220515145,0.9522838821179683,0.0003129070086971829,0.04740321087333435,0
2017-06-23,train,train,-0.0074131539696425,0.0071649206775642,-0.0157043220515145,0.9416187219497526,0.00037690669964331614,0.05800437135060399,0
2017-06-26,train,train,0.0061704675929191,0.0071091773951531,-0.0157043220515145,0.9523501775218123,0.0003148354600826246,0.047334987018105276,0
2017-06-27,train,train,-0.0045631711451087,0.0069826449784865,-0.0157043220515145,0.9552095868774232,0.0002712285013576096,0.044519184621219315,0
2017-06-28,train,train,0.0051333380345351,0.0068857069792764,-0.0157043220515145,0.9628721511233027,0.00021684862306563124,0.03691100025363146,0
2017-06-29,train,train,-0.0161633172986325,0.0077616591353888,-0.0166792514843604,0.8086013226616497,0.0016369347359604116,0.1897617426023897,0
2017-06-30,train,train,-0.0082572229666647,0.007792281774243,-0.0166792514843604,0.7993869045484256,0.0019152008725173912,0.19869789457905726,0
2017-07-03,train,train,0.0151746434059942,0.0084197781493453,-0.0166792514843604,0.6714964065297423,0.004625636873896103,0.32387795659636137,0
2017-07-04,train,train,-0.003542602206512,0.0082092695206551,-0.0166792514843604,0.7611982847761567,0.0027600049861279782,0.23604171023771536,0
2017-07-05,train,train,-0.0040872482931381,0.0080219022442047,-0.0166792514843604,0.8234818061162713,0.0018029461549924834,0.1747152477287362,0
2017-07-06,train,train,-0.0023974151669283,0.007799661316211,-0.0166792514843604,0.880342796242133,0.0010927331321488212,0.11856447062571841,0
2017-07-07,train,train,-0.000914899225988,0.0075653721709091,-0.0166792514843604,0.9214477537929892,0.0006418156271916013,0.07791043057981935,0
2017-07-10,train,train,0.0019716074358957,0.0073507821945818,-0.0166792514843604,0.9473308019339459,0.00038299721224693806,0.052286200853807085,0
2017-07-11,train,train,-0.0057637971015138,0.0072653451646494,-0.0166792514843604,0.946820476138373,0.0003528812763751016,0.052826642585251646,0
2017-07-12,train,train,0.0105953804218293,0.0075069202151616,-0.0166792514843604,0.9350972380563691,0.0004911268048958215,0.06441163513873513,0
2017-07-13,train,train,0.0092277196854573,0.0076211330316034,-0.0166792514843604,0.9345717898982424,0.0005204773396817052,0.06490773276207602,0
2017-07-14,train,train,-0.0003002989128461,0.0073893287469496,-0.0166792514843604,0.9537846073485862,0.00031623354297188405,0.045899159108442486,0
2017-07-17,train,train,-0.0003660339093866,0.0071647810448077,-0.0166792514843604,0.9643902830237862,0.0002083180199812908,0.03540139895623256,0
2017-07-18,train,train,-0.0119667076996776,0.0075396397636097,-0.0166792514843604,0.9108013734041304,0.0005958793824030033,0.08860274721346678,0
2017-07-19,train,train,0.0060248195799867,0.0074574328530258,-0.0166792514843604,0.9334390335531696,0.0004874842278520653,0.0660734822189784,0
2017-07-20,train,train,-0.0022029901106758,0.007250358363392,-0.0166792514843604,0.9500198559960722,0.00033433575688133067,0.049645808247046196,0
2017-07-21,train,train,-0.0131675063086785,0.0077341210203292,-0.0166792514843604,0.8651914216071929,0.0011221003441972775,0.13368647804860984,0
2017-07-24,train,train,0.0019067984177759,0.0075130408685188,-0.0166792514843604,0.9151218055795639,0.0006803248267413179,0.08419786959369482,0
2017-07-25,train,train,0.0073343920494981,0.0075024419031843,-0.0166792514843604,0.930643694066178,0.0005623806180816242,0.06879392531574018,0
2017-07-26,train,train,0.0049292000835637,0.0073734155754199,-0.0166792514843604,0.9488256979802671,0.0003765681640095389,0.050797733855723365,0
2017-07-27,train,train,0.0026441550305735,0.0071780718276231,-0.0166792514843604,0.9621260047001802,0.00023878146236382467,0.03763521383745593,0
2017-07-28,train,train,-0.0063673226547467,0.0071320263684415,-0.0166792514843604,0.9552741083510011,0.0002566327369647852,0.044469258912034036,0
2017-07-31,train,train,-0.0032226409658095,0.0069596678800505,-0.0166792514843604,0.9608617261764199,0.00021612920655446368,0.03892214461702597,0
2017-08-01,train,train,0.0080137371460861,0.0070273720097462,-0.0166792514843604,0.959273744141353,0.00023782277088586401,0.04048843308776134,0
2017-08-02,train,train,-0.0069002863921314,0.007019811753827,-0.0166792514843604,0.9504508293557045,0.0002872157846084211,0.04926195485968703,0
2017-08-03,train,train,0.0033422828198364,0.0068550231875964,-0.0157888728909778,0.9624946497925261,0.00021542358554474405,0.03728992662192909,0
2017-08-04,train,train,0.0103078391163233,0.007109638187926,-0.0157888728909778,0.950621995926119,0.0003136217321210908,0.049064382341760276,0
2017-08-07,train,train,0.0016967141524699,0.0069055679120789,-0.0157888728909778,0.9634062980396184,0.00021347162155776003,0.036380230338823885,0
2017-08-08,train,train,0.0054364386977943,0.0068263422152663,-0.0157888728909778,0.967179727052884,0.00017791749645931808,0.03264235545065642,0
2017-08-09,train,train,-0.0130049317538025,0.0073451144410958,-0.0141119184537045,0.8991376016509828,0.0006697359677835786,0.1001926623812337,0
2017-08-10,train,train,-0.0138745929990032,0.0078907492443307,-0.014401805535438,0.7541827428618582,0.002478489864215046,0.24333876727392645,0
2017-08-11,train,train,-0.0161196190117146,0.0086092168774902,-0.0153858431031167,0.42001257502006367,0.00890351912526409,0.5710839058546721,2
2017-08-14,train,train,0.0171908340810468,0.009348956354223,-0.0153858431031167,0.21427551828610703,0.017304915926202168,0.7684195657876906,2
2017-08-15,train,train,0.0019386049416478,0.0090765795961674,-0.0153858431031167,0.3537302589957404,0.01012990343206525,0.6361398375721945,2
2017-08-16,train,train,0.0059736126108576,0.0089208902130396,-0.0153858431031167,0.48106205996223306,0.006922817858647989,0.5120151221791193,2
2017-08-17,train,train,-0.0095769288314743,0.0089616069547881,-0.0153858431031167,0.4413416917418556,0.007459142177751265,0.5511991660803932,2
2017-08-18,train,train,-0.0055786034278813,0.0087953979007043,-0.0153858431031167,0.5211241709933607,0.005700682879928772,0.47317514612671047,0
2017-08-21,train,train,-0.0024583182568055,0.0085486889343873,-0.0153858431031167,0.6495337426841582,0.003709483433580959,0.3467567738822606,0
2017-08-22,train,train,0.0047760908675849,0.0083704205501054,-0.0153858431031167,0.7607036599576503,0.002434653637864942,0.23686168640448446,0
2017-08-23,train,train,-0.0069115893911273,0.0082901331623311,-0.0153858431031167,0.7822908622398328,0.0022119600503941617,0.21549717770977297,0
2017-08-24,train,train,0.0018652158049494,0.0080505571967518,-0.0153858431031167,0.8643712057462617,0.0012569648174827934,0.13437182943625564,0
2017-08-25,train,train,-0.0011689863835465,0.0078105553360422,-0.0153858431031167,0.9111611216987835,0.0007443393738472738,0.08809453892736925,0
2017-08-28,train,train,-0.0057582280843147,0.0077028513953077,-0.0153858431031167,0.9197946358485922,0.000637918852041064,0.07956744529936645,0
2017-08-29,train,train,-0.0091121348556339,0.0077945971376805,-0.0153858431031167,0.8947152101862315,0.0008844028849682897,0.10440038692880022,0
2017-08-30,train,train,0.0052059179767893,0.0076639738246733,-0.0153858431031167,0.9263147768653117,0.0006003549814899512,0.07308486815319827,0
2017-08-31,train,train,0.0052275039167893,0.0075400207513085,-0.0153858431031167,0.9455324794686957,0.0004095874921283085,0.05405793303917581,0
2017-09-01,train,train,0.0025212134567226,0.0073363607593966,-0.0153858431031167,0.9603909352181822,0.0002560644905420264,0.03935300029127564,0
2017-09-04,train,train,-0.0080024739637749,0.0073780236657893,-0.0153858431031167,0.9450618364857692,0.0003384133682295904,0.05459975014600087,0
2017-09-05,train,train,-0.0062087444832533,0.0073131408918241,-0.0153858431031167,0.9428188363576012,0.0003633196953396206,0.056817843947059084,0
2017-09-06,train,train,-0.0048053153061406,0.0071873897370976,-0.0153858431031167,0.9478062731256519,0.0003290713128521338,0.05186465556149588,0
2017-09-07,train,train,-0.0006022550902934,0.0069699942346165,-0.0153858431031167,0.9608500008301103,0.000229955957344014,0.03892004321254566,0
2017-09-08,train,train,0.0004640172637504,0.006758615921475,-0.0153858431031167,0.9687352023144084,0.00016366193424632028,0.03110113575134532,0
2017-09-11,train,train,0.0188738362201443,0.0080194424646271,-0.0153858431031167,0.8326477364419548,0.0015886362906074247,0.16576362726743793,0
2017-09-12,train,train,0.0013166871290672,0.0077818243295905,-0.0153858431031167,0.8958061153676057,0.0009072221443397991,0.1032866624880547,0
2017-09-13,train,train,0.0033611340133883,0.0075895464827727,-0.0153858431031167,0.9314793855636154,0.000548467215172855,0.06797214722121143,0
2017-09-14,train,train,-0.0009550785076391,0.0073620563270504,-0.0153858431031167,0.9512238951641566,0.0003387192604846278,0.04843738557535861,0
2017-09-15,train,train,-0.0042265429119453,0.00721246843044,-0.0153858431031167,0.9555655332574062,0.0002747627875547662,0.044159703955038765,0
2017-09-18,train,train,0.0020333278247243,0.0070104624762605,-0.0153858431031167,0.9660217794919554,0.00019056889565243485,0.03378765161239177,0
2017-09-19,train,train,0.0038616049001959,0.006862398168826,-0.0153858431031167,0.970650100069605,0.00014818918387642167,0.029201710746518277,0
2017-09-20,train,train,-0.0083501882100133,0.0069606391012905,-0.0153858431031167,0.9525345150029196,0.00024212020360532451,0.047223364793474706,0
2017-09-21,train,train,0.0004760179716943,0.0067495972089505,-0.0143872394397987,0.9642196590925106,0.00018970680953009377,0.0355906340979592,0
2017-09-22,train,train,0.0007766236678086,0.0065467417387103,-0.0143872394397987,0.9706471441137255,0.00014374999733185806,0.0292091058889426,0
2017-09-25,train,train,-0.0086251539750766,0.0066896812043173,-0.0143872394397987,0.9508828322765689,0.0002503719841689953,0.04886679573926188,0
2017-09-26,train,train,-0.0026365064095897,0.0065179593816885,-0.0143872394397987,0.9594709904071409,0.00021960381216537328,0.04030940578069388,0
2017-09-27,train,train,0.0174434251130857,0.0076283125009277,-0.0143872394397987,0.8510115990895565,0.0014165715678923969,0.14757182934255092,0
2017-09-28,train,train,-0.0039039146146713,0.0074574872091221,-0.0143872394397987,0.8896441915436377,0.0009722124982963767,0.10938359595806586,0
2017-09-29,train,train,0.0051183115117203,0.0073381942812675,-0.0143872394397987,0.9234845227266041,0.0006406860627467998,0.07587479121064877,0
2017-10-02,train,train,-0.0121917083431597,0.0077159843656224,-0.0143872394397987,0.8444993076464499,0.0015052536855222174,0.1539954386680275,0
2017-10-03,train,train,0.000175477709473,0.0074810478806307,-0.0143872394397987,0.9020220408526026,0.0008507783601940128,0.09712718078720328,0
2017-10-04,train,train,-0.0289401876426369,0.0101420008083323,-0.0196447998844515,0.032718185239154624,0.03819212977388248,0.9290896849869629,2
2017-10-05,train,train,0.0247589206918568,0.011552870587087,-0.0196447998844515,0.002613889934628556,0.07892173415012631,0.9184643759152452,2
2017-10-06,train,train,-0.0028627381079488,0.0112228519478047,-0.0196447998844515,0.030740323136105818,0.043641920865031,0.9256177559988631,2
2017-10-09,train,train,0.004945778022067,0.0109481918464382,-0.0196447998844515,0.0785420120765133,0.026158269144840655,0.8952997187786459,2
2017-10-10,train,train,-0.0091961406549094,0.0108510492857015,-0.0196447998844515,0.08425544178362865,0.020149553288053672,0.8955950049283175,2
2017-10-11,train,train,0.0133298662520184,0.0110155197073258,-0.0196447998844515,0.07560196349678613,0.02057540903371867,0.9038226274694953,2
2017-10-12,train,train,-0.0002432580936646,0.010680108820941,-0.0196447998844515,0.1551783474792434,0.013278334404746699,0.8315433181160101,2
2017-10-13,train,train,-0.0017434968339099,0.0103635528576885,-0.0196447998844515,0.2617254436395501,0.009279343499461346,0.7289952128609888,2
2017-10-16,train,train,-0.0074953243758479,0.0102141973455582,-0.0196447998844515,0.2922628704081106,0.008624532589268832,0.6991125970026205,2
2017-10-17,train,train,0.0034708404918883,0.0099394588279431,-0.0196447998844515,0.4403852059901252,0.006169988651364915,0.5534448053585097,2
2017-10-18,train,train,0.0055246634353062,0.0097312170692693,-0.0196447998844515,0.5736533828596295,0.004593825058730121,0.4217527920816405,0
2017-10-19,train,train,-0.007415476308847,0.009608025179167,-0.0196447998844515,0.5997987078000145,0.0043960307402879425,0.39580526145969763,0
2017-10-20,train,train,0.0024681646472045,0.0093349241655431,-0.0196447998844515,0.7347177919425921,0.0026763986754174598,0.2626058093819903,0
2017-10-23,train,train,-0.0060144904817069,0.009169667735045,-0.0196447998844515,0.7760717244392658,0.0022321982705594623,0.22169607729017468,0
2017-10-24,train,train,0.0043501404984303,0.0089539522742878,-0.0196447998844515,0.853810703921326,0.001388898871373367,0.14480039720730076,0
2017-10-25,train,train,-0.0051476503104347,0.0087722724463802,-0.0196447998844515,0.8817732426647213,0.0010616170221944142,0.11716514031308428,0
2017-10-26,train,train,0.0189751612928892,0.0096922135142897,-0.0196447998844515,0.6221015073419958,0.006291265841747026,0.37160722681625735,0
2017-10-27,train,train,-0.0146313256463822,0.0100571966296982,-0.0198970441002445,0.35821823899893945,0.01223672661256326,0.6295450343884973,2
2017-10-30,train,train,0.0240765378045305,0.0113955759909137,-0.0198970441002445,0.03575768438015942,0.04242474667914765,0.9218175689406931,2
2017-10-31,train,train,0.0073917215829824,0.0111957963500783,-0.0198970441002445,0.07525339926053448,0.027340547823672692,0.8974060529157926,2
2017-11-01,train,train,-0.0015976841023924,0.0108617797909524,-0.0198970441002445,0.1494691915437378,0.01648707974256781,0.8340437287136945,2
2017-11-02,train,train,-0.0046650747033874,0.0105927022016483,-0.0198970441002445,0.2218587493550033,0.011579170116254391,0.7665620805287424,2
2017-11-03,train,train,-0.0096082525794508,0.0105362294296711,-0.0185877405440595,0.2031237276412052,0.011494309509357268,0.7853819628494374,2
2017-11-06,train,train,-0.0039952849687111,0.0102620242095729,-0.0185877405440595,0.2967200212931358,0.00859244161855404,0.6946875370883104,2
2017-11-07,train,train,-0.0083515323322949,0.0101575330648259,-0.0185877405440595,0.30479566815250997,0.008553066792329618,0.6866512650551603,2
2017-11-08,train,train,-0.0001955091516061,0.0098482101274775,-0.0185877405440595,0.4565984093145616,0.0058671470196684505,0.53753444366577,2
2017-11-09,train,train,-0.0086010787365462,0.0097778689640427,-0.0185877405440595,0.4510938975958552,0.006325591189557153,0.5425805112145878,2
2017-11-10,train,train,-0.0047840254266653,0.0095521480383361,-0.0185877405440595,0.5476193461687442,0.004885296234677606,0.4474953575965783,0
2017-11-13,train,train,-0.0042496865206651,0.0093194694242187,-0.0185877405440595,0.6470031930544978,0.0036230525837869787,0.3493737543617153,0
2017-11-14,train,train,-0.0059380520764132,0.0091518843674809,-0.0185877405440595,0.7023638251384198,0.003040928213552015,0.29459524664802805,0
2017-11-15,train,train,0.002349495847641,0.0088917251459704,-0.0185877405440595,0.8104865174412246,0.0018103437579065635,0.18770313880086917,0
2017-11-16,train,train,0.0074418381417334,0.0088114622397681,-0.0185877405440595,0.8556025459846126,0.0014252035861991917,0.14297225042918832,0
2017-11-17,train,train,-0.0077914133977065,0.0087536119492884,-0.0185877405440595,0.851616029034941,0.0014486179576236448,0.14693535300743532,0
2017-11-20,train,train,0.001507255669997,0.0084949683936131,-0.0185877405440595,0.9072353627504072,0.0008085202785699617,0.09195611697102263,0
2017-11-21,train,train,-0.0032069330741578,0.0082735532821457,-0.0185877405440595,0.9307956098225033,0.0005404010877063508,0.06866398908979034,0
2017-11-22,train,train,0.0020492526601336,0.0080371978366628,-0.0185877405440595,0.9524907811631839,0.0003297746682149687,0.047179444168601314,0
2017-11-23,train,train,0.0018855392137082,0.0078060279021602,-0.0185877405440595,0.9643982978412688,0.00021291028756243612,0.035388791871168813,0
2017-11-24,train,train,0.002061126523259,0.0075850459369366,-0.0185877405440595,0.9707712807813935,0.0001502692265423943,0.029078449992064097,0
2017-11-27,train,train,0.0009543968951089,0.0073576897841317,-0.0185877405440595,0.9741897987082239,0.00011580239290473467,0.02569439889887161,0
2017-11-28,train,train,0.0080466381218903,0.0074008355018757,-0.0185877405440595,0.9684407706941461,0.0001466377474143757,0.03141259155844014,0
2017-11-29,train,train,0.0120811970187281,0.0077616585497298,-0.0185877405440595,0.945113533995661,0.00033010589970740653,0.05455636010463147,0
2017-11-30,train,train,-0.0055374940458915,0.0076464745637801,-0.0185877405440595,0.9462351602022381,0.00033334655467237405,0.05343149324308956,0
2017-12-01,train,train,-0.0124163991672258,0.0080131440119379,-0.0186626374854149,0.8746736307262655,0.000995788418405862,0.12433058085532847,0
2017-12-04,train,train,0.0121812926340932,0.0083223122840313,-0.0186626374854149,0.8454830792972353,0.0016098693835524846,0.15290705131921262,0
2017-12-05,train,train,0.0002644670547573,0.0080690411708669,-0.0186626374854149,0.9027727827986999,0.0008750562216423514,0.09635216097965806,0
2017-12-06,train,train,-0.0026770698399203,0.0078506599765742,-0.0186626374854149,0.9299646569347392,0.0005563873835822835,0.06947895568167867,0
2017-12-07,train,train,0.0076883196273722,0.0078410143390556,-0.0186626374854149,0.9391448038178088,0.00047733800679249853,0.060377858175398584,0
2017-12-08,train,train,0.0056841247907801,0.0077285944382914,-0.0186626374854149,0.9521396134358431,0.0003420117405286225,0.047518374823628216,0
2017-12-11,train,train,-0.0013766939104743,0.0075007345533275,-0.0186626374854149,0.9623819843126045,0.00022701500183695583,0.03739100068555913,0
2017-12-12,train,train,-0.0018063034899877,0.0072856792165857,-0.0186626374854149,0.9676326747982661,0.00016960765126341603,0.03219771755047053,0
2017-12-13,train,train,-0.0027057367741137,0.0070947526410452,-0.0186626374854149,0.9693507846493334,0.00014570052371357573,0.030503514826952925,0
2017-12-14,train,train,-0.0082204308878852,0.007167280737791,-0.0186626374854149,0.9520496172786975,0.00024309914204031688,0.04770728357926217,0
2017-12-15,train,train,-0.0025679885488099,0.0069773485146623,-0.0186626374854149,0.9603102764562083,0.00021301154000014864,0.039476712003792,0
2017-12-18,train,train,0.0091887399077324,0.0071294014631576,-0.0186626374854149,0.9543318848375972,0.0002763942015520862,0.04539172096085058,0
2017-12-19,train,train,-0.000957087049375,0.0069161856717924,-0.0186626374854149,0.9641176831338317,0.000199762661528239,0.03568255420463991,0
2017-12-20,train,train,-0.0026024483306603,0.0067357234971998,-0.0186626374854149,0.9674376595012826,0.00016407074791270453,0.03239826975080482,0
2017-12-21,train,train,0.0094480029828605,0.0069284672468544,-0.0186626374854149,0.958778435587868,0.00022968803140171383,0.0409918763807302,0
2017-12-22,train,train,-0.0119689040924,0.0073293054785344,-0.0186626374854149,0.902166562480336,0.0006757351024521351,0.09715770241721194,0
2017-12-27,train,train,-0.0016513140229385,0.0071175280786208,-0.0186626374854149,0.932659178995142,0.0004734270449580734,0.0668673939599002,0
2017-12-28,train,train,-0.0071181580948187,0.0071175658811652,-0.0186626374854149,0.9269329218794138,0.0005266472183035456,0.07254043090228282,0
2017-12-29,train,train,-0.0048864594175991,0.0070037710247234,-0.0130055429686693,0.9364092931443838,0.0004476076752325396,0.0631430991803835,0
2018-01-02,train,train,0.0034984102420011,0.0068442656659447,-0.0130055429686693,0.9545088510065172,0.0003014013753543991,0.045189747618128495,0
2018-01-03,train,train,0.0036543946209297,0.0066958651538391,-0.0130055429686693,0.9644649454879701,0.000210134421766125,0.03532492009026353,0
2018-01-04,train,train,0.0194226861785817,0.0080485388644395,-0.0130055429686693,0.8010703050068538,0.002156150500163284,0.19677354449298284,0
2018-01-05,train,train,0.0093603821881905,0.0081332185796146,-0.0130055429686693,0.8248770401352865,0.0019731991828790727,0.17314976068183413,0
2018-01-08,train,train,-0.0012494114506687,0.007891384639868,-0.0130055429686693,0.8863904482443279,0.0010817266885813051,0.11252782506709084,0
2018-01-09,train,train,0.002698656502691,0.0076794843093436,-0.0130055429686693,0.9269198436209654,0.000613335493726448,0.0724668208853087,0
2018-01-10,train,train,0.0001726034015022,0.0074456563188251,-0.0130055429686693,0.9499415596674027,0.0003597163682003473,0.04969872396439692,0
2018-01-11,train,train,0.0006614797015466,0.0072206497949084,-0.0130055429686693,0.962909364404011,0.0002268894104234726,0.0368637461855654,0
2018-01-12,train,train,0.0026031898313914,0.0070296594719064,-0.0130055429686693,0.9697933240529562,0.00015976190097109723,0.030046914046072376,0
2018-01-15,train,train,0.0004586618604531,0.0068164336566594,-0.0130055429686693,0.973542578749629,0.00012124991465905632,0.02633617133571199,0
2018-01-16,train,train,0.0050696895092379,0.0067244365437638,-0.0130055429686693,0.9736030532421243,0.00011526152334961605,0.026281685234525627,0
2018-01-17,train,train,-0.0043630249016652,0.0066065969453867,-0.0130055429686693,0.9698711448241144,0.00012720470214408683,0.03000165047374137,0
2018-01-18,train,train,-0.0040081187476909,0.0064801386374522,-0.0130055429686693,0.9682377794125973,0.00013952508875557786,0.03162269549864722,0
2018-01-19,train,train,0.0044758449497888,0.0063776685580106,-0.0130055429686693,0.9712661741327103,0.00013199614776228798,0.028601829719527253,0
2018-01-22,train,train,0.0099224589815771,0.0066439061098236,-0.0130055429686693,0.9598688923639807,0.00021047076231822437,0.03992063687370108,0
2018-01-23,train,train,0.0024063993493625,0.0064684190156559,-0.0130055429686693,0.9682218634987052,0.00016319484077575435,0.03161494166051923,0
2018-01-24,train,train,-0.0043924973209921,0.0063629914231648,-0.0113311852796922,0.9662707334392479,0.00016182151192775226,0.0335674450488245,0
2018-01-25,train,train,0.0030531592875263,0.0062143146973977,-0.0113311852796922,0.9713734015884146,0.0001352364777370694,0.02849136193384818,0
2018-01-26,train,train,9.49340385870406e-06,0.0060250020859979,-0.0113311852796922,0.9742037232527276,0.00011140511691968474,0.02568487163035247,0
2018-01-29,train,train,-0.0037634937570608,0.0059137504380611,-0.0113311852796922,0.9714913866346514,0.00011765844305088106,0.028390954922297987,0
2018-01-30,train,train,-0.0121427940256451,0.0064591752100405,-0.0121760324284236,0.91946725022768,0.00044473523483257735,0.0800880145374874,0
2018-01-31,train,train,0.0022318150299961,0.0062862188659041,-0.0121760324284236,0.9460616516155705,0.0003384489114874725,0.05359989947294188,0
2018-02-01,train,train,-0.0050358611016045,0.0062182914529897,-0.0121760324284236,0.9491171250391562,0.00031572390964626794,0.050567151051197606,0
2018-02-02,train,train,-0.0182244714490268,0.007501666565134,-0.0142612215472992,0.669810348711492,0.003668983617829735,0.3265206676706782,0
2018-02-05,train,train,-0.0144707954701195,0.0080909045521168,-0.0150372220287907,0.41316023740206387,0.008743047475292625,0.5780967151226435,2
2018-02-06,train,train,-0.0256121071816777,0.0100445893067024,-0.0194357913669413,0.010703857728374557,0.042229209368078,0.9470669329035475,2
2018-02-07,train,train,0.0168701864037878,0.0105790519063768,-0.0194357913669413,0.010730049910865486,0.044707399144429595,0.9445625509447052,2
2018-02-08,train,train,-0.0223592498117797,0.0116274469257993,-0.0220652761474947,0.0012186459542965814,0.06968978949434552,0.9290915645513579,2
2018-02-09,train,train,-0.0120336367065975,0.0116522176187507,-0.0220652761474947,0.009880608841404553,0.05137989454240352,0.9387394966161918,2
2018-02-12,train,train,0.0135494358365696,0.011774674415796,-0.0220652761474947,0.018820920704595397,0.04288681209023207,0.9382922672051724,2
2018-02-13,train,train,-0.0123985374809006,0.0118130353441458,-0.0220652761474947,0.018879674347879735,0.03463896748679075,0.9464813581653295,2
2018-02-14,train,train,0.0036717404719631,0.0114884218448455,-0.0220652761474947,0.062088168361312104,0.021383865775713867,0.9165279658629739,2
2018-02-15,train,train,0.0029586173341833,0.0111619895756905,-0.0220652761474947,0.1344518853231089,0.014099256862682883,0.8514488578142081,2
2018-02-16,train,train,0.0119916737285795,0.0112135019034785,-0.0220652761474947,0.13591100675866916,0.01476772944957538,0.8493212637917555,2
2018-02-19,train,train,-0.0026376447386619,0.0108910742183221,-0.0220652761474947,0.22793293717310467,0.010301320045737002,0.7617657427811584,2
2018-02-20,train,train,0.0090450185852132,0.0107892219109476,-0.0220652761474947,0.2874463474436682,0.009535126803887736,0.7030185257524442,2
2018-02-21,train,train,-0.0073027822877704,0.0106123846813808,-0.0220652761474947,0.3232266037299336,0.008486489675478869,0.6682869065945876,2
2018-02-22,train,train,0.0054011030740601,0.0103737968446016,-0.0220652761474947,0.45613267992763024,0.00629951220306631,0.5375678078693034,2
2018-02-23,train,train,-0.0054926665260303,0.0101473584961138,-0.0220652761474947,0.5372580778780053,0.00508011336537749,0.4576618087566171,0
2018-02-26,train,train,0.008111659990579,0.0100368666948356,-0.0220652761474947,0.6200552586491329,0.00435434645429195,0.3755903948965755,0
2018-02-27,train,train,-0.0002222127656421,0.0097312555293599,-0.0220652761474947,0.7481162458499083,0.002557332218307863,0.24932642193178378,0
2018-02-28,train,train,-0.0060688001287547,0.0095511943874681,-0.0220652761474947,0.7863919121452153,0.002130689518262758,0.2114773983365223,0
2018-03-01,train,train,-0.0103888485101296,0.0096035142409201,-0.0220652761474947,0.721992051492277,0.0031166208917580364,0.27489132761596513,0
2018-03-02,train,train,-0.0215372350512647,0.0107016347465342,-0.023169530681574,0.1272653382863967,0.021235940998069087,0.8514987207155343,2
2018-03-05,train,train,0.0062441902862345,0.0104877491299695,-0.023169530681574,0.2099236469132741,0.014301231143484045,0.7757751219432418,2
2018-03-06,train,train,-0.000417153360116,0.0101687634410452,-0.023169530681574,0.34290324219708546,0.008963412766281488,0.6481333450366332,2
2018-03-07,train,train,0.0013030268812444,0.009864147082639,-0.023169530681574,0.502756571308383,0.005702395918401413,0.4915410327732155,0
2018-03-08,train,train,0.0048739168604038,0.0096378741297854,-0.023169530681574,0.6388659459184315,0.003900956102308118,0.3572330979792601,0
2018-03-09,train,train,0.0041277521161191,0.0093988084845378,-0.023169530681574,0.7572318106546891,0.0024705992428325414,0.24029759010247853,0
2018-03-12,train,train,0.00426509809801,0.0091721757822458,-0.023169530681574,0.8415399033708765,0.0015286145232921982,0.15693148210583133,0
2018-03-13,train,train,-0.0036870566124033,0.0089384978186145,-0.023169530681574,0.8845989288996267,0.0010279468319612634,0.11437312426841223,0
2018-03-14,train,train,-0.0003302541056682,0.0086665727207837,-0.023169530681574,0.9250956046193309,0.0006010027053169792,0.0743033926753523,0
2018-03-15,train,train,-0.000443903504907,0.0084032575100644,-0.023169530681574,0.9482828348610897,0.0003662357021704337,0.051350929436740196,0
2018-03-16,train,train,0.0078991425392351,0.0083738664752273,-0.023169530681574,0.9509454756352028,0.0003418424211842499,0.04871268194361286,0
2018-03-19,train,train,-0.0099769057920024,0.0084786001386543,-0.023169530681574,0.9182312927992576,0.0005950122451637622,0.08117369495557869,0
2018-03-20,train,train,0.0018091881379401,0.0082322445539249,-0.023169530681574,0.9455625011395608,0.0003792501381153808,0.054058248722323864,0
2018-03-21,train,train,-0.0052504165921756,0.0080844091828266,-0.023169530681574,0.947868534690346,0.00033926740838355026,0.05179219790127046,0
2018-03-22,train,train,-0.0150120762918145,0.0086578263785274,-0.023169530681574,0.8100760641584835,0.0017534182995239994,0.18817051754199265,0
2018-03-23,train,train,-0.009989308059533,0.0087434350615291,-0.023169530681574,0.7596920387348621,0.002526783865578107,0.23778117739955998,0
2018-03-26,train,train,-0.0012889684514286,0.0084829525316833,-0.023169530681574,0.8434687424823206,0.0014801844275611079,0.15505107309011812,0
2018-03-27,train,train,0.0098225744185544,0.0085692375814881,-0.023169530681574,0.8538873101576738,0.001527774902654094,0.14458491493967215,0
2018-03-28,train,train,0.008555636129868,0.0085684221032527,-0.023169530681574,0.8772821149295142,0.0012761307377923763,0.12144175433269366,0
2018-03-29,train,train,0.0047402272685973,0.0083881446800003,-0.023169530681574,0.9171590066044666,0.0007576739510593246,0.08208331944447417,0
2018-04-03,train,train,-0.0053055770669977,0.0082357915092049,-0.023169530681574,0.9271906114754417,0.0005891598334078769,0.07222022869115034,0
2018-04-04,train,train,-0.0038084289041016,0.0080392048063948,-0.023169530681574,0.9413127662936082,0.0004258536000169666,0.05826138010637481,0
2018-04-05,train,train,0.0236427569614601,0.009710297754875,-0.023169530681574,0.47699889076734625,0.010258246148289227,0.5127428630843645,2
2018-04-06,train,train,-0.0059824604619472,0.0095278475811569,-0.023169530681574,0.5466873510271655,0.00688356319975744,0.446429085773077,0
2018-04-09,train,train,0.0061774351381613,0.0093607013119287,-0.023169530681574,0.6620272564358017,0.0043882243311369725,0.3335845192330613,0
2018-04-10,train,train,0.0021224120710059,0.0090904149128642,-0.023169530681574,0.7823833260149801,0.0023738594552709003,0.21524281452974897,0
2018-04-11,train,train,-0.0028411496026272,0.008840918083243,-0.023169530681574,0.8497316871964955,0.0014535405965169896,0.1488147722069873,0
2018-04-12,train,train,0.0011497522592855,0.0085762135244407,-0.023169530681574,0.9060546926467035,0.0008146865074035058,0.09313062084589271,0
2018-04-13,train,train,0.0020805063172128,0.008330549952071,-0.023169530681574,0.9386461888962256,0.00047468719675894383,0.06087912390701531,0
2018-04-16,train,train,-0.0001228864764979,0.0080768239314027,-0.023169530681574,0.9562235836912714,0.000291362990001884,0.04348505331872665,0
2018-04-17,train,train,0.003863140343495,0.0078877380108976,-0.023169530681574,0.9652082766947161,0.00020430527974386485,0.034587418025540176,0
2018-04-18,train,train,0.00543197209058,0.0077623324793786,-0.023169530681574,0.968250437846295,0.00016938126562812203,0.03158018088807699,0
2018-04-19,train,train,0.0010849210372473,0.0075305511357811,-0.023169530681574,0.972865637301131,0.0001274857485658587,0.027006876950303314,0
2018-04-20,train,train,0.0016403437373898,0.0073121879105166,-0.023169530681574,0.9753389059672182,0.00010459659721630608,0.0245564974355659,0
2018-04-23,train,train,0.003816971474357,0.0071508155332483,-0.023169530681574,0.9758143598923518,9.777256825719028e-05,0.024087867539391006,0
2018-04-24,train,train,-0.0038978922400776,0.0069984088804548,-0.023169530681574,0.972251788619947,0.00010938577236715467,0.0276388256076857,0
2018-04-25,train,train,-0.0025733133555934,0.0068144243883186,-0.023169530681574,0.9722739922587785,0.00011339881225223088,0.027612608928969294,0
2018-04-26,train,train,0.004483725382865,0.0066974939013038,-0.023169530681574,0.9735311013816877,0.00011272275369931061,0.02635617586461289,0
2018-04-27,train,train,0.0023301337181866,0.0065184975625676,-0.023169530681574,0.9755781084925178,0.00010006647911444976,0.02432182502836777,0
2018-04-30,train,train,0.0055460022340372,0.0064642749238877,-0.023169530681574,0.974175309122937,0.00010638733642116821,0.025718303540641897,0
2018-05-02,train,train,0.0107926786920262,0.006802099240313,-0.023169530681574,0.9584082608170317,0.0002093041825248607,0.0413824350004435,0
2018-05-03,train,train,-0.0049782825581435,0.0067066712059177,-0.023169530681574,0.9579183520456852,0.00022319950001013604,0.041858448454304927,0
2018-05-04,train,train,0.0064836776574739,0.0066935010945237,-0.0196361870516196,0.9617198004655751,0.00021591662631324478,0.038064282908111355,0
2018-05-07,train,train,0.0036355467309062,0.0065504054447189,-0.0196361870516196,0.9684697759954706,0.00016592687132353293,0.0313642971332058,0
2018-05-08,train,train,0.0026785400573051,0.0063846548388386,-0.0163159496079932,0.9727528882358263,0.0001287120078720344,0.027118399756301603,0
2018-05-09,train,train,0.0052086836232126,0.0063202698891458,-0.0163159496079932,0.9729738474049406,0.00012099235956341195,0.026905160235496037,0
2018-05-10,train,train,0.0024818912968449,0.0061578120991067,-0.0163159496079932,0.9752369911636994,0.00010406789910991497,0.02465894093719033,0
2018-05-11,train,train,0.0024174669391053,0.0059995149504882,-0.0156460532844029,0.9764636886811217,9.336348437959606e-05,0.023442947834498705,0
2018-05-14,train,train,-0.0013249992983552,0.0058257931864341,-0.0156460532844029,0.9760868875733318,9.027226560619031e-05,0.023822840161062203,0
2018-05-15,train,train,-0.004905870145001,0.0057747318542779,-0.0156460532844029,0.970268542083143,0.0001164181075848373,0.029615039809271968,0
2018-05-16,train,train,-0.0095085625043877,0.0060639460719464,-0.0156460532844029,0.9444390123936439,0.0002749002389812919,0.055286087367374795,0
2018-05-17,train,train,0.0103703703573749,0.0064045164006827,-0.0156460532844029,0.9345947550433954,0.00044676906655676034,0.06495847589004793,0
2018-05-18,train,train,-0.010231878254149,0.0066961362339397,-0.0156460532844029,0.8957668874870781,0.0008199917891594002,0.10341312072376256,0
2018-05-21,train,train,-0.0045493529282213,0.0065870890960729,-0.0156460532844029,0.9164879708216169,0.0006483793924006095,0.08286364978598204,0
2018-05-22,train,train,0.0071565494165279,0.0066226377046535,-0.0156460532844029,0.9324248483258971,0.000535910795393113,0.06703924087870966,0
2018-05-23,train,train,-0.0112876555081617,0.006990882660246,-0.0159456556170803,0.8759783913766459,0.0010939361949801228,0.12292767242837396,0
2018-05-24,train,train,-0.0028969602199269,0.0068149568346482,-0.0159456556170803,0.9120497055840894,0.0007207144229381067,0.08722957999297289,0
2018-05-25,train,train,-0.0171021951148022,0.0078234342282221,-0.0178838354859604,0.6295206787207278,0.004843655837522532,0.3656356654417495,0
2018-05-28,train,train,-0.0063396593444114,0.0077424306630482,-0.0178838354859604,0.6785859872883778,0.0037805937995028767,0.3176334189121195,0
2018-05-29,train,train,-0.0252117849243212,0.0097204199786839,-0.0212837383634627,0.0346957478620874,0.03388391484070115,0.9314203372972115,2
2018-05-30,train,train,0.0047046992476196,0.0094944943198103,-0.0191086854436459,0.08559265513903823,0.02111139498568446,0.8932959498752775,2
2018-05-31,train,train,-0.010582463368963,0.009563263506926,-0.0191086854436459,0.07479344475760509,0.01849409130269549,0.9067124639396995,2
2018-06-01,train,train,0.017478847028803,0.0102127006210946,-0.0191086854436459,0.03310827093993727,0.025964130081688658,0.9409275989783739,2
2018-06-04,train,train,0.0121655772390962,0.0103402792472526,-0.0191086854436459,0.04360737455229816,0.023137974031900977,0.9332546514158008,2
2018-06-05,train,train,-0.0065751535633054,0.0101538195315535,-0.0191086854436459,0.07196367639785564,0.01679673922466457,0.9112395843774801,2
2018-06-06,train,train,0.0108019551960862,0.0101938698332915,-0.0191086854436459,0.09162334090484973,0.015739532454905857,0.8926371266402446,2
2018-06-07,train,train,0.0038123642159846,0.0099273425700096,-0.0191086854436459,0.1770174871804791,0.011292518298181833,0.811689994521339,2
2018-06-08,train,train,-0.0084494938173615,0.0098449296299345,-0.0191086854436459,0.18692075069840758,0.010753106168596285,0.8023261431329961,2
2018-06-11,train,train,0.0154752997246909,0.0102701691878665,-0.0191086854436459,0.11365434028316722,0.01618069058256526,0.8701649691342676,2
2018-06-12,train,train,0.0016252796764669,0.0099652538693283,-0.0191086854436459,0.21558278942241668,0.010852274711004473,0.7735649358665789,2
2018-06-13,train,train,-0.0015444807117941,0.009669076110958,-0.0191086854436459,0.34148093018258935,0.0076503805071568756,0.6508686893102537,2
2018-06-14,train,train,0.0059023363924693,0.0094853479304937,-0.0191086854436459,0.46877095372774713,0.00596671825348859,0.5252623280187645,2
2018-06-15,train,train,-0.0107731679754217,0.0095675067146236,-0.0191086854436459,0.3853915128830286,0.007842422020296919,0.6067660650966745,2
2018-06-18,train,train,-0.0083178812073376,0.0094971670785066,-0.0191086854436459,0.39163122579545107,0.007626613628400586,0.6007421605761486,2
2018-06-19,train,train,-0.0014340737768523,0.0092145431586103,-0.017867211849095,0.5392316884688619,0.0050232431958264455,0.4557450683353114,0
2018-06-20,train,train,0.0034281126945894,0.0089732076028245,-0.017867211849095,0.6818029140510119,0.0032560831986270145,0.3149410027503613,0
2018-06-21,train,train,-0.0089068139227736,0.0089692378415158,-0.017867211849095,0.6595879468525897,0.0037619025240669107,0.3366501506233433,0
2018-06-22,train,train,0.0092335815831043,0.0089853177763131,-0.017867211849095,0.705796811988918,0.0034658763840866125,0.29073731162699545,0
2018-06-25,train,train,-0.0179499120004469,0.0097582652074165,-0.0200879640131901,0.26905848672965554,0.013902483321610766,0.7170390299487336,2
2018-06-26,train,train,0.002025416989097,0.009473988299843,-0.0200879640131901,0.42029030513036064,0.008223242428472118,0.5714864524411676,2
2018-06-27,train,train,0.0021972665090293,0.0092011274229809,-0.0200879640131901,0.5802762420958153,0.004936640225037139,0.4147871176791478,0
2018-06-28,train,train,-0.0072320615704077,0.0090950131377687,-0.0200879640131901,0.611176603672355,0.0044453783285993975,0.38437801799904575,0
2018-06-29,train,train,0.0035083027046621,0.0088597177951482,-0.0200879640131901,0.7395794507902893,0.0027138468337256656,0.25770670237598503,0
2018-07-02,train,train,-0.0067150443271002,0.0087458808969698,-0.0200879640131901,0.7675887131538063,0.002392655213110736,0.23001863163308278,0
2018-07-03,train,train,0.0106769854709457,0.0088736062471213,-0.0200879640131901,0.7716794193398094,0.002678200269569079,0.22564238039062148,0
2018-07-04,train,train,0.0099493680525811,0.0089418023931395,-0.0200879640131901,0.7899041811944233,0.002554768356133712,0.2075410504494432,0
2018-07-05,train,train,0.0110785739695442,0.0090841933217869,-0.0200879640131901,0.7840265290193686,0.002788341594071606,0.2131851293865597,0
2018-07-06,train,train,0.0039248861083369,0.008859768510912,-0.0200879640131901,0.8610556344444725,0.00149721926057592,0.13744714629495164,0
2018-07-09,train,train,0.0022186374570705,0.0086070383589761,-0.0200879640131901,0.9125698142117793,0.0007986296005292424,0.08663155618769154,0
2018-07-10,train,train,-0.0038049727919725,0.0083967203020567,-0.0200879640131901,0.9317735296484381,0.0005429642100999339,0.06768350614146212,0
2018-07-11,train,train,-0.0158695674561167,0.009021375027997,-0.0200879640131901,0.7394037002234759,0.002946553715099564,0.25764974606142454,0
2018-07-12,train,train,0.0034665724936167,0.0087876687718206,-0.0200879640131901,0.8329299900669158,0.001688566604772196,0.1653814433283119,0
2018-07-13,train,train,-0.0033432757306426,0.0085592280407349,-0.0200879640131901,0.8810329627482512,0.0010856028903050755,0.11788143436144403,0
2018-07-16,train,train,-0.0018403963596981,0.0083107150775221,-0.0200879640131901,0.9193403795840354,0.0006612815715647433,0.07999833884439965,0
2018-07-17,train,train,0.000257250599476,0.0080577836075451,-0.0200879640131901,0.9457529118016704,0.0003938511807051454,0.05385323701762444,0
2018-07-18,train,train,0.0034715279536707,0.0078584536930651,-0.0200879640131901,0.9597784758208102,0.00025899658491106,0.039962527594278666,0
2018-07-19,train,train,-0.0032967157055981,0.0076617280587279,-0.0200879640131901,0.963483469086145,0.0002035442562573621,0.036312986657597746,0
2018-07-20,train,train,0.000380563046056,0.0074289058365997,-0.0200879640131901,0.9701210080358177,0.0001497999962632319,0.02972919196791876,0
2018-07-23,train,train,0.0001336498289118,0.0072026658363364,-0.0200879640131901,0.9735885178205589,0.00011831996819618826,0.02629316221124498,0
2018-07-24,train,train,0.0048207201222425,0.0070823761542827,-0.0200879640131901,0.9739184882600429,0.00011244559353167181,0.02596906614642526,0
2018-07-25,train,train,-0.0071882917843292,0.0070887757192555,-0.0200879640131901,0.9612422509768607,0.00017283960129976155,0.03858490942183976,0
2018-07-26,train,train,0.0078941022235247,0.0071396573952087,-0.0200879640131901,0.9599206856994678,0.00021680024671000134,0.039862514053821706,0
2018-07-27,train,train,0.0089476203887526,0.0072608415417894,-0.0200879640131901,0.9550736186598356,0.0002711307522564043,0.04465525058790772,0
2018-07-30,train,train,-0.001399531842878,0.0070479892213333,-0.0200879640131901,0.9640049701503991,0.00019953792892238092,0.03579549192067862,0
2018-07-31,train,train,0.001683220110857,0.0068457064454068,-0.0200879640131901,0.9706137945766669,0.0001471726904502162,0.029239032732882735,0
2018-08-01,train,train,-0.0072598580807726,0.006871259512903,-0.0200879640131901,0.9581421058706666,0.00020605954856132926,0.04165183458077208,0
2018-08-02,train,train,-0.0103706132042988,0.00712981991007,-0.0200879640131901,0.9223706983458483,0.00048181840672476743,0.07714748324742722,0
2018-08-03,train,train,0.0042802420913009,0.0069916736461764,-0.0200879640131901,0.94526506103959,0.0003655696411654251,0.054369369319244534,0
2018-08-06,train,train,-0.0017571857443672,0.0067923304142667,-0.0200879640131901,0.9578497474544316,0.00025773446169549333,0.04189251808387327,0
2018-08-07,train,train,0.005139618851485,0.006704666153172,-0.0200879640131901,0.9644081066688941,0.00020466207475742804,0.035387231256348614,0
2018-08-08,train,train,-0.0026332318233381,0.0065323372480366,-0.0200879640131901,0.9675599912864294,0.00016490197260462307,0.0322751067409656,0
2018-08-09,train,train,0.0007691637826664,0.0063361376959656,-0.0200879640131901,0.9724351223191475,0.00012832386572232102,0.027436553815130015,0
2018-08-10,train,train,-0.0157571447058412,0.0072550051002705,-0.0200879640131901,0.8488783313828564,0.0010406943585408344,0.1500809742586029,0
2018-08-13,train,train,-0.0074950533800165,0.0072696315295076,-0.0200879640131901,0.8499020393668321,0.001244107686921837,0.14885385294624598,0
2018-08-14,train,train,-0.0024583611133818,0.0070738463640476,-0.0200879640131901,0.8972288180147691,0.0008354702386219194,0.10193571174660868,0
2018-08-15,train,train,-0.0127239431177348,0.0075333171941066,-0.0200879640131901,0.7902583118026986,0.002172827936934928,0.20756886026036658,0
2018-08-16,train,train,0.0043159580040532,0.0073799366853494,-0.0200879640131901,0.8634003513073388,0.0013147354869977187,0.1352849132056637,0
2018-08-17,train,train,-0.0010719817030854,0.007159930602826,-0.0196770881269616,0.9108474616752655,0.0007610548545262852,0.0883914834702082,0
2018-08-20,train,train,0.0054326171850986,0.0070682055453868,-0.0196770881269616,0.9355366010928847,0.0005165531151621598,0.06394684579195298,0
2018-08-21,train,train,0.0084554172228403,0.0071590224666965,-0.0165255413874682,0.9393228141865627,0.0004805096661849557,0.06019667614725208,0
2018-08-22,train,train,0.0032620520106083,0.0069867707502923,-0.0165255413874682,0.9564086711440326,0.00029901108646403164,0.043292317769503465,0
2018-08-23,train,train,-0.001347475396467,0.0067819620304715,-0.0165255413874682,0.9648375803923129,0.00020276855522393782,0.034959651052463125,0
2018-08-24,train,train,0.0023177363105472,0.0065998198869443,-0.0165255413874682,0.9709364619238521,0.00014714450286024497,0.028916393573287427,0
2018-08-27,train,train,0.0073041739644915,0.006644187130561,-0.0165255413874682,0.9681029696487999,0.00015822954034613184,0.03173880081085385,0
2018-08-28,train,train,-0.0055329711676267,0.0065828060479452,-0.0165255413874682,0.9629103793294157,0.00018010909161508316,0.03690951157896937,0
2018-08-29,train,train,-0.0038589951936281,0.0064518870085611,-0.0165255413874682,0.964136027953244,0.00017741558990002395,0.035686556456855846,0
2018-08-30,train,train,-0.0107055555666089,0.0067827553702275,-0.0165255413874682,0.9262155493924332,0.00044107595835901945,0.07334337464920762,0
2018-08-31,train,train,-0.0072615034779202,0.0068124290934438,-0.0165255413874682,0.9202772763832655,0.0005530958250526111,0.07916962779168184,0
2018-09-03,train,train,-0.00245004180645,0.0066321038166791,-0.0165255413874682,0.9414431241693088,0.0003993559673879753,0.058157519863303385,0
2018-09-04,train,train,2.135143435116961e-05,0.0064300653438454,-0.0165255413874682,0.9578797751443165,0.0002629709161117459,0.04185725393957161,0
2018-09-05,train,train,-0.00803105374133,0.0065371909378816,-0.0165255413874682,0.9425557334005569,0.00035669431761474734,0.05708757228182869,0
2018-09-06,train,train,-0.0100054437468935,0.0067953887093497,-0.0165255413874682,0.9081378172216037,0.0006683531459529784,0.0911938296324429,0
2018-09-07,train,train,-0.004080550083192,0.0066637618945588,-0.0165255413874682,0.9275004877826368,0.0005286953785176758,0.07197081683884549,0
2018-09-10,train,train,0.0108014941708288,0.0069815267536176,-0.0165255413874682,0.9159998192082351,0.0007189693893372002,0.08328121140242759,0
2018-09-11,train,train,0.0014335628200846,0.0067779435675091,-0.0165255413874682,0.9443803826226185,0.0004169163306547752,0.05520270104672651,0
2018-09-12,train,train,0.002442077286141,0.0065986295813878,-0.0165255413874682,0.9597993531510624,0.00026079200428351325,0.03993985484465455,0
2018-09-13,train,train,0.0024039924246608,0.0064246516159162,-0.0165255413874682,0.9681975670729951,0.00017645589844908925,0.03162597702855564,0
2018-09-14,train,train,0.0038620614881762,0.0063003579754683,-0.0165255413874682,0.9718533668238263,0.00013805081528134455,0.028008582360892764,0
2018-09-17,train,train,0.0041875410463325,0.0061939462366724,-0.0147835517598975,0.9735878346170264,0.00011895373843815806,0.026293211644535627,0
2018-09-18,train,train,0.0045512664973358,0.0061078566934406,-0.0147835517598975,0.974205310244599,0.0001108143149176061,0.02568387544048336,0
2018-09-19,train,train,0.0040984756783508,0.0060062807757807,-0.0147835517598975,0.9749688828863462,0.00010409918792655551,0.02492701792572734,0
2018-09-20,train,train,0.0102151271726835,0.0063381238250217,-0.0147835517598975,0.961724607299087,0.00018587657227477823,0.03808951612863809,0
2018-09-21,train,train,0.0006988797784997,0.006147423100838,-0.0147835517598975,0.9692789760536286,0.0001496494297179812,0.030571374516653257,0
2018-09-24,train,train,-0.0081243992613564,0.0062836067616735,-0.0147835517598975,0.952534317731196,0.00024199164295857887,0.047223690625845485,0
2018-09-25,train,train,-0.0020203933870339,0.0061122508509984,-0.0147835517598975,0.9616082510376459,0.00020482971918336294,0.038186919243170796,0
2018-09-26,train,train,0.0032810566886576,0.0059802971345285,-0.0147835517598975,0.9686870948358692,0.00016097899001083591,0.031151926174119864,0
2018-09-27,train,train,0.0002834508545697,0.0057985288868326,-0.0147835517598975,0.9728817893153908,0.0001248290610815936,0.026993381623527445,0
2018-09-28,train,train,-0.0146222403914578,0.0066658949781917,-0.0154163175178052,0.8790347208003506,0.0007701372711640072,0.12019514192848522,0
2018-10-01,train,train,0.001893979615394,0.0064794549180989,-0.0154163175178052,0.9231642070753826,0.0005428630046188558,0.07629292991999835,0
2018-10-02,train,train,-0.010848469787933,0.0068209745401898,-0.0154163175178052,0.8717773751933995,0.0010871862059142897,0.12713543860068593,0
2018-10-03,train,train,0.0059571400215087,0.0067722524385461,-0.0143677760716779,0.9086836125845444,0.0007826200119254612,0.09053376740353043,0
2018-10-04,train,train,-0.0049904374757638,0.0066787623762102,-0.0143677760716779,0.9229653112048201,0.0006122542206566963,0.07642243457452347,0
2018-10-05,train,train,-0.00652719924716,0.0066697657129719,-0.0143677760716779,0.9234258444367514,0.0005892376158758606,0.07598491794737273,0
2018-10-08,train,train,-0.0059285815166826,0.0066276325270775,-0.0143677760716779,0.9279301523116007,0.00053832413530037,0.07153152355309944,0
2018-10-09,train,train,0.0066414978969356,0.0066284652671668,-0.0143677760716779,0.9421387628701692,0.00043155205626508344,0.05742968507356584,0
2018-10-10,train,train,-0.0105952777823339,0.0069307974553614,-0.0143677760716779,0.8997748139024629,0.0008047507971196905,0.09942043530041784,0
2018-10-11,train,train,-0.017060751641297,0.0079131505078047,-0.0158133789128653,0.6033412688083747,0.005245352630536047,0.39141337856108904,0
2018-10-12,train,train,-0.0118260428634257,0.0082007433376539,-0.0158133789128653,0.470459637775578,0.007640309077962304,0.5219000531464596,2
2018-10-15,train,train,0.002434710086481,0.00797325081789,-0.0158133789128653,0.626505426224273,0.004432794656843075,0.3690617791188838,0
2018-10-16,train,train,0.0167796625958581,0.0087551007703244,-0.0158133789128653,0.3996180632807639,0.01091632588771365,0.5894656108315222,2
2018-10-17,train,train,-0.0085769037478528,0.0087445113529927,-0.0158133789128653,0.39778973475971113,0.009410038780704956,0.5928002264595841,2
2018-10-18,train,train,-0.0120314293321142,0.0089757343755751,-0.0158133789128653,0.2774993947676054,0.011799590131314486,0.7107010151010802,2
2018-10-19,train,train,0.0002811879771125,0.0087025699150731,-0.0158133789128653,0.42814226664971283,0.007294171273617495,0.5645635620766697,2
2018-10-22,train,train,-0.0096731129829341,0.0087638340140585,-0.0158133789128653,0.38797063328641457,0.008025406751999035,0.6040039599615863,2
2018-10-23,train,train,-0.0091715953150076,0.0087888332027492,-0.0158133789128653,0.3671992526217771,0.008291720874214367,0.6245090265040089,2
2018-10-24,train,train,-0.0055965002279082,0.0086306559779579,-0.0158133789128653,0.4466743438256936,0.006546754445518161,0.5467789017287885,2
2018-10-25,train,train,0.0123465200431551,0.008897478445258,-0.0158133789128653,0.413960415078474,0.008368042465783475,0.5776715424557423,2
2018-10-26,train,train,-0.0062572771306288,0.0087615310504597,-0.0158133789128653,0.4778676623996254,0.006573004027177546,0.5155593335731968,2
2018-10-29,train,train,0.0103467047673432,0.0088646386694458,-0.0158133789128653,0.5083068699923572,0.006618121896606635,0.48507500811103615,0
2018-10-30,train,train,-0.0017133185228307,0.0086048263920363,-0.0158133789128653,0.6463265042928309,0.003988512566413995,0.3496849831407553,0
2018-10-31,train,train,0.0098760540290587,0.0086863480009698,-0.0158133789128653,0.6793976095767068,0.003920513585923822,0.3166818768373693,0
2018-11-01,train,train,0.0068690067272659,0.0085881591917866,-0.0158133789128653,0.7622961688447745,0.002727905504188183,0.23497592565103753,0
2018-11-02,train,train,0.0042568173717175,0.0083915623845282,-0.0148023117168298,0.8450840365965525,0.001586834081000352,0.15332912932244697,0
2018-11-05,train,train,0.0019662847996021,0.008150165437156,-0.0148023117168298,0.9032060818820733,0.0008712884179440301,0.09592262969998325,0
2018-11-06,train,train,-0.0024222554542018,0.0079241229257853,-0.0148023117168298,0.931100367112239,0.0005456387097055771,0.06835399417805559,0
2018-11-07,train,train,0.0197177687386575,0.0090747807100915,-0.0145714737882896,0.6938903703081153,0.004619900708477322,0.3014897289834072,0
2018-11-08,train,train,0.0009920588204398,0.008801681491753,-0.0145714737882896,0.805487797902942,0.002284451660298649,0.19222775043675927,0
2018-11-09,train,train,-0.0046090794427234,0.0086079055557023,-0.0145714737882896,0.8510915790047114,0.0015203037291953239,0.14738811726609335,0
2018-11-12,train,train,-0.0064246753328892,0.0084927535558569,-0.0145714737882896,0.8663303480600909,0.0012824633887952089,0.1323871885511142,0
2018-11-13,train,train,0.0075844642862361,0.0084410128002178,-0.0145714737882896,0.8949828242151975,0.0010026773571649072,0.10401449842763784,0
2018-11-14,train,train,-0.0042516808787472,0.0082498644040685,-0.0145714737882896,0.9177358622136711,0.0006952370860607738,0.0815689007002682,0
2018-11-15,train,train,-0.0036413052358106,0.0080481173670372,-0.0145714737882896,0.9358237166321836,0.00048583945866112694,0.06369044390915554,0
2018-11-16,train,train,-0.0018422420164671,0.0078159767721778,-0.0145714737882896,0.9522010444298538,0.0003205552279388205,0.04747840034220742,0
2018-11-19,train,train,-0.0055915244521904,0.0077006514056277,-0.0145714737882896,0.9511764999564042,0.0003037589854538508,0.04851974105814215,0
2018-11-20,train,train,-0.0156441808138871,0.0083920470534305,-0.0157757242822139,0.7960058597531903,0.0018876787402873692,0.20210646150652223,0
2018-11-21,train,train,0.0105570154865269,0.0085374411319282,-0.0157757242822139,0.8000736519491426,0.0021905516482602794,0.19773579640259695,0
2018-11-22,train,train,-0.0060894600888988,0.008410678835072,-0.0157757242822139,0.8290758031976654,0.0017393287528822568,0.16918486804945215,0
2018-11-23,train,train,0.0011782595407738,0.0081595615747079,-0.0157757242822139,0.8936247312336616,0.000959757979710856,0.10541551078662773,0
2018-11-26,train,train,0.0193809892726202,0.0092261098571981,-0.0157757242822139,0.6240154374694277,0.006366873193052453,0.3696176893375197,0
2018-11-27,train,train,-0.0006162345599788,0.0089463188861809,-0.0157757242822139,0.7497961013283427,0.0031841415421289964,0.24701975712952823,0
2018-11-28,train,train,0.0018803946668945,0.0086859989271609,-0.0157757242822139,0.8433934942506456,0.0016529194223616024,0.15495358632699271,0
2018-11-29,train,train,-0.0004175242418665,0.0084220093986194,-0.0157757242822139,0.9002858511853445,0.0009046309193492014,0.09880951789530616,0
2018-11-30,train,train,-0.0023877734963158,0.0081863615549272,-0.0157757242822139,0.9294116953340875,0.0005637550324125423,0.0700245496334999,0
2018-12-03,train,train,0.0112177916145691,0.0083991580232774,-0.0157757242822139,0.9137356135776115,0.0007771296570794398,0.08548725676530904,0
2018-12-04,train,train,-0.012926826168914,0.0087372349320632,-0.0157757242822139,0.8100977422930372,0.002018702212911701,0.18788355549405114,0
2018-12-05,train,train,-0.0054775253480051,0.0085766610542135,-0.0157757242822139,0.8449967849778611,0.0015243734776616141,0.15347884154447716,0
2018-12-06,train,train,-0.0278697649473379,0.010758670728381,-0.0201915658008406,0.03153768181108865,0.03838608533448571,0.9300762328544256,2
2018-12-07,train,train,0.0058020640582134,0.0105272927636385,-0.0201915658008406,0.07658653161278473,0.024043083710132935,0.8993703846770825,2
2018-12-10,train,train,-0.017796813164334,0.0110985608474184,-0.0209091099176563,0.01623620599965792,0.031829366968641346,0.9519344270317007,2
2018-12-11,train,train,0.0086804603580183,0.0109685182788034,-0.0209091099176563,0.04285896512638389,0.0230696824907769,0.9340713523828393,2
2018-12-12,train,train,0.0134064272213584,0.0111298619528273,-0.0209091099176563,0.04373085931941232,0.022789940988400186,0.9334791996921877,2
2018-12-13,train,train,0.0082003432875859,0.0109761621373642,-0.0209091099176563,0.08096881824965199,0.017380807454703835,0.9016503742956441,2
2018-12-14,train,train,-0.0045137392925787,0.0106990652719687,-0.0209091099176563,0.13600252706441013,0.012638469514560746,0.8513590034210291,2
2018-12-17,train,train,-0.0083170460103407,0.0105712909851401,-0.0209091099176563,0.14961861151843223,0.011636309476645651,0.8387450790049219,2
2018-12-18,train,train,-0.0127562151300213,0.0107149579081561,-0.0209091099176563,0.08813208703186959,0.014401274793427963,0.8974666381747024,2
2018-12-19,train,train,0.0078191809870807,0.0105636205475995,-0.0209091099176563,0.14152336652000574,0.01221871890917004,0.8462579145708244,2
2018-12-20,train,train,-0.0198789903176816,0.0113404201726513,-0.0218485228097845,0.016931507547479345,0.024986010486529542,0.958082481965991,2
2018-12-21,train,train,-0.0046288780177465,0.0110532534854191,-0.0218485228097845,0.048130475395490924,0.01712376444078154,0.9347457601637276,2
2018-12-24,train,train,-0.0089451097032333,0.0109382287008604,-0.0218485228097845,0.05905269912587061,0.014968532894499488,0.9259787679796296,2
2018-12-27,train,train,-0.0138562837600946,0.0111348979458279,-0.0218485228097845,0.03129211073124301,0.017745274167017728,0.9509626151017392,2
2018-12-28,train,train,0.0153998630169007,0.0114357396780672,-0.0218485228097845,0.02530747817767169,0.02163410739666563,0.9530584144256629,2
2018-12-31,train,train,0.0054246086576227,0.0111666985367543,-0.0218485228097845,0.06819447270662862,0.015549677533597378,0.916255849759774,2
2019-01-02,train,train,0.0011819390774548,0.0108303862182784,-0.0218485228097845,0.14568064564279734,0.011146628987939462,0.8431727253692632,2
2019-01-03,train,train,-0.003127716069465,0.0105283610389994,-0.0218485228097845,0.2356816908852858,0.008725761791044069,0.7555925473236702,2
2019-01-04,train,train,0.0248548525026541,0.0118853449496929,-0.0218485228097845,0.016434188368346186,0.03482296325047197,0.9487428483811818,2
2019-01-07,train,train,0.0043964648908285,0.0115734814689002,-0.0218485228097845,0.05660816315639205,0.021813731753361085,0.9215781050902467,2
2019-01-08,train,train,0.008057421377626,0.0113931587923506,-0.0218485228097845,0.09876457282853124,0.016604098200391822,0.8846313289710769,2
2019-01-09,train,train,-0.0026823999127528,0.0110656016279807,-0.0218485228097845,0.17633864051788262,0.011546130846908063,0.8121152286352095,2
2019-01-10,train,train,0.0037555977732951,0.0107678669152207,-0.0218485228097845,0.2964677663859364,0.008461792810799744,0.6950704408032639,2
2019-01-11,train,train,0.0022893795752309,0.0104548847894197,-0.0218485228097845,0.45056178739460734,0.005929732568001337,0.5435084800373914,2
2019-01-14,train,train,-0.0066118001206615,0.0102649546054804,-0.0218485228097845,0.5042430345580884,0.005386781048889713,0.4903701843930216,0
2019-01-15,train,train,0.0035656312876837,0.0099904934341703,-0.0218485228097845,0.6509528778893812,0.0035833990509931343,0.3454637230596257,0
2019-01-16,train,train,0.0070485335421855,0.0098388145129598,-0.0218485228097845,0.7368633684143622,0.002783133475319214,0.2603534981103186,0
2019-01-17,train,train,-0.0004601893301618,0.0095397505843904,-0.0218485228097845,0.8314469272200853,0.0016055673283553815,0.16694750545155904,0
2019-01-18,train,train,0.0178559294414696,0.0102311526092009,-0.0218485228097845,0.5938871285090621,0.006696262972432688,0.3994166085185053,0
2019-01-21,train,train,-0.0016884503933663,0.0099280887674237,-0.0218485228097845,0.7189248012606084,0.003546921546725229,0.2775282771926662,0
2019-01-22,train,train,-0.0018019500283516,0.0096357537958218,-0.0218485228097845,0.8124118533588859,0.001982282640320411,0.18560586400079404,0
2019-01-23,train,train,0.0100516422582497,0.0096612119770836,-0.0218485228097845,0.8237210746633754,0.0020029711768399803,0.17427595415978428,0
2019-01-24,train,train,0.002319649544297,0.0093841100960441,-0.0218485228097845,0.8899856489731284,0.0010627617491854712,0.10895158927768592,0
2019-01-25,train,train,0.0038396350389744,0.0091467151913103,-0.0218485228097845,0.927205829559879,0.0006216895322326214,0.07217248090788841,0
2019-01-28,train,train,-0.0134594855853273,0.0094610845042621,-0.0218485228097845,0.8172323538288876,0.0018826628889945097,0.18088498328211763,0
2019-01-29,train,train,0.0062370434291126,0.0092992169262352,-0.0218485228097845,0.8704886283337449,0.001278574559284949,0.1282327971069702,0
2019-01-30,train,train,-0.0052334413421091,0.009106604406231,-0.0218485228097845,0.8934526064518918,0.0009613318711906342,0.10558606167691778,0
2019-01-31,train,train,-0.0016327939691851,0.0088382345607954,-0.0218485228097845,0.9275202893243724,0.0005804163386541536,0.07189929433697309,0
2019-02-01,train,train,-0.0041269805344257,0.0086284091721726,-0.0218485228097845,0.9402648733166306,0.00043315644780601403,0.059301970235563085,0
2019-02-04,train,train,-0.0049126163144988,0.0084516570029252,-0.0218485228097845,0.945603073502651,0.0003662726654103755,0.054030653831938794,0
2019-02-05,train,train,0.0129296659803256,0.00878494459124,-0.0218485228097845,0.9117307230147842,0.0007548248213620037,0.08751445216385395,0
2019-02-06,train,train,0.0009784466625956,0.00852069116065,-0.0218485228097845,0.9419013356318651,0.000438399151407928,0.05766026521672684,0
2019-02-07,train,train,-0.0180279600002719,0.0093673095224911,-0.0219255717550971,0.6578306882509803,0.0041999071892027395,0.3379694045598171,0
2019-02-08,train,train,-0.0091598891417656,0.0093549939911317,-0.0219255717550971,0.6280952358650995,0.0045798545526502185,0.36732490958225045,0
2019-02-11,train,train,0.0089473637232809,0.0093310383599825,-0.0219255717550971,0.6841324081786946,0.003919862761917941,0.3119477290593874,0
2019-02-12,train,train,0.005212123605023,0.0091364191131635,-0.0219255717550971,0.7834150574983626,0.0024040472191687407,0.21418089528246856,0
2019-02-13,train,train,-7.784016591282253e-05,0.0088581075012771,-0.0219255717550971,0.8634363909215681,0.0013130588671633726,0.13525055021126825,0
2019-02-14,train,train,-0.0033343277827952,0.0086270023124906,-0.0219255717550971,0.9016361358252152,0.0008550674957322366,0.0975087966790524,0
2019-02-15,train,train,0.0188878182540975,0.0095584852079042,-0.0219255717550971,0.667162224757791,0.005268804279130224,0.32756897096307874,0
2019-02-18,train,train,0.0035341504550832,0.0093076406391679,-0.0219255717550971,0.7820322994480456,0.002712627269134378,0.21525507328282012,0
2019-02-19,train,train,-0.0020883140524855,0.009038578823395,-0.0219255717550971,0.8544637775326409,0.0014999976247304192,0.14403622484262874,0
2019-02-20,train,train,0.0048805030681418,0.0088443943449967,-0.0219255717550971,0.9024121137829137,0.0009113076076148691,0.09667657860947122,0
2019-02-21,train,train,0.0010995451916756,0.0085791871775672,-0.0219255717550971,0.9366918282292926,0.0005070363012047878,0.06280113546950263,0
2019-02-22,train,train,0.0014567908516612,0.0083254813581678,-0.0219255717550971,0.9558415938636173,0.00030215530035053114,0.04385625083603243,0
2019-02-25,train,train,-3.257171227710876e-05,0.0080718575996776,-0.0219255717550971,0.9657650768866526,0.0001974491846289279,0.03403747392871875,0
2019-02-26,train,train,0.002484920099702,0.0078495911789735,-0.0219255717550971,0.9713779567311888,0.00014373734339693357,0.02847830592541447,0
2019-02-27,train,train,-0.0016812286332231,0.007621594882925,-0.0219255717550971,0.9728967775570925,0.00011992789910617642,0.026983294543800707,0
2019-02-28,train,train,0.0071392558909144,0.0075935185866909,-0.0219255717550971,0.9697524922144379,0.0001390144114583231,0.03010849337410349,0
2019-03-01,train,train,-0.0010784346262202,0.007366927061497,-0.0219255717550971,0.972578335981417,0.00012029628516365567,0.0273013677334191,0
2019-03-04,train,train,-0.0008528286173353,0.0071455550147406,-0.0219255717550971,0.9743230379919414,0.00010657775978628477,0.025570384248272342,0
2019-03-05,train,train,-0.0001727626502839,0.006928001868978,-0.0185679211607625,0.9757010297244721,9.635608440573582e-05,0.024202614191122594,0
2019-03-06,train,train,0.0041498530782784,0.0067934272747301,-0.0185679211607625,0.9757532208533801,9.60481506250755e-05,0.024150730995994938,0
2019-03-07,train,train,-0.0050467366029087,0.0067014765469389,-0.0172544113593493,0.969695159130956,0.00012132098041914035,0.03018351988862488,0
2019-03-08,train,train,-0.0131237829293755,0.007249084172312,-0.0172544113593493,0.9016712562123852,0.0005796065140072804,0.09774913727360743,0
2019-03-11,train,train,0.0046555048221554,0.0071201609227583,-0.0172544113593493,0.9321393869613617,0.000468140246021624,0.06739247279261676,0
2019-03-12,train,train,-0.0011127324735973,0.0069086308691002,-0.0172544113593493,0.9513431040042722,0.0003169377611387463,0.0483399582345889,0
2019-03-13,train,train,0.0033779397656481,0.006749078328185,-0.0172544113593493,0.962966065306809,0.0002211176701837492,0.03681281702300732,0
2019-03-14,train,train,0.0018584012276969,0.0065592891452172,-0.0172544113593493,0.9700404174642565,0.00015586324993280086,0.029803719285810458,0
2019-03-15,train,train,0.0142736781513616,0.0072572095824256,-0.0172544113593493,0.9270802696640998,0.0005004085484249909,0.07241932178747505,0
2019-03-18,train,train,0.0071354731253396,0.007249963039299,-0.0172544113593493,0.9396144172760977,0.0004421644169473127,0.05994341830695522,0
2019-03-19,train,train,0.0088036584862627,0.0073524492784033,-0.0151145764485646,0.9404899187205646,0.0004517315021899412,0.059058349777245334,0
2019-03-20,train,train,-0.0091757080204784,0.0074743974224434,-0.0151145764485646,0.915547906983347,0.0006512102935260023,0.08380088272312682,0
2019-03-21,train,train,-0.005330162298751,0.007363372707311,-0.0151145764485646,0.9258324531856825,0.0005581749739993487,0.07360937184031789,0
2019-03-22,train,train,-0.016836745742582,0.0082446748026339,-0.0161080637760604,0.678174955130382,0.0038513678850434843,0.3179736769845748,0
2019-03-25,train,train,-0.0021219531198657,0.008010389750049,-0.0161080637760604,0.7802860267645255,0.002280103845706401,0.21743386938976772,0
2019-03-26,train,train,0.0003484418430941,0.0077668299848722,-0.0161080637760604,0.8622603461668228,0.0012816033695998402,0.13645805046357756,0
2019-03-27,train,train,0.0050834608193969,0.0076324782061409,-0.0161080637760604,0.9064973458200595,0.0008282523336431717,0.09267440184629747,0
2019-03-28,train,train,-0.005998539395041,0.0075444276552708,-0.0161080637760604,0.9144900528124309,0.0007080112692933664,0.08480193591827563,0
2019-03-29,train,train,0.0071246143754355,0.0075198998082951,-0.0161080637760604,0.9312404182760675,0.000562945351956801,0.06819663637197575,0
2019-04-01,train,train,0.0109139379120141,0.0077654878780426,-0.0161080637760604,0.9183922626744297,0.0007289436659600531,0.08087879365961059,0
2019-04-02,train,train,0.0023308827844409,0.0075505373807613,-0.0161080637760604,0.9454726427989103,0.00041744875364865385,0.054109908447441096,0
2019-04-03,train,train,0.0131875899711158,0.0080015454512709,-0.0161080637760604,0.9083833466677215,0.000837552141307787,0.09077910119097075,0
2019-04-04,train,train,0.0048680623437377,0.0078488934055177,-0.0161080637760604,0.9356927811969525,0.0005282657851271128,0.06377895301792055,0
2019-04-05,train,train,-0.0024994032691563,0.0076343723403971,-0.0161080637760604,0.9506882178790611,0.00034464312366812614,0.04896713899727071,0
2019-04-08,train,train,-0.0076630741656227,0.0076360974921737,-0.0161080637760604,0.9385675434243586,0.00041374764879420283,0.061018708926847395,0
2019-04-09,train,train,-0.0031732154322945,0.0074441617114466,-0.0161080637760604,0.9506442679201802,0.00031613231861798443,0.04903959976120187,0
2019-04-10,train,train,-0.0001381719971575,0.0072174619126841,-0.0161080637760604,0.9628338055312434,0.00021604675490022692,0.03695014771385588,0
2019-04-11,train,train,0.0041269521937521,0.0070702302040283,-0.0161080637760604,0.9686173837498457,0.0001665230805030637,0.031216093169651293,0
2019-04-12,train,train,0.0024426078580222,0.0068809044331803,-0.0161080637760604,0.9729219764387876,0.0001277130124972991,0.026950310548714974,0
2019-04-15,train,train,0.003015947994518,0.0067120631409266,-0.0161080637760604,0.9749930027484423,0.00010753694750300678,0.024899460304054707,0
2019-04-16,train,train,2.1079404317468604e-05,0.00650758870641,-0.0161080637760604,0.9761547723770116,9.442039287921176e-05,0.02375080723010911,0
2019-04-17,train,train,0.0055126642933092,0.0064522210270674,-0.0161080637760604,0.9745576390629752,0.00010261125747731196,0.025339749679547635,0
2019-04-18,train,train,0.0033557515258646,0.0063094334856153,-0.0161080637760604,0.9756895460536685,9.756525514584754e-05,0.024212888691185167,0
2019-04-23,train,train,-0.0057250569666689,0.0062759055514831,-0.0161080637760604,0.9678089623535739,0.00013135254752427348,0.032059685098901586,0
2019-04-24,train,train,-0.0074590837106552,0.0063531131620507,-0.0159961628907431,0.9547674141826563,0.00021817947586281534,0.04501440634148083,0
2019-04-25,train,train,0.004726324713907,0.0062674247308531,-0.0159961628907431,0.9632580096759787,0.0001974358679146436,0.03654455445610659,0
2019-04-26,train,train,0.0005050512164027,0.0060777529231918,-0.0159961628907431,0.9700459108510608,0.00014865087729863113,0.0298054382716406,0
2019-04-29,train,train,0.0011775302253741,0.0058996551090334,-0.0159961628907431,0.9738312935032072,0.00011734346447883956,0.026051363032314055,0
2019-04-30,train,train,0.0055951501920273,0.0058818293856157,-0.0159961628907431,0.9730804601609231,0.0001175486177070591,0.02680199122136963,0
2019-05-02,train,train,-0.0160518503443665,0.0069267507443879,-0.0169721853624068,0.8419737156298078,0.0010764006797237488,0.15694988369046842,0
2019-05-03,train,train,-0.0009136050547534,0.006719461568768,-0.0169721853624068,0.8980079984919237,0.0007603948912637967,0.10123160661681252,0
2019-05-06,train,train,-0.0083882129582143,0.0068310922220127,-0.0169721853624068,0.8825543342022031,0.000978264966035256,0.11646740083176133,0
2019-05-07,train,train,-0.0103307905868422,0.0070899580914033,-0.015337459672108,0.8327756155979196,0.0016044484903456268,0.16561993591173488,0
2019-05-08,train,train,-0.0008774310686239,0.0068773285882234,-0.015337459672108,0.8925028541388605,0.0009379057152707287,0.10655924014586894,0
2019-05-09,train,train,-0.01438714528942,0.0075418291265783,-0.0157585804587894,0.7223253483486806,0.003267990597822501,0.2744066610534971,0
2019-05-10,train,train,0.0024488203936994,0.0073366367403102,-0.0157585804587894,0.8241690889276756,0.0018008728729458218,0.17403003819937893,0
2019-05-13,train,train,-0.0077845612663044,0.0073642805477687,-0.0157585804587894,0.8230228958662265,0.0017990003118047357,0.17517810382196897,0
2019-05-14,train,train,0.0088916651597118,0.0074647419825347,-0.0157585804587894,0.8492353390404427,0.0015980876085769794,0.14916657335098035,0
2019-05-15,train,train,0.0054084604254458,0.0073575890850389,-0.0157585804587894,0.896775279691962,0.0009927908748708822,0.10223192943316754,0
2019-05-16,train,train,0.013765429881385,0.0078902023868077,-0.0157585804587894,0.8388783931562118,0.0019320091064628318,0.15918959773732558,0
2019-05-17,train,train,-0.002604357391576,0.0076763882606264,-0.0157585804587894,0.8894644076875576,0.0010886818876624715,0.10944691042477982,0
2019-05-20,train,train,-0.0087013844513814,0.0077417159600733,-0.0157585804587894,0.8698547517780829,0.0012594758104897755,0.12888577241142746,0
2019-05-21,train,train,0.0042735399747182,0.0075785159946389,-0.0157585804587894,0.914019409250737,0.0007585536581146545,0.08522203709114842,0
2019-05-22,train,train,-0.0007470415678719,0.0073499220857357,-0.0157585804587894,0.9415379037927475,0.0004445405483317349,0.05801755565892083,0
2019-05-23,train,train,-0.0128857016231344,0.0077937508149561,-0.0157585804587894,0.8569254768392641,0.0012908150459088777,0.1417837081148272,0
2019-05-24,train,train,0.0066270608415437,0.0077287175380876,-0.0157585804587894,0.8950423506625532,0.000955098555468218,0.10400255078197847,0
2019-05-27,train,train,0.0045457944898898,0.0075755491648585,-0.0157585804587894,0.9285203842704964,0.0005960413035873517,0.07088357442591625,0
2019-05-28,train,train,-0.0026727871624172,0.0073738887917551,-0.0157585804587894,0.945882238716803,0.0003908248129424869,0.053726936470254234,0
2019-05-29,train,train,-0.0121825038342911,0.0077470372232701,-0.0157585804587894,0.8787072929012828,0.0010135654927496112,0.12027914160596742,0
2019-05-30,train,train,0.0084766966631302,0.0077927436614797,-0.0157585804587894,0.8968869768807367,0.0009376015689197743,0.1021754215503434,0
2019-05-31,train,train,-0.0169147970004184,0.0086168360783435,-0.0166011310291222,0.6053985619593762,0.005492086542938607,0.389109351497685,0
2019-06-03,train,train,0.0020635287041653,0.0083696093817904,-0.0166011310291222,0.7401473468754339,0.0029717892777807154,0.2568808638467852,0
2019-06-04,train,train,0.010451883173131,0.0085089277375834,-0.0166011310291222,0.7514586798211594,0.003074232950405576,0.24546708722843485,0
2019-06-05,train,train,0.0036019538867754,0.0082967574676471,-0.0166011310291222,0.8406392397080165,0.0016876458109427268,0.1576731144810406,0
2019-06-06,train,train,0.0020415401571155,0.0080595338935405,-0.0166011310291222,0.9004978842899843,0.0009143906059237899,0.09858772510409167,0
2019-06-07,train,train,0.0072696135779561,0.0080143345500814,-0.0166011310291222,0.9209991801553534,0.0007002628075855446,0.0783005570370614,0
2019-06-10,train,train,0.0062600718671465,0.0079200438616652,-0.0166011310291222,0.9391072992452584,0.0004945031968275927,0.060398197557914104,0
2019-06-11,train,train,-0.0012919759879717,0.0076852860195095,-0.0166011310291222,0.9550800509161591,0.00030559765708709503,0.044614351426753546,0
2019-06-12,train,train,-0.0047082374043757,0.0075398842097824,-0.0166011310291222,0.9565709415047384,0.00026197116022913655,0.04316708733503207,0
2019-06-13,train,train,0.0009304117991395,0.0073137406728752,-0.0166011310291222,0.9665714958715634,0.00018312815975307564,0.033245375968683245,0
2019-06-14,train,train,-0.0057370749043812,0.0072288447334117,-0.0166011310291222,0.9611083208747507,0.00019968004377513525,0.038691999081474665,0
2019-06-17,train,train,-0.0068209737026669,0.0072050236185689,-0.0166011310291222,0.952339742983547,0.0002595886052370303,0.047400668411215756,0
2019-06-18,train,train,0.0118657634908432,0.0075660692579916,-0.0166011310291222,0.930131561354408,0.0005046162671239983,0.06936382237846828,0
2019-06-19,train,train,-0.0010285894398177,0.0073399018760378,-0.0157845975447349,0.950327940761842,0.00033173603882176027,0.049340323199335887,0
2019-06-20,train,train,-0.0024621015026637,0.0071418083568125,-0.0157845975447349,0.9595168966432949,0.00024224104938040875,0.040240862307324335,0
2019-06-21,train,train,0.0020286944925259,0.0069420484793576,-0.0157845975447349,0.9681538818164648,0.00017120481011534893,0.03167491337341981,0
2019-06-24,train,train,-0.0037677308527596,0.0067935456582771,-0.0157845975447349,0.9676777957005405,0.00015606726789879293,0.03216613703156071,0
2019-06-25,train,train,-0.0035636111295441,0.0066441768723738,-0.0157845975447349,0.9678020179664227,0.00015048017448886775,0.03204750185908829,0
2019-06-26,train,train,-0.0002619848066996,0.0064420881160568,-0.0157845975447349,0.9721213684323421,0.0001257755604645114,0.02775285600719339,0
2019-06-27,train,train,-0.0010489463884959,0.0062511188317688,-0.0157845975447349,0.9739154982495244,0.00011002193243393448,0.025974479818041955,0
2019-06-28,train,train,0.0055596276640904,0.0062118004665121,-0.0157845975447349,0.9731783405910137,0.00011476513439384267,0.026706894274592802,0
2019-07-01,train,train,0.0071276238769146,0.0062705229814952,-0.0157845975447349,0.9699592784706319,0.0001360432418913149,0.02990467828747674,0
2019-07-02,train,train,0.0018225282575855,0.0060958664280604,-0.0157845975447349,0.9737744314733657,0.00011487643996511363,0.026110692086668955,0
2019-07-03,train,train,0.0120906369822151,0.0066106748835782,-0.0157845975447349,0.9506757866035173,0.00027008766802736375,0.04905412572845533,0
2019-07-04,train,train,0.0007022579470577,0.0064115950468539,-0.0157845975447349,0.9633026755672781,0.00020170042342043172,0.036495624009302,0
2019-07-05,train,train,-0.0070452896027279,0.0064513722817188,-0.0157845975447349,0.9530367823778536,0.00025809220855678737,0.046705125413589635,0
2019-07-08,train,train,-0.0054028718527564,0.0063933131875208,-0.0157845975447349,0.9525520799944327,0.00027166296927394403,0.0471762570362939,0
2019-07-09,train,train,-0.0011638599426267,0.0062050995560802,-0.0157845975447349,0.9628723401416323,0.00020509130907973172,0.0369225685492882,0
2019-07-10,train,train,-0.0022669870790541,0.0060416403977571,-0.0157845975447349,0.9672456513691766,0.00016609301288957477,0.032588255617933756,0
2019-07-11,train,train,0.0029567946966168,0.0059021938011843,-0.0157845975447349,0.97195789774992,0.00013321640511715742,0.027908885844963042,0
2019-07-12,train,train,0.0013891181198412,0.0057324965866354,-0.0157845975447349,0.9748605011499146,0.00010831905453078758,0.025031179795554862,0
2019-07-15,train,train,0.0032658073782994,0.0056151363259291,-0.0157845975447349,0.975906778091056,9.790195977185789e-05,0.023995319949172294,0
2019-07-16,train,train,0.005721726800878,0.0056215887484123,-0.0157845975447349,0.9741278409513779,0.0001061072166464231,0.025766051831975414,0
2019-07-17,train,train,-0.00995645345904,0.0059710955763428,-0.0157845975447349,0.9454084023553521,0.00026250081900117123,0.05432909682564693,0
2019-07-18,train,train,-0.0063209626787646,0.0059926636473351,-0.0157845975447349,0.942449311985004,0.0003360333959594534,0.057214654619036354,0
2019-07-19,train,train,-0.0060012785681291,0.0059931808917989,-0.0157845975447349,0.9419286228115763,0.0003644633402284823,0.05770691384819479,0
2019-07-22,train,train,-0.0007636086331559,0.0058136141993077,-0.0157845975447349,0.9573767959238236,0.0002573023482055955,0.042365901727970515,0
2019-07-23,train,train,0.0128057018679126,0.0064505335806179,-0.0157845975447349,0.9267078553207925,0.0005557523864029349,0.0727363922928043,0
2019-07-24,train,train,0.005168977292236,0.0063809027606647,-0.0157845975447349,0.9459054718385201,0.00039337225941919155,0.053701155902060635,0
2019-07-25,train,train,-0.0042750503824263,0.006274514179196,-0.0147292146376576,0.9518958834671088,0.0003123669106514214,0.04779174962223928,0
2019-07-26,train,train,-0.0069564415537168,0.0063175059350389,-0.0147292146376576,0.9440779821281245,0.00035592517978116434,0.055566092692094365,0
2019-07-29,train,train,-0.0010953489440155,0.006130922909599,-0.0147292146376576,0.9581724520113826,0.0002516137393611409,0.041575934249256444,0
2019-07-30,train,train,-0.0251415045724273,0.0085591260015239,-0.0188144822874219,0.2228193744631667,0.014500888898322002,0.7626797366385114,2
2019-07-31,train,train,-0.0017373829062105,0.0083092857453052,-0.0188144822874219,0.349135617316644,0.009095663691242865,0.6417687189921134,2
2019-08-01,train,train,0.0074629085663262,0.008260948860601,-0.0183140010653267,0.45051315538368736,0.0071308505107320706,0.5423559941055808,2
2019-08-02,train,train,-0.0156785275945995,0.0088824350920732,-0.019244943055815,0.18489409382228023,0.014510314053073521,0.8005955921246464,2
2019-08-05,train,train,-0.0136240611170402,0.009235837615195,-0.019244943055815,0.09367276203879968,0.017529445730448113,0.8887977922307522,2
2019-08-06,train,train,-0.0089033697642459,0.0092162277671794,-0.019244943055815,0.10116563932571966,0.014950022498031021,0.8838843381762493,2
2019-08-07,train,train,0.0053537393933193,0.0090311834512777,-0.019244943055815,0.18159213965205107,0.011261049475358708,0.8071468108725903,2
2019-08-08,train,train,0.013954208333409,0.0093995603020314,-0.019244943055815,0.13923856970000445,0.014706282340462649,0.8460551479595328,2
2019-08-09,train,train,-0.0126173408413958,0.0096230175742181,-0.019244943055815,0.08422653965099462,0.016413965733182368,0.899359494615823,2
2019-08-12,train,train,-0.0093379684340236,0.0096061531566063,-0.019244943055815,0.08750549484604436,0.014673416741716242,0.8978210884122396,2
2019-08-13,train,train,0.0021528625590522,0.0093284284202633,-0.019244943055815,0.1755191661232402,0.010581051484397069,0.8138997823923626,2
2019-08-14,train,train,-0.0200263887141785,0.0102889152431313,-0.0206942300956747,0.02044847507798961,0.023732784435370552,0.9558187404866396,2
2019-08-15,train,train,-0.0004342519030659,0.0099760405347231,-0.0206942300956747,0.06525140465163545,0.015614430258252232,0.9191341650901124,2
2019-08-16,train,train,0.0176160078217163,0.0105910115456409,-0.0206942300956747,0.028670505056713286,0.02348555290920533,0.9478439420340814,2
2019-08-19,train,train,0.0072283120512322,0.0104198974914777,-0.0206942300956747,0.0659860599154391,0.017324182086136654,0.9166897579984243,2
2019-08-20,train,train,-0.0132554561474334,0.0106114200260626,-0.0206942300956747,0.038445468314158106,0.018787001664520693,0.9427675300213214,2
2019-08-21,train,train,0.009607597805873,0.0105538835035884,-0.0206942300956747,0.06512924931244246,0.01622983042469962,0.9186409202628582,2
2019-08-22,train,train,0.0017109288634833,0.0102409485030162,-0.0206942300956747,0.1408278205234239,0.011530779364335086,0.8476414001122412,2
2019-08-23,train,train,-0.0077048376506798,0.0101067440880011,-0.0202821402937351,0.1644685526810939,0.010669153552741015,0.8248622937661648,2
2019-08-26,train,train,0.0034278652247226,0.0098347605510584,-0.0202821402937351,0.2823565021314041,0.008148723926504921,0.7094947739420908,2
2019-08-27,train,train,0.0057100233427562,0.0096371897452185,-0.0202821402937351,0.40663268962627097,0.006570868178798943,0.58679644219493,2
2019-08-28,train,train,0.0020827678334743,0.0093575197528573,-0.0202821402937351,0.5669196257424134,0.00444156221830394,0.4286388120392829,0
2019-08-29,train,train,0.0053815899306585,0.0091677192354758,-0.0202821402937351,0.6887404022313458,0.003189341271672142,0.30807025649698183,0
2019-08-30,train,train,0.0021128393669323,0.0089034879026767,-0.0202821402937351,0.8013102768700491,0.001901870403501819,0.1967878527264493,0
2019-09-02,train,train,0.0002949342352384,0.0086325540945487,-0.0202821402937351,0.8755242497919106,0.0011029021301699258,0.12337284807791918,0
2019-09-03,train,train,-0.000714883644656,0.0083714033650945,-0.0202821402937351,0.9189983946754404,0.000655872790993554,0.08034573253356604,0
2019-09-04,train,train,0.0053662475893205,0.0082221266977858,-0.0202821402937351,0.9407220563623823,0.0004547414465813388,0.058823202191036345,0
2019-09-05,train,train,0.0152502591321687,0.0088034873546949,-0.0202821402937351,0.8678878172719936,0.0013895677760938584,0.13072261495191237,0
2019-09-06,train,train,-0.0002892303738988,0.0085355916889556,-0.0202821402937351,0.9153287126685818,0.0007507241264724949,0.08392056320494576,0
2019-09-09,train,train,0.0022776902845264,0.0082943485780179,-0.0202821402937351,0.9437815612011099,0.00043180953066572177,0.05578662926822442,0
2019-09-10,train,train,0.007474337864326,0.0082474474126394,-0.0202821402937351,0.9495037239800561,0.0003675290065039385,0.05012874701343999,0
2019-09-11,train,train,-0.0020620256964394,0.0080121334545278,-0.0202821402937351,0.9597948658458362,0.0002494100825562992,0.03995572407160767,0
2019-09-12,train,train,0.0025135121031615,0.0077924123433721,-0.0202821402937351,0.9681483841313876,0.00017394649027817983,0.0316776693783341,0
2019-09-13,train,train,0.0061031995181649,0.0077015148758476,-0.0202821402937351,0.9688569103264993,0.0001591015042876373,0.030983988169212915,0
2019-09-16,train,train,-0.0094449147440607,0.0078170912986406,-0.0202821402937351,0.9433869140190299,0.0003084656550882624,0.056304620325881696,0
2019-09-17,train,train,-0.005294570932163,0.0076891124501042,-0.0202821402937351,0.9460924861188519,0.0003236691205304509,0.05358384476061751,0
2019-09-18,train,train,0.0030494758470937,0.0074922000394175,-0.0202821402937351,0.9603309769085535,0.0002354209911056948,0.039433602100340956,0
2019-09-19,train,train,0.0114820202274327,0.0077894341935085,-0.0202821402937351,0.9412314756213294,0.00040541477461029387,0.05836310960406067,0
2019-09-20,train,train,0.0046956133232994,0.0076392208385813,-0.0202821402937351,0.9554929446848215,0.00029263514631033214,0.04421442016886827,0
2019-09-23,train,train,-0.0093474398026261,0.0077523358525803,-0.0202821402937351,0.9297436005755829,0.00047366502766844253,0.06978273439674877,0
2019-09-24,train,train,0.0027016111712212,0.007545244242313,-0.0202821402937351,0.9515321254765056,0.00031974594911883026,0.04814812857437574,0
2019-09-25,train,train,-0.0036147363362988,0.0073687751466879,-0.0202821402937351,0.9575529792273206,0.00025434621501819365,0.042192674557660986,0
2019-09-26,train,train,0.0048751554833006,0.007243406987867,-0.0202821402937351,0.9646539723514003,0.00020110043495734473,0.03514492721364243,0
2019-09-27,train,train,0.0059408287343748,0.0071719268587624,-0.0202821402937351,0.9670368481045964,0.00017695628870496852,0.03278619560669847,0
2019-09-30,train,train,0.0065658695311255,0.0071370148757991,-0.0202821402937351,0.9672567053742042,0.0001705230260552859,0.03257277159974069,0
2019-10-01,train,train,-0.0085494362577876,0.0072295459108227,-0.0202821402937351,0.9480285874089212,0.0002815258245284705,0.05168988676655059,0
2019-10-02,train,train,-0.0280689722602565,0.009818471686414,-0.0244122885156207,0.07633633496526768,0.024017722924754792,0.8996459421099776,2
2019-10-03,train,train,-0.00112268735754,0.0095233328564986,-0.0244122885156207,0.15323527802142478,0.014890241905126821,0.8318744800734486,2
2019-10-04,train,train,0.0066726187313548,0.0093767620753631,-0.0244122885156207,0.23852233903865988,0.011188918030001061,0.7502887429313388,2
2019-10-07,train,train,0.0091414903440313,0.009362812490886,-0.0244122885156207,0.29707587682494574,0.009978261009986394,0.6929458621650679,2
2019-10-08,train,train,-0.0115658371062468,0.0095093973286016,-0.0244122885156207,0.21344903575798982,0.011932279264623775,0.7746186849773865,2
2019-10-09,train,train,0.0057774844233233,0.0093276834678138,-0.0244122885156207,0.3249871754984121,0.008836007336273877,0.6661768171653142,2
2019-10-10,train,train,0.0124336405200405,0.0095425920555203,-0.0244122885156207,0.2980731548901097,0.010708061318287894,0.6912187837916024,2
2019-10-11,train,train,0.0184353429536224,0.0102951013369881,-0.0244122885156207,0.11110829478706065,0.021411093377583394,0.8674806118353559,2
2019-10-14,train,train,-0.0029480974657985,0.0100075592212384,-0.0244122885156207,0.19163147995562416,0.01362920182120133,0.7947393182231747,2
2019-10-15,train,train,0.0117833936995267,0.0101228982558001,-0.0244122885156207,0.19247082765392295,0.013937867712340655,0.7935913046337363,2
2019-10-16,train,train,0.0032653193168348,0.0098470515163625,-0.0244122885156207,0.3207626536345068,0.00919859920192125,0.6700387471635717,2
2019-10-17,train,train,-0.0049875623184045,0.0096249210295328,-0.0244122885156207,0.41158378994131944,0.007020577854497044,0.5813956322041837,2
2019-10-18,train,train,-0.0010926947727465,0.0093355448393353,-0.0244122885156207,0.5619531573243581,0.004636035574955202,0.43341080710068625,0
2019-10-21,train,train,0.0077407619566969,0.0092476168465514,-0.0244122885156207,0.6495678454035,0.0038857262393830615,0.3465464283571171,0
2019-10-22,train,train,-0.0023532138504736,0.0089844070046802,-0.0212579628563448,0.7564664129538345,0.002443584183641578,0.24109000286252388,0
2019-10-23,train,train,0.0005115644642441,0.008711607025358,-0.0212579628563448,0.8470067226530774,0.001411968106867827,0.1515813092400547,0
2019-10-24,train,train,0.000724277305556,0.0084480794150701,-0.0212579628563448,0.9041544783041788,0.0008128917356871885,0.095032629960134,0
2019-10-25,train,train,0.004080378695558,0.0082514733516555,-0.0205731406971584,0.9350376054024583,0.0005122046102048773,0.06445018998733691,0
2019-10-28,train,train,0.0002968536281299,0.0080004306789878,-0.0204502723739561,0.9545447948616296,0.000309398946320009,0.04514580619205058,0
2019-10-29,train,train,-0.0034938937058816,0.0078037757002627,-0.0204502723739561,0.9597685857448242,0.00023898351217140236,0.03999243074300444,0
2019-10-30,train,train,-0.0123739429033211,0.0081505734796816,-0.0204502723739561,0.897200124806171,0.0007347525792701865,0.10206512261455908,0
2019-10-31,train,train,-0.0029123092528824,0.0079344079726148,-0.0204502723739561,0.9255231893041016,0.000541185467514126,0.07393562522838418,0
2019-11-01,train,train,0.0075865958025058,0.007913970320615,-0.0204502723739561,0.936539485438989,0.00048425612528457684,0.06297625843572628,0
2019-11-04,train,train,0.0094322618146291,0.0080131844130672,-0.0204502723739561,0.9344199371630575,0.000524749618091066,0.06505531321885152,0
2019-11-05,train,train,-0.0009030880537311,0.0077722191846037,-0.0204502723739561,0.9529743320345063,0.00032314811708352434,0.0467025198484102,0
2019-11-06,train,train,-0.0010102997839458,0.0075395086000029,-0.0178994571036703,0.9633065932369422,0.00021647081629792592,0.036476935946759846,0
2019-11-07,train,train,0.0051894621368492,0.0074195262362184,-0.0178994571036703,0.9675149740624619,0.0001760440085992997,0.0323089819289389,0
2019-11-08,train,train,-0.0056896931130529,0.0073272616889927,-0.0178994571036703,0.961963336036612,0.00019224965275843739,0.03784441431062936,0
2019-11-11,train,train,-0.000553736558156,0.0071053385195916,-0.0178994571036703,0.9687246802070402,0.00015384855902154498,0.031121471233938058,0
2019-11-12,train,train,-0.008750944182965,0.0072146674763924,-0.0173362507566081,0.9481666279911629,0.0002725730258677387,0.05156079898296918,0
2019-11-13,train,train,-0.0121291126689929,0.0075996883906807,-0.0175240092775235,0.8831786094226236,0.0008546222159592559,0.1159667683614169,0
2019-11-14,train,train,-0.0023084098206809,0.0073898358013784,-0.0175240092775235,0.9190023792177515,0.000602639965271699,0.08039498081697667,0
2019-11-15,train,train,0.0095581979349738,0.0075375487823895,-0.0175240092775235,0.9194297972641866,0.0006763684884795797,0.07989383424733357,0
2019-11-18,train,train,-0.0003672247039849,0.0073084782538556,-0.0175240092775235,0.9451664171296584,0.0004021814182471636,0.0544314014520945,0
2019-11-19,train,train,0.0001296303222432,0.0070859037084258,-0.0175240092775235,0.9600206261789592,0.00025271586365641714,0.03972665795738435,0
2019-11-20,train,train,-0.0036570811688266,0.0069281948618454,-0.0175240092775235,0.9628052312023224,0.00020643781229583174,0.036988330985382165,0
2019-11-21,train,train,-0.0012365252487701,0.0067239594497981,-0.0175240092775235,0.9685561397867188,0.00015874922770793643,0.0312851109855736,0
2019-11-22,train,train,0.0044074851796434,0.00660791104496,-0.0175240092775235,0.9715249333456295,0.00013592376736341823,0.02833914288700701,0
2019-11-25,train,train,0.007020389245837,0.0066333830723999,-0.0175240092775235,0.9691271480434837,0.0001477839670782152,0.03072506798943806,0
2019-11-26,train,train,0.0005255556939987,0.0064325917990604,-0.0175240092775235,0.9732036121844979,0.00011991597658418115,0.026676471838918258,0
2019-11-27,train,train,0.00405623465843,0.0063152771431184,-0.0175240092775235,0.9744505263177416,0.00010927419242773995,0.025440199489830517,0
2019-11-28,train,train,-0.0003952841165148,0.0061236538800536,-0.0175240092775235,0.975649857300905,9.719950071018764e-05,0.024252943198384936,0
2019-11-29,train,train,-0.0007482230053521,0.0059399308827695,-0.0175240092775235,0.9760793584595215,9.168554229707017e-05,0.02382895599818182,0
2019-12-02,train,train,-0.0211480785474248,0.0077459851364069,-0.0205303312370008,0.5990772755980468,0.003633031258597988,0.39728969314335516,0
2019-12-03,train,train,-0.0022523089966438,0.0075302484911464,-0.0205303312370008,0.7172866371802359,0.0025823816252785892,0.2801309811944853,0
2019-12-04,train,train,0.0146798180530772,0.0081383159979442,-0.0205303312370008,0.5939477762789181,0.0055849090248371895,0.4004673146962445,0
2019-12-05,train,train,-0.002959829079989,0.007923628672295,-0.0205303312370008,0.7057754962592137,0.0033681040938828774,0.29085639964690313,0
2019-12-06,train,train,0.0149577632976086,0.0085112242849233,-0.0205303312370008,0.5692780122354653,0.006755999311501207,0.4239659884530333,0
2019-12-09,train,train,-0.0029994297255034,0.0082845806906123,-0.0205303312370008,0.6848324968571262,0.003912205069099396,0.3112552980737741,0
2019-12-10,train,train,-0.0035875535944183,0.0080801270431646,-0.0205303312370008,0.7709541879032811,0.0024604893395189205,0.2265853227572001,0
2019-12-11,train,train,0.0076308928895134,0.0080538796507728,-0.0205303312370008,0.8239125156770221,0.0018845599808624317,0.1742029243421154,0
2019-12-12,train,train,0.0080590012548357,0.0080541870388581,-0.0205303312370008,0.8594820624786293,0.0014850955843471211,0.13903284193702312,0
2019-12-13,train,train,0.0100042021769476,0.0081843006297014,-0.0205303312370008,0.8651829701934872,0.0014806468215209086,0.13333638298499223,0
2019-12-16,train,train,0.0121491405895717,0.0084746626607436,-0.0205303312370008,0.836321199541895,0.0020057747966715205,0.16167302566143354,0
2019-12-17,train,train,-0.0067058234601845,0.0083790689743758,-0.0205303312370008,0.8505942353235592,0.0016056802726741072,0.14780008440376666,0
2019-12-18,train,train,0.0006133180356833,0.0081251977579306,-0.0205303312370008,0.9062617839154822,0.000854354709661979,0.09288386137485574,0
2019-12-19,train,train,-0.0004781547338879,0.007878542137104,-0.0205303312370008,0.9374836576540347,0.000490143319232164,0.06202619902673299,0
2019-12-20,train,train,0.006043734838112,0.0077806647840246,-0.0205303312370008,0.9501540878036971,0.0003615985023536661,0.049484313693949386,0
2019-12-23,train,train,-0.0016447181065084,0.0075543845329366,-0.0205303312370008,0.9608627552453359,0.00024085766587599147,0.03889638708878819,0
2019-12-24,train,train,0.000227746994393,0.0073244599973507,-0.0205303312370008,0.9686398154492896,0.0001669116617197003,0.031193272888990854,0
2019-12-27,train,train,0.0039974845176705,0.0071685175835568,-0.0152170447065796,0.971977271408386,0.00013504268973168774,0.027887685901882724,0
2019-12-30,train,train,-0.0091027333108028,0.0072990390400842,-0.0152170447065796,0.9491690310983841,0.00025712412376148507,0.050573844777854315,0
2019-12-31,train,train,-0.0066172954582741,0.0072599399863276,-0.0152170447065796,0.9437755670401778,0.0003296198551587722,0.0558948131046636,0
2020-01-02,train,test,0.0147608755945953,0.0079131113847791,-0.0152170447065796,0.881989913093588,0.0010696231173235008,0.11694046378908837,0
2020-01-03,train,test,-0.0046127962303675,0.0077548027198904,-0.0152170447065796,0.9064370862217229,0.0007902827575249507,0.09277263102075224,0
2020-01-06,train,test,-0.0047485964019479,0.0076080021936294,-0.0152170447065796,0.9227997966093495,0.0006094217114072952,0.0765907816792429,0
2020-01-07,train,test,-0.0022001902156519,0.0073958938442001,-0.0152170447065796,0.9436631956971191,0.00040200012700267955,0.0559348041758782,0
2020-01-08,train,test,0.0012102098183916,0.0071767100734019,-0.0152170447065796,0.9596276124762962,0.0002550247372120729,0.04011736278649124,0
2020-01-09,train,test,-0.0010014589783746,0.0069624013554326,-0.0152170447065796,0.9670340707271616,0.000179289265831312,0.0327866400070069,0
2020-01-10,train,test,-0.0008561759153297,0.0067535555752479,-0.0152170447065796,0.9712736814586489,0.00013758381187670932,0.028588734729474142,0
2020-01-13,train,test,-0.003107021591943,0.0065918963222924,-0.0152170447065796,0.9708655674985881,0.00012880826532390906,0.029005624236087924,0
2020-01-14,train,test,-0.0016359506776465,0.0064036311084885,-0.0152170447065796,0.9726514635793175,0.00011710310882887294,0.027231433311853223,0
2020-01-15,train,test,-0.0017436568887293,0.0062232244256433,-0.0152170447065796,0.973544787119709,0.00010935650927526462,0.026345856371015896,0
2020-01-16,train,test,0.0063717640527732,0.0062322366406821,-0.0152170447065796,0.9716713513879214,0.0001236730446988209,0.02820497556737954,0
2020-01-17,train,test,0.0113017652485275,0.0066463614855575,-0.0152170447065796,0.953383836236313,0.00025390010330688956,0.046362263660380335,0
2020-01-20,train,test,-0.0023267729334861,0.0064690421295536,-0.0152170447065796,0.9615717264623893,0.00020904119808736694,0.03821923233952347,0
2020-01-21,train,test,-0.0049299274178027,0.0063871626541205,-0.0152170447065796,0.9602682792931794,0.00021044774228014056,0.03952127296454059,0
2020-01-22,train,test,-0.0039196932514991,0.0062665728811792,-0.0152170447065796,0.9622997111516851,0.00019670715070853098,0.03750358169760605,0
2020-01-23,train,test,-0.0057825026513456,0.006238587961181,-0.0152170447065796,0.9577930519205188,0.00022287826979719132,0.04198406980968405,0
2020-01-24,train,test,0.0045596368402053,0.0061507884251779,-0.0152170447065796,0.9652389820237647,0.00018765485349539143,0.03457336312273969,0
2020-01-27,train,test,-0.0206787900587004,0.0078242576551218,-0.017985327091706,0.5763936482286484,0.004777591503454579,0.41882876026789706,0
2020-01-28,train,test,0.012509156577517,0.0081813573005558,-0.017985327091706,0.5329013549528097,0.006485176520711393,0.46061346852647916,0
2020-01-29,train,test,0.0065682887742628,0.0080936441661296,-0.017985327091706,0.6440876805652271,0.004433632275670773,0.35147868715910185,0
2020-01-30,train,test,-0.0072327515420597,0.0080445890526986,-0.017985327091706,0.6705375687927961,0.003854185039229875,0.32560824616797374,0
2020-01-31,train,test,-0.0116738206553066,0.0083071760283941,-0.017985327091706,0.5464145347201024,0.006016524738815104,0.4475689405410824,0
2020-02-03,train,test,0.0039205917855259,0.0081111580893018,-0.017985327091706,0.684969466844206,0.0036093266184530487,0.3114212065373406,0
2020-02-04,train,test,0.0166814841059737,0.0088622653500862,-0.017985327091706,0.4651365470800834,0.009393638983773055,0.5254698139361437,2
2020-02-05,train,test,0.0160681661160497,0.0094508475835343,-0.017985327091706,0.2893656655344408,0.01574632523543332,0.6948880092301258,2
2020-02-06,train,test,0.0095755274224307,0.0094583747213476,-0.017985327091706,0.3418523806606124,0.012332479254389163,0.6458151400849984,2
2020-02-07,train,test,-3.0557548351383464e-05,0.0091702375788792,-0.017985327091706,0.4985992847068775,0.006958414309251407,0.4944423009838708,0
2020-02-10,train,test,0.0005095022273565,0.0088917510856458,-0.0178335630871439,0.651558339124722,0.003985492540061492,0.3444561683352166,0
2020-02-11,train,test,0.0067618880993952,0.0087785437839691,-0.0178335630871439,0.741393751264938,0.0028684070521009025,0.25573784168296104,0
2020-02-12,train,test,0.0058317050962113,0.0086301557441792,-0.0178335630871439,0.8201442079593713,0.0018810355016887677,0.1779747565389399,0
2020-02-13,train,test,-0.0030831538097104,0.0084012596152912,-0.0178335630871439,0.8740439699517059,0.0011745963647842592,0.12478143368351019,0
2020-02-14,train,test,0.0047315684223185,0.0082273663902986,-0.0178335630871439,0.9151563332977194,0.0007382026926922472,0.08410546400958882,0
2020-02-17,train,test,0.0065469367061616,0.008136333761042,-0.0178335630871439,0.9342426356615946,0.0005410266654270427,0.0652163376729785,0
2020-02-18,train,test,-0.0016377465838605,0.0078986621828753,-0.0178335630871439,0.9516809546685955,0.00033748233103589385,0.047981563000368814,0
2020-02-19,train,test,0.0077453976622639,0.0078895502735726,-0.0178335630871439,0.953874360581974,0.00031191116811211776,0.04581372824991385,0
2020-02-20,train,test,-0.0152491250801685,0.0085124880176546,-0.0190253312287645,0.816354555469242,0.0016842700353921283,0.18196117449536614,0
2020-02-21,train,test,-0.0045213128558438,0.0083271388430898,-0.0190253312287645,0.8598515919569705,0.0012542617614899805,0.13889414628153923,0
2020-02-24,train,test,-0.0415864186231376,0.0129979452094283,-0.0278044290764209,4.524442098100941e-05,0.2070595405087493,0.7928952150702698,2
2020-02-25,train,test,-0.0248434332841993,0.0139943401247808,-0.0291926434849205,0.00024055156802398173,0.3070029490501242,0.692756499381852,2
2020-02-26,train,test,0.0071091879792029,0.0136793090256703,-0.0291926434849205,0.020793112227865444,0.18960544797093387,0.7896014398012008,2
2020-02-27,train,test,-0.0361624755023053,0.0159486539796275,-0.0341974424698807,2.9597503975148855e-06,0.6187332986128078,0.3812637416367947,1
2020-02-28,train,test,-0.0296705601649108,0.0170856231483124,-0.0358064847634512,1.0171075014681293e-05,0.8114927597792697,0.18849706914571543,1
2020-03-02,train,test,0.0020956341855391,0.0165730778138087,-0.0358064847634512,0.009809497930732592,0.6409178502877373,0.34927265178153033,1
2020-03-03,train,test,0.0079871912770919,0.0161868652678341,-0.0358064847634512,0.03012563418022335,0.4744591338813881,0.49541523193838854,2
2020-03-04,train,test,0.0111052505500594,0.0159277533303931,-0.0358064847634512,0.046747471004982305,0.3511975415457553,0.6020549874492622,2
2020-03-05,train,test,-0.0258071504042098,0.0166862898004244,-0.0358064847634512,0.0006589915701182092,0.5130263697853493,0.4863146386445324,1
2020-03-06,train,test,-0.0360444207809346,0.0184303648209011,-0.0379311049687925,4.4647502741539234e-07,0.8684906702132879,0.13150888331168467,1
2020-03-09,train,test,-0.0829730837942952,0.0270623281453338,-0.0535739926399126,6.068381228142646e-29,0.9999995929976735,4.070023265015719e-07,1
2020-03-10,train,test,-0.0325931201138926,0.0274256470678906,-0.0535739926399126,3.0115458887553876e-10,0.9913799600551153,0.008620039643730017,1
2020-03-11,train,test,-0.0033696187476549,0.026602958668111,-0.0535739926399126,0.0004510718659816281,0.9187040987207269,0.08084482941329163,1
2020-03-12,train,test,-0.1515117593801165,0.0451951674311633,-0.0920237539325164,3.1001003785157944e-89,0.9999999999999999,2.8444736049538244e-21,1
2020-03-13,train,test,0.0366693970214195,0.0447294718307505,-0.0920237539325164,9.83450828363157e-11,0.9952552413835418,0.004744758518113231,1
2020-03-16,train,test,-0.082076050293511,0.047800322102988,-0.1055202978226409,6.994266657043903e-30,0.9999998834705381,1.1652946188402132e-07,1
2020-03-17,train,test,0.0621029460499834,0.0487768910453062,-0.1055202978226409,7.622583979148924e-20,0.9999693905572675,3.06094427324328e-05,1
2020-03-18,train,test,-0.0350298001660484,0.0480630753075927,-0.1055202978226409,9.932159641646247e-11,0.9937765481802054,0.00622345172047301,1
2020-03-19,train,test,0.0190999135282642,0.0468331512643465,-0.1055202978226409,2.534023757811838e-05,0.9611008091922425,0.038873850570179114,1
2020-03-20,train,test,0.0073993065187884,0.0454425835326926,-0.1055202978226409,0.0017424856831652477,0.8766451279568823,0.12161238635995231,1
2020-03-23,train,test,-0.0336323345583839,0.0448218108727105,-0.1055202978226409,5.481808427677509e-07,0.9636465579358837,0.036352893883273715,1
2020-03-24,train,test,0.0752777926450962,0.0472065653277758,-0.1055202978226409,9.618074652715318e-24,0.999998317428861,1.6825711390117238e-06,1
2020-03-25,train,test,0.0329612629880853,0.0464751429573812,-0.1055202978226409,8.490762769643352e-10,0.9920491626001325,0.007950836550791185,1
2020-03-26,train,test,0.0129943000630146,0.0451716026744916,-0.1055202978226409,0.00015067304987561236,0.9408995464940201,0.0589497804561044,1
2020-03-27,train,test,-0.0369745170049737,0.0447221663312084,-0.1055202978226409,1.9851787855917925e-08,0.9869396804166246,0.013060299731587349,1
2020-03-30,train,test,-0.0175628502921135,0.043572641121441,-0.1055202978226409,4.285377233445092e-05,0.948766963594064,0.051190182633601644,1
2020-03-31,train,test,0.0186687759698497,0.0424920221078353,-0.1055202978226409,0.00024642834990491535,0.9169736207616538,0.08277995088844162,1
2020-04-01,train,test,-0.0308296898045648,0.0418839565066475,-0.1055202978226409,1.1221904377314044e-06,0.9624480579535717,0.03755081985599041,1
2020-04-02,train,test,-0.0008058395064884,0.0406084821992931,-0.1055202978226409,0.0021818261683833827,0.8659317381236599,0.1318864357079564,1
2020-04-03,train,test,0.0011401902903188,0.0393723748200737,-0.1055202978226409,0.014168687637677629,0.7119145468005469,0.27391676556177574,1
2020-04-06,train,test,0.0391382688375898,0.0393583677289879,-0.1055202978226409,4.218058498456679e-07,0.9621793627587789,0.03782021543537128,1
2020-04-07,train,test,0.0227796619845333,0.0385651529710515,-0.1055202978226409,4.468167562649026e-05,0.9492036575621716,0.05075166076220207,1
2020-04-08,train,test,-0.0071952317781066,0.0374318186023629,-0.1055202978226409,0.0017800159431002839,0.8569240384878817,0.14129594556901803,1
2020-04-09,train,test,0.0169447649942433,0.0365280725591975,-0.1055202978226409,0.0018044447865246062,0.8117657781343318,0.1864297770791433,1
2020-04-14,train,test,0.0053599766492884,0.0354396083609491,-0.1055202978226409,0.01331591003765621,0.6520677360212171,0.33461635394112677,1
2020-04-15,train,test,-0.0385907028505371,0.0356365322544256,-0.1055202978226409,1.5352273484288625e-07,0.945125505130727,0.054874341346538305,1
2020-04-16,train,test,-0.0111889217928081,0.0346594316673919,-0.1055202978226409,0.0009236772383972235,0.8687467383782256,0.13032958438337733,1
2020-04-17,train,test,0.016482264258936,0.0338452291084326,-0.1055202978226409,0.0015256482659182983,0.8188797583953389,0.17959459333874273,1
2020-04-20,train,test,-0.0064637032170844,0.0328523413009616,-0.1055202978226409,0.008931929622645728,0.6681569738511884,0.3229110965261658,1
2020-04-21,train,test,-0.0292006874344365,0.0326447631024671,-0.1055202978226409,2.7581626837458244e-05,0.8362930106764329,0.16367940769672948,1
2020-04-22,train,test,0.0127147817602074,0.0318031392325947,-0.1055202978226409,0.0030714056977395945,0.7431614600276395,0.25376713427462055,1
2020-04-23,train,test,0.0039654887665285,0.0308495833231891,-0.1055202978226409,0.020174390610828687,0.560191705377702,0.41963390401146927,1
2020-04-24,train,test,-0.0198503716523133,0.0303024292594772,-0.1055202978226409,0.002553812016739985,0.5741194975753335,0.4233266904079265,1
2020-04-27,train,test,0.0176690577841985,0.0296963755711528,-0.1055202978226409,0.003410232741420868,0.5418818215711647,0.45470794568741457,1
2020-04-28,train,test,0.0154187249868749,0.0290383619295655,-0.1055202978226409,0.006511832551377867,0.47247355513281236,0.52101461231581,2
2020-04-29,train,test,0.0315745654678681,0.0291967475381826,-0.1055202978226409,3.423811645105038e-05,0.7633229379674091,0.23664282391613958,1
2020-04-30,train,test,-0.0190877723411843,0.0286908286038728,-0.1055202978226409,0.0004740091522967317,0.742948329716799,0.25657766113090397,1
2020-05-04,train,test,-0.0366335952004083,0.0292283260734623,-0.1055202978226409,1.2594823602417622e-07,0.9486694402839172,0.051330433767846614,1
2020-05-05,train,test,0.0110872740896876,0.0284677537076186,-0.1055202978226409,0.0013388428844875067,0.8739646508136006,0.12469650630191159,1
2020-05-06,train,test,-0.0113270057319,0.0277396157979739,-0.1055202978226409,0.003203514351696273,0.775878434140189,0.22091805150811505,1
2020-05-07,train,test,0.008834120484553,0.0269814678738238,-0.1055202978226409,0.013226570755894038,0.6323797128485417,0.354393716395564,1
2020-05-08,train,test,0.0077253892153827,0.026227857907583,-0.1055202978226409,0.03749266422567142,0.46251268316589567,0.499994652608433,2
2020-05-11,train,test,-0.0164845690925274,0.0257474456924395,-0.1055202978226409,0.011585445060838606,0.4232949231573957,0.5651196317817656,2
2020-05-12,train,test,0.0134725775785494,0.0251802645518393,-0.1055202978226409,0.01746296437304077,0.33564257049974466,0.6468944651272147,2
2020-05-13,train,test,-0.0196063189098508,0.0248810659739141,-0.1055202978226409,0.0029096948985807706,0.3488472611615725,0.6482430439398466,2
2020-05-14,train,test,-0.0130228454552651,0.0243330858623289,-0.1055202978226409,0.007380226409565296,0.2647591170438954,0.7278606565465394,2
2020-05-15,train,test,-0.0108599347437522,0.0237413018700908,-0.1055202978226409,0.015123898045732427,0.18105650007087767,0.8038196018833901,2
2020-05-18,train,test,0.0459406746056845,0.0256215375145812,-0.1055202978226409,1.8204340073603634e-08,0.888378234618503,0.11162174717715694,1
2020-05-19,train,test,-0.0254263209422986,0.0256098664841126,-0.1055202978226409,1.877405571086318e-05,0.9159390139399123,0.08404221200437652,1
2020-05-20,train,test,0.011209277117172,0.0249810371935074,-0.1055202978226409,0.002137429038663437,0.8302471288036699,0.1676154421576666,1
2020-05-21,train,test,0.0003739799685283,0.0242201874015997,-0.1055202978226409,0.015411207580200734,0.6617958020501403,0.32279299036965897,1
2020-05-22,train,test,0.0017035633189225,0.0234860502592792,-0.1055202978226409,0.055767013228695865,0.45665476910349856,0.48757821766780557,2
2020-05-25,train,test,0.0235065096814116,0.0234872783271847,-0.1055202978226409,0.004244144355030266,0.5732799887517843,0.42247586689318556,1
2020-05-26,train,test,0.0212262907048346,0.0233577917117756,-0.1055202978226409,0.0014785528450149028,0.6109145254464323,0.3876069217085527,1
2020-05-27,train,test,0.0240659499834511,0.0234008855505087,-0.1055202978226409,0.00039596987712910885,0.7014902871443657,0.2981137429785051,1
2020-05-28,train,test,0.0068895994770707,0.0227506780719256,-0.1055202978226409,0.012093644857859126,0.5320685518121473,0.4558378033299935,1
2020-05-29,train,test,-0.0178209675262197,0.0224853944724723,-0.1055202978226409,0.003424158084985235,0.5045967463494183,0.4919790955655963,1
2020-06-01,train,test,0.0174471216442566,0.0222153440200213,-0.1055202978226409,0.004332831268058579,0.4714105410450513,0.5242566276868901,2
2020-06-02,train,test,0.025525182953784,0.0224277131518501,-0.1055202978226409,0.0004066343904212534,0.6145863146985077,0.3850070509110713,1
2020-06-03,train,test,0.0290418900369891,0.0228785502338676,-0.1055202978226409,4.454298598900441e-05,0.8021425218568712,0.1978129351571395,1
2020-06-04,train,test,-0.0078456683946043,0.0222646726432003,-0.0907261708413881,0.005491236046357645,0.6566480830155392,0.33786068093810323,1
2020-06-05,train,test,0.0396181577645608,0.023667458978813,-0.0907261708413881,1.9767165036373162e-07,0.954559945919456,0.04543985640889371,1
2020-06-08,train,test,0.0029805902968029,0.0229580646561075,-0.0907261708413881,0.0026235954026939353,0.8547229210510258,0.14265348354628032,1
2020-06-09,train,test,-0.0183794307230473,0.0227093940300258,-0.0525470900496739,0.0007425250495966628,0.8235451899753127,0.17571228497509084,1
2020-06-10,train,test,-0.0114685685115559,0.0221960642096874,-0.0525470900496739,0.0032737239363855083,0.71437142735431,0.28235484870930444,1
2020-06-11,train,test,-0.0516648806343936,0.0249651946492412,-0.0424100334966348,2.0624004822220744e-12,0.9957072339716612,0.004292766026276699,1
2020-06-12,train,test,0.0020177754127122,0.0242096999630107,-0.0424100334966348,0.0002674808045580877,0.9256071044169573,0.0741254147784849,1
2020-06-15,train,test,-0.0045904960524856,0.0234990926889004,-0.0424100334966348,0.003965310742140415,0.8111963692805911,0.18483831997726835,1
2020-06-16,train,test,0.0319927528297794,0.0240932996865743,-0.0424100334966348,9.160818619702543e-06,0.935902433062134,0.06408840611924635,1
2020-06-17,train,test,-0.0022171251736093,0.0233656329476003,-0.0424100334966348,0.0034354147407413883,0.8226898161457175,0.17387476911354094,1
2020-06-18,train,test,-0.0119041815844276,0.0228407138069537,-0.0424100334966348,0.005132780870264267,0.718668280845907,0.27619893828382863,1
2020-06-19,train,test,0.0032422820771559,0.0221591303611529,-0.0424100334966348,0.026967053501639828,0.5279050949268056,0.44512785157155466,1
2020-06-22,train,test,-0.0092819720984426,0.0216040444181868,-0.0424100334966348,0.03843745178821914,0.38133546356555054,0.5802270846462304,2
2020-06-23,train,test,0.0125406242248689,0.0211699477199773,-0.0424100334966348,0.04592572600091559,0.28932668570383857,0.6647475882952457,2
2020-06-24,train,test,-0.0331999281974285,0.0220773820734579,-0.042296392895113,2.1393760199033195e-05,0.6552754066903179,0.3447031995494831,1
2020-06-25,train,test,0.0103416986760582,0.0215541920552541,-0.042296392895113,0.008647681672925215,0.5149900485713457,0.47636226975572926,1
2020-06-26,train,test,-0.0127210259066193,0.0211285984734554,-0.042296392895113,0.010028801295848636,0.4075011861189191,0.5824700125852326,2
2020-06-29,train,test,0.0137933491543384,0.0207616955448962,-0.042296392895113,0.015447074043288628,0.32581212384430913,0.6587408021124025,2
2020-06-30,train,test,-0.0064372110099897,0.0201908737532642,-0.042296392895113,0.03821948899811936,0.19856143666276152,0.7632190743391193,2
2020-07-01,train,test,-0.0005532962840731,0.0195762475503278,-0.042296392895113,0.09784868894465366,0.10356768913159235,0.7985836219237542,2
2020-07-02,train,test,0.036837004216666,0.0210155559727106,-0.042296392895113,3.6077294722417465e-05,0.5100036461650975,0.4899602765401802,1
2020-07-03,train,test,-0.0127634881078352,0.0206138005955315,-0.042296392895113,0.004938558719995247,0.4015077189561069,0.593553722323898,2
2020-07-06,train,test,0.0204155828015401,0.0206019613085839,-0.042296392895113,0.0025473467643406258,0.42965292943622185,0.5677997237994372,2
2020-07-07,train,test,-0.0145034790904271,0.0202878144588901,-0.042296392895113,0.004818976523689017,0.35209345240499096,0.6430875710713203,2
2020-07-08,train,test,-0.0163807154864193,0.0200748439839036,-0.042296392895113,0.0039013392210770475,0.30912777679992665,0.6869708839789963,2
2020-07-09,train,test,-0.0122913251773548,0.0196947708744305,-0.0404994680107434,0.009396240636031485,0.22574646304938822,0.7648572963145803,2
2020-07-10,train,test,0.0115676788324117,0.0193038760725075,-0.0404994680107434,0.02310800693863486,0.15769012843548583,0.8192018646258793,2
2020-07-13,train,test,0.014347927814437,0.0190429261273435,-0.0404994680107434,0.024430079794573296,0.12602222615865347,0.849547694046773,2
2020-07-14,train,test,-0.0101361460074383,0.0186289973083636,-0.0404994680107434,0.03166820079858239,0.08267922955636323,0.8856525696450543,2
2020-07-15,train,test,0.0182759469340477,0.018608003182832,-0.0404994680107434,0.014095192735454011,0.08843957445475077,0.897465232809795,2
2020-07-16,train,test,-0.0017243211655186,0.0180460719413965,-0.0404994680107434,0.05204497017302967,0.04751535124718203,0.9004396785797881,2
2020-07-17,train,test,-0.0045994131063909,0.0175325510356768,-0.0404994680107434,0.09720810597631314,0.027729647911283496,0.8750622461124034,2
2020-07-20,train,test,0.0050407788393976,0.017043224229821,-0.0404994680107434,0.17886920440827497,0.01718374839873485,0.8039470471929899,2
2020-07-21,train,test,0.0022040416335913,0.0165328361326917,-0.0404994680107434,0.3069429786648613,0.01052584862588902,0.6825311727092495,2
2020-07-22,train,test,-0.0140281383057583,0.0163933495727548,-0.0404994680107434,0.1517837866527088,0.015137531138396224,0.8330786822088949,2
2020-07-23,train,test,-0.0007039181762741,0.0158948773398727,-0.0404994680107434,0.26437543102195094,0.009965794351042178,0.7256587746270067,2
2020-07-24,train,test,-0.0122892778603472,0.0157019068628735,-0.0404994680107434,0.16997333090007463,0.012693543212780682,0.8173331258871448,2
2020-07-27,train,test,-0.0171587371084016,0.0157931067852986,-0.0367637099247069,0.04116939268458379,0.02088134016714221,0.9379492671482742,2
2020-07-28,train,test,0.0105154336055609,0.0155271165787699,-0.0367637099247069,0.06204847609610005,0.018164262697290594,0.9197872612066093,2
2020-07-29,train,test,-0.0055629866502441,0.0151156434703891,-0.0367637099247069,0.1022123535566801,0.013619086723991702,0.8841685597193282,2
2020-07-30,train,test,-0.0295174629631714,0.016341681494247,-0.0381274239316644,0.0004396740857260672,0.06547349903156639,0.9340868268827076,2
2020-07-31,train,test,-0.0171836713857945,0.0163934204653436,-0.0381274239316644,0.0031709218538150895,0.06483714205828425,0.9319919360879007,2
2020-08-03,train,test,0.0140916683633466,0.0162645039123881,-0.0381274239316644,0.012713790026246655,0.05398311682273435,0.9333030931510189,2
2020-08-04,train,test,0.0066587984963182,0.0158531516775055,-0.0381274239316644,0.044784142156891624,0.03327824352470525,0.9219376143184032,2
2020-08-05,train,test,0.0025744571662878,0.0153831317619482,-0.0381274239316644,0.10735576454514795,0.019848839503156468,0.8727953959516956,2
2020-08-06,train,test,-0.0116878927248292,0.0151867938821187,-0.0381274239316644,0.07708899393899458,0.01884376124165868,0.9040672448193465,2
2020-08-07,train,test,-0.0010640912101958,0.0147264497866627,-0.0381274239316644,0.15441114768599012,0.012551268962062285,0.8330375833519477,2
2020-08-10,train,test,0.0147670420802308,0.014728888479037,-0.0381274239316644,0.1054240725758589,0.01674436186845512,0.8778315655556858,2
2020-08-11,train,test,0.0292811648155601,0.0159802047313417,-0.0381274239316644,0.0015221959925499648,0.07416725088276974,0.9243105531246802,2
2020-08-12,train,test,0.004464446441229,0.015531928521013,-0.0381274239316644,0.03084163318254526,0.042263523152355036,0.9268948436650994,2
2020-08-13,train,test,-0.0062558207662173,0.0151365277714041,-0.0381274239316644,0.058865658181327364,0.02662386385528313,0.9145104779633894,2
2020-08-14,train,test,-0.0133568847661806,0.015035690434278,-0.0381274239316644,0.034374077165484754,0.02542143115738002,0.940204491677135,2
2020-08-17,train,test,-0.0090140886490996,0.0147439104472234,-0.0381274239316644,0.046154411445734685,0.019748686038497793,0.9340969025157676,2
2020-08-18,train,test,-0.0065942528723081,0.0143857211086492,-0.0381274239316644,0.07476272877287084,0.015040505001054704,0.9101967662260743,2
2020-08-19,train,test,0.0071864114666629,0.0140581187963744,-0.0381274239316644,0.12982075777399063,0.012372201916835253,0.8578070403091741,2
2020-08-20,train,test,-0.0143390972689558,0.0140751356823553,-0.0381274239316644,0.05744992377199819,0.01655644630277033,0.9259936299252315,2
2020-08-21,train,test,-0.0016027748053115,0.0136519965951029,-0.0381274239316644,0.12177375741497667,0.011848788437187029,0.8663774541478364,2
2020-08-24,train,test,0.0180259221506306,0.0139531509894208,-0.0381274239316644,0.04621879825767878,0.020890643103781685,0.9328905586385396,2
2020-08-25,train,test,-9.849767020453108e-05,0.0135281033145457,-0.0381274239316644,0.10869278076197467,0.013863105777576606,0.8774441134604488,2
2020-08-26,train,test,0.0020518154051704,0.0131256086075692,-0.0381274239316644,0.20769944872481927,0.00994921081303542,0.7823513404621454,2
2020-08-27,train,test,-0.0045448911743558,0.0127743519360926,-0.0381274239316644,0.29340862586845057,0.008047966604935048,0.6985434075266146,2
2020-08-28,train,test,0.00594780947404,0.0124705897854228,-0.0381274239316644,0.41576476676317947,0.006513925019536997,0.5777213082172834,2
2020-08-31,train,test,-0.023188417108097,0.0133583993913665,-0.0381274239316644,0.024468394802019133,0.028312170681792568,0.9472194345161883,2
2020-09-01,train,test,-0.0018095273987163,0.0129590311214113,-0.0381274239316644,0.06900481870000537,0.01784045007899768,0.9131547312209968,2
2020-09-02,train,test,0.0057332210761089,0.0126424874049301,-0.0381274239316644,0.13270846461758293,0.013187083441398309,0.8541044519410187,2
2020-09-03,train,test,0.0012997449100983,0.0122614802828479,-0.0286352694228989,0.24316621880557807,0.009318636753060829,0.7475151444413609,2
2020-09-04,train,test,-0.0023292599626337,0.01190162980106,-0.0286352694228989,0.366921188596434,0.0069204389080511,0.6261583724955148,2
2020-09-07,train,test,0.0129351356459261,0.0119661576312908,-0.0286352694228989,0.3201333341826109,0.009635855688609437,0.6702308101287794,2
2020-09-08,train,test,-0.0179119750831811,0.0124035448091389,-0.0286352694228989,0.0722459505331258,0.020235865721764328,0.9075181837451095,2
2020-09-09,train,test,0.0094305756635799,0.0122455377114755,-0.0286352694228989,0.10586482154612509,0.016591492670698583,0.8775436857831763,2
2020-09-10,train,test,-0.003095516324094,0.0118966774979967,-0.0286352694228989,0.18277639640940513,0.011559154921198533,0.8056644486693965,2
2020-09-11,train,test,-0.0080330932369536,0.0117008937512942,-0.0286352694228989,0.2008701422121627,0.010611187613904845,0.7885186701739323,2
2020-09-14,train,test,0.0011371430051824,0.0113478564212447,-0.0286352694228989,0.3358695637927374,0.007533741778611987,0.6565966944286509,2
2020-09-15,train,test,0.0121398923921907,0.0113969308971053,-0.0286352694228989,0.31688778312201754,0.009498810421363288,0.6736134064566194,2
2020-09-16,train,test,0.0105749007240592,0.0113492882314448,-0.0235392850514831,0.34376383644387437,0.009516579907455318,0.6467195836486703,2
2020-09-17,train,test,-0.0034654693236646,0.0110362371946593,-0.0235392850514831,0.46404181998727057,0.00648472704360345,0.5294734529691257,2
2020-09-18,train,test,-0.0223183337036489,0.0120157022553915,-0.0250080712583057,0.03845174779112938,0.026896329145652917,0.9346519230632178,2
2020-09-21,train,test,-0.0348733419896188,0.0144458808502736,-0.0291930740202957,1.613444169033471e-05,0.17516991261624756,0.8248139529420622,2
2020-09-22,train,test,-0.0065512617059983,0.0140974326359204,-0.0291930740202957,0.018518093744076966,0.1022141583942067,0.8792677478617164,2
2020-09-23,train,test,0.0008419427284075,0.0136695238601178,-0.0291930740202957,0.06325284007267426,0.05394836818104843,0.8827987917462774,2
2020-09-24,train,test,-0.0016243976754149,0.0132590666970591,-0.0291930740202957,0.13192311174719365,0.029035389795758395,0.8390414984570481,2
2020-09-25,train,test,-0.0022755343332569,0.0128672204491315,-0.0291930740202957,0.22687243003508076,0.0165296321583914,0.7565979378065276,2
2020-09-28,train,test,0.0243234986842326,0.0138249555390196,-0.0291930740202957,0.01829699546404147,0.04784443084679897,0.9338585736891596,2
2020-09-29,train,test,-0.0115364959545887,0.0136984333502459,-0.0291930740202957,0.021585633376519833,0.036353533486182345,0.9420608331372977,2
2020-09-30,train,test,0.0004467543307275,0.0132815747199639,-0.0291930740202957,0.0682781095269532,0.021518772649345225,0.9102031178237017,2
2020-10-01,train,test,0.002097090496456,0.0128872060871426,-0.0291930740202957,0.1457812654064814,0.013912857057087388,0.8403058775364314,2
2020-10-02,train,test,0.0035297702745957,0.0125244893141405,-0.0291930740202957,0.2564764440044332,0.009759689588847442,0.7337638664067194,2
2020-10-05,train,test,0.0122717032418512,0.0125094662017443,-0.0291930740202957,0.24034854036086145,0.011545415668085354,0.7481060439710533,2
2020-10-06,train,test,0.0142734496149345,0.0126222589819743,-0.0291930740202957,0.17613511072522542,0.015160292012203584,0.8087045972625713,2
2020-10-07,train,test,-0.0037699786970993,0.0122725262624345,-0.0291930740202957,0.2672112597716065,0.01038032851953276,0.722408411708861,2
2020-10-08,train,test,0.0118968967663411,0.0122503133009142,-0.0291930740202957,0.2600841057634126,0.011531233107556894,0.7283846611290304,2
2020-10-09,train,test,-0.0060098868074232,0.0119680027481031,-0.0291930740202957,0.32494667101312613,0.008962880169471868,0.6660904488174021,2
2020-10-12,train,test,1.440057214551064e-05,0.0116034097072574,-0.0291930740202957,0.47999837134388623,0.005853363145678561,0.5141482655104354,2
2020-10-13,train,test,-0.0109647716714911,0.0115660858933731,-0.0291930740202957,0.3883338824596812,0.007871449181443085,0.6037946683588755,2
2020-10-14,train,test,0.0060035710801837,0.0113097504067154,-0.0291930740202957,0.5159413920094236,0.005749877277303249,0.4783087307132731,0
2020-10-15,train,test,-0.0145342086470728,0.0115286781664797,-0.0291930740202957,0.27256504645434126,0.011477027895183721,0.7159579256504747,2
2020-10-16,train,test,0.0048147593286932,0.0112395155364404,-0.0291930740202957,0.40664492825333504,0.007775113828203541,0.5855799579184616,2
2020-10-19,train,test,0.0015317400934771,0.0109035719187379,-0.0291930740202957,0.5677685196445201,0.004835998520422739,0.4273954818350571,0
2020-10-20,train,test,0.0097334743976078,0.010836929416712,-0.0291930740202957,0.6106130401116602,0.0047624236119502145,0.3846245362763895,0
2020-10-21,train,test,-0.0168577384757683,0.0112890964041802,-0.0291930740202957,0.24340170178257023,0.013849635609400342,0.7427486626080292,2
2020-10-22,train,test,-0.0021898587152023,0.0109583212508602,-0.0267933642671215,0.3693843468223988,0.008726691271658066,0.6218889619059434,2
2020-10-23,train,test,0.0141419164298304,0.0111749427012996,-0.0267933642671215,0.2821515071121614,0.012345652098378904,0.7055028407894597,2
2020-10-26,train,test,-0.0140978064232025,0.0113715202357229,-0.0267933642671215,0.13608025285144495,0.016717665175389022,0.8472020819731658,2
2020-10-27,train,test,-0.0216543165958278,0.012234678163201,-0.0267933642671215,0.009713184701370219,0.035028436439100016,0.9552583788595298,2
2020-10-28,train,test,-0.0269563708036652,0.0135758927657065,-0.0283393766337936,0.00023843758732279723,0.08766265035385587,0.9120989120588214,2
2020-10-29,train,test,-0.0097159118323929,0.0133757433096967,-0.0283393766337936,0.013393966620700451,0.057370536699257596,0.9292354966800422,2
2020-10-30,train,test,0.006281175909806,0.0130592139422814,-0.0283393766337936,0.04690174631773568,0.03469398948756979,0.9184042641946948,2
2020-11-02,train,test,0.0204642738529696,0.0136175502540883,-0.0283393766337936,0.011400725463759042,0.0509322277928771,0.9376670467433638,2
2020-11-03,train,test,0.0248940662505058,0.0145428431366201,-0.0283393766337936,0.0013733854441221709,0.09854275710104371,0.900083857454834,2
2020-11-04,train,test,0.0044777559853933,0.0141424059914302,-0.0283393766337936,0.030191577026887996,0.05513399769442597,0.9146744252786858,2
2020-11-05,train,test,0.0207652658593849,0.0146246013403959,-0.0283393766337936,0.007598349175072117,0.07497913553741219,0.917422515287516,2
2020-11-06,train,test,-0.0078002356533091,0.0143072305873082,-0.0283393766337936,0.025310596655779134,0.04640191098793217,0.9282874923562888,2
2020-11-09,train,test,0.0822526544466921,0.0244610912688972,-0.0283393766337936,1.0484642135237553e-24,0.999957509016749,4.24909832513935e-05,1
2020-11-10,train,test,0.0332247718528856,0.025073440425717,-0.0283393766337936,1.1328802915400188e-09,0.9923122986444053,0.0076877002227145755,1
2020-11-11,train,test,0.0106159993011362,0.0244482869822154,-0.0283393766337936,0.00022363243819160616,0.93457746136168,0.06519890620012848,1
2020-11-12,train,test,-0.0087244758448933,0.0237996344700704,-0.0283393766337936,0.0020548420273891147,0.8413406278290161,0.15660453014359474,1
2020-11-13,train,test,0.0074405643933125,0.0231464676519742,-0.0283393766337936,0.01088779880517313,0.7033904127928371,0.28572178840198975,1
2020-11-16,train,test,0.0256832479729818,0.0233064622039587,-0.0283393766337936,0.0004006542175963552,0.8068845225985077,0.19271482318389563,1
2020-11-17,train,test,-0.0065199679007472,0.0226528212044833,-0.0283393766337936,0.007069617528541979,0.6534586077982658,0.33947177467319234,1
2020-11-18,train,test,0.0059312550127596,0.0220107264117415,-0.0283393766337936,0.0294338410030357,0.47149500707232755,0.49907115192463697,2
2020-11-19,train,test,-0.0064480830837678,0.0213985611448408,-0.0283393766337936,0.05861378604071066,0.30722201519905334,0.6341641987602361,2
2020-11-20,train,test,0.0059969260553903,0.0207986129646222,-0.0283393766337936,0.12432616604887733,0.17708447131663554,0.6985893626344873,2
2020-11-23,train,test,0.0004135938737899,0.0201652579148041,-0.0280493488323109,0.24332983134614383,0.08480712838263563,0.6718630402712205,2
2020-11-24,train,test,0.0200944465729192,0.0201610162479139,-0.0280493488323109,0.060131242506122,0.12137338580534526,0.818495371688533,2
2020-11-25,train,test,0.0026367603359816,0.0195574980987828,-0.0280493488323109,0.1354207070583239,0.062149049301223176,0.8024302436404531,2
2020-11-26,train,test,-0.0073881937091455,0.0190478637213702,-0.0280493488323109,0.166714758772061,0.03735788723447738,0.7959273539934615,2
2020-11-27,train,test,0.0105675743761656,0.0186481168834487,-0.0280493488323109,0.1934712306568527,0.027008176255262285,0.7795205930878852,2
2020-11-30,train,test,-0.0139912646854908,0.018401968828112,-0.0280493488323109,0.09208961471396396,0.027976511892780418,0.8799338733932555,2
2020-12-01,train,test,0.00788030783351,0.0179454859070133,-0.0280493488323109,0.14648048141544356,0.01927029556775455,0.8342492230168019,2
2020-12-02,train,test,0.009779072883345,0.0175629112780299,-0.0280493488323109,0.18486744503926505,0.015668326834920487,0.7994642281258143,2
2020-12-03,train,test,-0.0024479638781215,0.0170384287138007,-0.0280493488323109,0.2943132123058211,0.010123485533381743,0.6955633021607974,2
2020-12-04,train,test,0.0147912584300914,0.0169120208552939,-0.0280493488323109,0.20263583454577644,0.014582255980453861,0.7827819094737696,2
2020-12-07,train,test,-0.0056994197416299,0.0164561376260889,-0.0280493488323109,0.2678828565388857,0.010690236401938846,0.7214269070591752,2
2020-12-08,train,test,-0.0058170703409576,0.0160183175170101,-0.0280493488323109,0.337423038434791,0.008421155863235835,0.6541558057019734,2
2020-12-09,train,test,0.0009354604775692,0.0155320253505302,-0.0280493488323109,0.4963896269421097,0.005540573278842165,0.49806979977904814,2
2020-12-10,train,test,-0.0064565083052676,0.015141676682914,-0.0280493488323109,0.5524763100377245,0.004876000359856564,0.4426476896024189,0
2020-12-11,train,test,-0.0146751507476617,0.0151140912188495,-0.0278280097963706,0.29523144372595206,0.01067746239397743,0.6940910938800707,2
2020-12-14,train,test,0.0095903212226327,0.0148407568485774,-0.0218228086250871,0.34705299196925393,0.009579308547516447,0.6433676994832297,2
2020-12-15,train,test,0.0014239191595033,0.0143928743743093,-0.0218228086250871,0.5073120539085245,0.005898166001599841,0.4867897800898757,0
2020-12-16,train,test,-0.0015835973848253,0.0139597997704123,-0.0218228086250871,0.6465039021482112,0.0037325993428604484,0.3497634985089284,0
2020-12-17,train,test,0.0017062531285769,0.0135409795449417,-0.0218228086250871,0.7712596880275951,0.0022320341612842368,0.22650827781112087,0
2020-12-18,train,test,-0.0143293705385206,0.0135895728783561,-0.0218228086250871,0.5393611554941912,0.006218710090925434,0.4544201344148833,0
2020-12-21,train,test,-0.03129047511721,0.015242753410681,-0.026633720838901,0.0018478062906783547,0.07344599399724122,0.9247061997120806,2
2020-12-22,train,test,0.0183673938173995,0.0154480648945136,-0.026633720838901,0.005090241987500648,0.0787699492535262,0.9161398087589734,2
2020-12-23,train,test,0.0174169372036785,0.0155732183102726,-0.026633720838901,0.007389581855323858,0.07870013611328955,0.9139102820313867,2
2020-12-24,train,test,0.0046833163079646,0.0151423125025695,-0.026633720838901,0.04055591166125858,0.04458925176092301,0.9148548365778182,2
2020-12-28,train,test,0.0054220119664999,0.0147409681865146,-0.026633720838901,0.09221382109803808,0.02671724664219862,0.8810689322597633,2
2020-12-29,train,test,0.0023514079254054,0.0143035003284226,-0.026633720838901,0.1831053735896457,0.015898107682377635,0.8009965187279765,2
2020-12-30,train,test,-0.0024985808640523,0.0138812567416112,-0.026633720838901,0.2915396604814001,0.010252078738351829,0.6982082607802482,2
2020-12-31,train,test,-0.0099457572687184,0.0136770982544482,-0.026633720838901,0.2554765310286961,0.010673621213969284,0.7338498477573344,2
2021-01-04,test,test,0.0031534258562526,0.013282916898783,-0.026633720838901,0.3996657676197787,0.007234958660634785,0.5930992737195867,2
2021-01-05,test,test,-0.0009511875089005,0.012880373205781,-0.026633720838901,0.5513625920491743,0.0047747246105936825,0.4438626833402322,0
2021-01-06,test,test,0.0314833149963947,0.0146772518025249,-0.026633720838901,0.005957980716310954,0.06821055788247588,0.9258314614012131,2
2021-01-07,test,test,0.0042423329295163,0.0142680152988189,-0.026633720838901,0.03888204796187491,0.038852722524114064,0.922265229514011,2
2021-01-08,test,test,0.0026081999630999,0.0138480990520772,-0.026633720838901,0.09757818600944373,0.022615993372346335,0.8798058206182101,2
2021-01-11,test,test,-0.0059886365516977,0.0135061275937876,-0.026633720838901,0.14154321943399573,0.015689190598731296,0.8427675899672729,2
2021-01-12,test,test,-0.0013888921978028,0.0130990951945972,-0.026633720838901,0.2460040023821416,0.010401022033253656,0.7435949755846047,2
2021-01-13,test,test,0.0018195035545821,0.0127078618505711,-0.026633720838901,0.3924952806409691,0.007063441853592841,0.600441277505438,2
2021-01-14,test,test,0.0013506777384324,0.0123251704842405,-0.026633720838901,0.5536127202546004,0.004675700845078157,0.4417115789003217,0
2021-01-15,test,test,-0.0170695389275313,0.0126600705910184,-0.026633720838901,0.19606184035462668,0.013850811756685759,0.7900873478886876,2
2021-01-18,test,test,0.0028874167059891,0.0122947539479827,-0.026633720838901,0.32718932977666065,0.009056705563345032,0.6637539646599943,2
2021-01-19,test,test,-0.0067463105717455,0.0120342045247194,-0.026633720838901,0.37788077233504563,0.007696774420730158,0.6144224532442243,2
2021-01-20,test,test,0.0006217860844281,0.0116685882139313,-0.026633720838901,0.5378575415132265,0.004993914182651701,0.4571485443041219,0
2021-01-21,test,test,-0.0100452282482707,0.0115776072867199,-0.0251054616161355,0.47834406291163034,0.006299145628877696,0.5153567914594921,2
2021-01-22,test,test,-0.0106075438800713,0.0115217069172253,-0.0210117215974676,0.40059247649285656,0.007888830504011441,0.5915186930031319,2
2021-01-25,test,test,-0.0174603053980165,0.011961458203111,-0.0219401064809192,0.10881772833853653,0.017995539887002653,0.8731867317744609,2
2021-01-26,test,test,0.0085234719224527,0.0117834998120616,-0.0219401064809192,0.1595554792295273,0.014315839584045198,0.8261286811864277,2
2021-01-27,test,test,-0.0141869295205548,0.0119413547767779,-0.0219401064809192,0.07259753632226845,0.017998352010372507,0.9094041116673591,2
2021-01-28,test,test,0.0101107979012053,0.0118395055100508,-0.0219401064809192,0.09937257433163885,0.015865248384467876,0.8847621772838932,2
2021-01-29,test,test,-0.0223081271348153,0.0127130881163845,-0.0236863025500139,0.0058168454887498125,0.035046087770079795,0.9591370667411704,2
2021-02-01,test,test,0.0052328455389059,0.0123922642496722,-0.0236863025500139,0.03743578691862963,0.022547539248526056,0.9400166738328444,2
2021-02-02,test,test,0.0193921546442005,0.012919654025722,-0.0236863025500139,0.012547530553534077,0.03391047114823536,0.9535419982982305,2
2021-02-03,test,test,0.0077551211449654,0.0126692906973547,-0.0236863025500139,0.04124333576262904,0.02348417706558755,0.9352724871717834,2
2021-02-04,test,test,0.0136100733201,0.0127276988067107,-0.0236863025500139,0.04123421605603088,0.023364494007747143,0.9354012899362221,2
2021-02-05,test,test,0.0112749440462135,0.0126452409899613,-0.0236863025500139,0.056853767233884356,0.020413795179857485,0.9227324375862581,2
2021-02-08,test,test,0.0005232911315792,0.0122606860545832,-0.0236863025500139,0.12703253988687485,0.013475469616707965,0.859491990496417,2
2021-02-09,test,test,-0.0144610363180087,0.0124037192591881,-0.0236863025500139,0.054928757121453904,0.017548447597528515,0.9275227952810178,2
2021-02-10,test,test,-0.0044042155849432,0.0120741435832206,-0.0236863025500139,0.10185488202027569,0.01296529863915556,0.8851798193405687,2
2021-02-11,test,test,-0.003452751947517,0.0117368282100744,-0.0236863025500139,0.17381341416370247,0.010049256576425747,0.8161373292598715,2
2021-02-12,test,test,0.0021624733130437,0.0113915989086962,-0.0236863025500139,0.2994846237432548,0.007629328325418395,0.6928860479313268,2
2021-02-15,test,test,0.0182678758438622,0.0119165989873628,-0.0236863025500139,0.11550548443009315,0.017466162629114632,0.8670283529407924,2
2021-02-16,test,test,-0.0060890565573689,0.0116494466875303,-0.0236863025500139,0.16123007287142385,0.013025654574282161,0.8257442725542938,2
2021-02-17,test,test,-0.0038092006512739,0.0113330327897776,-0.0236863025500139,0.24778583164720475,0.009589681511031761,0.7426244868417634,2
2021-02-18,test,test,-0.0079848264256864,0.0111605027424495,-0.0236863025500139,0.26639982208363483,0.009148787429803086,0.7244513904865619,2
2021-02-19,test,test,0.0115364301446587,0.0111834147470853,-0.0236863025500139,0.26866974834429524,0.010428545471781044,0.7209017061839237,2
2021-02-22,test,test,-0.0048451135294895,0.0109074812393982,-0.0236863025500139,0.3579035749813667,0.007888141091745316,0.6342082839268879,2
2021-02-23,test,test,0.0170985406198608,0.0113743731101233,-0.0236863025500139,0.17766799431425584,0.01590267241209983,0.8064293332736441,2
2021-02-24,test,test,0.0021184269623731,0.0110400654797466,-0.0236863025500139,0.30536275679062974,0.009999955561632221,0.6846372876477378,2
2021-02-25,test,test,0.005811680273105,0.0107979905864506,-0.0236863025500139,0.4312609751737043,0.007198666142390134,0.5615403586839056,2
2021-02-26,test,test,-0.0112194766575434,0.0108237426083089,-0.0236863025500139,0.3350590628818773,0.009245885093852168,0.6556950520242703,2
2021-03-01,test,test,0.0184428152005568,0.0114250796828372,-0.0236863025500139,0.12813445218846148,0.019875468133486954,0.8519900796780517,2
2021-03-02,test,test,-0.0026652267156799,0.0110962473395462,-0.0236863025500139,0.21749921255680682,0.012647967035750746,0.7698528204074425,2
2021-03-03,test,test,-0.003176489550878,0.0107863111336162,-0.0236863025500139,0.32585170048538226,0.008718416681524661,0.6654298828330935,2
2021-03-04,test,test,0.002961070489549,0.0104828390098078,-0.0236863025500139,0.48069877630255725,0.005868780312044111,0.5134324433853986,2
2021-03-05,test,test,-0.0080766022544971,0.0103542459465601,-0.0236863025500139,0.49117907158301094,0.005892877835518026,0.502928050581471,2
2021-03-08,test,test,0.0188159744720022,0.0110462771237375,-0.0236863025500139,0.20160843118052285,0.016767990951430667,0.7816235778680465,2
2021-03-09,test,test,0.0061627520534573,0.0108156273405238,-0.0236863025500139,0.3060136371578058,0.011293574287699448,0.6826927885544951,2
2021-03-10,test,test,0.0033839158690198,0.0105188488096111,-0.0236863025500139,0.4568494297677817,0.0070730355955770175,0.5360775346366412,2
2021-03-11,test,test,0.00792141211612,0.0103813455610289,-0.0236863025500139,0.5489124826585627,0.005669217512486209,0.4454182998289512,0
2021-03-12,test,test,0.0059753622316077,0.0101709533843185,-0.0236863025500139,0.666438382438856,0.0038635092838006754,0.329698108277343,0
2021-03-15,test,test,-0.0010532016979761,0.0098644791656842,-0.0236863025500139,0.778883506942854,0.002245566921068747,0.21887092613607717,0
2021-03-16,test,test,0.0025790420794928,0.0095848088004129,-0.0236863025500139,0.861343148063503,0.0012950248152965446,0.13736182712120068,0
2021-03-17,test,test,-0.0067450589098001,0.0094385483702657,-0.0189459904867877,0.8709033627357833,0.0011851833185969806,0.12791145394561954,0
2021-03-18,test,test,0.0029144777040249,0.0091788166140745,-0.0189459904867877,0.9175610014835013,0.0006942978151075153,0.08174470070139148,0
2021-03-19,test,test,-0.0153762449405627,0.0096634035658794,-0.0189459904867877,0.7289712825675965,0.003173294320592103,0.26785542311181143,0
2021-03-22,test,test,-0.0177595021930517,0.0103296893204553,-0.0191759782419611,0.30092125923721147,0.013006990623849305,0.6860717501389392,2
2021-03-23,test,test,0.0055934608100608,0.0101082906962415,-0.0191759782419611,0.4297463080266424,0.00841818908959737,0.5618355028837603,2
2021-03-24,test,test,0.0063443708855085,0.0099227995478953,-0.0191759782419611,0.5519432019467,0.005795631608301026,0.4422611664449991,0
2021-03-25,test,test,-0.0040586051150395,0.0096717408125135,-0.0191759782419611,0.6542422570888692,0.0038965434347701276,0.3418611994763606,0
2021-03-26,test,test,0.0104923801625344,0.009722932613789,-0.0191759782419611,0.6712170305973462,0.004116377112021327,0.32466659229063255,0
2021-03-29,test,test,-0.0007181257858666,0.0094283739729714,-0.0191759782419611,0.7842291395216805,0.002281495204960385,0.2134893652733589,0
2021-03-30,test,test,0.0120676570681467,0.0096071995115442,-0.0191759782419611,0.755122732880598,0.0030826040798012594,0.24179466303960087,0
2021-03-31,test,test,-0.0017700171302941,0.0093246106163116,-0.0191759782419611,0.8379487020048094,0.0016928604507867604,0.16035843754440385,0
2021-04-01,test,test,-0.0002798049488634,0.0090408052078144,-0.0191759782419611,0.897244460934535,0.0009308497648991268,0.1018246893005661,0
2021-04-06,test,test,0.0066232336315358,0.0089142595150456,-0.0191759782419611,0.9221608568713937,0.0006766200422433227,0.07716252308636261,0
2021-04-07,test,test,-0.0043174647788214,0.0087071586333584,-0.0191759782419611,0.9358638977557938,0.0004913868875724985,0.06364471535663352,0
2021-04-08,test,test,0.0046880207476131,0.0085196471224037,-0.0191759782419611,0.9523873899494095,0.0003340756663424788,0.04727853438424782,0
2021-04-09,test,test,-0.0083703901526353,0.0085107655204045,-0.0191759782419611,0.9349310450474918,0.0004441810552565166,0.0646247738972519,0
2021-04-12,test,test,-0.0038834321544337,0.0083061425870612,-0.0191759782419611,0.9460539752113296,0.00035568015790845707,0.0535903446307621,0
2021-04-13,test,test,-0.0008793683587832,0.0080559842178732,-0.0191759782419611,0.9595660899867342,0.0002440040944689339,0.0401899059187972,0
2021-04-14,test,test,0.0073977935477919,0.0080180165738199,-0.0191759782419611,0.9603385316059923,0.00023712939515939976,0.03942433899884844,0
2021-04-15,test,test,-0.0019581336384908,0.0077885384785683,-0.0191759782419611,0.9662441820633519,0.00017970922714468,0.03357610870950342,0
2021-04-16,test,test,0.0048763725095029,0.0076451548228467,-0.0191759782419611,0.9696558281224538,0.00015285914507698708,0.030191312732469403,0
2021-04-19,test,test,0.0113018176719406,0.0079123544972888,-0.0191759782419611,0.9514549045474996,0.0002843339212726931,0.04826076153122766,0
2021-04-20,test,test,-0.0293542622825525,0.0105142472540117,-0.0231406305368065,0.04962101545018317,0.028739010811627438,0.9216399737381893,2
2021-04-21,test,test,0.0071145481690819,0.0103418295933744,-0.0231406305368065,0.09614608809718247,0.01968152890101733,0.8841723830018002,2
2021-04-22,test,test,0.0159522732508012,0.0107612608132219,-0.0231406305368065,0.055449310238357655,0.024283203589985418,0.9202674861716568,2
2021-04-23,test,test,-0.0044225035449018,0.0104895167900649,-0.0231406305368065,0.10259639304363516,0.01620639495515556,0.8811972120012093,2
2021-04-26,test,test,0.0096188243422997,0.0104393233326395,-0.0231406305368065,0.13833232982370972,0.014197085647894833,0.8474705845283953,2
2021-04-27,test,test,0.0062777064390118,0.0102374449562795,-0.0208300031387223,0.223772492684974,0.010840738406424234,0.7653867689086019,2
2021-04-28,test,test,0.0048870775644255,0.0099974983924042,-0.0208300031387223,0.34762441190867316,0.007975406546566085,0.644400181544761,2
2021-04-29,test,test,0.0026784166316492,0.0097151124851397,-0.0208300031387223,0.5052201895916505,0.005397220944781249,0.4893825894635686,0
2021-04-30,test,test,-0.0009298222962093,0.0094219042731889,-0.0208300031387223,0.6498714342217317,0.003509896051294178,0.346618669726974,0
2021-05-03,test,test,0.008888367025649,0.0093907469046985,-0.0208300031387223,0.7043402387532659,0.003278816774068252,0.2923809444726659,0
2021-05-04,test,test,-0.0071428249359958,0.0092712543200149,-0.0208300031387223,0.7275040040795977,0.0029553417233444436,0.2695406541970578,0
2021-05-05,test,test,0.0154400042858756,0.0097520465137982,-0.0208300031387223,0.5727223984571564,0.006675246228808314,0.420602355314035,0
2021-05-06,test,test,0.0016045006924112,0.0094631248477003,-0.0208300031387223,0.7150501939338635,0.0034906972166821697,0.2814591088494545,0
2021-05-07,test,test,0.0085359745772442,0.0094100722467564,-0.0208300031387223,0.7665943447565692,0.0028025268960246525,0.23060312834740634,0
2021-05-10,test,test,0.0093498754993236,0.0094064713053831,-0.0208300031387223,0.7961096412654893,0.0024573731482721295,0.20143298558623818,0
2021-05-11,test,test,-0.0173293484660136,0.0100593826534856,-0.0214810376472059,0.4044038952147582,0.010683719542762244,0.5849123852424796,2
2021-05-12,test,test,0.0022784242672449,0.0097688884544551,-0.0214810376472059,0.5650406548043443,0.0059169807642970845,0.42904236443135846,0
2021-05-13,test,test,-0.0046178150367257,0.0095385933805911,-0.0214810376472059,0.6562413805636288,0.004018317790674349,0.3397403016456966,0
2021-05-14,test,test,0.0198108728427124,0.0104438459787019,-0.0214810376472059,0.2779121098209086,0.01614610780868278,0.7059417823704085,2
2021-05-17,test,test,0.0010928246696507,0.0101292220650331,-0.0214810376472059,0.43129468725189585,0.008938782509826304,0.5597665302382779,2
2021-05-18,test,test,0.0030863222786498,0.009849700217603,-0.0214810376472059,0.5876322441939769,0.0052032402765217756,0.4071645155295011,0
2021-05-19,test,test,-0.0124025333603358,0.0100212259100024,-0.0214810376472059,0.4294987915064343,0.008255959215479924,0.5622452492780856,2
2021-05-20,test,test,0.0058917026019704,0.0098225353238331,-0.0214810376472059,0.5585059370094866,0.0055813372050099895,0.43591272578550333,0
2021-05-21,test,test,0.0086970093816244,0.0097586652011285,-0.0214810376472059,0.6270743890317035,0.004692075602116113,0.36823353536618053,0
2021-05-24,test,test,0.0001629593420049,0.0094614611483683,-0.0214810376472059,0.7549691991634583,0.00261460497664899,0.24241619585989277,0
2021-05-25,test,test,0.0003475790760148,0.0091736220170226,-0.0214810376472059,0.8457676694211896,0.001468329631812839,0.15276400094699738,0
2021-05-26,test,test,-0.0012821973669382,0.0088997001220152,-0.0214810376472059,0.8993472692352285,0.00086831285639898,0.09978441790837253,0
2021-05-27,test,test,-0.001175083772271,0.0086333789351795,-0.0214810376472059,0.9321553558280121,0.0005259755413258393,0.06731866863066199,0
2021-05-28,test,test,0.0041823567549555,0.0084328313400447,-0.0214810376472059,0.9511404993261504,0.0003459593321560848,0.048513541341693944,0
2021-05-31,test,test,-0.008240090029134,0.0084213912607333,-0.0214810376472059,0.9347613585981224,0.000448512767171169,0.06479012863470628,0
2021-06-01,test,test,0.0044496167319708,0.0082372681311258,-0.0214810376472059,0.9521731370122074,0.0003207526421334543,0.047506110345659006,0
2021-06-02,test,test,-0.0009798371868534,0.0079899334129254,-0.0214810376472059,0.9628896753018615,0.0002179020779981705,0.03689242262014025,0
2021-06-03,test,test,-0.0041804999418068,0.0078139163402361,-0.0214810376472059,0.9633264470788448,0.0001945610613422341,0.036478991859813,0
2021-06-04,test,test,-0.0059351252742655,0.0077141035758635,-0.0214810376472059,0.9579665987873489,0.00022182093979705757,0.041811580272854046,0
2021-06-07,test,test,0.0082512214423616,0.0077473808256632,-0.0214810376472059,0.9563926426251067,0.00025875820411214905,0.043348599170781384,0
2021-06-08,test,test,-0.0010918700914981,0.0075161243933416,-0.0214810376472059,0.9651217830976968,0.00019009852201089353,0.03468811838029211,0
2021-06-09,test,test,0.000273079310115,0.0072874599608499,-0.0214810376472059,0.9709584699509484,0.0001420588691963769,0.028899471179855148,0
2021-06-10,test,test,-0.0024384842401361,0.0070906572786657,-0.0214810376472059,0.9717132443677583,0.00012558220446197025,0.028161173427779983,0
2021-06-11,test,test,0.0077650177574028,0.0071329170366164,-0.0214810376472059,0.9674755608414265,0.00015526335781263038,0.03236917580076103,0
2021-06-14,test,test,0.0082332174829468,0.007203675959638,-0.0214810376472059,0.96319912882438,0.00019287418062459953,0.03660799699499532,0
2021-06-15,test,test,-0.0054451257165912,0.0071104383926554,-0.0214810376472059,0.9596851549179352,0.00020984567703591763,0.04010499940502943,0
2021-06-16,test,test,-0.0030922993242007,0.0069353134748352,-0.0196953813696339,0.9638490569085459,0.00018634887964563517,0.0359645942118084,0
2021-06-17,test,test,-0.0006848321003887,0.0067261280328968,-0.0196953813696339,0.969657535290845,0.00014759640227811712,0.03019486830687687,0
2021-06-18,test,test,-0.0181390078782816,0.007890992765459,-0.0216075395422825,0.7486978368653109,0.0021405507978789944,0.24916161233681017,0
2021-06-21,test,test,0.0023338398038948,0.0076719299598516,-0.0216075395422825,0.8419082768194471,0.001368344462686512,0.15672337871786646,0
2021-06-22,test,test,0.0001767036044364,0.0074383379998603,-0.0216075395422825,0.9004137889311771,0.0008218157982690134,0.09876439527055406,0
2021-06-23,test,test,-0.0110178262327282,0.0077001746448916,-0.0216075395422825,0.8395112840001434,0.0015376275648806333,0.1589510884349761,0
2021-06-24,test,test,0.0133126743066972,0.0081467027698262,-0.0216075395422825,0.7817550476772406,0.0027072276622987384,0.21553772466046064,0
2021-06-25,test,test,0.0023006533392593,0.0079185996493033,-0.0216075395422825,0.8637296497995984,0.001407814651915445,0.1348625355484861,0
2021-06-28,test,test,-0.0201353710254029,0.0091251277887725,-0.0225428803954123,0.3333558116843096,0.012980279933664587,0.6536639083820257,2
2021-06-29,test,test,0.0001569835413155,0.008847223200625,-0.0225428803954123,0.49044219935815325,0.00725583405157562,0.5023019665902713,2
2021-06-30,test,test,-0.0105884871588313,0.0089612454758666,-0.0225428803954123,0.4127676222075894,0.00846506101303238,0.5787673167793783,2
2021-07-01,test,test,0.012515961323394,0.0092132861955405,-0.0225428803954123,0.3764451775894813,0.010050411561309588,0.6135044108492091,2
2021-07-02,test,test,-0.0027690975741992,0.0089583278602766,-0.0225428803954123,0.5086738957479258,0.0062733776824993575,0.4850527265695745,0
2021-07-05,test,test,0.004346459318293,0.0087504309771239,-0.0225428803954123,0.6492208433348456,0.003975262503104491,0.3468038941620499,0
2021-07-06,test,test,-0.0096142284424592,0.0088046489459213,-0.0225428803954123,0.6041286238520371,0.004755909965966769,0.3911154661819959,0
2021-07-07,test,test,-0.0007112275854787,0.0085382014006439,-0.0225428803954123,0.733438776449565,0.0027830862566590683,0.2637781372937758,0
2021-07-08,test,test,-0.0233549679545499,0.0100625097196457,-0.0242815337541684,0.07993918824303793,0.02523031809446344,0.8948304936624987,2
2021-07-09,test,test,0.0145182079933223,0.0103839085871712,-0.0242815337541684,0.060278952175589165,0.026098722593605753,0.9136223252308048,2
2021-07-12,test,test,0.0045586280944614,0.0101293084413567,-0.0242815337541684,0.12627846648178115,0.01680987147533897,0.8569116620428799,2
2021-07-13,test,test,-0.0139225491465167,0.0103960068590956,-0.0205431156194114,0.060659496213448155,0.019441136680125672,0.9198993671064261,2
2021-07-14,test,test,-0.0042067474571287,0.0101318381623269,-0.0205431156194114,0.11118777310400184,0.013740215170710309,0.875072011725288,2
2021-07-15,test,test,-0.0152807761363928,0.0105121369394887,-0.0205431156194114,0.04088099453835577,0.018700290421746743,0.9404187150398975,2
2021-07-16,test,test,-0.0024422674292159,0.0102094369024074,-0.0205431156194114,0.09258501705861809,0.013187916501389773,0.8942270664399921,2
2021-07-19,test,test,-0.0243349956968327,0.0115546599554584,-0.0226084448922618,0.0028130287769138063,0.03757160578016477,0.9596153654429215,2
2021-07-20,test,test,0.00675882739186,0.0113243305121263,-0.0226084448922618,0.029731792290627394,0.02485536751509858,0.9454128401942741,2
2021-07-21,test,test,0.0246984489561832,0.0125358221391927,-0.0226084448922618,0.002530634348458957,0.05719563429966785,0.9402737313518732,2
2021-07-22,test,test,0.0063762439465251,0.0122538734984119,-0.0226084448922618,0.029786781818219053,0.03497827537980296,0.9352349428019779,2
2021-07-23,test,test,0.0110042509165035,0.0121825113612169,-0.0226084448922618,0.0471894060237842,0.02734303643761524,0.9254675575386005,2
2021-07-26,test,test,0.0066314755273788,0.0119225566109967,-0.0226084448922618,0.09565648388127862,0.01868360498826328,0.8856599111304582,2
2021-07-27,test,test,-0.0086984935110185,0.0117540776811943,-0.0226084448922618,0.10560468190851745,0.015434809739140961,0.8789605083523417,2
2021-07-28,test,test,0.0039580384522231,0.0114371677311638,-0.0226084448922618,0.1970035231785409,0.011011810507297545,0.7919846663141614,2
2021-07-29,test,test,0.0060045396589734,0.0111858637198519,-0.0226084448922618,0.3017669031004827,0.008664808309426555,0.6895682885900905,2
2021-07-30,test,test,-0.0126676312397216,0.0112802600680608,-0.0226084448922618,0.18543598962682448,0.012064699639291191,0.8024993107338846,2
2021-08-02,test,test,0.0095214776756607,0.0111825365368769,-0.0226084448922618,0.23165143325324267,0.011134161776313947,0.7572144049704435,2
2021-08-03,test,test,0.0016084889957982,0.0108490280765444,-0.0226084448922618,0.37512259502506673,0.007469231667839747,0.6174081733070936,2
2021-08-04,test,test,0.0022886186701959,0.0105334511020066,-0.0226084448922618,0.5350425152975926,0.004983481972344126,0.459974002730063,0
2021-08-05,test,test,0.0049462485732884,0.01028417712256,-0.0226084448922618,0.6663018079753947,0.0034753887791090995,0.33022280324549613,0
2021-08-06,test,test,0.0047980674024751,0.0100399067819785,-0.0226084448922618,0.7732274124328312,0.0022831038331441295,0.22448948373402447,0
2021-08-09,test,test,-0.0014764367752142,0.009740766727134,-0.0226084448922618,0.8516587537455148,0.0013674064776954373,0.14697383977678985,0
2021-08-10,test,test,0.0037264095997495,0.0094880320381416,-0.0226084448922618,0.9043785372192693,0.0008305443729379358,0.09479091840779298,0
2021-08-11,test,test,0.0085931342575481,0.0094367316493311,-0.0226084448922618,0.915346034367457,0.0007573755425295265,0.08389659009001345,0
2021-08-12,test,test,0.0004010633071863,0.0091497781981194,-0.0226084448922618,0.9436301637902205,0.00043004420706071816,0.05593979200271866,0
2021-08-13,test,test,0.0022692247257487,0.0088884361651333,-0.0226084448922618,0.9594682788045779,0.0002653998822873762,0.040266321313134824,0
2021-08-16,test,test,-0.0081667936177378,0.0088467977649336,-0.0226084448922618,0.9431213670415877,0.00035668874388815417,0.05652194421452413,0
2021-08-17,test,test,-0.0068456188975816,0.008739658502337,-0.0226084448922618,0.9375271292127285,0.0004099313408140042,0.06206293944645734,0
2021-08-18,test,test,0.0117180734897704,0.0089463695246688,-0.0226084448922618,0.9165408628156065,0.0006895608032673041,0.08276957638112636,0
2021-08-19,test,test,-0.0076095349971922,0.0088718418259129,-0.0226084448922618,0.9087212384651948,0.0007481836743600161,0.09053057786044476,0
2021-08-20,test,test,0.0014704208486334,0.0086091074444046,-0.0226084448922618,0.9402837886615704,0.00044603134278097933,0.05927017999564872,0
2021-08-23,test,test,0.005904912917676,0.0084712340850589,-0.0226084448922618,0.952261026320316,0.00033424679876876084,0.047404726880915425,0
2021-08-24,test,test,-0.0021767410906993,0.0082304550673088,-0.0226084448922618,0.9612019027600449,0.00023324605962253423,0.03856485118033291,0
2021-08-25,test,test,0.0032132997915181,0.0080184465397669,-0.0226084448922618,0.9685192007541911,0.00016929244301982263,0.03131150680278896,0
2021-08-26,test,test,-0.0094796141957115,0.0081135405917765,-0.0226084448922618,0.942753815925412,0.0003191000993318849,0.056927083975256185,0
2021-08-27,test,test,0.0033118374301073,0.0079080885495895,-0.0226084448922618,0.9582405289862239,0.00024605452961826125,0.04151341648415789,0
2021-08-30,test,test,-0.0061045156039575,0.007811625905226,-0.0226084448922618,0.9534333208417695,0.00026758444449104696,0.04629909471373986,0
2021-08-31,test,test,-0.0024048989828849,0.0075965269481045,-0.0226084448922618,0.9614597080829924,0.00021371541962015466,0.03832657649738792,0
2021-09-01,test,test,0.0162465263659659,0.0083714852631109,-0.0226084448922618,0.8828104317796555,0.001018646276425286,0.11617092194391951,0
2021-09-02,test,test,-0.0011238709633448,0.0081211233666525,-0.0226084448922618,0.9224225330056532,0.0006180352611475053,0.0769594317331991,0
2021-09-03,test,test,-0.0131576856548417,0.0085078180257751,-0.0226084448922618,0.8176993574152144,0.0018165907336892169,0.1804840518510961,0
2021-09-06,test,test,0.0020623804821612,0.0082640906518088,-0.0226084448922618,0.886460481119548,0.0010268372746875406,0.11251268160576453,0
2021-09-07,test,test,0.0013725976960981,0.0080193842724585,-0.0226084448922618,0.9276174971194039,0.0005860306181337434,0.07179647226246229,0
2021-09-08,test,test,-0.0062932790739502,0.0079264250676424,-0.0226084448922618,0.9287693222728352,0.0005420990508045455,0.07068857867636064,0
2021-09-09,test,test,-0.0043199725173483,0.0077574642277494,-0.0226084448922618,0.9402840444981589,0.00042331806581684904,0.059292637436024385,0
2021-09-10,test,test,-0.0120372292549964,0.0080784435046835,-0.0226084448922618,0.8729896108858602,0.0010734329742648804,0.12593695613987513,0
2021-09-13,test,test,0.0137969237138972,0.0085303505630711,-0.0226084448922618,0.8087644299702347,0.002231189400258806,0.18900438062950628,0
2021-09-14,test,test,-0.0041031434037643,0.008331327327183,-0.0226084448922618,0.8582844074755059,0.0014272636031907482,0.1402883289213031,0
2021-09-15,test,test,-0.0166063287823077,0.0090439241188917,-0.0226084448922618,0.5464689088921271,0.0067998257776196586,0.4467312653302532,0
2021-09-16,test,test,0.0113190494488018,0.0091963178765004,-0.0226084448922618,0.5447174216635723,0.007026015952079273,0.44825656238434847,0
2021-09-17,test,test,0.003109555670757,0.0089486360371106,-0.0226084448922618,0.6884622493504158,0.0038553997273960425,0.3076823509221883,0
2021-09-20,test,test,-0.0121152352331677,0.0091695221900867,-0.0214320974778967,0.5466980563571053,0.006305867936140618,0.4469960757067541,0
2021-09-21,test,test,0.0115557309095078,0.0093299208985929,-0.0214320974778967,0.5371503713532598,0.006910127710611455,0.4559395009361285,0
2021-09-22,test,test,0.005966676336156,0.0091630045359362,-0.0214320974778967,0.6565583181774922,0.004395349441350329,0.3390463323811572,0
2021-09-23,test,test,0.007746584963594,0.0090842494304121,-0.0214320974778967,0.7310651696013991,0.0032604845477277314,0.2656743458508731,0
2021-09-24,test,test,-0.0004282570487988,0.0088081312829168,-0.0214320974778967,0.827705520454772,0.0017661306237254813,0.17052834892150281,0
2021-09-27,test,test,0.0145226071332386,0.0092510838917423,-0.0214320974778967,0.7312661054263426,0.003713852584841975,0.26502004198881557,0
2021-09-28,test,test,-0.0262783575083469,0.0110399603433129,-0.0246561070532431,0.030165246486609995,0.04080683454521302,0.9290279189681769,2
2021-09-29,test,test,0.0124655976095338,0.0111306490531673,-0.0246561070532431,0.03934242216698854,0.03337674067299865,0.9272808371600125,2
2021-09-30,test,test,-0.0094028748270219,0.0110346142091532,-0.0224065606624957,0.04812494607922109,0.024642081066842972,0.9272329728539361,2
2021-10-01,test,test,0.0003637453691569,0.0106988264189008,-0.0224065606624957,0.1126977928550195,0.015539991939907554,0.8717622152050729,2
2021-10-04,test,test,-0.0008867848824456,0.0103751711688496,-0.0224065606624957,0.20812178602634301,0.010616003275192657,0.7812622106984642,2
2021-10-05,test,test,0.0153171260296266,0.0107360321890538,-0.0224065606624957,0.1300745901341692,0.015838896062903358,0.8540865138029275,2
2021-10-06,test,test,-0.0172184734833799,0.0112309925509907,-0.0226106088961865,0.030814416303082008,0.023627507639235386,0.9455580760576828,2
2021-10-07,test,test,0.0211758870254942,0.0120611845827254,-0.0226106088961865,0.007054428887066122,0.0403496681626224,0.9525959029503115,2
2021-10-08,test,test,-0.0008706208647486,0.011695696728612,-0.0226106088961865,0.04167410583075281,0.02381154540543662,0.9345143487638105,2
2021-10-11,test,test,-0.0062731246379499,0.0114430366692151,-0.0200343865913448,0.07176142734220416,0.01699603530115495,0.9112425373566411,2
2021-10-12,test,test,0.0041380038543302,0.0111406412505802,-0.0200343865913448,0.14551837196301354,0.01221593925369855,0.8422656887832878,2
2021-10-13,test,test,-0.0061176685116148,0.0109047056955592,-0.0200343865913448,0.19529195030018104,0.010211265450246261,0.7944967842495728,2
2021-10-14,test,test,0.0048970814482621,0.0106403352546341,-0.0200343865913448,0.3118634950718916,0.007976054213325777,0.6801604507147827,2
2021-10-15,test,test,0.0080348607692788,0.0105022506885929,-0.0200343865913448,0.399370913415409,0.007163466761615324,0.5934656198229757,2
2021-10-18,test,test,-0.0068031266680821,0.0103177703648708,-0.0200343865913448,0.44892286122901154,0.00636234030057917,0.5447147984704093,2
2021-10-19,test,test,0.0067252982185533,0.0101381842729249,-0.0200343865913448,0.5638644287621327,0.0049571111399381645,0.4311784600979287,0
2021-10-20,test,test,0.0023981743353372,0.009846871987552,-0.0200343865913448,0.7063564168979245,0.003025816868644996,0.2906177662334304,0
2021-10-21,test,test,-0.0081950982677452,0.0097556554264673,-0.0200343865913448,0.703665132791422,0.003193018174526427,0.2931418490340515,0
2021-10-22,test,test,-0.0042462727617747,0.0095154765500214,-0.0200343865913448,0.7774276355036723,0.0022311436193973907,0.2203412208769306,0
2021-10-25,test,test,0.0016267188595099,0.0092341978097959,-0.0200343865913448,0.8613536178776923,0.0012764873531386698,0.13736989476916908,0
2021-10-26,test,test,0.0090054137675565,0.0092206308497037,-0.0200343865913448,0.8784424688093389,0.0011989860504207552,0.12035854514024075,0
2021-10-27,test,test,-0.0032602642271005,0.0089753323414984,-0.0200343865913448,0.9119511795145814,0.0007620738756389179,0.08728674660977948,0
2021-10-28,test,test,0.0059450896191035,0.0088229156539478,-0.0200343865913448,0.9345028103632012,0.0005332022805161561,0.06496398735628278,0
2021-10-29,test,test,0.0035281249443352,0.0085976781828495,-0.0200343865913448,0.9534168461274908,0.00033073565475885756,0.046252418217750585,0
2021-11-01,test,test,0.0136951001384409,0.0089854444517682,-0.0200343865913448,0.9117187058588192,0.0007683856407074247,0.08751290850047358,0
2021-11-02,test,test,-0.0084097338845418,0.0089519459737306,-0.0200343865913448,0.8955086712413295,0.0009088506963727419,0.1035824780622975,0
2021-11-03,test,test,-0.0082596770542689,0.0089119264144204,-0.0200343865913448,0.8819272615341808,0.0010521419715332693,0.1170205964942857,0
2021-11-04,test,test,0.0009519082792639,0.0086435787862094,-0.0200343865913448,0.924881845770991,0.000606221513438023,0.07451193271557074,0
2021-11-05,test,test,0.0100385233471636,0.0087335607880691,-0.0200343865913448,0.9204445409549786,0.0006939209149181681,0.07886153813010312,0
2021-11-08,test,test,-0.0065709255087423,0.0086191184421059,-0.0200343865913448,0.9210909949426004,0.0006379331906377121,0.07827107186676197,0
2021-11-09,test,test,0.0004519622790154,0.0083572786689213,-0.0200343865913448,0.9468777900914478,0.00038174297161186076,0.052740466936940275,0
2021-11-10,test,test,0.0073448774034919,0.0083000176981345,-0.0200343865913448,0.9520517749996227,0.000332924462920749,0.0476153005374569,0
2021-11-11,test,test,-0.0054403566644981,0.0081567594668595,-0.0200343865913448,0.9517104773641785,0.0003039175734709485,0.0479856050623511,0
2021-11-12,test,test,-0.0012546516392994,0.0079142409961,-0.0200343865913448,0.9622888804273216,0.00021691000182821998,0.037494209570850014,0
2021-11-15,test,test,0.0016395228963475,0.0076836436689469,-0.0200343865913448,0.9696987906243763,0.00015626215438226546,0.030144947221241183,0
2021-11-16,test,test,-0.0061204761890002,0.0075989269608461,-0.0200343865913448,0.9620668343843369,0.00018528836091850806,0.037747877254745016,0
2021-11-17,test,test,-0.0051903012409505,0.00747632417149,-0.0200343865913448,0.9597520505682438,0.0002058075619142776,0.04004214186984191,0
2021-11-18,test,test,-0.0100802338026817,0.0076575691012995,-0.0200343865913448,0.9274009812938672,0.0004451221015198952,0.0721538966046128,0
2021-11-19,test,test,-0.0169914145030792,0.0085113190915177,-0.0201627484982686,0.6740137212904849,0.0036177615956809158,0.32236851711383435,0
2021-11-22,test,test,0.0077498591954257,0.0084675627290213,-0.0201627484982686,0.7453269273797323,0.002851136801029855,0.25182193581923823,0
2021-11-23,test,test,-0.0007031135349529,0.0082114130071686,-0.0201627484982686,0.8363279694882423,0.001602375105539745,0.1620696554062179,0
2021-11-24,test,test,-0.0026238986704885,0.0079871619498931,-0.0201627484982686,0.8875888512195058,0.0009993349021412056,0.11141181387835303,0
2021-11-25,test,test,0.0055465085045502,0.0078621177839341,-0.0201627484982686,0.9206417436047066,0.0006754315740460909,0.0786828248212471,0
2021-11-26,test,test,-0.0508356195882538,0.0145999909390672,-0.0314441501933268,1.3454887025624724e-07,0.5620575881904466,0.4379422772606829,1
2021-11-29,test,test,0.0062285537950737,0.014237199311602,-0.0314441501933268,0.015885213788867144,0.3877218290046858,0.5963929572064471,2
2021-11-30,test,test,-0.0179119229150839,0.014483997809132,-0.0316753000038948,0.004346888281101099,0.36912019923601835,0.6265329124828805,2
2021-12-01,test,test,0.017604303238006,0.0146899186700466,-0.0316753000038948,0.005257751426024445,0.3462675128852065,0.6484747356887689,2
2021-12-02,test,test,-0.0181221679650384,0.0149181388318319,-0.031745381687213,0.0025370717238695213,0.33028711552686174,0.6671758127492688,2
2021-12-03,test,test,-0.0071452151506198,0.014569181864689,-0.031745381687213,0.018526978086171396,0.20589199425957097,0.7755810276542574,2
2021-12-06,test,test,0.0237401290745892,0.0152755039295824,-0.031745381687213,0.00211456733125595,0.29224606136020226,0.7056393713085417,2
2021-12-07,test,test,0.0140949911381525,0.0152072576619061,-0.031745381687213,0.010012975098550295,0.23069414690049836,0.7592928780009515,2
2021-12-08,test,test,-0.0095199784033745,0.0149272517158353,-0.031745381687213,0.021337878363996192,0.1489820966337351,0.8296800250022687,2
2021-12-09,test,test,-0.0093377596666871,0.0146521363116852,-0.031745381687213,0.03272071435922864,0.09446814512780562,0.8728111405129655,2
2021-12-10,test,test,-0.0047016655450288,0.0142523798756653,-0.031745381687213,0.07032925749674104,0.052273846796285744,0.8773968957069734,2
2021-12-13,test,test,-0.004495628731251,0.0138620039263596,-0.031745381687213,0.12314487638207387,0.029670006909441497,0.8471851167084844,2
2021-12-14,test,test,0.0066821559722873,0.0135390145944756,-0.031745381687213,0.20026466966214765,0.018727831847486887,0.7810074984903654,2
2021-12-15,test,test,-0.0124299795955151,0.0134750467451045,-0.031745381687213,0.12468730655031822,0.01913152899002575,0.8561811644596561,2
2021-12-16,test,test,0.012608993230865,0.0134246591879849,-0.031745381687213,0.11772427497037531,0.018818833802331587,0.8634568912272932,2
2021-12-17,test,test,-0.0081958320479744,0.013169604611842,-0.031745381687213,0.13380827820805546,0.015016845175082283,0.8511748766168623,2
2021-12-20,test,test,-0.008360471405154,0.0129315902123946,-0.031745381687213,0.14688504928088789,0.012970535200239159,0.8401444155188729,2
2021-12-21,test,test,0.017450891256937,0.0132463006245407,-0.0289565701561253,0.06242769456641417,0.021126436179610818,0.916445869253975,2
2021-12-22,test,test,0.0085002365044563,0.0130104516700792,-0.0289565701561253,0.10260213112885751,0.016476120850371985,0.8809217480207706,2
2021-12-23,test,test,0.0122896237589797,0.0129683319138637,-0.0289565701561253,0.10317128894455478,0.01678013548264106,0.8800485755728042,2
2021-12-27,test,test,0.0067962666284264,0.01268299369532,-0.0289565701561253,0.17173880101128058,0.012725123637013712,0.8155360753517059,2
2021-12-28,test,test,0.007717764753727,0.0124410876895321,-0.0289565701561253,0.24683622849938608,0.01048572462936485,0.742678046871249,2
2021-12-29,test,test,-0.0017509127299829,0.0120697044225611,-0.0289565701561253,0.3776717568917609,0.007257724213480229,0.6150705188947587,2
2021-12-30,test,test,0.00461247223211,0.0117564277296562,-0.0289565701561253,0.5225090791368462,0.005219103526741349,0.47227181733641227,0
2022-01-03,test,test,0.0054249507152798,0.0114754774541483,-0.0289565701561253,0.65016395928053,0.003721800641452627,0.3461142400780172,0
2022-01-04,test,test,0.0039414084600105,0.0111676976083499,-0.0289565701561253,0.7669048695620885,0.0023424597778168013,0.2307526706600946,0
2022-01-05,test,test,-0.0005686147687188,0.0108283803518607,-0.0289565701561253,0.851189043802523,0.001369121904952509,0.14744183429252422,0
2022-01-06,test,test,-0.0001023183437852,0.0104985341798033,-0.0289565701561253,0.9055963529793648,0.0007957193923818723,0.09360792762825318,0
2022-01-07,test,test,-0.0043440083261861,0.010234172718364,-0.0289565701561253,0.924464351104589,0.0005924383736770986,0.07494321052173372,0
2022-01-10,test,test,-0.0051435115498085,0.0100020666074231,-0.0289565701561253,0.9333471934805259,0.0004921353146566136,0.06616067120481801,0
2022-01-11,test,test,0.005611943835801,0.0097943091155599,-0.0289565701561253,0.9487843904236483,0.00036402576017079916,0.0508515838161811,0
2022-01-12,test,test,0.0016431875868104,0.0095044613479565,-0.0289565701561253,0.9624235236100569,0.00023148890065286535,0.03734498748929012,0
2022-01-13,test,test,0.0052993875635606,0.0093058964585278,-0.0289565701561253,0.9668278061297108,0.0001846342284661359,0.03298755964182327,0
2022-01-14,test,test,-0.0011689825997127,0.0090269439780102,-0.0289565701561253,0.9708751996305511,0.00014110822325762265,0.028983692146190954,0
2022-01-17,test,test,0.0036384330904691,0.0087972078666152,-0.0289565701561253,0.9735000892562069,0.00011951338656230126,0.026380397357230786,0
2022-01-18,test,test,-0.0064812502004813,0.0086757023072028,-0.0289565701561253,0.9636796319387425,0.0001622046880772051,0.03615816337318014,0
2022-01-19,test,test,-0.0007631611169816,0.0084134824410134,-0.0289565701561253,0.9694913372620236,0.00014206979985685115,0.03036659293811942,0
2022-01-20,test,test,0.0045139755148432,0.0082317704095196,-0.0289565701561253,0.9719344202467066,0.0001292595694875107,0.02793632018380589,0
2022-01-21,test,test,-0.0136957262198962,0.0086574070270469,-0.0289565701561253,0.8958731418564269,0.0006387760571755432,0.1034880820863973,0
2022-01-24,test,test,-0.0323651788354013,0.0115457326622823,-0.0337743221295645,0.007410889137933307,0.051395309207925025,0.9411938016541417,2
2022-01-25,test,test,0.0073029975499981,0.0113360368974027,-0.0337743221295645,0.03513138848863837,0.032653057372412926,0.9322155541389485,2
2022-01-26,test,test,0.0164568231188098,0.0117066224939881,-0.0337743221295645,0.022422949647091465,0.03579312069995027,0.9417839296529584,2
2022-01-27,test,test,0.0099041342099778,0.0116063698920333,-0.0337743221295645,0.04502049469442486,0.026516786346787235,0.9284627189587877,2
2022-01-28,test,test,-0.0111113764488816,0.0115772671188749,-0.0337743221295645,0.041218833596897105,0.022392798459171755,0.9363883679439311,2
2022-01-31,test,test,0.0003483794663274,0.0112249013002533,-0.0337743221295645,0.10123153522803696,0.014626094835158079,0.8841423699368048,2
2022-02-01,test,test,0.0131378677495255,0.011348776092101,-0.0337743221295645,0.09100901837605752,0.01645513180736349,0.892535849816579,2
2022-02-02,test,test,-0.0015481742893102,0.0110095797503415,-0.0337743221295645,0.17279955585430634,0.011365163860622106,0.8158352802850717,2
2022-02-03,test,test,-0.0027352026391488,0.0106951893630274,-0.0337743221295645,0.27527739351500646,0.008477084238274247,0.7162455222467196,2
2022-02-04,test,test,-0.0115867171367735,0.0107507661039021,-0.0337743221295645,0.19620557743897846,0.010965774689468494,0.792828647871553,2
2022-02-07,test,test,-0.0036039173947038,0.0104605700966454,-0.0337743221295645,0.2938808255020784,0.008306790133739219,0.6978123843641822,2
2022-02-08,test,test,0.013485867791724,0.010666312996897,-0.0337743221295645,0.23959944356678678,0.011567227836675463,0.748833328596538,2
2022-02-09,test,test,0.019611470529046,0.0114026578283138,-0.0337743221295645,0.06692934811175216,0.024554337955844302,0.9085163139324037,2
2022-02-10,test,test,0.0044888927967025,0.0111098325247974,-0.0337743221295645,0.13679178964964922,0.01594003631819848,0.8472681740321524,2
2022-02-11,test,test,-0.0099637888718762,0.0110444239925087,-0.0337743221295645,0.12349664112192231,0.014689821524086762,0.8618135373539909,2
2022-02-14,test,test,-0.0258247258946033,0.0124368617946252,-0.0363418414394194,0.0022075799091006466,0.04712490990002016,0.9506675101908793,2
2022-02-15,test,test,0.0166788350280674,0.0127313004714483,-0.0363418414394194,0.007613768491378805,0.048121510110326504,0.9442647213982948,2
2022-02-16,test,test,0.0021999407444569,0.0123552108581517,-0.0363418414394194,0.043891597810332056,0.027779751770551978,0.9283286504191159,2
2022-02-17,test,test,-0.0075941825860166,0.0121223948862183,-0.0363418414394194,0.06503152410390997,0.01988806353770221,0.915080412358388,2
2022-02-18,test,test,-0.0093968759784771,0.0119763678550744,-0.0363418414394194,0.07025925773736448,0.016783288257799442,0.9129574540048361,2
2022-02-21,test,test,-0.0118392622442688,0.0119681858111148,-0.0363418414394194,0.05196480056168767,0.016983734215573143,0.931051465222739,2
2022-02-22,test,test,0.0005063925699444,0.0116042496232588,-0.0254373575650143,0.1189728630701709,0.01199614475227926,0.8690309921775498,2
2022-02-23,test,test,-0.0062717557249683,0.0113551392748917,-0.0254373575650143,0.16248823854684935,0.010377289128934358,0.8271344723242162,2
2022-02-24,test,test,-0.0290428998890852,0.0131077167620109,-0.0290776015396966,0.0008638442490798143,0.05553195395476257,0.9436042017961576,2
2022-02-25,test,test,0.03453719223452,0.0152667142252997,-0.0290776015396966,1.942133008189584e-05,0.2708046381819531,0.7291759404879651,2
2022-02-28,test,test,-0.0008722741770908,0.0148031706460863,-0.0290776015396966,0.025369157766097786,0.15051546098159682,0.8241153812523053,2
2022-03-01,test,test,-0.0349220114223071,0.016708041250048,-0.0321100300489312,7.623300103012346e-06,0.5122839549853392,0.4877084217145579,1
2022-03-02,test,test,0.0160883225753846,0.016671507768222,-0.0321100300489312,0.004170596817390269,0.4543665383173269,0.5414628648652826,2
2022-03-03,test,test,-0.0379169247771007,0.0186420066533373,-0.0350680383449363,2.2441848400204394e-07,0.8749138722724713,0.12508590330904473,1
2022-03-04,test,test,-0.0369345902368816,0.0202119465835745,-0.0365911754787631,3.994242244628219e-08,0.9763157601485439,0.023684199909033258,1
2022-03-07,test,test,-0.0099313958965171,0.019746629461319,-0.0365911754787631,0.0005192584031350026,0.9081120008202096,0.09136874077665555,1
2022-03-08,test,test,0.0179937191660797,0.0196458659351869,-0.0365911754787631,0.0006775818161369171,0.8729862076268823,0.12633621055698097,1
2022-03-09,test,test,0.0476307625815811,0.0223366026532442,-0.0365911754787631,1.160857362074514e-10,0.9961847854128176,0.0038152144710965107,1
2022-03-10,test,test,-0.0115572974563175,0.0218403904835332,-0.0365911754787631,6.220721522914116e-05,0.9420619930160584,0.05787579976871206,1
2022-03-11,test,test,0.0089814306948111,0.0212890221223136,-0.0365911754787631,0.0021776015515588758,0.8541126954970026,0.14370970295143837,1
2022-03-14,test,test,0.0112724046744497,0.0208243401234606,-0.0365911754787631,0.006531539768681637,0.7510359481554495,0.24243251207586872,1
2022-03-15,test,test,0.0002063348114543,0.0201900100922753,-0.0365911754787631,0.030577270913635945,0.5582986336002009,0.4111240954861629,1
2022-03-16,test,test,0.017368809183604,0.0200319457123365,-0.0365911754787631,0.014378032316706476,0.5307049579571014,0.454917009726192,1
2022-03-17,test,test,0.0037635651769974,0.019443558919374,-0.0365911754787631,0.051821015836843606,0.3419569893151804,0.606221994847976,2
2022-03-18,test,test,0.0006654477482061,0.0188519344812789,-0.0365911754787631,0.12949280292322132,0.18647926337874643,0.6840279336980322,2
2022-03-21,test,test,-0.0033795179834357,0.0182963651082194,-0.0365911754787631,0.2251890901767337,0.09400662243306351,0.6808042873902026,2
2022-03-22,test,test,0.0116139815702961,0.0179656514403954,-0.0365911754787631,0.23301714399016143,0.0656649018500319,0.7013179541598064,2
2022-03-23,test,test,-0.0188877613738525,0.0180223085524594,-0.0365911754787631,0.03812087841946357,0.08815354479853645,0.8737255767820002,2
2022-03-24,test,test,-0.002801670904061,0.0174867478628168,-0.0365911754787631,0.0878490617650348,0.047039316966874044,0.8651116212680912,2
2022-03-25,test,test,0.0030656986083381,0.0169706535008553,-0.0365911754787631,0.1757487212947028,0.02542822289278871,0.7988230558125083,2
2022-03-28,test,test,0.0041925771020963,0.0164856773472232,-0.0365911754787631,0.29406922464559176,0.01455919788065168,0.6913715774737568,2
2022-03-29,test,test,0.0293303803051588,0.0175239030090805,-0.0365911754787631,0.004754616964991226,0.07850391905904922,0.9167414639759597,2
2022-03-30,test,test,-0.0074569826720448,0.0170879589625452,-0.0365911754787631,0.023156137713662386,0.04790451821200273,0.928939344074335,2
2022-03-31,test,test,-0.0124150649799046,0.0168441821209166,-0.0365911754787631,0.021159222305926397,0.038053805463232,0.9407869722308417,2
2022-04-01,test,test,0.0069150406076108,0.0164186464192255,-0.0365911754787631,0.05653641866039216,0.024880494875912873,0.9185830864636949,2
2022-04-04,test,test,0.0020088243561076,0.0159260715728266,-0.0365911754787631,0.1270755026070116,0.01562487965766908,0.8572996177353194,2
2022-04-05,test,test,0.011957609166744,0.0157162474979654,-0.0365911754787631,0.12978899347940068,0.015755031552661346,0.8544559749679378,2
2022-04-06,test,test,-0.0165098047894295,0.0157649874260454,-0.0365911754787631,0.03627292098648304,0.022348384828623606,0.9413786941848937,2
2022-04-07,test,test,-0.0017344726906502,0.0152906259702356,-0.0365911754787631,0.08814354489993631,0.014835449676882686,0.8970210054231809,2
2022-04-08,test,test,0.0162826160129418,0.0153519530699334,-0.0365911754787631,0.04828959205915985,0.020698293249418825,0.9310121146914214,2
2022-04-11,test,test,-0.0024896635751358,0.0148967587333887,-0.0365911754787631,0.10374012133666159,0.014025545024241836,0.8822343336390965,2
2022-04-12,test,test,-0.0008157082547501,0.0144443254710131,-0.0365911754787631,0.19526337898552018,0.01005885951647146,0.7946777614980086,2
2022-04-13,test,test,0.0046290229251591,0.0140501208965725,-0.0365911754787631,0.3143080819038189,0.007840876909722435,0.6778510411864589,2
2022-04-14,test,test,0.0093782675055558,0.0138144365596339,-0.0365911754787631,0.3716785399645478,0.007797351087048652,0.6205241089484033,2
2022-04-19,test,test,-0.0005749439588034,0.0133943335648284,-0.0365911754787631,0.5259043948934364,0.005129672334147614,0.46896593277241583,0
2022-04-20,test,test,0.008646659649455,0.0131578708282436,-0.0365911754787631,0.5980237672216334,0.004660310873888504,0.39731592190447823,0
2022-04-21,test,test,0.0051296010905621,0.0128187581024715,-0.0365911754787631,0.717137415933415,0.0030606962893060027,0.2798018877772789,0
2022-04-22,test,test,-0.0185842343266142,0.0132356998931937,-0.0365911754787631,0.24755612168980015,0.014288730010730371,0.7381551482994696,2
2022-04-25,test,test,-0.0090208598023982,0.0130213394571142,-0.0365911754787631,0.2409555359909597,0.012469108170122242,0.7465753558389181,2
2022-04-26,test,test,-0.0159049555411544,0.0132121164477127,-0.0365911754787631,0.08001391323991086,0.019258317312364534,0.9007277694477245,2
2022-04-27,test,test,0.0045398660021133,0.0128578008526059,-0.0365911754787631,0.1561757404434208,0.013273019012107722,0.8305512405444714,2
2022-04-28,test,test,0.0040612418703018,0.0125057299399556,-0.0365911754787631,0.2675623032385039,0.009486050552372501,0.7229516462091237,2
2022-04-29,test,test,0.0084228754618973,0.0122990395687645,-0.0365911754787631,0.34358956856549533,0.008439742904185567,0.6479706885303191,2
2022-05-02,test,test,-0.0174150643542348,0.0126644170747382,-0.0365911754787631,0.08896113734788051,0.018154513727164714,0.8928843489249546,2
2022-05-03,test,test,0.0181137787323364,0.013055678881245,-0.0365911754787631,0.033814921954506354,0.027057911560372086,0.9391271664851213,2
2022-05-04,test,test,-0.0104970560532179,0.0129164622530413,-0.0365911754787631,0.03701085716373634,0.022064633664211193,0.9409245091720525,2
2022-05-05,test,test,-0.0077708128680286,0.0126668081719106,-0.0365911754787631,0.05652285522382981,0.01699174944973622,0.9264853953264343,2
2022-05-06,test,test,-0.0134515618668684,0.0127152592780341,-0.0365911754787631,0.03265721442389472,0.01873986214557772,0.9486029234305278,2
2022-05-09,test,test,-0.0222106914778632,0.0134750153377525,-0.0365911754787631,0.0023922581379553567,0.03709695468171949,0.9605107871803253,2
2022-05-10,test,test,0.0,0.0130645120862398,-0.0365911754787631,0.03435244100544544,0.02231209000435374,0.9433354689902006,2
2022-05-11,test,test,0.0210804699099965,0.0136785876531896,-0.0365911754787631,0.007795613598119609,0.038549705864824334,0.953654680537056,2
2022-05-12,test,test,-0.0135894077897294,0.0136732532639224,-0.0365911754787631,0.010350718264822631,0.033705863029617485,0.95594341870556,2
2022-05-13,test,test,0.01665234461909,0.0138700547370578,-0.0365911754787631,0.01111096586880236,0.03686541830991995,0.9520236158212777,2
2022-05-16,test,test,0.0018692520474182,0.0134553097139176,-0.0365911754787631,0.05029880805536564,0.02215529205838208,0.9275458998862522,2
2022-05-17,test,test,0.0144986909000267,0.0135201834379742,-0.0365911754787631,0.041493597969231265,0.023706818951078797,0.93479958307969,2
2022-05-18,test,test,8.260867841705886e-05,0.0131083198021832,-0.0365911754787631,0.1013163010012288,0.015226205285873765,0.8834574937128974,2
2022-05-19,test,test,-0.0083401408651805,0.0128721343270334,-0.0365911754787631,0.11554320886981312,0.013256225935746959,0.8712005651944399,2
2022-05-20,test,test,0.0092952328478188,0.0126859927805005,-0.0365911754787631,0.1572188136305237,0.012218358991052742,0.8305628273784238,2
2022-05-23,test,test,0.0165167201656892,0.0129478365281307,-0.0365911754787631,0.07977862116468956,0.018931647360907956,0.9012897314744022,2
2022-05-24,test,test,0.0006258782872211,0.0125543293700408,-0.0365911754787631,0.163552323514844,0.012470508197493096,0.8239771682876628,2
2022-05-25,test,test,0.014835190149688,0.0127027354055032,-0.0365911754787631,0.11029224882956826,0.016759452134470963,0.8729482990359606,2
2022-05-26,test,test,0.0145732772814434,0.0128226651761091,-0.0323540688306151,0.07933504571116264,0.019775488186493047,0.9008894661023444,2
2022-05-27,test,test,0.0050273701092848,0.0124928765582003,-0.0323540688306151,0.1524082261151596,0.013697077041488707,0.8338946968433519,2
2022-05-30,test,test,-0.0003134507514671,0.0121125365592406,-0.0260110143628657,0.26707534557721047,0.009323206143946314,0.723601448278843,2
2022-05-31,test,test,-0.0089190184894072,0.0119450266987507,-0.0198942290594433,0.2613493207838456,0.009481588775136184,0.729169090441018,2
2022-06-01,test,test,-0.0118532646960249,0.0119395408664268,-0.0198942290594433,0.17897349714090088,0.011933708222135518,0.8090927946369634,2
2022-06-02,test,test,-0.0003545289377688,0.0115761400899037,-0.0198942290594433,0.30270777978530666,0.008314778550852366,0.6889774416638412,2
2022-06-03,test,test,-0.0022096197456425,0.0112365271940858,-0.0198942290594433,0.4368264451890993,0.006030297215445737,0.5571432575954548,2
2022-06-06,test,test,0.0126986920888146,0.0113295797638931,-0.0198942290594433,0.3923196325410694,0.008387154269659249,0.5992932131892714,2
2022-06-07,test,test,0.000599596674033,0.0109854169670123,-0.0198942290594433,0.5524944704016579,0.005138701425925133,0.44236682817241696,0
2022-06-08,test,test,0.0001244704004203,0.0106508005499873,-0.0198942290594433,0.6958120354994992,0.003115817660923275,0.30107214683957767,0
2022-06-09,test,test,-0.0149827054964647,0.0109591088622159,-0.0198942290594433,0.41442699192999144,0.008578801407038374,0.5769942066629701,2
2022-06-10,test,test,-0.0374975913967121,0.0140449316361438,-0.0261986814161426,5.5993113598577225e-05,0.1647891111600729,0.8351548957263284,2
2022-06-13,test,test,-0.0250165166966879,0.0149323161245084,-0.0282415998570877,0.00024370730517982002,0.2567740533480658,0.7429822393467546,2
2022-06-14,test,test,-0.0143881943868413,0.0149002291665105,-0.0282415998570877,0.004975662082391456,0.20278504103348258,0.7922392968841262,2
2022-06-15,test,test,0.0133367687642424,0.0148110763797204,-0.0282415998570877,0.014506021172280498,0.15295759906662176,0.8325363797610978,2
2022-06-16,test,test,-0.0118873342991461,0.0146521134147513,-0.0282415998570877,0.017667540185570593,0.10768723784302073,0.8746452219714089,2
2022-06-17,test,test,0.0083580127433966,0.0143525170088295,-0.0282415998570877,0.04571561206811893,0.06597712300162856,0.8883072649302525,2
2022-06-20,test,test,0.0170526224563957,0.0145286811437872,-0.0282415998570877,0.024010024971937684,0.06700240548470718,0.9089875695433549,2
2022-06-21,test,test,-0.0061011703660329,0.0141651360043343,-0.0282415998570877,0.051283832153991196,0.03959729229921416,0.9091188755467947,2
2022-06-22,test,test,-0.0110128345467843,0.0139960338962615,-0.0282415998570877,0.046265245537903815,0.030447942844143164,0.923286811617953,2
2022-06-23,test,test,-0.0047994776372308,0.0136204892008767,-0.0282415998570877,0.08764183822117409,0.01950218931416552,0.8928559724646605,2
2022-06-24,test,test,0.0168438845010749,0.0138350876112897,-0.0282415998570877,0.04318200359838226,0.025735063903589886,0.931082932498028,2
2022-06-27,test,test,-0.0001819648656454,0.0134136891619001,-0.0282415998570877,0.10365674173409435,0.016136794392808598,0.8802064638730972,2
2022-06-28,test,test,0.0090459481699033,0.0131924669495022,-0.0282415998570877,0.1467933015791912,0.01373260300552188,0.8394740954152871,2
2022-06-29,test,test,-0.0156920611114516,0.0133556415074835,-0.0282415998570877,0.049172212111664004,0.019456347359211326,0.9313714405291249,2
2022-06-30,test,test,-0.0109660887117983,0.0132244499533982,-0.0282415998570877,0.04502606300328475,0.017875614937200614,0.9370983220595145,2
2022-07-01,test,test,0.0095116971631833,0.0130315484479468,-0.0282415998570877,0.0734393255211222,0.0155808609725014,0.9109798135063765,2
2022-07-04,test,test,-0.0017505672952028,0.0126418293298642,-0.0282415998570877,0.1454409119480473,0.011222396529805872,0.8433366915221467,2
2022-07-05,test,test,-0.0251111010936339,0.0137135313382502,-0.0292084030623446,0.003380703478655548,0.03813130734292355,0.9584879891784209,2
2022-07-06,test,test,-0.0013577830458495,0.0132999210428948,-0.0292084030623446,0.034783889928008196,0.022884519433770324,0.9423315906382217,2
2022-07-07,test,test,0.0216421637453763,0.0139419374857766,-0.0292084030623446,0.0067869435082611425,0.04114488427480026,0.9520681722169384,2
2022-07-08,test,test,-0.0027369146433039,0.0135338245042467,-0.0292084030623446,0.03815183114455091,0.024577226331758052,0.937270942523691,2
2022-07-11,test,test,-0.0043425399193348,0.0131645736940512,-0.0292084030623446,0.07917022884133106,0.016540239763754686,0.9042895313949144,2
2022-07-12,test,test,-0.0062687258300061,0.0128555612839442,-0.0292084030623446,0.11633956601854456,0.012967166654777451,0.8706932673266778,2
2022-07-13,test,test,-0.0087596070831057,0.0126472673548381,-0.0292084030623446,0.12399108675823989,0.012193782549795234,0.863815130691965,2
2022-07-14,test,test,-0.0178553622649334,0.013018640748895,-0.0292084030623446,0.025167363588361875,0.02109634470117706,0.9537362917104608,2
2022-07-15,test,test,0.0179812212542368,0.0133684466412329,-0.0292084030623446,0.013229025144306145,0.02896597667773821,0.9578049981779556,2
2022-07-18,test,test,0.0021623234665069,0.0129720076406835,-0.0292084030623446,0.053957169455107035,0.018375316405446016,0.9276675141394469,2
2022-07-19,test,test,0.0201396643102745,0.0135097360450893,-0.0292084030623446,0.013887436978777187,0.03163085751334507,0.9544817055078776,2
2022-07-20,test,test,-0.0119105277407246,0.0134191590716878,-0.0292084030623446,0.017717611750569684,0.02651275356122005,0.9557696346882105,2
2022-07-21,test,test,-0.0020197128016538,0.0130197601655274,-0.0292084030623446,0.05750414903091902,0.01714111987559078,0.92535473109349,2
2022-07-22,test,test,0.0048430342644658,0.0126787461657291,-0.0292084030623446,0.12043983768143933,0.012686054042720857,0.8668741082758399,2
2022-07-25,test,test,0.0042138722825744,0.0123357598570871,-0.0292084030623446,0.21680034503821435,0.009664622390690977,0.7735350325710947,2
2022-07-26,test,test,-0.0019807869958798,0.0119698004997578,-0.0292084030623446,0.33870667625459777,0.007223740141981804,0.6540695836034203,2
2022-07-27,test,test,0.0067679404548404,0.0117229628355539,-0.0292084030623446,0.45201094146440624,0.006093565182717549,0.541895493352876,2
2022-07-28,test,test,-0.0048737550251382,0.011428359264035,-0.0292084030623446,0.5466248989506339,0.004812675775339894,0.4485624252740262,0
2022-07-29,test,test,0.0087802858925473,0.0112870083264377,-0.0292084030623446,0.6141295583251679,0.004442531839685604,0.3814279098351463,0
2022-08-01,test,test,-0.0087555245675614,0.0111513369678528,-0.0292084030623446,0.5982778280073295,0.004742516759604877,0.39697965523306566,0
2022-08-02,test,test,0.0014583866986663,0.0108175223922179,-0.0292084030623446,0.7348983049850383,0.0027556400742102913,0.26234605494075136,0
2022-08-03,test,test,0.0055668836803589,0.0105762505122754,-0.0292084030623446,0.8175934957637215,0.001837312017345677,0.18056919221893242,0
2022-08-04,test,test,0.0023308317844686,0.0102699375369547,-0.0292084030623446,0.8861397054026742,0.0010378659302510745,0.11282242866707486,0
2022-08-05,test,test,0.0008451050839477,0.0099592254793407,-0.0292084030623446,0.92726940505847,0.000589750952092037,0.07214084398943807,0
2022-08-08,test,test,0.0127126799512658,0.0101455278675901,-0.0292084030623446,0.8936619008772562,0.001042974270839231,0.10529512485190491,0
2022-08-09,test,test,0.0047515091079526,0.0099050715240982,-0.0292084030623446,0.9271286090379098,0.000633685908155552,0.07223770505393454,0
2022-08-10,test,test,0.0049085186893028,0.009678296788539,-0.0292084030623446,0.9467969747252757,0.00040829527098507187,0.05279473000373927,0
2022-08-11,test,test,0.003251125883106,0.0094171891864765,-0.0292084030623446,0.9605741363608672,0.00025768866465714313,0.039168174974475486,0
2022-08-12,test,test,0.0024314557699052,0.0091497083927914,-0.0292084030623446,0.9686062183403656,0.00017359879289985744,0.031220182866734794,0
2022-08-15,test,test,0.0031614665263194,0.0089047080855328,-0.0292084030623446,0.972584207959656,0.00013227838844850616,0.027283513651895512,0
2022-08-16,test,test,0.0100243935113948,0.0089758288998575,-0.0292084030623446,0.9605300911775316,0.00020695786575184838,0.03926295095671676,0
2022-08-17,test,test,-0.0090992484694464,0.0089832818911392,-0.0292084030623446,0.9372192801136116,0.00037161210712981674,0.06240910777925818,0
2022-08-18,test,test,-0.0005336464309158,0.0087105957910078,-0.0292084030623446,0.9549873645531184,0.00027101297213461445,0.04474162247474702,0
2022-08-19,test,test,-0.0109970095790053,0.0088644268553081,-0.0292084030623446,0.9107469499414627,0.0006239018447501588,0.08862914821378726,0
2022-08-22,test,test,-0.0064128388219619,0.0087367528161273,-0.0292084030623446,0.9145136409620405,0.0006397376509320709,0.08484662138702775,0
2022-08-23,test,test,-0.0070861718693778,0.0086466079296822,-0.0292084030623446,0.9118769482132857,0.0006848449208066978,0.08743820686590736,0
2022-08-24,test,test,-0.0032752866288321,0.0084214992203482,-0.0292084030623446,0.9334733157793214,0.0004894385895780241,0.06603724563110056,0
2022-08-25,test,test,-0.0014524275407011,0.0081726937368829,-0.0292084030623446,0.9515553983642387,0.000322988079374383,0.04812161355638695,0
2022-08-26,test,test,-0.015211302613199,0.0087560476913554,-0.0292084030623446,0.8120449483323054,0.001735637266248687,0.1862194144014459,0
2022-08-29,test,test,-0.0092565901784624,0.0087868843515101,-0.0292084030623446,0.7806278409451883,0.002241818484416299,0.21713034057039562,0
2022-08-30,test,test,-0.0012273841545709,0.0085245037815804,-0.0292084030623446,0.8577415487426963,0.0013158731756393212,0.1409425780816645,0
2022-08-31,test,test,-0.0118115955567881,0.008756595355198,-0.0292084030623446,0.7628969376220442,0.0026129724817626457,0.23449008989619308,0
2022-09-01,test,test,-0.0102090596999264,0.0088504676983307,-0.0292084030623446,0.70205016857385,0.003517716391338417,0.29443211503481126,0
2022-09-02,test,test,0.0160377805257254,0.0094373489933309,-0.0226609933517517,0.5156895429693725,0.008259755711484745,0.476050701319143,0
2022-09-05,test,test,-0.0088003655388167,0.0094003472636715,-0.0195528414900063,0.5019636429295665,0.0074697695852996675,0.4905665874851338,0
2022-09-06,test,test,-0.0026106515970499,0.009136381508159,-0.0195528414900063,0.6309978926217737,0.004467365215714873,0.3645347421625116,0
2022-09-07,test,test,0.0017453972676868,0.0088683619533821,-0.0195528414900063,0.7598262515332943,0.0025249211710077074,0.23764882729569822,0
2022-09-08,test,test,0.0077222296893708,0.0088038027575898,-0.0195528414900063,0.8142201206821265,0.001979574803170971,0.18380030451470253,0
2022-09-09,test,test,0.0145834588149064,0.0092529542674347,-0.0195528414900063,0.7123621597430849,0.0040989406637824775,0.2835388995931324,0
2022-09-12,test,test,0.0198682488542941,0.0102061242235676,-0.0195528414900063,0.32708096539299075,0.01668255841564473,0.6562364761913646,2
2022-09-13,test,test,-0.0160290554455272,0.0106456991539037,-0.0196651729346981,0.11261215345101061,0.024508164205045688,0.8628796823439436,2
2022-09-14,test,test,-0.0010421974556658,0.0103245448509412,-0.0196651729346981,0.20779500567769585,0.014543191496840222,0.7776618028254637,2
2022-09-15,test,test,0.0037048201625145,0.0100510693133888,-0.0196651729346981,0.33799961172521004,0.009380054319674955,0.652620333955115,2
2022-09-16,test,test,-0.0125450990584125,0.010217892410136,-0.0196651729346981,0.21459393715573252,0.012442180641583672,0.772963882202684,2
2022-09-19,test,test,0.0010639696823798,0.0099100417595442,-0.0196651729346981,0.3536422514991253,0.008129375559034483,0.6382283729418401,2
2022-09-20,test,test,-0.0151393064958662,0.0102989469406295,-0.0196651729346981,0.1476444017667526,0.014513521574969428,0.8378420766582781,2
2022-09-21,test,test,-0.0001143074222765,0.0099852387839227,-0.0196651729346981,0.2613859981694308,0.009707120493077696,0.7289068813374914,2
2022-09-22,test,test,-0.012462693508272,0.0101509515675381,-0.0196651729346981,0.16354683944848256,0.012681164440180762,0.8237719961113369,2
2022-09-23,test,test,-0.0249000627240994,0.0115784323672404,-0.0226221753608888,0.004121591507802851,0.04048314043985921,0.9553952680523379,2
2022-09-26,test,test,-0.0099391223711162,0.0114866731270754,-0.0226221753608888,0.01645276539749653,0.029463590180229142,0.9540836444222742,2
2022-09-27,test,test,-0.0083990013563958,0.0113251769691985,-0.01959482681152,0.0324528558838615,0.021601587551224533,0.9459455565649137,2
2022-09-28,test,test,-0.0004701804784618,0.0109807704448086,-0.01959482681152,0.08529622933966058,0.01442398898148862,0.9002797816788507,2
2022-09-29,test,test,-0.0192784702352984,0.0116465550814258,-0.020677965074777,0.012186749310752705,0.025515841771127035,0.9622974089181201,2
2022-09-30,test,test,0.0090953326587421,0.0115094402608986,-0.020677965074777,0.036251182037991804,0.01992449254491687,0.9438243254170914,2
2022-10-03,test,test,0.0128400820721817,0.0115935863592447,-0.020677965074777,0.042217121901766255,0.0199455683977606,0.9378373097004732,2
2022-10-04,test,test,0.0309552107917103,0.0135587637525942,-0.020677965074777,0.0003603198174432424,0.09563168228135899,0.9040079979011978,2
2022-10-05,test,test,-0.015278691519137,0.0136680640509532,-0.020677965074777,0.004807311595455043,0.08109906893891157,0.9140936194656335,2
2022-10-06,test,test,-0.0091180546482845,0.0134385769946467,-0.020069196134975,0.018795094876329844,0.052205393392673334,0.9289995117309967,2
2022-10-07,test,test,-0.0099278572059083,0.0132541831685185,-0.020069196134975,0.02818099681659937,0.036421967310823394,0.9353970358725772,2
2022-10-10,test,test,-0.0031514197414027,0.0128735719969226,-0.020069196134975,0.07038076149864843,0.02199284255025175,0.9076263959511001,2
2022-10-11,test,test,-0.0077999634469334,0.0126267767220603,-0.020069196134975,0.09094337734169627,0.01674563428636387,0.8923109883719399,2
2022-10-12,test,test,-0.0129713530688154,0.0126477160385419,-0.020069196134975,0.053380303294465435,0.018137501921096512,0.928482194784438,2
2022-10-13,test,test,0.0120056620517282,0.0126101147104264,-0.020069196134975,0.06268236005810048,0.01780529792514239,0.9195123420167571,2
2022-10-14,test,test,0.0045753266240175,0.0122772191579564,-0.020069196134975,0.1296493055135772,0.0128459350526417,0.8575047594337809,2
2022-10-17,test,test,0.0233751970018647,0.01320872036686,-0.020069196134975,0.013107977653635021,0.035116854553017815,0.9517751677933473,2
2022-10-18,test,test,0.0071464278435937,0.0129254153496717,-0.020069196134975,0.04399326381472042,0.023649024926365007,0.9323577112589148,2
2022-10-19,test,test,-0.0036459256583585,0.0125634368975298,-0.020069196134975,0.09136733106812081,0.015774831383130947,0.8928578375487483,2
2022-10-20,test,test,0.007985307034774,0.0123367523110378,-0.020069196134975,0.14398853758266797,0.012988564555846875,0.8430228978614851,2
2022-10-21,test,test,-0.0130087159948096,0.0123780988701367,-0.020069196134975,0.08130535324286393,0.015612688956329755,0.9030819578008064,2
2022-10-24,test,test,0.0177200243440582,0.0127618277494169,-0.020069196134975,0.03389963575047716,0.023772189507317132,0.9423281747422055,2
2022-10-25,test,test,0.0147850119557945,0.0128921754319207,-0.020069196134975,0.029708653060190583,0.02533832126138183,0.9449530256784275,2
2022-10-26,test,test,0.0096646496499741,0.0127216360306676,-0.020069196134975,0.054662021545016544,0.020114510738232998,0.9252234677167507,2
2022-10-27,test,test,0.0063957865868449,0.0124331808907793,-0.020069196134975,0.10771857833145673,0.01479345575588741,0.8774879659126557,2
2022-10-28,test,test,-0.000580908440325,0.0120552559125069,-0.020069196134975,0.20222950344919932,0.010326046600649123,0.7874444499501516,2
2022-10-31,test,test,0.0050400157087496,0.0117530229689956,-0.020069196134975,0.31922979465714757,0.007999805194039911,0.6727704001488126,2
2022-11-01,test,test,0.0053273291985832,0.0114694534376559,-0.020069196134975,0.45264158729187065,0.006111107679640423,0.5412473050284888,2
2022-11-02,test,test,-0.0038077029594293,0.01115909389416,-0.020069196134975,0.567258343868714,0.004521817467492452,0.4282198386637932,0
2022-11-03,test,test,-0.0125905619406212,0.0112501195080406,-0.020069196134975,0.40148546141087665,0.007930167318509129,0.590584371270614,2
2022-11-04,test,test,0.0093350234564072,0.0111444980768262,-0.020069196134975,0.461432417628137,0.0072020629130109415,0.531365519458852,2
2022-11-07,test,test,0.0024645858907221,0.0108218435655893,-0.020069196134975,0.6180824271117967,0.004341940763216383,0.37757563212498696,0
2022-11-08,test,test,0.0045861417033704,0.0105521335289127,-0.020069196134975,0.7379159119527215,0.0027696212508334867,0.25931446679644504,0
2022-11-09,test,test,0.0051748010342741,0.0103088983230966,-0.020069196134975,0.8227267519726387,0.0017837985161855202,0.175489449511176,0
2022-11-10,test,test,0.0114756530168664,0.0103826017109199,-0.020069196134975,0.8070638520255811,0.0022618494405433863,0.19067429853387574,0
2022-11-11,test,test,0.0,0.0100663058363206,-0.020069196134975,0.8787030492331277,0.00118795351891848,0.12010899724795403,0
2022-11-14,test,test,0.004085946442782,0.0098108297253045,-0.020069196134975,0.9198999537981706,0.0007016108171993489,0.07939843538463034,0
2022-11-15,test,test,0.0026780861471021,0.0095345459162805,-0.020069196134975,0.9460732082853571,0.0004090823872953212,0.053517709327347465,0
2022-11-16,test,test,-0.0106816324628635,0.0096072341599538,-0.020069196134975,0.9035079830649271,0.0007686141440618967,0.09572340279101099,0
2022-11-17,test,test,-0.0075207058272282,0.0094949814260121,-0.020069196134975,0.8980867686964369,0.0008420698925669164,0.1010711614109963,0
2022-11-18,test,test,0.0107740918359255,0.0095765471458576,-0.020069196134975,0.8895136566040384,0.0010636453824266888,0.10942269801353476,0
2022-11-21,test,test,0.0074282464541663,0.0094614148331871,-0.020069196134975,0.9124686626328266,0.0008107206698691141,0.08672061669730409,0
2022-11-22,test,test,0.0165445292083483,0.0100284871845392,-0.020069196134975,0.7863888996603168,0.0028913614126902278,0.21071973892699292,0
2022-11-23,test,test,0.0007444910034914,0.0097246890906134,-0.020069196134975,0.8668907719515184,0.0014268240294186027,0.13168240401906325,0
2022-11-24,test,test,0.0068064613226982,0.0095747103443808,-0.020069196134975,0.9007760991586516,0.0009781551711552882,0.0982457456701931,0
2022-11-25,test,test,0.0033919116258533,0.0093201329044559,-0.020069196134975,0.9343485816075715,0.0005531255680201537,0.06509829282440821,0
2022-11-28,test,test,-0.0111590800803207,0.0094405767201829,-0.020069196134975,0.8808574974343194,0.0010660870875243231,0.11807641547815578,0
2022-11-29,test,test,-0.0001322398457243,0.0091530360385878,-0.020069196134975,0.9232077565447203,0.0006203143374292856,0.0761719291178505,0
2022-11-30,test,test,0.0049265724378146,0.0089558724622098,-0.020069196134975,0.9444095027714677,0.00041751178636533436,0.055172985442167206,0
2022-12-01,test,test,0.0053306341980597,0.0087806680909266,-0.020069196134975,0.9561272878485318,0.0002982613688661677,0.04357445078260189,0
2022-12-02,test,test,-0.0030137042255255,0.0085451196004019,-0.020069196134975,0.9618638662631124,0.00022259798563512386,0.037913535751252794,0
2022-12-05,test,test,-0.0014922971106352,0.0082928608987518,-0.020069196134975,0.96773615598545,0.00016749953472020238,0.032096344479830244,0
2022-12-06,test,test,-0.0045742169027617,0.0081179219625034,-0.0198190748261782,0.965482409235473,0.00016771298050621348,0.034349877784020794,0
2022-12-07,test,test,-0.0049812873301671,0.0079646350184976,-0.0198190748261782,0.9627983421480312,0.0001828262221561281,0.03701883162981257,0
2022-12-08,test,test,-0.007907644748441,0.0079612271068761,-0.0198190748261782,0.9478366003902043,0.0002845757246590986,0.051878823885136524,0
2022-12-09,test,test,0.0077508500326318,0.0079487615008958,-0.0198190748261782,0.9511882888346841,0.0003076643491790349,0.04850404681613675,0
2022-12-12,test,test,-0.003662032194134,0.007758638387094,-0.0198190748261782,0.9572018701730047,0.0002526828697816742,0.042545446957213906,0
2022-12-13,test,test,0.008295877013074,0.0077919173487243,-0.0198190748261782,0.9556870149476089,0.0002755121993401346,0.04403747285305143,0
2022-12-14,test,test,0.0039428170716239,0.0076160282167811,-0.0198190748261782,0.9648173374004027,0.0002022981365191532,0.03498036446307794,0
2022-12-15,test,test,-0.0171059588884363,0.008490022521787,-0.020428163949278,0.7779541338458613,0.001970562938283287,0.22007530321585525,0
2022-12-16,test,test,-0.0130181072154002,0.0088274526565438,-0.0172210402142905,0.6115387119549224,0.004661613115082952,0.383799674929995,0
2022-12-19,test,test,0.0029908762954398,0.0085898315257162,-0.0172210402142905,0.7422373987581349,0.0027374911871965203,0.2550251100546685,0
2022-12-20,test,test,0.0059307110025533,0.0084539040260418,-0.0172210402142905,0.8198792008823609,0.001846021380857555,0.17827477773678158,0
2022-12-21,test,test,0.0142048919955272,0.0089043315909118,-0.0172210402142905,0.7321839505465019,0.003650744736023505,0.2641653047174747,0
2022-12-22,test,test,-0.0036442018778599,0.008679095935387,-0.0151342525409911,0.806572040768895,0.002168492853168809,0.19125946637793612,0
2022-12-23,test,test,-0.0003627306573386,0.0084151647810425,-0.0151342525409911,0.8775310460352482,0.0011717624603828644,0.12129719150436918,0
2022-12-27,test,test,0.000120924838983,0.0081588587292325,-0.0151342525409911,0.921623093379814,0.0006562404621271185,0.07772066615805898,0
2022-12-28,test,test,-0.0014035806485054,0.0079177749106659,-0.0151342525409911,0.9447711241916696,0.0004036007162307949,0.05482527509209971,0
2022-12-29,test,test,0.0072149105735847,0.0078773717722919,-0.014377594032882,0.9511054946853291,0.0003441749245668119,0.048550330390104035,0
2022-12-30,test,test,-0.01078127832674,0.0080810868463398,-0.014377594032882,0.9085619054848857,0.0006897155468254336,0.09074837896828856,0
2023-01-02,test,test,0.016941459674937,0.0088660312483124,-0.014377594032882,0.7656042271496768,0.0029965757613642507,0.2313991970889587,0
2023-01-03,test,test,0.0033041157439466,0.0086339533437037,-0.014377594032882,0.8510968592738603,0.0015918962955238718,0.14731124443061544,0
2023-01-04,test,test,0.019154621932565,0.0095961666202472,-0.014377594032882,0.5552435776615532,0.008419703993833322,0.4363367183446136,0
2023-01-05,test,test,0.0055686859795425,0.0094032890409505,-0.014377594032882,0.6775423648009611,0.004734775053589792,0.3177228601454491,0
2023-01-06,test,test,0.0108039209990971,0.0094931563053435,-0.014377594032882,0.6850657095139725,0.004612021177334986,0.31032226930869233,0
2023-01-09,test,test,-0.0007127177526346,0.0092056120728128,-0.014377594032882,0.7944572159414838,0.0023709909370572394,0.20317179312145892,0
2023-01-10,test,test,0.0020450619605236,0.0089392187982146,-0.014377594032882,0.8720374833369375,0.0012615002650719453,0.12670101639799014,0
2023-01-11,test,test,0.0015596779783085,0.0086753103969122,-0.014377594032882,0.9192781071045282,0.0006938312389315898,0.08002806165654054,0
2023-01-12,test,test,0.0115983399342999,0.0088778735746631,-0.014377594032882,0.899722953537541,0.0009771841857485473,0.09929986227671056,0
2023-01-13,test,test,0.0060532304369482,0.0087341935391086,-0.014377594032882,0.9263422953565685,0.0006507186349167136,0.07300698600851517,0
2023-01-16,test,test,-0.0011942439856271,0.0084731659781762,-0.0142382093481525,0.9479070052167493,0.0003846568615509488,0.051708337921700015,0
2023-01-17,test,test,0.0021733286993823,0.0082322700787956,-0.0142382093481525,0.9618374719181363,0.00024101218113572998,0.03792151590072796,0
2023-01-18,test,test,0.0048137588078931,0.0080681094962112,-0.0142382093481525,0.967217414039946,0.00018332863182457854,0.03259925732822951,0
2023-01-19,test,test,-0.0158185670440604,0.0087293958090997,-0.0153142110492989,0.8324464702938734,0.001319155805535236,0.1662343739005911,0
2023-01-20,test,test,0.014126875816317,0.0091435401973301,-0.0153142110492989,0.7498677876091896,0.0029800448978743984,0.24715216749293617,0
2023-01-23,test,test,0.0028998989486906,0.0088934038778488,-0.0153142110492989,0.841747537624458,0.0016274851261473145,0.1566249772493949,0
2023-01-24,test,test,0.0025682269915074,0.0086453931070402,-0.0153142110492989,0.9006352100250798,0.0009035720830170861,0.09846121789190361,0
2023-01-25,test,test,-0.0010711101505177,0.0083861248067278,-0.0153142110492989,0.9331492803159975,0.0005297079518993543,0.06632101173210347,0
2023-01-26,test,test,0.0086811168222381,0.0084041163291839,-0.0153142110492989,0.9363301163342157,0.0005100370347482292,0.06315984663103595,0
2023-01-27,test,test,0.00271892940441,0.0081752660889024,-0.0153142110492989,0.9552038436951685,0.0003104040221759113,0.044485752282655465,0
2023-01-30,test,test,-0.0012038313527609,0.0079316977805795,-0.0153142110492989,0.9643341174194502,0.00020815085434159973,0.035457731726208426,0
2023-01-31,test,test,-0.0016921478384466,0.0077012285876951,-0.0153142110492989,0.9688931605658684,0.00015787820268616307,0.0309489612314454,0
2023-02-01,test,test,0.0070703203468923,0.007664838696463,-0.0153142110492989,0.9673178674474315,0.00016561936290195996,0.032516513189666,0
2023-02-02,test,test,0.0143610088599777,0.0082218660677981,-0.0153142110492989,0.9221800708966738,0.0005505380397904854,0.07726939106353561,0
2023-02-03,test,test,-0.0004443803187568,0.0079721380551684,-0.0153142110492989,0.9466078683263407,0.0003613792856938217,0.053030752387965605,0
2023-02-06,test,test,-0.0072233261688725,0.0079292037757229,-0.0153142110492989,0.9379917834508991,0.00041631899288539385,0.0615918975562154,0
2023-02-07,test,test,0.001440157670042,0.0076957377432445,-0.0153142110492989,0.956534758192878,0.0002749345444383261,0.04319030726268346,0
2023-02-08,test,test,0.0059674425556233,0.0076031269151126,-0.0153142110492989,0.9620549652269317,0.00022740493641341784,0.0377176298366551,0
2023-02-09,test,test,0.0017541416330445,0.0073840170182765,-0.0153142110492989,0.969565278160587,0.00015978217581815083,0.030274939663594756,0
2023-02-10,test,test,-0.0137358832447484,0.0079102941915852,-0.0155534697257483,0.890319278208242,0.0007270058533389806,0.1089537159384188,0
2023-02-13,test,test,0.0101376832551264,0.0080613116955281,-0.0155534697257483,0.8899432592423505,0.0009519359538024602,0.10910480480384742,0
2023-02-14,test,test,0.005727180579961,0.0079406358259927,-0.0155534697257483,0.9214069102583257,0.0006610955161100902,0.07793199422556438,0
2023-02-15,test,test,0.0034055005835248,0.0077437924517151,-0.0155534697257483,0.9461523408511017,0.00040315046704339974,0.05344450868185483,0
2023-02-16,test,test,0.0034904799865291,0.00755641113726,-0.0155534697257483,0.9599850876784418,0.0002605361075196674,0.03975437621403824,0
2023-02-17,test,test,0.0006109436128532,0.0073277406780449,-0.0155534697257483,0.9683287515715185,0.00017366271806371582,0.03149758571041777,0
2023-02-20,test,test,-0.0055549044334181,0.0072336335429615,-0.0155534697257483,0.9630067086633555,0.00018535304743286346,0.03680793828921213,0
2023-02-21,test,test,-0.0031510915857118,0.007055614053413,-0.0155534697257483,0.965756136398952,0.00016934215131096759,0.03407452144973699,0
2023-02-22,test,test,-0.008618807955736,0.0071590375976906,-0.0155534697257483,0.9460914539580034,0.00029265859550281774,0.053615887446493676,0
2023-02-23,test,test,0.0064006363481077,0.0071158132989337,-0.0155534697257483,0.9544954266127912,0.0002779709987379775,0.04522660238847054,0
2023-02-24,test,test,-0.003265824713739,0.0069452608039307,-0.0155534697257483,0.9602843204473392,0.00022570715871970167,0.03948997239394091,0
2023-02-27,test,test,0.0121843184062354,0.0073654535283315,-0.0155534697257483,0.935672534750834,0.00045194248569084745,0.06387552276347555,0
2023-02-28,test,test,0.0085841818917543,0.0074442059390088,-0.0155534697257483,0.9387232499091118,0.0004609035352850451,0.06081584655560273,0
2023-03-01,test,test,-0.0076612335456625,0.0074574057087638,-0.0155534697257483,0.9279574625285686,0.0005302875439181193,0.07151224992751297,0
2023-03-02,test,test,0.0004717819753169,0.0072311465622493,-0.0155534697257483,0.9507133756896016,0.00033372889673033586,0.048952895413668505,0
2023-03-03,test,test,0.0145707168324561,0.0078670489453888,-0.0155534697257483,0.8953720140485077,0.0009547989219030235,0.10367318702958922,0
2023-03-06,test,test,0.0049327436970358,0.007722496305304,-0.0155534697257483,0.9276118095123991,0.0006086520281539421,0.07177953845944722,0
2023-03-07,test,test,-0.0105592213235389,0.0079213989630542,-0.0155534697257483,0.8823528190936857,0.001048193057457674,0.11659898784885663,0
2023-03-08,test,test,0.0058271521101055,0.0078115933037263,-0.0155534697257483,0.916143857310717,0.0007240225016340345,0.08313212018764901,0
2023-03-09,test,test,-0.0045421998976076,0.0076549085782158,-0.0155534697257483,0.9306784341965275,0.0005395293370244826,0.0687820364664477,0
2023-03-10,test,test,-0.0147745595845385,0.0082570590693913,-0.0147763366244491,0.780830156979144,0.002306035373580535,0.2168638076472753,0
2023-03-13,test,test,-0.0357526996096709,0.0118652271267622,-0.0221152754127566,0.0006641914530343268,0.10734364692752846,0.8919921616194372,2
2023-03-14,test,test,0.0220895072258524,0.0127127250285819,-0.0221152754127566,0.001775448683435173,0.1445887600607871,0.8536357912557778,2
2023-03-15,test,test,-0.0446438870731427,0.0164772926833617,-0.032071717908958,5.904518869965067e-09,0.8212074879882013,0.1787925061072798,1
2023-03-16,test,test,0.0148564530823146,0.0163845645536888,-0.032071717908958,0.0021431448596799484,0.7492175423742616,0.24863931276605838,1
2023-03-17,test,test,-0.0194106313607413,0.0165817090454063,-0.0332690726811849,0.0006705096377787228,0.7357595082010151,0.2635699821612061,1
2023-03-20,test,test,0.0129670475886942,0.0163873289392923,-0.0332690726811849,0.005164054338764037,0.632182691182353,0.3626532544788827,1
2023-03-21,test,test,0.02419251567933,0.0169572564311675,-0.0332690726811849,0.0005270706156581743,0.723237864713037,0.2762350646713049,1
2023-03-22,test,test,-0.0044411448681237,0.0164766215892824,-0.0332690726811849,0.011702253916013535,0.5412225014709988,0.44707524461298775,1
2023-03-23,test,test,-0.0043716793984768,0.0160105281081671,-0.0332690726811849,0.03805235344443428,0.3560968782345991,0.6058507683209663,2
2023-03-24,test,test,-0.0199865907047042,0.016276505096737,-0.0334610591291726,0.004472876258397575,0.38283092609471553,0.6126961976468867,2
2023-03-27,test,test,0.0128373059954417,0.0160908957670944,-0.0334610591291726,0.013445987141138434,0.2924979875622016,0.6940560252966602,2
2023-03-28,test,test,0.0042800446916025,0.0156358894197283,-0.0334610591291726,0.05045511235239856,0.16744447123018324,0.7821004164174182,2
2023-03-29,test,test,0.0140330241364798,0.0155443791015954,-0.0334610591291726,0.04486893922649747,0.13242840021649113,0.8227026605570116,2
2023-03-30,test,test,0.0149254229318869,0.0155079383973696,-0.0334610591291726,0.0351935951224524,0.11077580834356705,0.8540305965339805,2
2023-03-31,test,test,0.0027549846231698,0.0150506405362977,-0.0334610591291726,0.09221457361108401,0.058241855872740805,0.8495435705161752,2
2023-04-03,test,test,-0.0081675294875349,0.0147286450834916,-0.0334610591291726,0.11007270276094969,0.03690522547788654,0.8530220717611635,2
2023-04-04,test,test,0.0028134107805612,0.0142965703456789,-0.0334610591291726,0.20968560373364847,0.020236051480581174,0.7700783447857703,2
2023-04-05,test,test,0.0077449339639618,0.0139902626264261,-0.0334610591291726,0.2921008479961241,0.013828004896143234,0.6940711471077327,2
2023-04-06,test,test,0.006215402989813,0.0136492371770198,-0.0334610591291726,0.4111684208819143,0.00911131759299379,0.5797202615250922,2
2023-04-11,test,test,-0.0080431279288928,0.0133792783585849,-0.0334610591291726,0.4252878938974587,0.007976304474490445,0.5667358016280509,2
2023-04-12,test,test,0.0044285137652882,0.0130169692356888,-0.0334610591291726,0.5718240576311121,0.005124559424801823,0.4230513829440862,0
2023-04-13,test,test,0.0033676194611981,0.012647349542415,-0.0334610591291726,0.7091297541736359,0.0031143123460538975,0.28775593348031003,0
2023-04-14,test,test,0.0056660219937555,0.0123403546032991,-0.0334610591291726,0.7979544728632683,0.0020837717784754225,0.19996175535825614,0
2023-04-17,test,test,0.0016647222355276,0.0119713645270012,-0.0334610591291726,0.8743973207714377,0.0011633320993669905,0.12443934712919497,0
2023-04-18,test,test,0.0046169727046616,0.0116616354229318,-0.0334610591291726,0.9157456044493558,0.0007288189922573611,0.08352557655838655,0
2023-04-19,test,test,0.0077074515312688,0.0114629143257527,-0.0334610591291726,0.9291585688865546,0.000600275852924395,0.07024115526052117,0
2023-04-20,test,test,-0.0046342433561177,0.0111715295836424,-0.0334610591291726,0.9391809112941772,0.00045384867309728323,0.06036524003272534,0
2023-04-21,test,test,-0.0037421697130378,0.0108699180720729,-0.0334610591291726,0.949301517894778,0.0003403140431436551,0.05035816806207853,0
2023-04-24,test,test,-0.0009774964916042,0.0105414961804967,-0.0334610591291726,0.9612784760820282,0.00023134350475125052,0.038490180413220235,0
2023-04-25,test,test,-0.012419526124411,0.0106635093177301,-0.0334610591291726,0.8988992053460237,0.0007164009963645946,0.10038439365761137,0
2023-04-26,test,test,0.0003659481987674,0.010339044452763,-0.0334610591291726,0.934208061376523,0.0004680191776128023,0.06532391944586409,0
2023-04-27,test,test,0.0022462474346839,0.0100391646782342,-0.0334610591291726,0.9542874982780268,0.0003021048434256367,0.04541039687854786,0
2023-04-28,test,test,-0.0079329147965665,0.0099254020583893,-0.0334610591291726,0.9399341495715716,0.0003899856233800129,0.05967586480504837,0
2023-05-02,test,test,-0.0173556722301439,0.0105202638357148,-0.0334610591291726,0.6890506158299414,0.0034575199741095925,0.30749186419594876,0
2023-05-03,test,test,-0.0005837207268118,0.010200776337901,-0.0334610591291726,0.7976347340986942,0.002000437355498418,0.20036482854580726,0
2023-05-04,test,test,-0.0036534299224534,0.0099304249976536,-0.0334610591291726,0.8540854336857547,0.0013479698015407891,0.14456659651270448,0
2023-05-05,test,test,0.0114014503965432,0.0100247755318846,-0.0334610591291726,0.8388939455482994,0.0017670592844594118,0.15933899516724118,0
2023-05-08,test,test,0.0069722376026575,0.0098682867220236,-0.0334610591291726,0.8802064953076179,0.0012287759580102246,0.11856472873437218,0
2023-05-09,test,test,-0.0030552209880875,0.0095968828468178,-0.0334610591291726,0.914100254799015,0.0007545854020751949,0.08514515979890999,0
2023-05-10,test,test,-0.0016892908092893,0.0093137196092278,-0.0334610591291726,0.9397349047773936,0.00045913375217986356,0.059805961470426494,0
2023-05-11,test,test,0.0016456895215768,0.0090389793794344,-0.0334610591291726,0.9574952480812099,0.0002815398124661213,0.042223212106323876,0
2023-05-12,test,test,0.0055709635168114,0.0088692219162038,-0.0334610591291726,0.9634397548640362,0.00021938885502927088,0.03634085628093424,0
2023-05-15,test,test,-0.0035365970235941,0.0086425553319244,-0.0334610591291726,0.9652250212210388,0.00018321078349604414,0.034591767995465185,0
2023-05-16,test,test,-0.0010982074795782,0.0083835851809082,-0.0334610591291726,0.9700481720167462,0.0001448919795879203,0.029806936003666115,0
2023-05-17,test,test,0.0021952102224181,0.008145954046743,-0.0334610591291726,0.9737564733390077,0.00011757552255738042,0.026125951138434682,0
2023-05-18,test,test,0.0001628249107901,0.0078978961761246,-0.0334610591291726,0.9755518939555546,0.00010011947743686978,0.024347986567008602,0
2023-05-19,test,test,0.0041593586428915,0.0077247766328564,-0.0334610591291726,0.9756633513018389,9.75638481415745e-05,0.02423908485001942,0
2023-05-22,test,test,0.0057661895545802,0.0076214683693258,-0.0334610591291726,0.9739198173134976,0.00010715622414544814,0.025973026462357256,0
2023-05-23,test,test,-0.0040921874896597,0.0074569654153273,-0.0334610591291726,0.9706572800446225,0.00012054193690931583,0.029222178018468603,0
2023-05-24,test,test,-0.01123150082876,0.0077355510382293,-0.0334610591291726,0.929189013562265,0.000378937101624274,0.07043204933611044,0
2023-05-25,test,test,-0.0051861635789739,0.0076067208725718,-0.0334610591291726,0.9364475549895195,0.0003995044830469353,0.06315294052743349,0
2023-05-26,test,test,0.0081935438285086,0.0076432008946127,-0.0334610591291726,0.941274044364611,0.0004161041835635712,0.0583098514518254,0
2023-05-29,test,test,-0.0011975267573537,0.0074161616042639,-0.0334610591291726,0.956444784377206,0.0002769743977501048,0.043278241225043576,0
2023-05-30,test,test,-0.0013734343046311,0.0071981014907733,-0.0334610591291726,0.9648197216468754,0.00019693376998940448,0.03498334458313546,0
2023-05-31,test,test,-0.01287774246717,0.0076585951864706,-0.0334610591291726,0.8971355448815097,0.000704221259720397,0.10216023385877004,0
2023-06-01,test,test,0.01287774246717,0.0080675281517613,-0.0334610591291726,0.8570120835399148,0.001407213517300416,0.14158070294278485,0
2023-06-02,test,test,0.0162082452299635,0.0087716784401146,-0.0334610591291726,0.7093906428626184,0.004272327104339961,0.28633703003304156,0
2023-06-05,test,test,-0.0030312384763801,0.0085368089178221,-0.0334610591291726,0.7957531447803173,0.0023874897728095408,0.20185936544687297,0
2023-06-06,test,test,0.0023333680118554,0.0082964544527266,-0.0334610591291726,0.8725577640351397,0.0012679074495242806,0.126174328515336,0
2023-06-07,test,test,0.0052489061438953,0.0081458178250831,-0.0334610591291726,0.9123629541540628,0.0007964068090398279,0.08684063903689714,0
2023-06-08,test,test,-0.002299699961451,0.0079177272213583,-0.028013703046196,0.9370977312051064,0.0004909275851182136,0.06241134120977579,0
2023-06-09,test,test,-0.0030673135776569,0.0077132019839849,-0.028013703046196,0.9500492944268412,0.0003415941185768252,0.0496091114545819,0
2023-06-12,test,test,0.0037203868583444,0.0075335484638746,-0.0189176314318631,0.9619117585870076,0.00023475943003908878,0.037853481982953095,0
2023-06-13,test,test,-0.0011457478166813,0.0073094360653651,-0.0189176314318631,0.9681584225172924,0.00016829779500510952,0.03167327968770252,0
2023-06-14,test,test,0.0105614291994169,0.0075441905770002,-0.0167400018006727,0.9542039443456466,0.0002688604071765805,0.045527195247176876,0
2023-06-15,test,test,-0.0002120486067251,0.0073145485609892,-0.0167400018006727,0.964730785708512,0.00019407563471795922,0.03507513865677006,0
2023-06-16,test,test,0.0067844362963238,0.0072838298966641,-0.0167400018006727,0.9653147294576646,0.00018794231453507295,0.03449732822780024,0
2023-06-19,test,test,-0.0066677418753393,0.0072483414784828,-0.0167400018006727,0.9564542763681944,0.00023096896966829218,0.04331475466213748,0
2023-06-20,test,test,0.0008371704130635,0.0070305190559022,-0.0167400018006727,0.9664775536352654,0.0001755497473930726,0.0333468966173414,0
2023-06-21,test,test,-0.000360179915881,0.006816912063243,-0.0142176469405749,0.9713418168389016,0.00013623267204751526,0.028521950489051033,0
2023-06-22,test,test,-0.0076272708166795,0.0068682303601413,-0.0142176469405749,0.9570283512398361,0.0002081229490770015,0.042763525811086514,0
2023-06-23,test,test,-0.0106171406733998,0.0071488218293572,-0.0142176469405749,0.9181477148955977,0.0005149022200396581,0.08133738288436251,0
2023-06-26,test,test,0.000884604573256,0.0069344261370413,-0.0142176469405749,0.9454223445943994,0.000357012924229987,0.054220642481370276,0
2023-06-27,test,test,0.0127499450431092,0.0074131474971982,-0.0142176469405749,0.9136554874769627,0.0007239840613879527,0.08562052846164943,0
2023-06-28,test,test,0.0093566860549111,0.0075438932191616,-0.0142176469405749,0.9167408829385796,0.0007396989647556281,0.08251941809666458,0
2023-06-29,test,test,0.0030855079098819,0.007353021620511,-0.0142176469405749,0.94389656178693,0.00043381665702070873,0.05566962155604924,0
2023-06-30,test,test,0.0086267408586391,0.0074356002316643,-0.0142176469405749,0.9446011801213579,0.00041958760027016096,0.05497923227837213,0
2023-07-03,test,test,0.0053852239236243,0.0073287720635365,-0.0142176469405749,0.9561258064887846,0.0002994143361795869,0.04357477917503612,0
2023-07-04,test,test,-0.0058648145029868,0.0072492764405135,-0.0142176469405749,0.9528974904613596,0.000289184698737332,0.0468133248399032,0
2023-07-05,test,test,-0.0107054433365902,0.0075016851039151,-0.0142176469405749,0.9118313332737775,0.0006216676403966643,0.0875469990858258,0
2023-07-06,test,test,-0.0214484371151886,0.0089722288153755,-0.0172272839375008,0.3416618252214718,0.011226546131076395,0.6471116286474518,2
2023-07-07,test,test,-0.0039064025432989,0.0087513676285679,-0.0172272839375008,0.454698939268389,0.007328384666791346,0.5379726760648196,2
2023-07-10,test,test,0.0004432658578783,0.0084854604073892,-0.0172272839375008,0.6118466647049551,0.0043716220633884945,0.38378171323165633,0
2023-07-11,test,test,0.0084158071774689,0.0084812973449083,-0.0172272839375008,0.6806358876927764,0.003716824129274343,0.315647288177949,0
2023-07-12,test,test,0.0130533546307798,0.0088226903153515,-0.0172272839375008,0.6178610564250159,0.005464643567048865,0.3766743000079353,0
2023-07-13,test,test,0.0026409767398669,0.0085783423821268,-0.0172272839375008,0.7484718060854595,0.0029342193348065307,0.24859397457973414,0
2023-07-14,test,test,-0.0042713381665329,0.0083825616805047,-0.0172272839375008,0.8118556450556635,0.0019446714727278003,0.18619968347160837,0
2023-07-17,test,test,-3.176519663569529e-05,0.0081271988070602,-0.0172272839375008,0.8815815690844496,0.0010837307706475416,0.11733470014490285,0
2023-07-18,test,test,0.0018736616234754,0.00789296619119,-0.0172272839375008,0.9247314587596963,0.0006188123508370654,0.07464972888946653,0
2023-07-19,test,test,-0.0004125760338835,0.0076531819210428,-0.0172272839375008,0.9481183113499061,0.00037174224591958883,0.05150994640417446,0
2023-07-20,test,test,0.0071476111862701,0.0076237931927478,-0.0172272839375008,0.9535477914098026,0.00031818965281572506,0.04613401893738175,0
2023-07-21,test,test,0.0054371429143165,0.0075105685984007,-0.0172272839375008,0.9613458149317973,0.00024095917129148507,0.03841322589691166,0
2023-07-24,test,test,-0.0029296385065642,0.0073170410097084,-0.0172272839375008,0.9651953520113918,0.00018822850017590653,0.034616419488432276,0
2023-07-25,test,test,-0.0025494623112604,0.0071215678943672,-0.0151858934703728,0.9681613879509609,0.00015698254927278522,0.03168162949976641,0
2023-07-26,test,test,0.0085043482742847,0.0072120151061861,-0.0151858934703728,0.9628179440259502,0.00019708128106502801,0.036984974692985034,0
2023-07-27,test,test,0.0097641841258725,0.0073900426031912,-0.0151858934703728,0.9536684149699798,0.00027908273058755546,0.04605250229943255,0
2023-07-28,test,test,-0.0009907828584015,0.0071690211979539,-0.0151858934703728,0.963708019099772,0.00020260493053061532,0.036089375969697204,0
2023-07-31,test,test,-0.0045118835407825,0.0070379399418896,-0.0151858934703728,0.9629673845276748,0.00019250552807267536,0.036840109944252915,0
2023-08-01,test,test,-0.0144796418905785,0.0076902694663366,-0.0162686071576457,0.8597319265838714,0.0010397203720021932,0.13922835304412637,0
2023-08-02,test,test,-0.0185013656760043,0.0087252427880037,-0.0181431482272571,0.43132192827646215,0.008440077444034657,0.5602379942795032,2
2023-08-03,test,test,-0.0023181828348979,0.0084784732296797,-0.0181431482272571,0.5689217096466299,0.005197635405300612,0.4258806549480696,0
2023-08-04,test,test,0.0065648578520865,0.0083759942290511,-0.0181431482272571,0.6754246746393775,0.0037229181268960375,0.3208524072337266,0
2023-08-07,test,test,-0.0010467007149886,0.0081248739995644,-0.0181431482272571,0.7855174428503479,0.002163444154618283,0.21231911299503364,0
2023-08-08,test,test,-0.0060877560921854,0.0080172569693472,-0.0181431482272571,0.8171162992267773,0.0017957558004325553,0.18108794497279057,0
2023-08-09,test,test,0.0056389537814405,0.0078947889610012,-0.0181431482272571,0.874294992713431,0.0011946339679277849,0.12451037331864145,0
2023-08-10,test,test,0.0156765086956539,0.0085634809900832,-0.0181431482272571,0.7549212049642202,0.003367736722500187,0.24171105831327952,0
2023-08-11,test,test,-0.0071714077711673,0.0084863985077703,-0.0181431482272571,0.772422096762851,0.002741521282934762,0.2248363819542143,0
2023-08-14,test,test,-0.0004983270220644,0.0082287740182837,-0.0181431482272571,0.8551675291949499,0.0014609506052093663,0.14337152019984084,0
2023-08-15,test,test,-0.0087447086356849,0.0082606388542729,-0.0181431482272571,0.8351544007379198,0.0016782080331654574,0.16316739122891455,0
2023-08-16,test,test,0.0003208899375058,0.008009372212914,-0.0181431482272571,0.8965759745835145,0.0009269217839191178,0.10249710363256644,0
2023-08-17,test,test,-0.0077838114770856,0.0079960180037909,-0.0181431482272571,0.8889285255560859,0.0009870268413132142,0.11008444760260085,0
2023-08-18,test,test,-0.0011107486520312,0.0077571999739603,-0.0181431482272571,0.9261183500934619,0.0005897928426271785,0.07329185706391085,0
2023-08-21,test,test,-0.0005289000015363,0.0075220001636896,-0.0181431482272571,0.9487562545475821,0.0003610551148968224,0.050882690337521214,0
2023-08-22,test,test,0.005512286884201,0.0074167901194801,-0.0181431482272571,0.9583343369066513,0.0002708357006954281,0.041394827392653516,0
2023-08-23,test,test,0.0001717277249616,0.0071909678458831,-0.0181431482272571,0.9672416506096162,0.00018176863541424754,0.0325765807549696,0
2023-08-24,test,test,0.0009764420911602,0.0069760034257687,-0.0181431482272571,0.9723117498805787,0.00013339845249082417,0.027554851666930523,0
2023-08-25,test,test,0.0015216997371158,0.0067737493734233,-0.0181431482272571,0.9750495868095939,0.0001074978066998554,0.02484291538370635,0
2023-08-28,test,test,0.0160605946993766,0.0076555353741834,-0.0181431482272571,0.911494909335444,0.0005906253275849691,0.08791446533697149,0
2023-08-29,test,test,0.0095537566707768,0.0077824960356505,-0.0181431482272571,0.9133535600314147,0.0007078448463229772,0.08593859512226239,0
2023-08-30,test,test,-0.0031465752763765,0.0075846730997727,-0.0181431482272571,0.9349082562143974,0.00048711408590712936,0.0646046296996956,0
2023-08-31,test,test,-0.0047435906496014,0.0074448458146324,-0.0181431482272571,0.9426294144104246,0.00039848559563110105,0.056972099993944564,0
2023-09-01,test,test,-0.0059403283278615,0.0073632489765047,-0.0181431482272571,0.9424090299753135,0.00038535935505668614,0.057205610669629835,0
2023-09-04,test,test,-0.003530161858558,0.0071911133995686,-0.0181431482272571,0.9520153273634494,0.00030295498787510423,0.04768171764867524,0
2023-09-05,test,test,-0.0025839462854382,0.007000713671783,-0.0181431482272571,0.960273815560171,0.00023052521861915176,0.039495659221209824,0
2023-09-06,test,test,-0.00829663140732,0.0070851561706125,-0.0181431482272571,0.9429848140892335,0.0003408929521706742,0.05667429295859586,0
2023-09-07,test,test,-0.0004725403894448,0.0068702888839866,-0.0181431482272571,0.9582856767760156,0.0002459828934947913,0.04146834033048941,0
2023-09-08,test,test,0.0058474897555671,0.0068132521878286,-0.0181431482272571,0.9633649690976831,0.00021047688168064296,0.036424554020636206,0
2023-09-11,test,test,0.0075108159199687,0.0068571074367749,-0.0181431482272571,0.9625455774706606,0.00021334255482733636,0.03724107997451202,0
2023-09-12,test,test,0.0021386512218029,0.0066688197455334,-0.0181431482272571,0.9697548298333039,0.00015568325951718928,0.030089486907178824,0
2023-09-13,test,test,-0.0033158515775313,0.0065164760178769,-0.0181431482272571,0.9695729137463165,0.0001409882116538573,0.030286098042029752,0
2023-09-14,test,test,0.0131662403592823,0.0070934889315466,-0.0181431482272571,0.9376532099202768,0.00039021876721975844,0.06195657131250352,0
2023-09-15,test,test,7.332387080306101e-05,0.0068774161348618,-0.0181431482272571,0.9558095514795649,0.0002711034365041104,0.0439193450839308,0
2023-09-18,test,test,-0.0071039913123483,0.0068912207252771,-0.0181431482272571,0.9464793111067483,0.0003261681290641957,0.05319452076418754,0
2023-09-19,test,test,0.0047451164456428,0.0067816336899292,-0.0181431482272571,0.9584465640084462,0.00025429679165074414,0.04129913919990296,0
2023-09-20,test,test,0.0123716812282166,0.0072397950218826,-0.0181431482272571,0.9320582329803976,0.0005023875227833398,0.06743937949681934,0
2023-09-21,test,test,-0.0100965616800612,0.0074421896983952,-0.0181431482272571,0.8947301956409415,0.0008583380818289933,0.10441146627722958,0
2023-09-22,test,test,-0.0049237027555888,0.0073155715556619,-0.0181431482272571,0.9133958488633134,0.0006888281182394012,0.0859153230184471,0
2023-09-25,test,test,-0.0122830853925037,0.00770447812382,-0.0181431482272571,0.8271573004784368,0.001683806152179159,0.17115889336938395,0
2023-09-26,test,test,-0.0020369772761847,0.0074864144125354,-0.0181431482272571,0.8845334387925285,0.0010247754291847228,0.11444178577828694,0
2023-09-27,test,test,-0.0037435599517115,0.0073160420431793,-0.0181431482272571,0.9134482300605904,0.0007115523965882419,0.08584021754282126,0
2023-09-28,test,test,0.0101179956686185,0.0075136830574575,-0.0150880309863621,0.9100346578957067,0.000816637873244091,0.08914870423104933,0
2023-09-29,test,test,0.0001273092609365,0.0072848527481017,-0.0150880309863621,0.9403904566117821,0.0004629463628475466,0.05914659702537034,0
2023-10-02,test,test,-0.0116286582703662,0.0076156730745201,-0.0150880309863621,0.8808485593647898,0.001026022435000644,0.11812541820020958,0
2023-10-03,test,test,-0.0166088916262361,0.0084302956447811,-0.0165299663976063,0.5893227818695491,0.005586281086857771,0.405090937043593,0
2023-10-04,test,test,-0.0068533481917545,0.0083440873955847,-0.0165299663976063,0.6297379103865022,0.004536365978969732,0.365725723634528,0
2023-10-05,test,test,0.0060019897963351,0.0082223962254421,-0.0165299663976063,0.7334027475260939,0.0030185165782882434,0.26357873589561753,0
2023-10-06,test,test,0.0084921389327547,0.0082388298396112,-0.0165299663976063,0.7823888103887426,0.0024898060229618735,0.21512138358829563,0
2023-10-09,test,test,-0.0091912913589622,0.0082990606883685,-0.0165299663976063,0.7520801631998979,0.002851841536344824,0.24506799526375753,0
2023-10-10,test,test,0.0217049508881631,0.009644077840526,-0.0165299663976063,0.2694290417049457,0.018516203749689538,0.7120547545453646,2
2023-10-11,test,test,0.0008871911069572,0.0093528054419031,-0.0165299663976063,0.4213878712362632,0.009931465656918673,0.5686806631068181,2
2023-10-12,test,test,-0.0026101713665208,0.0090903933429639,-0.0165299663976063,0.5558482809542974,0.0058737604800602645,0.43827795856564267,0
2023-10-13,test,test,-0.0111046606603855,0.0092236622534086,-0.0165299663976063,0.4542920486972416,0.007663285968403084,0.5380446653343556,2
2023-10-16,test,test,0.00585306409085,0.0090568697792423,-0.0165299663976063,0.5827457731865112,0.005170186387802846,0.41208404042568564,0
2023-10-17,test,test,0.0012267984132275,0.0087861014589558,-0.0165299663976063,0.7226854637450894,0.002960720935645005,0.2743538153192657,0
2023-10-18,test,test,-0.0092701087141388,0.0088158912794203,-0.0165299663976063,0.6893092770124561,0.003522261947565642,0.3071684610399783,0
2023-10-19,test,test,-0.0071789181241014,0.0087263368393317,-0.0165299663976063,0.7130999619612087,0.0031606503688765258,0.2837393876699146,0
2023-10-20,test,test,-0.0129514185649567,0.0090357275261127,-0.0165299663976063,0.5361273740133133,0.006286539956123356,0.45758608603056306,0
2023-10-23,test,test,-0.0037281991302126,0.0088079326595889,-0.0165299663976063,0.6456198044091335,0.004086383322866314,0.35029381226800016,0
2023-10-24,test,test,-0.0021924071622638,0.00855647684632,-0.016020558622399,0.7549063199823011,0.0025085045136450206,0.2425851755040542,0
2023-10-25,test,test,0.0010021937963135,0.0082994434635484,-0.0139477985278988,0.8465813860208402,0.00143311565445404,0.15198549832470543,0
2023-10-26,test,test,-0.0024515825511631,0.0080689857799272,-0.0139477985278988,0.8951509962154901,0.0009030391501837921,0.10394596463432595,0
2023-10-27,test,test,-0.0049773328085812,0.0079176038129544,-0.0139477985278988,0.9133554330600299,0.0007065929180237473,0.08593797402194599,0
2023-10-30,test,test,0.0106625501199189,0.0081085474429248,-0.0139477985278988,0.9045924045469897,0.0008829846500418192,0.09452461080296862,0
2023-10-31,test,test,0.0003770591048797,0.0078620709453825,-0.0139477985278988,0.9375243737594274,0.0004950507008789742,0.06198057553969345,0
2023-11-01,test,test,0.0063784473572732,0.0077810349837656,-0.0139477985278988,0.9491857835999749,0.00037340325325221,0.050440813146772824,0
2023-11-02,test,test,0.0202239063008083,0.0090250882686709,-0.0139477985278988,0.7193912084499533,0.003953960593361086,0.27665483095668586,0
2023-11-03,test,test,0.0036110265535653,0.0087947402422184,-0.0139477985278988,0.8187967427849729,0.0020839207430827494,0.17911933647194417,0
2023-11-06,test,test,-0.00565410286469,0.0086385612994688,-0.0139477985278988,0.8497560572398873,0.0015380002949641957,0.14870594246514834,0
2023-11-07,test,test,-0.0006061036106858,0.008376711678243,-0.0139477985278988,0.9037295857274188,0.0008561036020591146,0.09541431067052164,0
2023-11-08,test,test,0.0051728181736417,0.0082197702826442,-0.0139477985278988,0.9319815637884327,0.0005599365670424425,0.06745849964452524,0
2023-11-09,test,test,0.0129918238741976,0.0085812583776603,-0.0139477985278988,0.8951090000049593,0.0010350635836173475,0.1038559364114237,0
2023-11-10,test,test,-0.0035682178471498,0.0083656228901259,-0.0139477985278988,0.9213908408975455,0.0006680636216380546,0.07794109548081685,0
2023-11-13,test,test,0.0095575608476978,0.0084418863840292,-0.0139477985278988,0.9213938300533517,0.0006950035768363299,0.0779111663698119,0
2023-11-14,test,test,0.0169351293233868,0.0091759160463463,-0.0139477985278988,0.7893399564463033,0.002804372341950084,0.20785567121174653,0
2023-11-15,test,test,0.0018065194515364,0.0089073789592644,-0.0139477985278988,0.869052552843076,0.0013969474589472992,0.12955049969797652,0
2023-11-16,test,test,0.0027657005631423,0.008662555160275,-0.0139477985278988,0.9167183640247983,0.0007552635089082449,0.08252637246629305,0
2023-11-17,test,test,0.0096764318619895,0.00872671015935,-0.0139477985278988,0.9166555845725644,0.0007716390898681595,0.08257277633756759,0
2023-11-20,test,test,0.0079182071052735,0.0086803238544829,-0.0139477985278988,0.9286554736545902,0.0006268004983331066,0.07071772584707672,0
2023-11-21,test,test,-0.00116950156975,0.0084207603528946,-0.0139477985278988,0.9492824777754819,0.00037090478331236676,0.05034661744120584,0
2023-11-22,test,test,0.006076680456076,0.008298808067882,-0.0139477985278988,0.957365233668767,0.00028433792273140985,0.04235042840850162,0
2023-11-23,test,test,0.0018288996622898,0.0080584548683463,-0.0139477985278988,0.9670392303616709,0.00018750505728085912,0.0327732645810483,0
2023-11-24,test,test,0.0033762535536242,0.0078566098577418,-0.0139477985278988,0.9715943823959646,0.0001414699659146905,0.02826414763812108,0
2023-11-27,test,test,-0.0002918617468684,0.0076176013512205,-0.0139477985278988,0.9741656397708268,0.00011310429885922688,0.025721255930314248,0
2023-11-28,test,test,0.006750524017366,0.0075683785447011,-0.0139477985278988,0.971361296904664,0.00012710363461354638,0.02851159946072199,0
2023-11-29,test,test,0.0059004675076431,0.0074788009451157,-0.0139477985278988,0.9711442302874839,0.00013146097805193254,0.028724308734464358,0
2023-11-30,test,test,-0.0004373001247777,0.0072517576935534,-0.0139477985278988,0.973829661695794,0.00011214423890657387,0.02605819406529941,0
2023-12-01,test,test,0.0081786296151646,0.0073106845924423,-0.0139477985278988,0.9678334935342523,0.00014897220019919547,0.03201753426554895,0
2023-12-04,test,test,0.0036911126277134,0.0071454042155354,-0.0139477985278988,0.971786817344661,0.0001306164516970201,0.028082566203642016,0
2023-12-05,test,test,0.0058874116738824,0.0070762341886242,-0.0139477985278988,0.9714225019776669,0.0001310190958568534,0.028446478926476226,0
2023-12-06,test,test,0.0019222037728879,0.0068768013578544,-0.0139477985278988,0.9745415741419843,0.00010976219813750693,0.025348663659878215,0
2023-12-07,test,test,-0.0109880601843818,0.0071900779618444,-0.0139477985278988,0.9370230068312347,0.00031831596164441227,0.06265867720712082,0
2023-12-08,test,test,0.0075997095315253,0.0072153117000841,-0.0139477985278988,0.944354299676243,0.0003573901578212967,0.05528831016593535,0
2023-12-11,test,test,-0.0024876260430595,0.0070219923492848,-0.0139477985278988,0.9558927374298384,0.0002683659422975187,0.043838896627863735,0
2023-12-12,test,test,-0.0078064062210341,0.0070715113409707,-0.0139477985278988,0.942239845718912,0.0003579844301442507,0.05740216985094379,0
2023-12-13,test,test,-0.0022360444399722,0.0068779277381346,-0.0139477985278988,0.9551647217804704,0.0002711785790364002,0.044564099640493224,0
2023-12-14,test,test,0.007460201629428,0.0069142471082428,-0.0139477985278988,0.9572021606567176,0.00026526941242850936,0.0425325699308537,0
2023-12-15,test,test,-0.0075097269313538,0.0069514145470129,-0.0139477985278988,0.9452847508305731,0.0003352097799504054,0.05438003938947657,0
2023-12-18,test,test,-0.0040395299464994,0.0068118941920348,-0.013729656153853,0.9522606429609102,0.00028959734535431123,0.04744975969373573,0
2023-12-19,test,test,0.0051384728551759,0.0067232449406125,-0.013729656153853,0.9611325419759058,0.00023164015440523661,0.03863581786968905,0
2023-12-20,test,test,-0.000564160731661,0.0065198924699302,-0.013729656153853,0.9682677558070912,0.00016652616931872897,0.03156571802359023,0
2023-12-21,test,test,0.0003266276421268,0.0063217765768241,-0.013729656153853,0.9726744171226249,0.00012732277132055322,0.02719826010605464,0
2023-12-22,test,test,0.0007519302561493,0.0061319565791557,-0.013729656153853,0.9751611611632127,0.00010490062017191571,0.024733938216614963,0
2023-12-27,test,test,0.0009785076142093,0.0059499820695861,-0.0135549902838594,0.9765238507827825,9.241183947318962e-05,0.023383737377744254,0
2023-12-28,test,test,-0.0035233220706839,0.0058329218523411,-0.0116813798032413,0.973366772161084,0.00010225099204419586,0.026530976846871692,0
2023-12-29,test,test,0.0015751120702083,0.0056683734331297,-0.0116813798032413,0.9756024215596485,9.674881840808286e-05,0.024300829621943493,0
2024-01-02,test,test,0.0078879539621563,0.0058254458196186,-0.0116813798032413,0.9698154602978665,0.00013129443291359091,0.030053245269220014,0
2024-01-03,test,test,-0.0127203137168069,0.0064504304291041,-0.012258797647383,0.9084239265808466,0.0005406917692964301,0.09103538164985686,0
2024-01-04,test,test,0.0127498534796316,0.0069903573143719,-0.012258797647383,0.8719096841815505,0.0011601989897311303,0.12693011682871805,0
2024-01-05,test,test,-0.0017595206050566,0.0067910930213932,-0.012258797647383,0.9139776797692423,0.000709782956749252,0.08531253727400859,0
2024-01-08,test,test,0.0043684267078966,0.0066705919432864,-0.012258797647383,0.9402081147051198,0.0004588197223348204,0.05933306557254543,0
2024-01-09,test,test,-0.0146727183005486,0.0073989397078935,-0.013448150194104,0.8044981116374198,0.0019619989157286834,0.19353988944685158,0
2024-01-10,test,test,0.0006756764553941,0.0071754472051101,-0.013448150194104,0.8780775706773553,0.0011049323074603856,0.12081749701518446,0
2024-01-11,test,test,-0.0061976303151083,0.0071205658011908,-0.013448150194104,0.890505718152802,0.0009605804183209774,0.10853370142887725,0
2024-01-12,test,test,0.0089454084060826,0.0072430331893786,-0.013448150194104,0.9019248598719823,0.000912758978445423,0.09716238114957186,0
2024-01-15,test,test,-0.0017747060076404,0.0070358235395941,-0.013448150194104,0.9322517243167439,0.0005434979413810473,0.06720477774187493,0
2024-01-16,test,test,-0.0082508346350632,0.007114578022483,-0.013448150194104,0.916823869652403,0.0006567041505211635,0.0825194261970753,0
2024-01-17,test,test,-0.0127179686526005,0.0075686848798605,-0.013370333556652,0.8208681335276927,0.0017632884527982898,0.1773685780195092,0
2024-01-18,test,test,0.0012659447659923,0.0073446612128147,-0.013370333556652,0.8886157790813518,0.0009938736307337425,0.11039034728791418,0
2024-01-19,test,test,-0.0022291357588983,0.0071418168700309,-0.013370333556652,0.9227199091322891,0.0006226284103231204,0.07665746245738761,0
2024-01-22,test,test,0.0110762347655081,0.0074368134242829,-0.013370333556652,0.9088732102178843,0.0008349973545005906,0.09029179242761487,0
2024-01-23,test,test,-0.0109849056796071,0.0076959672192994,-0.013370333556652,0.8510194403691353,0.0014722189855219392,0.14750834064534285,0
2024-01-24,test,test,0.0115766578935419,0.0079821912551094,-0.013370333556652,0.8327657408699692,0.001914921065778047,0.16531933806425286,0
2024-01-25,test,test,-0.0057716259030966,0.0078670931437904,-0.013370333556652,0.8593631042040732,0.001428058752787468,0.13920883704313908,0
2024-01-26,test,test,0.0020147893087917,0.0076433793454609,-0.013370333556652,0.9116867847446614,0.0007825996848051861,0.08753061557053347,0
2024-01-29,test,test,-0.0046704114325721,0.0074983156459615,-0.013370333556652,0.9269232778838441,0.0005826520337834495,0.07249407008237241,0
2024-01-30,test,test,0.0149529121655686,0.0081404316967072,-0.013370333556652,0.8533444545028204,0.0016180971538705558,0.14503744834330878,0
2024-01-31,test,test,0.0038177101223021,0.0079476490329472,-0.013370333556652,0.905238111988882,0.0008999396730295949,0.09386194833808809,0
2024-02-01,test,test,-0.0063409674771716,0.0078605145985899,-0.013370333556652,0.9107915727349254,0.000771445642180552,0.08843698162289432,0
2024-02-02,test,test,0.0048315288369286,0.0077123957771558,-0.013370333556652,0.9372267564174646,0.0004997202115263984,0.062273523371009096,0
2024-02-05,test,test,-0.0121178655660995,0.0080450447891086,-0.013370333556652,0.866786427562471,0.001201574590521711,0.13201199784700746,0
2024-02-06,test,test,0.0061872708244614,0.0079458366541575,-0.013370333556652,0.9042437502351954,0.0008535343180447023,0.09490271544676022,0
2024-02-07,test,test,-0.0083119459308128,0.007968277582758,-0.013370333556652,0.8895643026080982,0.0009823968321262563,0.10945330055977523,0
2024-02-08,test,test,-0.0014929996569304,0.0077341828046838,-0.013370333556652,0.9255482843359979,0.000595164356202789,0.0738565513077988,0
2024-02-09,test,test,-0.0008888780758975,0.0075017287934795,-0.013370333556652,0.9479290830072241,0.00036801887632672886,0.05170289811644935,0
2024-02-12,test,test,0.0088627165705905,0.0075902729528062,-0.013370333556652,0.9464405274099639,0.0003860456330919568,0.05317342695694435,0
2024-02-13,test,test,-0.0059567735257556,0.0075022995100465,-0.013370333556652,0.9452070870681034,0.0003655532502696409,0.0544273596816266,0
2024-02-14,test,test,-0.0008870861634035,0.0072769941166539,-0.013370333556652,0.9590810329652577,0.00024913349941154685,0.04066983353533086,0
2024-02-15,test,test,0.0010784368662912,0.0070602511524634,-0.013370333556652,0.967954202374106,0.00017289942443140426,0.031872898201462524,0
2024-02-16,test,test,-0.0041284032511992,0.0069194609876767,-0.013370333556652,0.9667394273912124,0.00016207570171892632,0.03309849690706884,0
2024-02-19,test,test,0.0058896670197813,0.0068620328325224,-0.013370333556652,0.9683828955958664,0.00015729106868696646,0.031459813335446646,0
2024-02-20,test,test,0.0093480529231795,0.0070360081385834,-0.013370333556652,0.9599243772372332,0.00021902528586554502,0.03985659747690122,0
2024-02-21,test,test,0.0068502257075073,0.0070249997458553,-0.013370333556652,0.9620799230895004,0.0002147546500515583,0.037705322260447975,0
2024-02-22,test,test,0.0031314890571518,0.0068540468021757,-0.013370333556652,0.9690510319760856,0.00016142453609286982,0.030787543487821693,0
2024-02-23,test,test,-0.0008190415860315,0.0066482726974462,-0.013370333556652,0.9724148274581875,0.00012708504091704518,0.027458087500895297,0
2024-02-26,test,test,0.000769725357457,0.0064484964678277,-0.013370333556652,0.9750263542708393,0.00010553053285033031,0.02486811519630993,0
2024-02-27,test,test,-0.0024294247340883,0.0062803062478009,-0.013370333556652,0.9740964498064439,0.00010306904081127558,0.02580048115274455,0
2024-02-28,test,test,-0.0044791771242069,0.0061870423818492,-0.013370333556652,0.9699315861029418,0.000122837937433398,0.0299455759596246,0
2024-02-29,test,test,-0.0067065664406097,0.0062194377425977,-0.013370333556652,0.9599728861030319,0.00018412642726515634,0.039842987469703176,0
2024-03-01,test,test,0.0063192067778533,0.0062254689736664,-0.013370333556652,0.9633788961678332,0.0001931973827483548,0.03642790644941857,0
2024-03-04,test,test,0.0005065543702645,0.0060370913481046,-0.013370333556652,0.970110725804599,0.0001472312537365506,0.02974204294166402,0
2024-03-05,test,test,0.0046861967534148,0.0059646718291404,-0.013370333556652,0.9720950628134752,0.00013017541497274638,0.02777476177155163,0
2024-03-06,test,test,0.0078861690375335,0.0060970625019671,-0.013370333556652,0.9674203651936262,0.00015760482238427482,0.03242202998398955,0
2024-03-07,test,test,0.0119317698044574,0.006594372504167,-0.013370333556652,0.9451201416886449,0.0003359706876468061,0.054543887623708265,0
2024-03-08,test,test,-0.0013478025820936,0.0064019995398554,-0.013370333556652,0.9584074491457933,0.00024558764431613367,0.0413469632098907,0
2024-03-11,test,test,0.0019387928968652,0.0062251102235724,-0.013370333556652,0.9675740821352701,0.00017490126176595802,0.03225101660296392,0
2024-03-12,test,test,0.0061020140024309,0.0062177931737104,-0.013370333556652,0.9685084547842235,0.00016130242217370642,0.03133024279360251,0
2024-03-13,test,test,0.0163826595652666,0.007241877304944,-0.013370333556652,0.8935794429338506,0.0008436653965225133,0.1055768916696268,0
2024-03-14,test,test,-0.0066505399274413,0.0072077652962247,-0.013370333556652,0.8985502074934962,0.0008300513236000773,0.10061974118290373,0
2024-03-15,test,test,0.0101858194275587,0.0074202306417107,-0.013370333556652,0.8965648489301326,0.000966440202232577,0.1024687108676345,0
2024-03-18,test,test,-0.0001132548177934,0.0071942340112646,-0.013370333556652,0.9323987497946654,0.000545257987729189,0.0670559922176052,0
2024-03-19,test,test,0.0098319602082518,0.0073791347270873,-0.013370333556652,0.9283335144293001,0.0006055131187330653,0.0710609724519667,0
2024-03-20,test,test,0.0047636751431188,0.0072488680229002,-0.013370333556652,0.9478252006234702,0.0003926261674597244,0.05178217320906976,0
2024-03-21,test,test,0.0106383982050557,0.0074955889254134,-0.013370333556652,0.9356949582185807,0.0005103563884757516,0.06379468539294379,0
2024-03-22,test,test,0.0069415927601288,0.0074635088759444,-0.013370333556652,0.9461044762066959,0.000405217873342281,0.05349030591996181,0
2024-03-25,test,test,0.0008220905163925,0.007238941692392,-0.013370333556652,0.9608780558742817,0.0002491212196884266,0.03887282290602977,0
2024-03-26,test,test,0.0035818796607032,0.0070730426218514,-0.013370333556652,0.9680582160462455,0.0001769298153194421,0.0317648541384351,0
2024-03-27,test,test,0.0108403441115125,0.0073537092437799,-0.0131695175064162,0.9526177558780681,0.0002864563579001554,0.04709578776403182,0
2024-03-28,test,test,-0.003308428304241,0.007175594688539,-0.0131695175064162,0.9590164946094959,0.0002350143991331007,0.04074849099137094,0
2024-04-02,test,test,-0.0089795710448425,0.0072964218186109,-0.0131695175064162,0.9366300384639427,0.00039016226844103144,0.06297979926761615,0
2024-04-03,test,test,0.0051527244556639,0.0071858568892481,-0.0131695175064162,0.9518559536943452,0.0003115037487263684,0.047832542556928676,0
2024-04-04,test,test,0.0052976714466065,0.0070867669810824,-0.011940246632769,0.9606044749503672,0.00024200107312830435,0.03915352397650502,0
2024-04-05,test,test,-0.015895384636642,0.007897387253663,-0.0135770729517806,0.8117332320870987,0.001645972231881728,0.18662079568101972,0
2024-04-08,test,test,-0.0003848482579025,0.0076573813016694,-0.0135770729517806,0.8806198270495496,0.0010080652673905939,0.11837210768305986,0
2024-04-09,test,test,-0.0088182352875811,0.0077319490111119,-0.0135770729517806,0.859155948325143,0.0012877170159884457,0.13955633465886852,0
2024-04-10,test,test,-0.0037978833107968,0.0075539055089639,-0.0135770729517806,0.8959470813972513,0.0008921389299434325,0.10316077967280507,0
2024-04-11,test,test,-0.0116875416929808,0.0078634418025164,-0.0135770729517806,0.8176718352454274,0.0018443671897457256,0.18048379756482705,0
2024-04-12,test,test,0.003393379238749,0.007669067434972,-0.0132335972985741,0.8842094801325588,0.001071075687143409,0.11471944418029796,0
2024-04-15,test,test,0.0001123084332523,0.0074354876365891,-0.0132335972985741,0.9255082676704875,0.0006087045846215927,0.07388302774489043,0
2024-04-16,test,test,-0.0151128590199888,0.0081039001891509,-0.0143753697409101,0.7569731417026955,0.002706671023348409,0.240320187273956,0
2024-04-17,test,test,0.010113125023888,0.0082382840594449,-0.0143753697409101,0.7737200627216291,0.002708406342451741,0.22357153093591897,0
2024-04-18,test,test,0.0122530828435954,0.0085326108044243,-0.0143753697409101,0.7395677358238419,0.003543755918164409,0.2568885082579938,0
2024-04-19,test,test,-0.0033031735819152,0.0083121463927272,-0.0143753697409101,0.815435844714106,0.0020535583234175133,0.18251059696247618,0
2024-04-22,test,test,0.0148663629494283,0.0088434606255429,-0.0143753697409101,0.7037190353700925,0.004386366553684254,0.29189459807622314,0
2024-04-23,test,test,0.0168631477462388,0.0095171599335141,-0.0143753697409101,0.47701311850185385,0.010683476733276047,0.5123034047648701,2
2024-04-24,test,test,-0.0043071282985995,0.0092873480853748,-0.0143753697409101,0.5825067558980346,0.006301191110138812,0.4111920529918262,0
2024-04-25,test,test,-0.0040069662112483,0.0090577530924875,-0.0143753697409101,0.6818354607739275,0.003905419828303178,0.31425911939776924,0
2024-04-26,test,test,0.0154395604426736,0.009561543767571,-0.0143753697409101,0.5212416410413607,0.008064357838493436,0.47069400112014576,0
2024-04-29,test,test,-0.0048347736640632,0.0093455997265552,-0.0143753697409101,0.6130928221323472,0.005182357101626009,0.3817248207660268,0
2024-04-30,test,test,-0.0224465964757938,0.0105986226366862,-0.0178182800441415,0.06428917590429849,0.027595840818475242,0.9081149832772262,2
2024-05-02,test,test,0.0016201131257957,0.0102834060349481,-0.0178182800441415,0.13992933270715366,0.016673889827975005,0.8433967774648714,2
2024-05-03,test,test,-0.0015924929407647,0.0099777600354395,-0.0178182800441415,0.24240043893279503,0.01087367868779997,0.746725882379405,2
2024-05-06,test,test,0.0057688224695011,0.0097764570456992,-0.0178182800441415,0.3598693391027251,0.008099089111085598,0.6320315717861894,2
2024-05-07,test,test,0.014855934331712,0.0101531420120328,-0.0178182800441415,0.25051435818036577,0.012776501124569331,0.7367091406950648,2
2024-05-08,test,test,0.0064855793031086,0.0099712025095938,-0.0178182800441415,0.3595078965721429,0.009154630028910872,0.6313374733989464,2
2024-05-09,test,test,-0.0092690776661908,0.0099304750523327,-0.0178182800441415,0.3375178978951711,0.009165707380717581,0.6533163947241112,2
2024-05-10,test,test,0.0050010387502174,0.009705570462058,-0.0178182800441415,0.4765429412715173,0.006351411188114334,0.5171056475403686,2
2024-05-13,test,test,0.0041783729217416,0.0094653969874867,-0.0178182800441415,0.6218838158738934,0.004164486051173497,0.3739516980749332,0
2024-05-14,test,test,0.0077976935503373,0.0093737056282549,-0.0178182800441415,0.7008192746185465,0.003368434105816215,0.2958122912756373,0
2024-05-15,test,test,0.010928297038047,0.0094741773438106,-0.0178182800441415,0.703483594540321,0.0037482466380991024,0.2927681588215798,0
2024-05-16,test,test,-0.0056040849950639,0.0092875605128241,-0.0178182800441415,0.7571180417674652,0.002720948176888352,0.24016101005564613,0
2024-05-17,test,test,0.0025103111803719,0.0090255943403161,-0.0178182800441415,0.847341341773257,0.0015094223801944457,0.1511492358465485,0
2024-05-20,test,test,0.0010411348249191,0.0087543537572804,-0.0178182800441415,0.9045884485827327,0.0008374448687403823,0.09457410654852692,0
2024-05-21,test,test,-0.0004057094660808,0.0084882426411716,-0.0178182800441415,0.9366162905718973,0.0004897805552428374,0.06289392887285965,0
2024-05-22,test,test,-0.0005206862593472,0.0082306448227414,-0.0178182800441415,0.9546919753369524,0.000303908606039238,0.045004116057008416,0
2024-05-23,test,test,-0.0015812999645633,0.0079893012160582,-0.0178182800441415,0.9635499163152115,0.00021113594689315247,0.03623894773789551,0
2024-05-24,test,test,-0.0057720000567781,0.0078738908403013,-0.0178182800441415,0.9587622229082533,0.00022308211569467768,0.04101469497605212,0
2024-05-27,test,test,0.0070443106348755,0.0078265960855483,-0.0178182800441415,0.9608116429905034,0.00022449326943952492,0.038963863740056795,0
2024-05-28,test,test,-0.0043802472530194,0.0076636455991255,-0.0178182800441415,0.9614161887510663,0.0002074443671040152,0.038376366881829674,0
2024-05-29,test,test,-0.0116766688698555,0.0079616739314437,-0.0178182800441415,0.9104328218594628,0.0005895167625271017,0.08897766137801018,0
2024-05-30,test,test,0.017177668385959,0.0087914329977468,-0.0178182800441415,0.7602663632220774,0.0029363727008946917,0.23679726407702784,0
2024-05-31,test,test,-0.0014298371535014,0.0085308031604164,-0.0178182800441415,0.8432721443356938,0.001606946846533851,0.15512090881777238,0
2024-06-03,test,test,0.0066199927197111,0.00842837971526,-0.0178182800441415,0.885773303062343,0.0011177479898428684,0.11310894894781393,0
2024-06-04,test,test,-0.0097692326643452,0.0085147873701072,-0.0178182800441415,0.8478606009600927,0.0015331097348892865,0.1506062893050183,0
2024-06-05,test,test,0.0058923043113844,0.0083806123121479,-0.0178182800441415,0.8933594380559552,0.001012143188271975,0.10562841875577278,0
2024-06-06,test,test,0.0079747752066454,0.0083568178955106,-0.0178182800441415,0.911611904300826,0.0008223970267075191,0.08756569867246669,0
2024-06-07,test,test,-0.0034224533234974,0.0081454902997605,-0.0178182800441415,0.9327613588333273,0.0005380348108122918,0.06670060635586038,0
2024-06-10,test,test,-0.0041912006282699,0.007963795656122,-0.0178182800441415,0.9434906552117963,0.00040317524968514997,0.05610616953851868,0
2024-06-11,test,test,-0.0161280390080834,0.0086731503683549,-0.0181566733735064,0.7573087624087947,0.0025433445408437278,0.24014789305036166,0
2024-06-12,test,test,0.006235308652096,0.008546512125574,-0.0181566733735064,0.828123194302745,0.001754876146568862,0.17012192955068622,0
2024-06-13,test,test,-0.0160728450553123,0.0091739020177977,-0.0182158268463965,0.5262975918534973,0.007065005358164062,0.4666374027883384,0
2024-06-14,test,test,-0.0066913359089391,0.0090441853205803,-0.0182158268463965,0.5751617656723921,0.005503762803170175,0.41933447152443765,0
2024-06-17,test,test,-0.002988349874588,0.0087991627399768,-0.0182158268463965,0.6896732497053376,0.0034420063515362377,0.30688474394312637,0
2024-06-18,test,test,0.0098243139950782,0.0088640158933496,-0.0182158268463965,0.7197290610977344,0.0033652642648734693,0.27690567463739213,0
2024-06-19,test,test,-0.0010214928852064,0.0085976239714803,-0.0182158268463965,0.817376245384975,0.0018701776527983618,0.18075357696222655,0
2024-06-20,test,test,0.0093712776657885,0.0086459956270537,-0.0182158268463965,0.8382718352990398,0.0017567878609376685,0.15997137684002277,0
2024-06-21,test,test,-0.0115534427808022,0.0088474272172992,-0.0182158268463965,0.7461143596774031,0.00303900917521138,0.2508466311473854,0
2024-06-24,test,test,0.0125922479912122,0.0091156038105994,-0.0182158268463965,0.7012470694429518,0.004171596443511881,0.2945813341135362,0
2024-06-25,test,test,-0.0047731658295821,0.0089149069307596,-0.0182158268463965,0.7685050193852903,0.002699734934292113,0.22879524568041804,0
2024-06-26,test,test,-0.0079822350440771,0.0088617151966757,-0.0182158268463965,0.7676364027495172,0.002606186295548097,0.22975741095493465,0
2024-06-27,test,test,-0.0071877299715676,0.0087702909975681,-0.0182158268463965,0.7832308278696668,0.00232708480283385,0.21444208732749925,0
2024-06-28,test,test,-0.0007124671113176,0.0085049033206842,-0.0182158268463965,0.861462849408872,0.0013102247425229923,0.13722692584860538,0
2024-07-01,test,test,0.0102997454894692,0.0086231353400839,-0.0182158268463965,0.8629034537574232,0.00144006514260456,0.13565648109997183,0
2024-07-02,test,test,-0.013127317261052,0.0089574852953348,-0.0182158268463965,0.7244394590418837,0.003430364918662474,0.2721301760394543,0
2024-07-03,test,test,0.0131092113439982,0.0092592351504251,-0.0182158268463965,0.6617582472641328,0.004983250573573206,0.333258502162294,0
2024-07-04,test,test,0.0008588308828026,0.0089796260983256,-0.0182158268463965,0.7824043242735809,0.0025327207043250094,0.21506295502209388,0
2024-07-05,test,test,-0.0038750788711148,0.0087576616713155,-0.0182158268463965,0.841249911036684,0.001609977147490843,0.1571401118158253,0
2024-07-08,test,test,-0.0001270449116102,0.008490925043648,-0.0182158268463965,0.899555881923299,0.0008943714094538117,0.09954974666724722,0
2024-07-09,test,test,-0.0112496392324013,0.0086812051342304,-0.0182158268463965,0.8331926104945492,0.0016735852434007206,0.16513380426205057,0
2024-07-10,test,test,0.0157305622624824,0.0092568114690353,-0.0182158268463965,0.6941540347019108,0.0044824124464739575,0.30136355285161504,0
2024-07-11,test,test,0.0088483773077399,0.0092328149509061,-0.0182158268463965,0.7436974999812246,0.0034604932817916454,0.2528420067369838,0
2024-07-12,test,test,0.0071898127601103,0.0091231455131518,-0.0182158268463965,0.8084048557552058,0.002310314274757174,0.18928482997003646,0
2024-07-15,test,test,-0.0096099277763028,0.0091530825257308,-0.0182158268463965,0.7681877284839739,0.002753068235021204,0.22905920328100485,0
2024-07-16,test,test,-0.0047226120562098,0.0089493222322964,-0.0182158268463965,0.8216599854968482,0.0018638661208083443,0.1764761483823436,0
2024-07-17,test,test,0.0013245986684367,0.0086827541719418,-0.0182158268463965,0.8891411164769806,0.001019023917471731,0.10983985960554787,0
2024-07-18,test,test,0.0038017728423509,0.0084695935802398,-0.0182158268463965,0.9267720754093456,0.0006110503263863955,0.07261687426426809,0
2024-07-19,test,test,-0.0053969098837968,0.0083173056134305,-0.0182158268463965,0.9336352534298896,0.0005028255063517057,0.0658619210637584,0
2024-07-22,test,test,0.0050649242769541,0.0081588066396408,-0.0182158268463965,0.9502917710373502,0.00035259039174460915,0.0493556385709052,0
2024-07-23,test,test,0.0061638099672735,0.0080530560307764,-0.0182158268463965,0.9577704406548299,0.0002771160602317555,0.04195244328493822,0
2024-07-24,test,test,-0.0002319590748535,0.0078079342370104,-0.0151094004414825,0.9666818909963351,0.00018634160263234466,0.03313176740103241,0
2024-07-25,test,test,-0.0057703566629903,0.0077008978559384,-0.0151094004414825,0.9610730224186717,0.000201208537521092,0.03872576904380763,0
2024-07-26,test,test,0.0018197599311757,0.0074795915458512,-0.0151094004414825,0.969021656118396,0.00015586894850146528,0.03082247493310254,0
2024-07-29,test,test,-0.0043171161182453,0.0073284296957743,-0.0151094004414825,0.9669807244233013,0.0001555877165513543,0.032863687860147345,0
2024-07-30,test,test,0.0075984493930577,0.0073449108155432,-0.0151094004414825,0.964719806503504,0.00018148185953199283,0.03509871163696422,0
2024-07-31,test,test,-0.0123588858450568,0.0077379180374863,-0.0151094004414825,0.9054704164303244,0.0006133655529154842,0.0939162180167601,0
2024-08-01,test,test,-0.0192256766579086,0.0088577904467667,-0.0171421869071014,0.4791951821692263,0.007290038074722801,0.5135147797560509,2
2024-08-02,test,test,-0.0168534417943616,0.0095286480951842,-0.0174023858201178,0.16163806477777834,0.01675162158672588,0.8216103136354959,2
2024-08-05,test,test,-0.0236545388871615,0.0109050290714147,-0.0199112191131439,0.006187627590956265,0.042664277618203114,0.9511480947908405,2
2024-08-06,test,test,-0.0031613890149488,0.0106011387282558,-0.0199112191131439,0.036302950189265736,0.02547670304516997,0.9382203467655644,2
2024-08-07,test,test,0.0198677298964853,0.0113721016206313,-0.0199112191131439,0.010950827409519415,0.038347914040076474,0.950701258550404,2
2024-08-08,test,test,-0.0038757906436933,0.0110664591781017,-0.0199112191131439,0.04186981148055133,0.023527804154452523,0.934602384364996,2
2024-08-09,test,test,0.007595630130211,0.0108894510164954,-0.0199112191131439,0.08233662082919965,0.01739287362766319,0.9002705055431374,2
2024-08-12,test,test,0.0007235427868629,0.010559201943522,-0.0199112191131439,0.1676000499703451,0.011755002646602827,0.820644947383052,2
2024-08-13,test,test,0.0072625129107586,0.0103909377136893,-0.0199112191131439,0.24843409855525495,0.009819554348385402,0.7417463470963596,2
2024-08-14,test,test,0.0027192331791321,0.0100963827740698,-0.0199112191131439,0.39309018152436914,0.006899633806364686,0.6000101846692659,2
2024-08-15,test,test,0.0122559936015587,0.0102388129762677,-0.0199112191131439,0.36657502921808655,0.008843296617084901,0.6245816741648287,2
2024-08-16,test,test,0.0058712974542226,0.0100305344683604,-0.0199112191131439,0.4957505311579295,0.006260887040225227,0.49798858180184535,2
2024-08-19,test,test,0.0138582317199497,0.0103003863811965,-0.0199112191131439,0.4040477086535905,0.009420029088988303,0.5865322622574209,2
2024-08-20,test,test,-0.0013249210323699,0.0099918670412662,-0.0199112191131439,0.5529698481680781,0.005570215457668964,0.4414599363742531,0
2024-08-21,test,test,0.0024411985171008,0.0097059120933643,-0.0199112191131439,0.6974523286072114,0.0032809715222665787,0.29926669987052174,0
2024-08-22,test,test,0.0037177575868108,0.0094541921431038,-0.0199112191131439,0.8026740707118775,0.001978576383567971,0.1953473529045545,0
2024-08-23,test,test,0.0108584142746661,0.0095442733493765,-0.0199112191131439,0.8003999133842705,0.002296200582243537,0.1973038860334863,0
2024-08-26,test,test,-0.0011177993670246,0.0092575662604735,-0.0199112191131439,0.8711968889496554,0.0012552401885377513,0.12754787086180674,0
2024-08-27,test,test,0.0054355040398246,0.0090737568478029,-0.0199112191131439,0.9107286124944963,0.0008075186347247395,0.08846386887077887,0
2024-08-28,test,test,0.0004501197651419,0.0087980245510709,-0.0199112191131439,0.9410606880393348,0.000456582756582288,0.05848272920408314,0
2024-08-29,test,test,0.0023445499032698,0.0085493120598155,-0.0199112191131439,0.9580277419173552,0.0002800720903203548,0.04169218599232409,0
2024-08-30,test,test,0.0038049105678709,0.0083410990379032,-0.0199112191131439,0.9662743933090251,0.00019540280486162408,0.03353020388611344,0
2024-09-02,test,test,-0.0005790698915124,0.0080882393935181,-0.0199112191131439,0.9710803985769438,0.00014276232071518767,0.02877683910234135,0
2024-09-03,test,test,-0.0102406336627183,0.0082332663121319,-0.0199112191131439,0.9394498005120442,0.00032656924039329514,0.06022363024756276,0
2024-09-04,test,test,-0.0058062238141075,0.0081081568691823,-0.0199112191131439,0.9406985320500701,0.00036500827527837795,0.058936459674651574,0
2024-09-05,test,test,0.0053007237733571,0.0079676555960733,-0.0199112191131439,0.9539565253764842,0.0002939341109742634,0.04574954051254158,0
2024-09-06,test,test,-0.0089546852792289,0.0080302993009465,-0.0199112191131439,0.9316497040741809,0.00045395380031016086,0.06789634212550877,0
2024-09-09,test,test,0.0088925735075598,0.0080846296307411,-0.0199112191131439,0.9339439977268471,0.0004981820010171859,0.065557820272136,0
2024-09-10,test,test,-0.0061664975896667,0.0079825499460813,-0.0199112191131439,0.934496284007426,0.0004720940888860341,0.06503162190368847,0
2024-09-11,test,test,0.0067075287344119,0.0079118451657347,-0.0199112191131439,0.9461487402562814,0.0003878828359443524,0.053463376907774585,0
2024-09-12,test,test,0.0106971580210758,0.0081059982528149,-0.0199112191131439,0.9337553152347867,0.0005221033123057133,0.06572258145290732,0
2024-09-13,test,test,0.0122056926382547,0.0084085379930718,-0.0199112191131439,0.9072838501594258,0.000857414705153454,0.09185873513542084,0
2024-09-16,test,test,0.0035292153254039,0.0081980864937411,-0.0199112191131439,0.9378880195997014,0.0005024208650530346,0.06160955953524567,0
2024-09-17,test,test,0.0105136070536153,0.0083551338006042,-0.0199112191131439,0.9278292925387626,0.0006152788993841411,0.07155542856185346,0
2024-09-18,test,test,-0.0015991208203316,0.0081100675965321,-0.0199112191131439,0.9480167732379786,0.00037673198737707447,0.05160649477464428,0
2024-09-19,test,test,0.007961531291286,0.0081012322189422,-0.0199112191131439,0.9505145421581446,0.00034933073581582983,0.04913612710603976,0
2024-09-20,test,test,-0.0021078061217634,0.0078713872002418,-0.0199112191131439,0.9603018937520151,0.00024186609587909468,0.0394562401521055,0
2024-09-23,test,test,0.0037875470367367,0.0076877788093891,-0.0199112191131439,0.967550134584289,0.00017821635093267076,0.03227164906477836,0
2024-09-24,test,test,0.0033086363299726,0.0074975096467165,-0.0199112191131439,0.9719172504533405,0.00013719326398082182,0.02794555628267848,0
2024-09-25,test,test,-0.0037580359899385,0.00732715919839,-0.0199112191131439,0.9700672429335515,0.0001330640072936381,0.029799693059154815,0
2024-09-26,test,test,0.0135268583149318,0.0078386593213236,-0.0199112191131439,0.9349179937637698,0.0004074055203572655,0.06467460071587304,0
2024-09-27,test,test,0.0012290569248831,0.0076058227703453,-0.0199112191131439,0.9548230551755048,0.0002810664557952369,0.044895878368699814,0
2024-09-30,test,test,-0.0075990992889505,0.0076054195290771,-0.0199112191131439,0.9426391872960461,0.0003589177512329224,0.05700189495272087,0
2024-10-01,test,test,-0.0173076832893272,0.0085055990906632,-0.0200626329447991,0.699437224107058,0.003246180718409233,0.29731659517453257,0
2024-10-02,test,test,-0.0054717634338598,0.0083546941680826,-0.0200626329447991,0.755836118692591,0.002509857586625538,0.24165402372078323,0
2024-10-03,test,test,0.0007060673608454,0.0081020226876222,-0.0200626329447991,0.8468886589230661,0.001431290456810205,0.1516800506201239,0
2024-10-04,test,test,0.0035399651153322,0.0079029163296827,-0.0200626329447991,0.9019264086034288,0.0008583721676026746,0.09721521922896843,0
2024-10-07,test,test,0.0049878661290509,0.0077589593267659,-0.0200626329447991,0.9314347494839907,0.0005599539716607262,0.06800529654434824,0
2024-10-08,test,test,0.001466830255007,0.0075311657998057,-0.0200626329447991,0.9529509671250074,0.0003308924524249126,0.04671814042256783,0
2024-10-09,test,test,0.0005792934820017,0.0073031147918002,-0.0200626329447991,0.9645127387569324,0.00021123209683369446,0.03527602914623401,0
2024-10-10,test,test,-0.0072484357993239,0.0072998456021134,-0.0200626329447991,0.9530329964518687,0.000263862401202108,0.04670314114692946,0
2024-10-11,test,test,0.0054156453964576,0.0072007106572492,-0.0200626329447991,0.9610663085292288,0.00022593260378445568,0.038707758866986366,0
2024-10-14,test,test,0.011107062876986,0.0074927452029584,-0.0200626329447991,0.9445354920485254,0.0003707477717611495,0.05509376017971334,0
2024-10-15,test,test,0.006669169774064,0.0074458999700766,-0.0200626329447991,0.9527351164805775,0.0003164006421782692,0.046948482877244305,0
2024-10-16,test,test,0.0055586114491684,0.007346348103452,-0.0200626329447991,0.9606181113541304,0.000245213390635104,0.03913667525523418,0
2024-10-17,test,test,-0.0077151483522654,0.0073689966396732,-0.0200626329447991,0.9470549087162935,0.000318054556257107,0.0526270367274493,0
2024-10-18,test,test,0.0017373446035467,0.0071571703041965,-0.0200626329447991,0.9614587506162291,0.00022466083089889256,0.03831658855287223,0
2024-10-21,test,test,-0.0070773269434535,0.00715240483735,-0.0200626329447991,0.9513427059627653,0.00027799628750907967,0.048379297749725714,0
2024-10-22,test,test,-0.0007095957965548,0.0069366917786201,-0.0200626329447991,0.9627054935703577,0.00020709615031882877,0.037087410279323295,0
2024-10-23,test,test,0.0027428607462977,0.0067588481537978,-0.0200626329447991,0.9696128957843262,0.00015574454614699986,0.03023135966952693,0
2024-10-24,test,test,-0.002143041581625,0.0065739382638845,-0.0192718879902834,0.971334870186688,0.0001312748696485558,0.028533854943663485,0
2024-10-25,test,test,-0.00230842810517,0.0063987025918171,-0.0170676186130689,0.9721087980304162,0.00012049873053037692,0.027770703239053625,0
2024-10-28,test,test,0.0077161852708749,0.0064853035453311,-0.0121676674104247,0.9678685977920022,0.00015102392987340058,0.03198037827812451,0
2024-10-29,test,test,-0.0091733476069048,0.0066771723603338,-0.0122405548529834,0.9443497591662936,0.0002958697305641732,0.055354371103142425,0
2024-10-30,test,test,-0.0068310585240722,0.0066865054041245,-0.0122405548529834,0.9386075541680311,0.00037733154538115626,0.06101511428658798,0
2024-10-31,test,test,-0.0036258904536268,0.0065433644360624,-0.0122405548529834,0.9492883161000897,0.000315398452958695,0.05039628544695195,0
2024-11-01,test,test,0.0144927942332257,0.0072697418204318,-0.0122405548529834,0.8945721761860512,0.0009345286120661402,0.10449329520188247,0
2024-11-04,test,test,-0.0032053673404031,0.0070918728242127,-0.0122405548529834,0.9226704185989559,0.0006219767794224892,0.07670760462162184,0
2024-11-05,test,test,0.002884467703649,0.006912032246852,-0.0122405548529834,0.9474387604406709,0.00038187125074310574,0.052179368308586105,0
2024-11-06,test,test,-0.0294778369150433,0.0098512024923876,-0.0190087179556962,0.04453291086306127,0.03249713777252415,0.9229699513644147,2
2024-11-07,test,test,0.0064859112614317,0.009682326260085,-0.0190087179556962,0.09272132641981425,0.021262243528712182,0.8860164300514737,2
2024-11-08,test,test,-0.0016002287524606,0.0093955435831005,-0.0190087179556962,0.17528941353026553,0.01348888284128694,0.8112217036284476,2
2024-11-11,test,test,0.0039483738614011,0.0091605155006466,-0.0190087179556962,0.2940111495051685,0.009343009588908565,0.6966458409059231,2
2024-11-12,test,test,-0.0186864562712464,0.0099915544567382,-0.0218239921585389,0.053586835436179536,0.021002016567874517,0.9254111479959458,2
2024-11-13,test,test,-0.0004833104387013,0.0096878948266925,-0.0218239921585389,0.11972672480800507,0.013816766781270107,0.8664565084107249,2
2024-11-14,test,test,0.0128553037151296,0.0099065391443816,-0.0218239921585389,0.10977903502680705,0.015528192026125376,0.8746927729470675,2
2024-11-15,test,test,0.0096373475850214,0.0098905942621506,-0.0218239921585389,0.14614182131894135,0.013767965125716288,0.8400902135553426,2
2024-11-18,test,test,0.0033374759097001,0.0096240712951353,-0.0218239921585389,0.2579171073643597,0.009654338141568977,0.7324285544940712,2
2024-11-19,test,test,-0.0074280245708243,0.0095066248657293,-0.0218239921585389,0.29005267137255325,0.008803131297411206,0.7011441973300356,2
2024-11-20,test,test,9.488429558269306e-05,0.0092170440781854,-0.0218239921585389,0.44139251993614514,0.006061414510639683,0.5525460655532152,2
2024-11-21,test,test,0.0019137115236205,0.0089485420574862,-0.0218239921585389,0.6004933180687998,0.004040178645793832,0.3954665032854065,0
2024-11-22,test,test,0.0038592823856707,0.008727282755203,-0.0218239921585389,0.7290968167864097,0.0026684872828908143,0.2682346959306999,0
2024-11-25,test,test,0.004724354201975,0.0085401819529475,-0.0218239921585389,0.8194643905984743,0.001742174584745485,0.17879343481678056,0
2024-11-26,test,test,-0.0080498180713267,0.0085115568247514,-0.0218239921585389,0.8137844095701133,0.0018583604601130899,0.18435722996977316,0
2024-11-27,test,test,-0.0033107525027961,0.0082920123332156,-0.0218239921585389,0.8680907828171464,0.0012091540632388125,0.13070006311961477,0
2024-11-28,test,test,0.0026993893099392,0.0080665496081624,-0.0218239921585389,0.9161862070700187,0.0007056456419526477,0.08310814728802889,0
2024-11-29,test,test,0.002623420508684,0.0078471656880692,-0.0218239921585389,0.9440184893301341,0.0004205978564382318,0.055560912813427496,0
2024-12-02,test,test,0.0080422737451855,0.0078590087667211,-0.0218239921585389,0.9473742352536019,0.0003858448660586113,0.05223991988033972,0
2024-12-03,test,test,0.0117160384515691,0.0081421195697186,-0.0218239921585389,0.9264718352936376,0.0006073372365821533,0.07292082746977982,0
2024-12-04,test,test,0.0048728947180805,0.0079838067736105,-0.0218239921585389,0.9464797876529533,0.00040178623834931165,0.0531184261086971,0
2024-12-05,test,test,0.0155594202256772,0.0086280028875749,-0.0218239921585389,0.870686187051279,0.0013371255070613016,0.12797668744165966,0
2024-12-06,test,test,-0.0038610088133262,0.008418451825705,-0.0218239921585389,0.9034708908997725,0.000869802442288321,0.09565930665793934,0
2024-12-09,test,test,-0.005024197252435,0.0082542513140257,-0.0218239921585389,0.9190387276068243,0.0006654754296494009,0.0802957969635266,0
2024-12-10,test,test,-0.0038370151759558,0.0080577953558911,-0.0218239921585389,0.9358681314438304,0.00047932124537432665,0.06365254731079513,0
2024-12-11,test,test,-0.0148351851668631,0.0086161096310157,-0.0218239921585389,0.7896286612795165,0.0021442734479719936,0.20822706527251134,0
2024-12-12,test,test,-0.0020803180119027,0.008369155742672,-0.0218239921585389,0.8595157416739333,0.0012997975624177858,0.13918446076364857,0
2024-12-13,test,test,-0.0010800910718334,0.0081185095662813,-0.0218239921585389,0.9084390771317168,0.0007697357400349342,0.09079118712824821,0
2024-12-16,test,test,0.0022523777093891,0.0078904992265305,-0.0218239921585389,0.939899801308872,0.000457080871958375,0.059643117819169436,0
2024-12-17,test,test,-0.0163056167183831,0.0086299923264887,-0.0218239921585389,0.7402659583477122,0.0028721465404687226,0.2568618951118189,0
2024-12-18,test,test,0.0025683700449709,0.0083907063459051,-0.0218239921585389,0.836026229429338,0.0016194437353740606,0.16235432683528797,0
2024-12-19,test,test,-0.015439767021989,0.0089712262342345,-0.0218239921585389,0.574371519512425,0.005975149562139771,0.419653330925435,0
2024-12-20,test,test,0.0023922109114493,0.0087176422569271,-0.0218239921585389,0.7150935578671702,0.00329647344451265,0.28160996868831706,0
2024-12-23,test,test,-0.0027594314654121,0.0084790516597856,-0.0218239921585389,0.8022505120570537,0.002011722470098454,0.19573776547284819,0
2024-12-24,test,test,0.0033348665833169,0.0082612310301834,-0.0214899699682242,0.8746168098567352,0.0011713028271294642,0.1242118873161356,0
2024-12-27,test,test,0.005016134379491,0.0081032560179726,-0.0214899699682242,0.914521313176156,0.000748094547703499,0.08473059227614065,0
2024-12-30,test,test,0.0004508501268116,0.0078571743367098,-0.0214899699682242,0.9431971952731467,0.0004297990270061208,0.05637300569984732,0
2024-12-31,test,test,0.0050320613712926,0.0077168889938025,-0.0214899699682242,0.9560202505182228,0.0002997537689129801,0.04367999571286414,0
2025-01-02,test,test,0.0070385939587593,0.0076778813153817,-0.0214899699682242,0.9590587620247746,0.0002608077117245454,0.040680430263500586,0
2025-01-03,test,test,-0.0021690885543347,0.0074629194363128,-0.0214899699682242,0.9651829866921858,0.00019215299096920842,0.0346248603168454,0
2025-01-06,test,test,0.0133507458125454,0.0079402771580842,-0.0214899699682242,0.9305215027850728,0.0004897071520938788,0.06898879006283345,0
2025-01-07,test,test,0.0003133090250234,0.0076987668505463,-0.0214899699682242,0.9520327322070011,0.00031637462715085953,0.04765089316584787,0
2025-01-08,test,test,-0.001169062500788,0.0074697224035282,-0.0214899699682242,0.9625834374102682,0.00021861478797142943,0.03719794780176022,0
2025-01-09,test,test,0.0085410899954188,0.0075382995905719,-0.0214899699682242,0.9586517626567208,0.00024685117059854725,0.04110138617268109,0
2025-01-10,test,test,-0.0151059521075009,0.0081919344735312,-0.0214899699682242,0.8323845850471392,0.0014042614979527782,0.1662111534549076,0
2025-01-13,test,test,-0.0027938037569729,0.0079718030181045,-0.0214899699682242,0.8839731116159548,0.0009629295680932541,0.11506395881595219,0
2025-01-14,test,test,0.0054521122069116,0.0078434811409793,-0.0214899699682242,0.9187123137272311,0.0006723040207110126,0.08061538225205826,0
2025-01-15,test,test,0.0123804269657362,0.0081869092419301,-0.0214899699682242,0.8889341114688443,0.0011060502893730252,0.10995983824178288,0
2025-01-16,test,test,-0.0048780708950322,0.0080269351871609,-0.0214899699682242,0.9096072014211535,0.0007954765920978239,0.08959732198674866,0
2025-01-17,test,test,0.0063729235201292,0.0079374200116003,-0.0214899699682242,0.9313618970089999,0.0005718857976047046,0.0680662171933955,0
2025-01-20,test,test,0.0022883429746893,0.0077160008468318,-0.0214899699682242,0.9527135240956527,0.00033782857892198097,0.04694864732542513,0
2025-01-21,test,test,-0.0013572302154647,0.007488323801471,-0.0214899699682242,0.9627340266197616,0.00022403692991210809,0.0370419364503261,0
2025-01-22,test,test,-0.003754729860667,0.0073182220199944,-0.0214899699682242,0.9642847348993606,0.0001901543092516366,0.03552511079138828,0
2025-01-23,test,test,0.0091144881921349,0.0074382407074636,-0.0214899699682242,0.9576993267096383,0.0002453941613955892,0.042055279128965964,0
2025-01-24,test,test,-0.0007425005467503,0.007213934970358,-0.0214899699682242,0.9662111022250622,0.0001806856901122906,0.03360821208482549,0
2025-01-27,test,test,0.0012093564339541,0.0070004399054789,-0.0214899699682242,0.971789777841961,0.00013592720650431675,0.02807429495153497,0
2025-01-28,test,test,0.0130098837799396,0.0074980806808183,-0.0214899699682242,0.9416684331926329,0.00035541095806367604,0.05797615584930309,0
2025-01-29,test,test,0.0108262935064028,0.0077382465021155,-0.0214899699682242,0.9286719719339073,0.0005408808164712067,0.07078714724962157,0
2025-01-30,test,test,0.0107747397736107,0.0079531963651852,-0.0214899699682242,0.9173214990913141,0.0007159343919420125,0.08196256651674351,0
2025-01-31,test,test,-0.0040905492017746,0.0077757371383125,-0.0214899699682242,0.9336412047411063,0.0005118576656307178,0.06584693759326303,0
2025-02-03,test,test,-0.0132740566112556,0.0082101399194297,-0.0168106133372061,0.8336975486755458,0.0015886031419840416,0.16471384818247015,0
2025-02-04,test,test,0.0135892664847893,0.0086279837425955,-0.0168106133372061,0.7674409841152015,0.0029352991849279668,0.229623716699871,0
2025-02-05,test,test,0.0131598591701831,0.0089647359613926,-0.0168106133372061,0.7061719537182699,0.004318792163347518,0.2895092541183824,0
2025-02-06,test,test,0.015379605822326,0.0094729318545551,-0.0168106133372061,0.5511435044193929,0.008300523244038986,0.4405559723365679,0
2025-02-07,test,test,-0.0033123377526787,0.0092201164053959,-0.015617111949291,0.6654206611982748,0.004631860242228742,0.3299474785594966,0
2025-02-10,test,test,0.0015670252016127,0.0089474715878989,-0.015617111949291,0.7853781002929686,0.0024163286122973705,0.21220557109473376,0
2025-02-11,test,test,0.0051798135725873,0.0087671911731231,-0.015617111949291,0.8556888909113779,0.0014770498889779867,0.14283405919964387,0
2025-02-12,test,test,0.0106439220088768,0.0088909733520006,-0.015617111949291,0.8528189745670245,0.0016387067777799134,0.14554231865519582,0
2025-02-13,test,test,0.0019189108925907,0.0086329239460364,-0.015617111949291,0.9078880967044562,0.0008596683533140154,0.0912522349422302,0
2025-02-14,test,test,0.0015217033065855,0.0083782258362831,-0.015617111949291,0.939838490503885,0.0004779669503585307,0.059683542545756335,0
2025-02-17,test,test,0.0046895418931386,0.0082038098627398,-0.015617111949291,0.9547084312561046,0.0003177655496067783,0.04497380319428848,0
2025-02-18,test,test,0.0097092591888289,0.0083018389124277,-0.015617111949291,0.947376080711289,0.00037465411823258364,0.052249265170478607,0
2025-02-19,test,test,-0.0164539841841152,0.0090016283693614,-0.0160664559748291,0.7536348023880449,0.0025838956824883012,0.24378130192946706,0
2025-02-20,test,test,0.0029115320897738,0.0087564933420104,-0.0160664559748291,0.8441398734084714,0.0014980065527503037,0.15436212003877825,0
2025-02-21,test,test,-0.0011651339213749,0.0084945310249028,-0.0160664559748291,0.8987112807530027,0.0008784442051889935,0.10041027504180822,0
2025-02-24,test,test,0.0046909867849792,0.008315524957215,-0.0160664559748291,0.9303285061603931,0.0005663770884421688,0.06910511675116482,0
2025-02-25,test,test,0.0079526332773127,0.0082941992113661,-0.0160664559748291,0.9381345399171206,0.0004937142787462762,0.06137174580413339,0
2025-02-26,test,test,0.0162733240078672,0.0089752649309231,-0.0160664559748291,0.8396691918103074,0.0018490992970974806,0.15848170889259505,0
2025-02-27,test,test,-0.0046161277887446,0.0087749972017753,-0.0160664559748291,0.8761558322097683,0.0012276047625446635,0.122616563027687,0
2025-02-28,test,test,0.0057630699106681,0.0086239967431238,-0.0160664559748291,0.9124762017399479,0.000799934775289259,0.08672386348476308,0
2025-03-03,test,test,0.00193109483921,0.0083746443669308,-0.0160664559748291,0.9423397691160744,0.0004506758034636049,0.057209555080461605,0
2025-03-04,test,test,-0.0258603316421878,0.0102981548509841,-0.0195399775148953,0.14802500228643947,0.020763761379363282,0.8312112363341972,2
2025-03-05,test,test,0.0138920078432552,0.0105483717534879,-0.0195399775148953,0.11567810635640562,0.021748180196270915,0.8625737134473234,2
2025-03-06,test,test,0.0015275292149305,0.0102338682120175,-0.0195399775148953,0.21899985169027147,0.013225544453284555,0.7677746038564438,2
2025-03-07,test,test,0.0017288256850274,0.0099311361566056,-0.0195399775148953,0.3594594638545519,0.008428445615307235,0.632112090530141,2
2025-03-10,test,test,-0.0132424668332776,0.0101602949321958,-0.0195399775148953,0.2077392687667796,0.012448599212157628,0.7798121320210628,2
2025-03-11,test,test,-0.0158247054694325,0.0105859801489663,-0.0195399775148953,0.06891279637662263,0.018895931117777716,0.9121912725056,2
2025-03-12,test,test,-0.0057084340973252,0.0103582995883523,-0.0195399775148953,0.10951338130515491,0.013977555176301238,0.8765090635185436,2
2025-03-13,test,test,0.001350213066586,0.0100481885262891,-0.0195399775148953,0.20929378508147106,0.009933780629579598,0.7807724342889494,2
2025-03-14,test,test,0.0142414573266921,0.0103478149146347,-0.0193796737652451,0.15375504417305821,0.013949554934143928,0.8322954008927979,2
2025-03-17,test,test,0.0108595305497163,0.0103792293221942,-0.0193796737652451,0.17373622102598474,0.0135033718800397,0.8127604070939757,2
2025-03-18,test,test,0.0156595743871882,0.0107693097941608,-0.0193796737652451,0.10244678380077812,0.018776808139290523,0.8787764080599313,2
2025-03-19,test,test,0.0039905753744964,0.0104868886208076,-0.0193796737652451,0.19239981328676264,0.012570651944643716,0.7950295347685936,2
2025-03-20,test,test,-0.0076213802052093,0.0103373821223002,-0.0193796737652451,0.21899009480304915,0.010837593706364269,0.7701723114905865,2
2025-03-21,test,test,0.0032937880302927,0.0100548855472956,-0.0193796737652451,0.3542040850918185,0.0076603021974912065,0.6381356127106905,2
2025-03-24,test,test,-0.0020170131212625,0.0097610850054152,-0.0193796737652451,0.4946774913686199,0.005375181747750139,0.49994732688363014,2
2025-03-25,test,test,0.0120116637146863,0.0099105427482882,-0.0193796737652451,0.4712932503847068,0.007002292782668397,0.5217044568326249,2
2025-03-26,test,test,-0.0038712072104306,0.009655304284572,-0.0193796737652451,0.5840753015415351,0.00476814487235469,0.41115655358611025,0
2025-03-27,test,test,-0.000714999658633,0.009362803012385,-0.0193796737652451,0.717463337518316,0.0028836081636870233,0.2796530543179968,0
2025-03-28,test,test,-0.008476800048681,0.0093120203918226,-0.0193796737652451,0.7067840208833173,0.0031652238526112602,0.2900507552640717,0
2025-03-31,test,test,-0.0131521189126983,0.0095859060221078,-0.0193796737652451,0.5193441724059595,0.006521903988267023,0.47413392360577383,0
2025-04-01,test,test,0.0122275404742088,0.0097645779925047,-0.0193796737652451,0.4877097016147982,0.007803043039259317,0.5044872553459429,2
2025-04-02,test,test,0.0039929347628103,0.0095174984134807,-0.0193796737652451,0.6337701196725899,0.004576663370935086,0.3616532169564751,0
2025-04-03,test,test,-0.0119814252264854,0.0096830306472221,-0.0193796737652451,0.4944655232491358,0.007090464462113847,0.4984440122887503,2
2025-04-04,test,test,-0.0600808612737825,0.0174561740094475,-0.0341317257000285,1.969880623091093e-12,0.9399935765648187,0.06000642343321119,1
2025-04-07,test,test,-0.0525736937228119,0.0212667469699723,-0.046171628879594,8.744613663920871e-14,0.9991797119305148,0.0008202880693977417,1
2025-04-08,test,test,0.0234629956768462,0.0214048775995481,-0.046171628879594,8.073216910761937e-07,0.9764358119156048,0.023563380762704148,1
2025-04-09,test,test,-0.0224623082470999,0.0214697921614487,-0.046171628879594,1.3462980946897463e-05,0.9571230095458562,0.04286352747319713,1
2025-04-10,test,test,0.0423208381615996,0.0232542051571425,-0.046171628879594,1.4930147849630702e-09,0.9955801944398791,0.004419804067106095,1
2025-04-11,test,test,-0.0017565232639095,0.0225498934915366,-0.046171628879594,0.00025859006409160014,0.9251229167483583,0.07461849318755,1
2025-04-14,test,test,0.0260138711921377,0.0227725959072507,-0.046171628879594,3.01746736386941e-05,0.9428477841542127,0.05712204117214863,1
2025-04-15,test,test,0.0211470822745123,0.0226783509589462,-0.046171628879594,0.00012381444152566017,0.9262387888026801,0.0736373967557942,1
2025-04-16,test,test,0.0048641769953544,0.022019735674041,-0.046171628879594,0.0041767398828914054,0.8132803718927412,0.1825428882243676,1
2025-04-17,test,test,-0.0018638455934593,0.0213538068931311,-0.046171628879594,0.02067560629400741,0.6395518866333867,0.33977250707260603,1
2025-04-22,test,test,0.0071426921976012,0.0207770798672279,-0.046171628879594,0.05420107003061207,0.4619977688885419,0.4838011610808458,2
2025-04-23,test,test,0.0150810252718587,0.0204800406331541,-0.046171628879594,0.0393135208679191,0.4013157428510087,0.5593707362810721,2
2025-04-24,test,test,-0.0021676232054837,0.0198632337724037,-0.046171628879594,0.09892484495391132,0.23170997594543424,0.6693651791006545,2
2025-04-25,test,test,0.0132355133078401,0.0195291039552421,-0.046171628879594,0.0909443570546184,0.1778283837875261,0.7312272591578557,2
2025-04-28,test,test,0.007519210620308,0.0190235396001408,-0.046171628879594,0.15502858550815335,0.1014791425283523,0.7434922719634945,2
2025-04-29,test,test,-0.0066509747279448,0.0185158171105934,-0.046171628879594,0.20354643741928,0.056746988759091635,0.7397065738216285,2
2025-04-30,test,test,-0.0059352247493617,0.0180105238082098,-0.046171628879594,0.26858823997846887,0.03130277444000518,0.7001089855815258,2
2025-05-02,test,test,0.0118874309838265,0.0177029627661316,-0.046171628879594,0.26316668737859616,0.0250842007171621,0.711749111904242,2
2025-05-05,test,test,0.0052883933692371,0.0172124729055057,-0.046171628879594,0.3921820006191541,0.013772207002289389,0.5940457923785564,2
2025-05-06,test,test,0.0009021077965837,0.0166895745308261,-0.046171628879594,0.5540508802775709,0.007031725254545434,0.4389173944678834,0
2025-05-07,test,test,-0.0036874308630776,0.0162063324944603,-0.046171628879594,0.6622200220392137,0.004249927736534069,0.3335300502242519,0
2025-05-08,test,test,0.000630346359395,0.0157133809327498,-0.046171628879594,0.7822049539415242,0.00231379237358581,0.21548125368488982,0
2025-05-09,test,test,0.0048219017917717,0.0152804045800762,-0.046171628879594,0.8555607962741322,0.0014260355048997253,0.14301316822096813,0
2025-05-12,test,test,0.0074386545928103,0.0149265311848411,-0.046171628879594,0.8883981599662852,0.0010864192330599489,0.11051542080065514,0
2025-05-13,test,test,0.0082992124020865,0.0146138930066224,-0.046171628879594,0.9056265188454601,0.0009048610199091527,0.09346862013463086,0
2025-05-14,test,test,0.0051504923064013,0.014224752051982,-0.046171628879594,0.9332267210533067,0.0005673925240025991,0.06620588642269049,0
2025-05-15,test,test,0.0064817441471038,0.0138824975100035,-0.046171628879594,0.9461283569560106,0.00041600000056228376,0.0534556430434269,0
2025-05-16,test,test,0.0095947328630021,0.0136632297357207,-0.046171628879594,0.9410972831346543,0.0004569896637245387,0.058445727201621334,0
2025-05-19,test,test,0.0024499808089842,0.0132605791864564,-0.046171628879594,0.9579961942608963,0.0002807173790605638,0.04172308836004345,0
2025-05-20,test,test,0.0157907179065983,0.0134258403483361,-0.046171628879594,0.8855000987773163,0.0010658564974402617,0.1134340447252432,0
2025-05-21,test,test,-0.0011037534737966,0.0130196426225655,-0.046171628879594,0.9240998284263734,0.0006221463552808631,0.07527802521834592,0
2025-05-22,test,test,-0.0024562284597485,0.0126373419623334,-0.046171628879594,0.9437798029591993,0.0004073188149770193,0.055812878225823453,0
2025-05-23,test,test,-0.0118691012945101,0.0125925692808472,-0.046171628879594,0.8813847183333143,0.0009879581661799107,0.11762732350050603,0
2025-05-26,test,test,0.008296400597549,0.0123769240443601,-0.046171628879594,0.9003874825377823,0.0008960513975793715,0.09871646606463824,0
2025-05-27,test,test,0.0012860027596689,0.012004006916765,-0.046171628879594,0.9355734584633099,0.0005092386037308045,0.06391730293296007,0
2025-05-28,test,test,-0.0098305889514568,0.011884815517383,-0.046171628879594,0.9024148724680712,0.00080009195522432,0.09678503557670433,0
2025-05-29,test,test,0.0011340602297735,0.0115261040705686,-0.046171628879594,0.9366752035192987,0.0004777568288152312,0.06284703965188636,0
2025-05-30,test,test,0.0025187206393034,0.0111919903396302,-0.0450389544145647,0.9555167113075114,0.0002993323210451882,0.04418395637144389,0
2025-06-02,test,test,0.0035690116794792,0.0108861967444433,-0.0450389544145647,0.965107384376181,0.00020589521971213243,0.03468672040410702,0
2025-06-03,test,test,-0.0052521308362805,0.0106326767788967,-0.0450389544145647,0.961699905633438,0.00020302889129952288,0.03809706547526264,0
2025-06-04,test,test,-0.0019200058148226,0.0103194850595927,-0.0450389544145647,0.9670769829456831,0.00016594666152549092,0.03275707039279092,0
2025-06-05,test,test,0.0072355299325917,0.0101608778747593,-0.0450389544145647,0.965736132488295,0.000177944956045832,0.03408592255565892,0
2025-06-06,test,test,0.0030859362631379,0.0098802941753692,-0.0450389544145647,0.9710670100339102,0.000141142976851812,0.02879184698923802,0
2025-06-09,test,test,0.0002596728582062,0.0095795117835891,-0.0450389544145647,0.9741496331678084,0.00011330737642888324,0.025737059455762552,0
2025-06-10,test,test,-0.0021213671667697,0.009302205930347,-0.0450389544145647,0.9739714602845905,0.00010601931271233338,0.02592252040269699,0
2025-06-11,test,test,-0.0061364600076112,0.0091432238048649,-0.0450389544145647,0.9652420931948651,0.00014822654865931319,0.034609680256475546,0
2025-06-12,test,test,-0.0032030087086813,0.0088993362078511,-0.0450389544145647,0.9670132958533587,0.00015184008509640663,0.03283486406154472,0
2025-06-13,test,test,-0.0127361696762129,0.0091749057175115,-0.0450389544145647,0.9033226266817814,0.000601590949890816,0.09607578236832776,0
2025-06-16,test,test,0.0142893364342425,0.0095592504608661,-0.0450389544145647,0.8354095415717095,0.0016681478124660745,0.16292231061582418,0
2025-06-17,test,test,-0.0142102210522791,0.0099001179867936,-0.0450389544145647,0.6361355166173045,0.004818727823582503,0.359045755559113,0
2025-06-18,test,test,0.0008263008304637,0.0096006542676545,-0.0450389544145647,0.7633793748835457,0.0025992171463310554,0.23402140797012308,0
2025-06-19,test,test,-0.0128886529345572,0.0098290005134326,-0.0450389544145647,0.5991551540361961,0.005332327849739513,0.3955125181140642,0
2025-06-20,test,test,0.0076390043093862,0.0097115374291512,-0.0450389544145647,0.6842672882627017,0.003930381860958558,0.31180232987633993,0
2025-06-23,test,test,-0.000787254072709,0.0094176593600553,-0.0450389544145647,0.7933632377528083,0.0021731549244024366,0.2044636073227894,0
2025-06-24,test,test,0.0140416821267977,0.009757094832465,-0.0450389544145647,0.706085373453178,0.004074381632462806,0.28984024491435917,0
2025-06-25,test,test,-0.0160380218812457,0.0102431408438687,-0.0450389544145647,0.36960305313622027,0.011554555716476761,0.6188423911473029,2
2025-06-26,test,test,0.00026786514504,0.0099313102554823,-0.0450389544145647,0.5288962842518875,0.006438224004090391,0.46466549174402183,0
2025-06-27,test,test,0.0110494384806323,0.0100019234865822,-0.0450389544145647,0.5362524073223971,0.0067093016672782665,0.45703829101032495,0
2025-06-30,test,test,0.0016380299221762,0.0097055218070496,-0.0450389544145647,0.6850958597609837,0.0036985137455053194,0.31120562649351097,0
2025-07-01,test,test,-0.0003216663685761,0.0094101823834317,-0.0450389544145647,0.7959164376685703,0.002077568310203466,0.20200599402122635,0
2025-07-02,test,test,0.0040810001523715,0.0091781106048413,-0.0303580079503858,0.8680766649837401,0.0012505187943805977,0.13067281622187935,0
2025-07-03,test,test,0.0097990886837043,0.0092165492327706,-0.0175701837268749,0.8750153994739659,0.0012797876607596838,0.12370481286527431,0
2025-07-04,test,test,-0.0149101450367791,0.0096533330241708,-0.0178034917217082,0.6677441259549748,0.004448640504014098,0.32780723354101116,0
2025-07-07,test,test,0.0072590543582603,0.009526660505003,-0.0150527959901013,0.7477457900127223,0.0030852772617266013,0.24916893272555135,0
2025-07-08,test,test,0.0003338882791453,0.0092368021326597,-0.0150527959901013,0.8410464578911205,0.0016300144220530838,0.1573235276868264,0
2025-07-09,test,test,0.0123458196523444,0.0094522250604249,-0.0150527959901013,0.8070066662606576,0.0023528306981233514,0.19064050304121907,0
2025-07-10,test,test,-0.0079448777709299,0.0093686258354708,-0.0150527959901013,0.8043349268589364,0.0022094873586139,0.19345558578244992,0
2025-07-11,test,test,-0.0094065100268197,0.0093709032059576,-0.0150527959901013,0.7690844364396663,0.002633448204270356,0.2282821153560633,0
2025-07-14,test,test,0.0019111871306572,0.0090974807203206,-0.0150527959901013,0.8559101883208711,0.001424448451245082,0.14266536322788387,0
2025-07-15,test,test,-0.0115584058669618,0.0092635906051775,-0.0150527959901013,0.7683812528061655,0.002609365248875761,0.2290093819449586,0
2025-07-16,test,test,0.000792495815689,0.0089834819097823,-0.0150527959901013,0.8552451975607597,0.0014128846401080476,0.14334191779913238,0
2025-07-17,test,test,0.0078048476141215,0.0089171581328786,-0.0150527959901013,0.8851963458360428,0.001124237152205922,0.11367941701175124,0
2025-07-18,test,test,-0.0003930887895239,0.0086460417385382,-0.0150527959901013,0.9253682189836798,0.0006260416482027657,0.07400573936811745,0
2025-07-21,test,test,0.0030334956614443,0.0084155166945085,-0.0150527959901013,0.9488204666864319,0.00037670267106493813,0.05080283064250303,0
2025-07-22,test,test,0.0007124283420341,0.0081610121437215,-0.0150527959901013,0.962319684357982,0.00023431611325373558,0.03744599952876463,0
2025-07-23,test,test,0.0018784035248506,0.0079257615435681,-0.0150527959901013,0.9696926846259281,0.00016107411516349455,0.030146241258908454,0
2025-07-24,test,test,0.0133173090425288,0.0083480343489246,-0.0150527959901013,0.9364317490937112,0.00041862540133131513,0.06314962550495765,0
2025-07-25,test,test,-0.0013476755188922,0.0081004487900134,-0.0150527959901013,0.9534291940148293,0.00029357060360966014,0.04627723538156124,0
2025-07-28,test,test,-0.0012017648375994,0.0078591913507144,-0.0150527959901013,0.9633279526674684,0.0002087339888386408,0.0364633133436934,0
2025-07-29,test,test,0.0089261615181237,0.0079272603674141,-0.0150527959901013,0.9577321821203981,0.00025161726538170575,0.04201620061422011,0
2025-07-30,test,test,0.0022903846498622,0.0077062131574118,-0.0150527959901013,0.9671154234213517,0.0001794025147133021,0.03270517406393499,0
2025-07-31,test,test,0.0011398026675722,0.0074766654974714,-0.0150527959901013,0.972266970733054,0.00013312745152517673,0.027599901815420914,0
2025-08-01,test,test,-0.0189532139456026,0.0086081330423897,-0.0166337936212091,0.7178456658291535,0.002448419317169054,0.2797059148536775,0
2025-08-04,test,test,0.0181957978720008,0.0094614576476817,-0.0166337936212091,0.4233718419358353,0.009745911974672991,0.5668822460894918,2
2025-08-05,test,test,0.0014864688580678,0.0091804469035937,-0.0166337936212091,0.5843984242432336,0.00540419728896612,0.4101973784678005,0
2025-08-06,test,test,0.0089206758714329,0.009165068276282,-0.0166337936212091,0.645645072461835,0.004552462574041485,0.3498024649641236,0
2025-08-07,test,test,0.0105587008660236,0.0092546062994093,-0.0166337936212091,0.6615564654548307,0.0045671418354164845,0.33387639270975245,0
2025-08-08,test,test,0.0090799447815847,0.0092442196710074,-0.0166337936212091,0.7109207133897469,0.003774279226111491,0.2853050073841415,0
2025-08-11,test,test,0.0020888931872681,0.0089771972224719,-0.0166337936212091,0.8169987121363695,0.0019828455065333274,0.18101844235709746,0
2025-08-12,test,test,0.0002086232392164,0.0087038656464955,-0.0166337936212091,0.8852597968938194,0.0010728560535606833,0.11366734705261988,0
2025-08-13,test,test,0.0107702722571647,0.0088414798778438,-0.0166337936212091,0.8778943619845647,0.001267708709285433,0.12083792930614973,0
2025-08-14,test,test,0.0123404030228461,0.0090894770614417,-0.0166337936212091,0.846017143622634,0.0018260954865517336,0.15215676089081434,0
2025-08-15,test,test,0.0046451161038157,0.0088857247241022,-0.0166337936212091,0.8980495517345277,0.0010262978415988507,0.10092415042387315,0
2025-08-18,test,test,-0.0016705486017529,0.0086247424076328,-0.0166337936212091,0.9302174578720972,0.0005850124511272248,0.06919752967677571,0
2025-08-19,test,test,0.0034101657550918,0.0084036161579864,-0.0166337936212091,0.9511425228666075,0.0003560315177093792,0.04850144561568352,0
2025-08-20,test,test,-0.0007648211758376,0.0081497616986501,-0.0166337936212091,0.9625561961446418,0.00022865700470428167,0.037215146850654024,0
2025-08-21,test,test,0.0007648211758376,0.0079037077302971,-0.0166337936212091,0.9697572718638173,0.00015827093039464827,0.03008445720578813,0
2025-08-22,test,test,0.0060585321233572,0.0078053077339837,-0.0166337936212091,0.9699138908440245,0.00014825259933938894,0.02993785655663627,0
2025-08-25,test,test,-0.0085643026167746,0.0078529163914788,-0.0166337936212091,0.9505365903819988,0.0002546521138543637,0.04920875750414662,0
2025-08-26,test,test,-0.0096233198526663,0.007970238089271,-0.0166337936212091,0.9215745736084143,0.0005049484465742184,0.07792047794501109,0
2025-08-27,test,test,-0.006529469812485,0.0078912135980225,-0.0166337936212091,0.922254790939104,0.0005508245555617127,0.07719438450533411,0
2025-08-28,test,test,0.0033563433899015,0.0076948605824728,-0.0166337936212091,0.9466717181021931,0.0003698425065241415,0.05295843939128272,0
2025-08-29,test,test,-0.009037931435731,0.0077819842520331,-0.0166337936212091,0.9233888441923498,0.0005501213926856601,0.07606103441496434,0
2025-09-01,test,test,0.000241041795964,0.0075451446794479,-0.0166337936212091,0.9479949957657944,0.0003530150908936196,0.051651989143312316,0
2025-09-02,test,test,-0.0158688638583214,0.008283882311393,-0.0169533665617232,0.7794553585372844,0.0021791447982531516,0.21836549666446264,0
2025-09-03,test,test,0.0057775538163654,0.0081552529982907,-0.0169533665617232,0.8475573684001902,0.0014831781196219022,0.1509594534801878,0
2025-09-04,test,test,0.0086778998119488,0.0081875526921623,-0.0169533665617232,0.8710842392504576,0.001305647490140835,0.12761011325940158,0
2025-09-05,test,test,-0.0045281383969741,0.0080152417419718,-0.0169533665617232,0.8993416962985118,0.0009070019798399639,0.09975130172164827,0
2025-09-08,test,test,0.0101363742573357,0.0081580769275853,-0.0169533665617232,0.8977906154312727,0.0009945167775422847,0.10121486779118496,0
2025-09-09,test,test,0.0014454223936591,0.0079174693406909,-0.0169533665617232,0.9341270759217735,0.0005434059715703987,0.06532951810665658,0
2025-09-10,test,test,0.0128037889589869,0.0082922471150774,-0.0169533665617232,0.9001681177428675,0.0009692751312581027,0.09886260712587469,0
2025-09-11,test,test,0.0067979229754932,0.0082102610123737,-0.0169533665617232,0.9232632602134047,0.0006894355877835993,0.07604730419881162,0
2025-09-12,test,test,-0.0008553590606233,0.0079629002935602,-0.0169533665617232,0.9466892508379208,0.0003997290873105617,0.052911020074768535,0
2025-09-15,test,test,0.0056606062966811,0.007843842300737,-0.0169533665617232,0.9567702132748092,0.000292518878064124,0.04293726784712663,0
2025-09-16,test,test,-0.0151712298520506,0.008464294609117,-0.0169533665617232,0.8258490079540757,0.0015583813365773935,0.1725926107093471,0
2025-09-17,test,test,-0.0023835609492247,0.0082271810484546,-0.0166644358853248,0.8819200034212107,0.0010100392789273427,0.11706995729986167,0
2025-09-18,test,test,0.0031812606859477,0.0080145207403141,-0.0166644358853248,0.923634083989951,0.0006166842410054273,0.07574923176904338,0
2025-09-19,test,test,0.0056051876801075,0.0078907336712668,-0.0166644358853248,0.9428693171800727,0.00043480623082543763,0.056695876589101656,0
2025-09-22,test,test,-0.0117457778294934,0.0081734726406712,-0.0166644358853248,0.8822978813469522,0.0009992549793488997,0.11670286367369914,0
2025-09-23,test,test,0.0050065212077699,0.0080188048351088,-0.0166644358853248,0.9193076137954165,0.0006692808537200469,0.0800231053508632,0
2025-09-24,test,test,0.0023984233247338,0.0077966853977333,-0.0166644358853248,0.9459323691301107,0.0003995361684823338,0.0536680947014065,0
2025-09-25,test,test,-0.0026953364166262,0.0075879440762094,-0.0166644358853248,0.9563935594920259,0.0002790574342809699,0.04332738307369344,0
2025-09-26,test,test,0.0128968183241698,0.0080063697740399,-0.0166644358853248,0.9246399945252672,0.0005911242187474485,0.07476888125598571,0
2025-09-29,test,test,-0.0022239497419223,0.0077815549017157,-0.0166644358853248,0.9447088901593682,0.00039153880768438463,0.0548995710329467,0
2025-09-30,test,test,0.0103082105397552,0.0079558150530933,-0.0166644358853248,0.9353038484123829,0.0005016771922447704,0.06419447439537276,0
2025-10-01,test,test,0.0041142907406553,0.0077790061619337,-0.0166644358853248,0.9530591636502072,0.00032834137237748866,0.04661249497741532,0
2025-10-02,test,test,-0.0027452641294821,0.0075719448732671,-0.0166644358853248,0.9605773915068994,0.00023696270390210274,0.03918564578919875,0
2025-10-03,test,test,0.0057204593789291,0.0074738014118872,-0.0166644358853248,0.9649959563021153,0.00019814807940470898,0.034805895618479785,0
2025-10-06,test,test,-0.0018238780104708,0.007259878576911,-0.0166644358853248,0.9691021425530157,0.00015419205059084116,0.03074366539639342,0
2025-10-07,test,test,-0.0019109825512586,0.0070542609813555,-0.0166644358853248,0.9713355915149164,0.0001307616267040802,0.02853364685837931,0
2025-10-08,test,test,0.009697134220681,0.0072400902507582,-0.0166644358853248,0.960862544248611,0.00020279750718419704,0.03893465824420498,0
2025-10-09,test,test,-0.0059815104670995,0.0071708075191612,-0.0166644358853248,0.9559311015328678,0.00023626744516761162,0.04383263102196443,0
2025-10-10,test,test,-0.006973323346297,0.0071591120928344,-0.0166644358853248,0.947300634229219,0.00030470742423193727,0.05239465834654914,0
2025-10-13,test,test,0.0041975302019604,0.007016756258278,-0.0166644358853248,0.9597605523991197,0.00023813877001660843,0.0400013088308639,0
2025-10-14,test,test,0.0028784896031755,0.0068394384585676,-0.0166644358853248,0.9679448951830101,0.00017279144028185063,0.03188231337670813,0
2025-10-15,test,test,-0.0010335232723459,0.0066359124123281,-0.0166644358853248,0.9716221545806274,0.00013412710205666818,0.0282437183173156,0
2025-10-16,test,test,0.0048372569388086,0.0065419535930002,-0.0166644358853248,0.9727797412902947,0.00012304588618528912,0.027097212823520192,0
2025-10-17,test,test,-0.0028610983261224,0.0063812600967281,-0.0166644358853248,0.9721656666103213,0.00011783755594892741,0.027716495833729742,0
2025-10-20,test,test,0.0144580652051586,0.0071287720236634,-0.0166644358853248,0.9280301292044956,0.00045417058925449426,0.07151570020624966,0
2025-10-21,test,test,-0.0038739989357824,0.0069764388621065,-0.0166644358853248,0.9415729632825147,0.0003822820363824248,0.05804475468110284,0
2025-10-22,test,test,0.0009192138744261,0.0067676550217726,-0.0166644358853248,0.9584162699186408,0.00025581876438157447,0.041327911316977634,0
2025-10-23,test,test,0.0006714799233148,0.0065635461711902,-0.0166644358853248,0.9674980144091823,0.00017668907504512436,0.03232529651577219,0
2025-10-24,test,test,0.0043786296692108,0.0064533459466908,-0.0142619571799551,0.9709634236191357,0.0001438570956118101,0.02889271928525241,0
2025-10-27,test,test,0.0087064450804144,0.0066102242495627,-0.0142619571799551,0.9641971430827538,0.00018448978487741838,0.03561836713236867,0
2025-10-28,test,test,0.0054102580396353,0.0065444338391539,-0.0142619571799551,0.9676827238091656,0.00016640778184499018,0.032150868408989494,0
2025-10-29,test,test,0.0039147250046321,0.0064171131928829,-0.0142619571799551,0.97151920025929,0.00013714324923028043,0.028343656491479505,0
2025-10-30,test,test,-0.0068219240838047,0.0064421192257492,-0.0142619571799551,0.9607878061879239,0.0001859100342920256,0.039026283777783756,0
2025-10-31,test,test,-0.000480168341567,0.0062469736520827,-0.0142619571799551,0.9681331310380588,0.0001551667832976426,0.03171170217864343,0
2025-11-03,test,test,0.0002744275392405,0.006057038686494,-0.0142619571799551,0.9725777257946633,0.00012486333869469565,0.02729741086664242,0
2025-11-04,test,test,-3.738982257989776e-05,0.0058725240289533,-0.0142619571799551,0.9748293253721633,0.00010554800939200997,0.025065126618444806,0
2025-11-05,test,test,0.0038587497307631,0.0057715459914546,-0.0142619571799551,0.9755032460821145,9.96791585611834e-05,0.024397074759324577,0
2025-11-06,test,test,0.0012167474674647,0.0056036530056349,-0.0142619571799551,0.9767307186650402,9.016871391978789e-05,0.023179112621040443,0
2025-11-07,test,test,-0.0135294796724229,0.006363935936156,-0.0148565244609316,0.9084102651168456,0.00048765696058292656,0.09110207792257125,0
2025-11-10,test,test,0.0175232312076315,0.007516216979365,-0.0148565244609316,0.7429873763713324,0.002997453309153566,0.25401517031951404,0
2025-11-11,test,test,0.0126678109323538,0.0079203732645067,-0.0148565244609316,0.6956415688755083,0.00421091542100362,0.3001475157034883,0
2025-11-12,test,test,0.0137558745587507,0.0083858105739833,-0.0148565244609316,0.6076074986125777,0.006391424062294993,0.38600107732512723,0
2025-11-13,test,test,-0.0023137513948931,0.0081500746361496,-0.0148565244609316,0.724227278125413,0.0034640346170207907,0.2723086872575664,0
2025-11-14,test,test,-0.0140632202657224,0.0086200199207922,-0.0150344379920314,0.49465390351518423,0.007769467444600293,0.4975766290402156,2
2025-11-17,test,test,-0.0106586971687275,0.0087557368821157,-0.0150344379920314,0.4140989303729303,0.008861432523359537,0.5770396371037101,2
2025-11-18,test,test,-0.0216010857481435,0.0100029779054954,-0.0175470598195051,0.03938797655224605,0.028744098609850867,0.9318679248379028,2
2025-11-19,test,test,0.0039285720716094,0.0097458716218956,-0.0175470598195051,0.09550012185756485,0.018211038861438482,0.8862888392809964,2
2025-11-20,test,test,0.0062488414921496,0.009572145739064,-0.0175470598195051,0.16647713878219902,0.013251285669512884,0.8202715755482878,2
2025-11-21,test,test,-0.010499674960281,0.0096303170281763,-0.0175470598195051,0.1379807916340567,0.013422111433386109,0.8485970969325571,2
2025-11-24,test,test,0.0091791012542971,0.0096038419233966,-0.0175470598195051,0.1845823463534494,0.01203675586126558,0.8033808977852848,2
2025-11-25,test,test,0.0107822653609613,0.0096785943032584,-0.0169451786219721,0.20616329006063472,0.012083728647810153,0.781752981291555,2
2025-11-26,test,test,0.0135500946329869,0.0099534406262164,-0.0169451786219721,0.166630154743106,0.014764505594210992,0.8186053396626829,2
2025-11-27,test,test,4.2795432259624e-05,0.0096502244206329,-0.0169451786219721,0.28816773715989913,0.00958879200895657,0.7022434708311446,2
2025-11-28,test,test,0.0005987648796461,0.0093573892004838,-0.0169451786219721,0.4411743141905197,0.006358296427870919,0.5524673893816097,2
2025-12-01,test,test,0.0010622755669149,0.0090760561067666,-0.0169451786219721,0.600413855903022,0.004119747965371663,0.39546639613160633,0
2025-12-02,test,test,0.0051183456914983,0.0088884281255487,-0.0169451786219721,0.7190679574724308,0.002859318769704893,0.27807272375786424,0
2025-12-03,test,test,0.0068121074446986,0.0087777100510753,-0.0169451786219721,0.793733718438566,0.0021295144521446614,0.20413676710928952,0
2025-12-04,test,test,0.0096543980486722,0.0088327654909001,-0.0169451786219721,0.8140588813081442,0.0020738633477771712,0.1838672553440786,0
2025-12-05,test,test,-0.0034753698078949,0.0086058917703106,-0.0169451786219721,0.8671357824877676,0.0012912640265306647,0.13157295348570178,0
2025-12-08,test,test,0.0014190854252433,0.0083509591652223,-0.0169451786219721,0.9164084980385749,0.0007164801277326086,0.08287502183369264,0
2025-12-09,test,test,0.0013335118307999,0.0081031415555098,-0.0163979285620962,0.9446038369614282,0.00041486299071022203,0.05498130004786184,0
2025-12-10,test,test,0.0016717918930893,0.0078669525340211,-0.0163979285620962,0.9601511255762287,0.00025640922076313507,0.03959246520300817,0
2025-12-11,test,test,0.0071629498872597,0.0078264983681996,-0.0163979285620962,0.9614020965451667,0.00023363300619496562,0.03836427044863826,0
2025-12-12,test,test,-0.0016954250116831,0.0075994276141825,-0.0163979285620962,0.9672197668787886,0.00017338119839726938,0.03260685192281423,0
2025-12-15,test,test,0.011033927089411,0.0078479981447675,-0.0163979285620962,0.9507386766028666,0.00029860614638009834,0.04896271725075329,0
2025-12-16,test,test,-0.0070370364709109,0.0078017179726669,-0.0163979285620962,0.9426328893864762,0.0003590291597598995,0.05700808145376396,0
2025-12-17,test,test,0.0009627159737787,0.0075677212189867,-0.0163979285620962,0.9590042762818721,0.0002468136562098214,0.040748910061918386,0
2025-12-18,test,test,0.0114116784448237,0.0078516090374577,-0.0163979285620962,0.9404500970515033,0.000416183543632012,0.05913371940486435,0
2025-12-19,test,test,0.0021690135988237,0.0076309354477662,-0.0163979285620962,0.9577548245359067,0.0002703104692625375,0.041974864994830385,0
2025-12-22,test,test,-0.0006875349685263,0.0074003829305971,-0.0163979285620962,0.9662995480007087,0.00018678899058390428,0.033513663008707145,0
2025-12-23,test,test,0.0014443918020279,0.0071836553041589,-0.0163979285620962,0.9718503812716167,0.00013737542410623756,0.028012243304277172,0
2025-12-24,test,test,-0.0005763463158284,0.0069662428770305,-0.0163979285620962,0.9741259833200591,0.00011215209147192665,0.025761864588469303,0
2025-12-29,test,test,0.0013326307502604,0.0067619066627294,-0.0163979285620962,0.9760080858228631,9.70803518823676e-05,0.023894833825254397,0
2025-12-30,test,test,0.0092096963897338,0.0069331875258066,-0.0163979285620962,0.9663249300691323,0.00015302874626768443,0.0335220411846,0
2025-12-31,test,test,-0.0027175976926126,0.006754854857438,-0.0163979285620962,0.9685468289049218,0.00014502920427121355,0.03130814189080654,0
2026-01-02,test,test,0.0106092111326019,0.0070458286913406,-0.0163979285620962,0.9542921143259513,0.0002560663278785017,0.0454518193461705,0
2026-01-05,test,test,0.0069502482935025,0.007040130461244,-0.0163979285620962,0.9581747952081763,0.0002499350071505964,0.041575269784673234,0
2026-01-06,test,test,0.0018546702847715,0.006840761566417,-0.0163979285620962,0.9674643491077551,0.00017646435426687756,0.03235918653797824,0
2026-01-07,test,test,-0.002877083928802,0.0066697012223979,-0.0163979285620962,0.9689664269873902,0.00014983790957761003,0.030883735103032252,0
2026-01-08,test,test,0.0033076347644348,0.0065170734533521,-0.0163979285620962,0.9726845182766672,0.00012564289555081203,0.02718983882778169,0
2026-01-09,test,test,-0.0003228680804351,0.0063190320651541,-0.0163979285620962,0.9747361781799165,0.00010609843298781402,0.025157723387096168,0
2026-01-12,test,test,0.0014042366277201,0.0061361770750538,-0.0163979285620962,0.9763332600919156,9.392918640312994e-05,0.023572810721681388,0
2026-01-13,test,test,0.0007521770432934,0.005952096703591,-0.0163979285620962,0.9771048899588185,8.654732283150945e-05,0.02280856271834992,0
2026-01-14,test,test,0.0004860898419087,0.0057720000743962,-0.0163979285620962,0.9774489468832084,8.277131529337814e-05,0.02246828180149834,0
2026-01-15,test,test,-0.002999572254662,0.0056441892057191,-0.0163979285620962,0.9747474023771714,9.276239881268352e-05,0.025159835224016106,0
2026-01-16,test,test,0.0038582354969217,0.0055532529522381,-0.0163979285620962,0.9754552790492171,9.644368043966627e-05,0.02444827727034328,0
2026-01-19,test,test,-0.0025779836793687,0.0054209834201475,-0.0163979285620962,0.9741508194242539,0.0001001206263763964,0.025749059949369484,0
2026-01-20,test,test,-0.0134611069515572,0.006204508166543,-0.0163979285620962,0.9044379121762819,0.0005315361721014527,0.09503055165161647,0
2026-01-21,test,test,0.0005965476703937,0.0060172683537266,-0.0163979285620962,0.937513217684699,0.00040186284650144295,0.06208491946879935,0
2026-01-22,test,test,0.012756975896335,0.0066181185676516,-0.0163979285620962,0.9045898706455844,0.0008232310378493536,0.09458689831656647,0
2026-01-23,test,test,-0.0067598913031978,0.0066267104658969,-0.0163979285620962,0.9065891146898181,0.0007815277567532742,0.09262935755342933,0
2026-01-26,test,test,0.0077275044143812,0.006697861865652,-0.0163979285620962,0.9226046785423956,0.0006589214650488083,0.07673639999255548,0
2026-01-27,test,test,0.006966408560411,0.0067142775673119,-0.0163979285620962,0.9373810969117939,0.0005066067837243555,0.06211229630448212,0
2026-01-28,test,test,-0.0110981410787458,0.0070545556897708,-0.0163979285620962,0.8859132618296198,0.000988645777941219,0.11309809239243919,0
2026-01-29,test,test,-0.0010171457904029,0.0068441818908332,-0.0163979285620962,0.9245282323086668,0.0005977746329850703,0.07487399305834797,0
2026-01-30,test,test,0.0164196668511226,0.0077594190362186,-0.0163979285620962,0.8114406610445402,0.0022898660815477865,0.1862694728739123,0
2026-02-02,test,test,0.0130181958384549,0.0081709530733052,-0.0163979285620962,0.7584391311683697,0.003387485458904671,0.23817338337272553,0
2026-02-03,test,test,0.00022078467913,0.007922217519802,-0.0163979285620962,0.8479982726474573,0.0016776941591734318,0.1503240331933693,0
2026-02-04,test,test,-0.0009220561317277,0.0076841948085534,-0.016375137655141,0.9018726539454538,0.000908760410031096,0.09721858564451531,0
2026-02-05,test,test,-0.0198729627692467,0.0088994448039258,-0.0185124229277042,0.42632020989607733,0.009885770778979619,0.5637940193249431,2
2026-02-06,test,test,0.0110397422311991,0.0090421604310537,-0.0185124229277042,0.43781319297803045,0.009415454915386536,0.5527713521065831,2
2026-02-09,test,test,0.0139354758529254,0.0094078092338284,-0.0185124229277042,0.34866356534577936,0.012364591187552471,0.6389718434666684,2
2026-02-10,test,test,-0.0040201392115168,0.0091742113155355,-0.0185124229277042,0.4602694072548921,0.007781459642992896,0.5319491331021148,2
2026-02-11,test,test,-0.0042912371798471,0.0089566214086784,-0.0183117184896491,0.5663028516970793,0.00525982305275129,0.4284373252501697,0
2026-02-12,test,test,-0.0082133938869223,0.0089137754842376,-0.0183117184896491,0.5693498961918106,0.0051634202329301415,0.42548668357525915,0
2026-02-13,test,test,-0.0126234126757751,0.0091787309926464,-0.0153191607988596,0.4021047710477204,0.008523125515597314,0.5893721034366822,2
2026-02-16,test,test,0.0098873344885761,0.0092227826318625,-0.0153191607988596,0.4474819718261904,0.007870958278189306,0.5446470698956203,2
2026-02-17,test,test,0.0059994699719737,0.0090617743683445,-0.0153191607988596,0.574210244898383,0.005341252898126231,0.4204485022034905,0
2026-02-18,test,test,0.0134152971732315,0.0093801397279244,-0.0153191607988596,0.49666326847413467,0.007755649529329318,0.495581081996536,0
2026-02-19,test,test,-0.0099627164589778,0.0094161108314941,-0.0153191607988596,0.4423400760908918,0.008211112934035208,0.5494488109750733,2
2026-02-20,test,test,0.009308559487262,0.0094096924170345,-0.0153191607988596,0.5025295745418208,0.007047259138413894,0.49042316631976507,0
2026-02-23,test,test,0.0056312727640149,0.0092267245909244,-0.0153191607988596,0.6301975656426315,0.00456599328555801,0.36523644107181036,0
2026-02-24,test,test,-0.0054388355460633,0.0090442996302638,-0.0153191607988596,0.6977585346981233,0.003373462321101272,0.29886800298077565,0
2026-02-25,test,test,0.0148158942667595,0.0094901020979386,-0.0153191607988596,0.5664911109598771,0.006665556116942291,0.4268433329231803,0
2026-02-26,test,test,0.0019265115030075,0.0092130886435448,-0.0153191607988596,0.7097556769335336,0.003532231289440144,0.28671209177702617,0
2026-02-27,test,test,-0.0073689105137329,0.0091129683825935,-0.0153191607988596,0.7273738040106902,0.003122881115523686,0.26950331487378587,0
2026-03-02,test,test,-0.0265967313292655,0.0109775492812234,-0.0199769336833564,0.026480760070801156,0.03828960021175268,0.9352296397174461,2
2026-03-03,test,test,-0.0467440334323915,0.0156325453020325,-0.0310712425103012,7.351966197986844e-09,0.6586877515293398,0.3413122411186941,1
2026-03-04,test,test,0.0245805127154725,0.0163084634648462,-0.0310712425103012,0.00023039512566555857,0.7493229965442045,0.2504466083301302,1
2026-03-05,test,test,-0.0139239491479199,0.0161753084465676,-0.0310712425103012,0.002230626337747446,0.6570032594179227,0.3407661142443298,1
2026-03-06,test,test,-0.0099535099585643,0.0158709328261076,-0.0310712425103012,0.008555609649009237,0.5118165451035005,0.47962784524749036,1
2026-03-09,test,test,-0.0085994644249439,0.0155309486364588,-0.0310712425103012,0.020341624813803645,0.3598553573317892,0.6198030178544074,2
2026-03-10,test,test,0.0300722504386431,0.0167629996838898,-0.0310712425103012,0.0001601471387874804,0.6353771175942728,0.3644627352669398,1
2026-03-11,test,test,-0.005351041643262,0.0163051000517642,-0.0310712425103012,0.01232428757646148,0.45248175828654824,0.5351939541369906,2
2026-03-12,test,test,-0.0122929313581895,0.0160926032735163,-0.0310712425103012,0.013671992996191928,0.34637696711652544,0.6399510398872824,2
2026-03-13,test,test,-0.0047135462724299,0.0156450189651339,-0.0310712425103012,0.04182710836158976,0.20564788471398468,0.7525250069244256,2
2026-03-16,test,test,0.0017628557536317,0.0151745537311225,-0.0310712425103012,0.10685841135517042,0.10749723153486387,0.7856443571099655,2
2026-03-17,test,test,0.0092783219068886,0.0148867824437274,-0.0310712425103012,0.15114247295949074,0.06607939406540628,0.7827781329751027,2
2026-03-18,test,test,0.0029177214230653,0.0144509549834402,-0.0310712425103012,0.27145012384293704,0.03230635201509895,0.6962435241419641,2
2026-03-19,test,test,-0.0229917579131034,0.0151002499930794,-0.0321108408915868,0.013980874849237341,0.07096982654823822,0.9150492986025244,2
2026-03-20,test,test,-0.0114160049560938,0.0149048987588557,-0.0321108408915868,0.01916928710051142,0.05091572271850487,0.929914990180984,2
2026-03-23,test,test,0.0103684153651034,0.0146723170911085,-0.0321108408915868,0.039186761661185066,0.03622851334480909,0.9245847249940058,2
2026-03-24,test,test,0.0013018370173829,0.0142289128983876,-0.0321108408915868,0.09880530356129293,0.021123028882186402,0.8800716675565207,2
2026-03-25,test,test,0.0152409295694393,0.0142916549280391,-0.0321108408915868,0.0643761622275214,0.024221785003913462,0.9114020527685652,2
2026-03-26,test,test,-0.0121292441903992,0.014171218381813,-0.0321108408915868,0.04608634298533555,0.02215185594304327,0.9317618010716212,2
2026-03-27,test,test,-0.0095009444787868,0.0139352108473059,-0.0321108408915868,0.05316252739940333,0.018235678371721055,0.9286017942288755,2
2026-03-30,test,test,0.0098722052183143,0.0137253896640383,-0.0321108408915868,0.08000217933697161,0.015979729472435582,0.9040180911905932,2
2026-03-31,test,test,0.0047268300523757,0.0133575341094287,-0.0321108408915868,0.15499388971516298,0.011801881520695594,0.8332042287641414,2
2026-04-01,test,test,0.0306579472134099,0.0149704000639893,-0.0321108408915868,0.0013497819045021197,0.07295577049310568,0.9256944476023922,2
2026-04-02,test,test,-0.0013945693442921,0.0145183606102997,-0.0321108408915868,0.03076345945789516,0.04010368692576135,0.9291328536163433,2
2026-04-07,test,test,-0.0063771054933598,0.0141624812653173,-0.0321108408915868,0.05807408118739672,0.025594157518112726,0.9163317612944903,2
2026-04-08,test,test,0.0386819288536083,0.0166828900447486,-0.0321108408915868,1.2888417624822697e-05,0.27428343185182824,0.7257036797305467,2
2026-04-09,test,test,-0.0015122799201337,0.0161789032528127,-0.0321108408915868,0.024732842334749032,0.15312398749469608,0.8221431701705547,2
2026-04-10,test,test,0.0054752313869095,0.0157432584098862,-0.0321108408915868,0.06758913482864282,0.08524493949433162,0.8471659256770255,2
2026-04-13,test,test,-0.0099647227309958,0.0154575844227086,-0.0321108408915868,0.06794444092690069,0.05678070267250984,0.8752748564005894,2
2026-04-14,test,test,0.0144480369321593,0.0153988781242542,-0.0321108408915868,0.053244100985650133,0.049780306390847295,0.8969755926235027,2
2026-04-15,test,test,-0.0055000742979718,0.0149904292691534,-0.0321108408915868,0.09222329510855296,0.029551145426316552,0.8782255594651305,2
2026-04-16,test,test,-0.0053094532866625,0.0145918336457512,-0.0321108408915868,0.1430276907632481,0.01875984893090294,0.838212460305849,2
2026-04-17,test,test,0.0216008836188053,0.0151043769478701,-0.0321108408915868,0.023465263915359455,0.03808659304565482,0.9384481430389856,2
2026-04-20,test,test,-0.0121703596592752,0.0149445886547109,-0.0321108408915868,0.02229691350061992,0.031128068381693054,0.9465750181176872,2
2026-04-21,test,test,-0.0064994408612021,0.0145765170786954,-0.0321108408915868,0.04722180187536635,0.02109671148017353,0.93168148664446,2
2026-04-22,test,test,-0.007535470593175,0.0142524860343873,-0.0321108408915868,0.06894175781725556,0.01625751735973812,0.9148007248230063,2
2026-04-23,test,test,-0.0067145571673099,0.0139158353449574,-0.0321108408915868,0.09997564085722058,0.01312049223591898,0.8869038669068603,2
