date,sample_split_main,sample_split_robust,ret_1d,ewma_vol,cvar_95_60d,regime,regime_block
2000-03-28,train,train,0.0040290096648025,0.0127993146708055,-0.0301116875110569,0,1
2000-03-29,train,train,-0.0100825252730942,0.0126527683782133,-0.0257408660727758,0,1
2000-03-30,train,train,-0.0213366929395534,0.0133342514866999,-0.0224760604672577,1,2
2000-03-31,train,train,0.0085491936104847,0.0130965434230296,-0.0224760604672577,1,2
2000-04-03,train,train,-0.0210494747139252,0.0137044921758287,-0.0224760604672577,1,2
2000-04-04,train,train,-0.0087836972628787,0.0134600713113217,-0.0224760604672577,1,2
2000-04-05,train,train,-0.0182593711473759,0.0137951943301053,-0.0224760604672577,1,2
2000-04-06,train,train,0.0203031901128648,0.0142696221090327,-0.0224760604672577,1,2
2000-04-07,train,train,0.0156166519047697,0.0143540090995305,-0.0224760604672577,1,2
2000-04-10,train,train,-0.0018590910882503,0.0139241766642091,-0.0224760604672577,1,2
2000-04-11,train,train,-0.0217669344363005,0.0145147407870341,-0.0226194742995068,1,2
2000-04-12,train,train,0.0023246198338672,0.0140840785836427,-0.0226194742995068,1,2
2000-04-13,train,train,0.0090646472903736,0.0138343652983121,-0.0226194742995068,1,2
2000-04-14,train,train,-0.0246241510199891,0.0147067063689335,-0.023571879827403,1,2
2000-04-17,train,train,-0.0129845000735431,0.0146091003836067,-0.023571879827403,1,2
2000-04-18,train,train,0.0039326208469135,0.0141967670820062,-0.023571879827403,1,2
2000-04-19,train,train,0.0069288226620821,0.0138685189856323,-0.023571879827403,1,2
2000-04-20,train,train,0.0142023036285973,0.013888772279258,-0.023571879827403,1,2
2000-04-25,train,train,-0.0066732406144779,0.0135645141497034,-0.023571879827403,1,2
2000-04-26,train,train,0.0048893498805741,0.0132057042979817,-0.023571879827403,1,2
2000-04-27,train,train,-0.0183265771921188,0.0135675714238072,-0.023571879827403,1,2
2000-04-28,train,train,0.0171413937342253,0.0138081098427268,-0.023571879827403,1,2
2000-05-02,train,train,0.0342264807124358,0.0157959229708366,-0.023571879827403,1,2
2000-05-03,train,train,-0.0169368103274546,0.0158666897680221,-0.023571879827403,1,2
2000-05-04,train,train,-0.0060519634512668,0.0154545886143859,-0.023571879827403,1,2
2000-05-05,train,train,-0.0031608121692196,0.015003769349722,-0.023571879827403,1,2
2000-05-08,train,train,-0.0224721263280551,0.0155533307275298,-0.0236454178931359,1,2
2000-05-09,train,train,-0.0207642581566995,0.0159141759423669,-0.0236454178931359,1,2
2000-05-10,train,train,-0.0218599487438469,0.016332078181118,-0.0236454178931359,1,2
2000-05-11,train,train,0.0186574469089947,0.016480855273954,-0.0236454178931359,1,2
2000-05-12,train,train,0.0059893757445772,0.0160459911640241,-0.0231159298263001,1,2
2000-05-15,train,train,-0.008438847774452,0.0156938921748369,-0.0231159298263001,1,2
2000-05-16,train,train,0.019019883089757,0.0159130673870428,-0.0231159298263001,1,2
2000-05-17,train,train,-0.0285113531211039,0.0169353478338199,-0.025202543489716,1,2
2000-05-18,train,train,-0.0014407236488198,0.0164232209677412,-0.025202543489716,1,2
2000-05-19,train,train,-0.0321658339369383,0.017765621523309,-0.0284337793593437,1,2
2000-05-22,train,train,-0.0209483693301743,0.0179724878711462,-0.0284337793593437,1,2
2000-05-23,train,train,0.005196459364742,0.0174714021319856,-0.0284337793593437,1,2
2000-05-24,train,train,-0.0036384895090604,0.0169625828005216,-0.0284337793593437,1,2
2000-05-25,train,train,0.0208780910834622,0.0172226346296389,-0.0284337793593437,1,2
2000-05-26,train,train,-0.0117633412304662,0.0169447504196769,-0.0284337793593437,1,2
2000-05-29,train,train,0.0116024263904139,0.0166725544133684,-0.0284337793593437,1,2
2000-05-30,train,train,0.0084499025451943,0.0162966155261797,-0.0284337793593437,1,2
2000-05-31,train,train,0.0037493637470546,0.0158268240864078,-0.0284337793593437,1,2
2000-06-01,train,train,0.0173441730731293,0.0159219433298141,-0.0284337793593437,1,2
2000-06-02,train,train,0.0241642583466343,0.0165327694449695,-0.0284337793593437,1,2
2000-06-05,train,train,-0.0123997638686867,0.0163143423474327,-0.0284337793593437,1,2
2000-06-06,train,train,-0.0203526063867867,0.0165843907171657,-0.0284337793593437,1,2
2000-06-07,train,train,-0.0087186018829815,0.0162203679261498,-0.0284337793593437,1,2
2000-06-08,train,train,0.0103032141574853,0.0159274507953592,-0.0284337793593437,1,2
2000-06-09,train,train,0.0067920104927062,0.0155315984979092,-0.0284337793593437,1,2
2000-06-12,train,train,-0.0075608356533465,0.0151719047232988,-0.0284337793593437,1,2
2000-06-13,train,train,0.0013613009347386,0.0147134863227917,-0.0284337793593437,1,2
2000-06-14,train,train,0.0068890669468122,0.0143647148801701,-0.0284337793593437,1,2
2000-06-15,train,train,-0.0004320692002735,0.0139275099210482,-0.0284337793593437,1,2
2000-06-16,train,train,-0.0140929885591098,0.0139374940443565,-0.0284337793593437,1,2
2000-06-19,train,train,-0.0120267806132202,0.0138302972830448,-0.0284337793593437,1,2
2000-06-20,train,train,-0.0030435536934753,0.0134296793970019,-0.0284337793593437,1,2
2000-06-21,train,train,-0.0202734399593147,0.0139354100567912,-0.0284337793593437,1,2
2000-06-22,train,train,0.0133482854740662,0.0139008819054653,-0.0284337793593437,1,2
2000-06-23,train,train,0.0040525611219657,0.0135139128968462,-0.0284337793593437,1,2
2000-06-26,train,train,-0.0042050546142896,0.0131426496694952,-0.0284337793593437,1,2
2000-06-27,train,train,0.0037398013588732,0.0127751576415795,-0.0284337793593437,1,2
2000-06-28,train,train,0.0052104720091649,0.012451558726307,-0.0284337793593437,1,2
2000-06-29,train,train,-0.0206980334534993,0.0130936378124005,-0.0284337793593437,1,2
2000-06-30,train,train,0.0205184504197189,0.0136534669058877,-0.0284337793593437,1,2
2000-07-03,train,train,0.0089755506162249,0.013418858355651,-0.0284337793593437,1,2
2000-07-04,train,train,0.0159999290198793,0.0135875559874966,-0.0284337793593437,1,2
2000-07-05,train,train,-0.0084512915520295,0.013335285403185,-0.0284337793593437,1,2
2000-07-06,train,train,-0.0016746388227362,0.0129355444991129,-0.0284337793593437,1,2
2000-07-07,train,train,0.0145222153806584,0.0130361918201963,-0.0284337793593437,1,2
2000-07-10,train,train,-0.0062414929859865,0.0127311874318236,-0.0284337793593437,1,2
2000-07-11,train,train,0.0042296500148144,0.0123867486360884,-0.0284337793593437,1,2
2000-07-12,train,train,0.0003585992616302,0.0120097196001008,-0.0277164377953657,1,2
2000-07-13,train,train,-0.0028075841142542,0.0116641465480412,-0.0277164377953657,1,2
2000-07-14,train,train,0.014132401287752,0.0118267773202176,-0.0277164377953657,1,2
2000-07-17,train,train,-0.0048651656929923,0.0115282475818447,-0.0277164377953657,1,2
2000-07-18,train,train,-0.0145076391910825,0.011728374075878,-0.0277164377953657,1,2
2000-07-19,train,train,0.0054708302484889,0.0114497716995742,-0.0277164377953657,1,2
2000-07-20,train,train,0.0124012019837459,0.0115090757358064,-0.0277164377953657,1,2
2000-07-21,train,train,-0.0097413712467071,0.0114107385239057,-0.0277164377953657,1,2
2000-07-24,train,train,-0.0044308889491455,0.0111162324127408,-0.0277164377953657,1,2
2000-07-25,train,train,-0.0108513054707882,0.0111005151004828,-0.0277164377953657,1,2
2000-07-26,train,train,0.0027215676256452,0.0107829757111264,-0.0277164377953657,1,2
2000-07-27,train,train,-0.0016581269261517,0.010462369443378,-0.0277164377953657,0,3
2000-07-28,train,train,-0.0155974380260548,0.0108392946396961,-0.0277164377953657,1,4
2000-07-31,train,train,-0.0026930566903335,0.0105297693730307,-0.0275123786006297,1,4
2000-08-01,train,train,0.0016508460511458,0.0102169955479749,-0.0275123786006297,0,5
2000-08-02,train,train,0.0090122672700662,0.010148745529696,-0.0272085187960721,0,5
2000-08-03,train,train,-0.0181543267713328,0.0107977770169675,-0.0272085187960721,1,6
2000-08-04,train,train,0.0123977668840993,0.0109004012137357,-0.0272085187960721,1,6
2000-08-07,train,train,0.0116763660797706,0.0109485100955754,-0.0272085187960721,1,6
2000-08-08,train,train,0.0148227373339102,0.0112187563231557,-0.0272085187960721,1,6
2000-08-09,train,train,0.0077271508251531,0.011040443624444,-0.0246040789068706,1,6
2000-08-10,train,train,0.014386505691888,0.0112692592684887,-0.0246040789068706,1,6
2000-08-11,train,train,-0.0014411057067657,0.0109316530923862,-0.0206663363901534,1,6
2000-08-14,train,train,0.010401267126268,0.0109005577124411,-0.0204413599332002,1,6
2000-08-15,train,train,-0.0002408030497092,0.0105686474111992,-0.0204413599332002,1,6
2000-08-16,train,train,0.0119554731936014,0.0106569474979043,-0.0204413599332002,1,6
2000-08-17,train,train,-0.0166417499247686,0.0111073475055125,-0.0204413599332002,1,6
2000-08-18,train,train,-0.0081004101100629,0.0109502409621339,-0.0204413599332002,1,6
2000-08-21,train,train,0.0025271056201849,0.0106346831767571,-0.0204413599332002,1,6
2000-08-22,train,train,-0.0144272393057106,0.0108995142613263,-0.0204413599332002,1,6
2000-08-23,train,train,-0.0125618938128135,0.0110063398564077,-0.0204413599332002,1,6
2000-08-24,train,train,-0.0072497162717087,0.0108177931748523,-0.0204413599332002,1,6
2000-08-25,train,train,0.0091186881464824,0.0107234415480393,-0.0204413599332002,1,6
2000-08-28,train,train,0.0082115075666406,0.0105895419214989,-0.0204413599332002,1,6
2000-08-29,train,train,-0.0061523230936863,0.0103769532613237,-0.0197086000613822,1,6
2000-08-30,train,train,0.0026715596346673,0.0100820892329581,-0.0197086000613822,1,6
2000-08-31,train,train,0.0013882867673648,0.0097808615322045,-0.0197086000613822,0,7
2000-09-01,train,train,0.0258823170242553,0.0114069714318074,-0.0197086000613822,1,8
2000-09-04,train,train,0.0067986447853723,0.0111841473374758,-0.0197086000613822,1,8
2000-09-05,train,train,-0.0051795047770253,0.0109174025642777,-0.0197086000613822,1,8
2000-09-06,train,train,0.0044857193576832,0.0106416915344705,-0.0197086000613822,1,8
2000-09-07,train,train,0.0039074731827738,0.0103618031052698,-0.0197086000613822,1,8
2000-09-08,train,train,-0.0160105256414364,0.0107844870835725,-0.0197086000613822,1,8
2000-09-11,train,train,0.0113286098084874,0.0108179062654459,-0.0197086000613822,1,8
2000-09-12,train,train,0.0072754771964772,0.0106386758723106,-0.0197086000613822,1,8
2000-09-13,train,train,-0.0088171931820655,0.0105382689562238,-0.0184980367165335,1,8
2000-09-14,train,train,0.0211002185550738,0.0114501073891209,-0.0184980367165335,1,8
2000-09-15,train,train,0.0010037236463886,0.0111040132086807,-0.0184980367165335,1,8
2000-09-18,train,train,-0.0242824933323179,0.0122995744529754,-0.0210449511857166,1,8
2000-09-19,train,train,-0.0110184418750875,0.0122264926901426,-0.0210449511857166,1,8
2000-09-20,train,train,-0.0149501443706183,0.0124067846396285,-0.0210449511857166,1,8
2000-09-21,train,train,-0.0090211036329225,0.0122301032470634,-0.0196928566761397,1,8
2000-09-22,train,train,0.020703554919523,0.0128964774681361,-0.0196928566761397,1,8
2000-09-25,train,train,0.0116907272384271,0.0128273290057896,-0.0196928566761397,1,8
2000-09-26,train,train,-0.0183679524664195,0.0132253864943874,-0.0202682575233567,1,8
2000-09-27,train,train,0.0001459925320014,0.0128225378096355,-0.0202682575233567,1,8
2000-09-28,train,train,0.0059597974791294,0.0125173311247364,-0.0202682575233567,1,8
2000-09-29,train,train,-0.0066535856867051,0.0122449489964857,-0.0202682575233567,1,8
2000-10-02,train,train,0.0183241620060224,0.0126920819475893,-0.0202682575233567,1,8
2000-10-03,train,train,0.0105871401311065,0.0125757250162288,-0.0202682575233567,1,8
2000-10-04,train,train,-0.0099776140417339,0.0124351556090273,-0.0202682575233567,1,8
2000-10-05,train,train,0.0069653785255741,0.0121764567588339,-0.0202682575233567,1,8
2000-10-06,train,train,-0.0077990949647013,0.011959083835473,-0.0202682575233567,1,8
2000-10-09,train,train,-0.0283071672266208,0.0135098574380558,-0.0236525376751194,1,8
2000-10-10,train,train,0.0102711383660975,0.0133377303210452,-0.0236525376751194,1,8
2000-10-11,train,train,-0.0307868134976951,0.0149696700107392,-0.0277921580188779,1,8
2000-10-13,train,train,-0.0222156276024344,0.0155002453400842,-0.0277921580188779,1,8
2000-10-16,train,train,0.0066984765958622,0.0151173517716878,-0.0277921580188779,1,8
2000-10-17,train,train,-0.0076618316443774,0.0147764841881424,-0.0277921580188779,1,8
2000-10-18,train,train,-0.0312582162967225,0.0162440260104396,-0.0301173990070128,1,8
2000-10-19,train,train,0.0304771613074225,0.017428933411075,-0.0301173990070128,1,8
2000-10-20,train,train,0.0073327177088577,0.0169931686744024,-0.0301173990070128,1,8
2000-10-23,train,train,-0.0109466841619863,0.0166922589348904,-0.0301173990070128,1,8
2000-10-24,train,train,0.0321029180091252,0.0179930391688147,-0.0301173990070128,2,9
2000-10-25,train,train,-0.014114474212283,0.0177841950606717,-0.0301173990070128,1,10
2000-10-26,train,train,-0.0184919830262602,0.0178274547957152,-0.0301173990070128,1,10
2000-10-27,train,train,0.0068531833518986,0.0173656852196208,-0.0301173990070128,1,10
2000-10-30,train,train,-0.0085399236455935,0.0169661079658976,-0.0301173990070128,1,10
2000-10-31,train,train,0.0053990246740328,0.0165023288776376,-0.0301173990070128,1,10
2000-11-02,train,train,0.0137903337262984,0.0163522978550273,-0.0301173990070128,1,10
2000-11-03,train,train,0.0033919975722414,0.0158758976213304,-0.0301173990070128,1,10
2000-11-06,train,train,0.0064103875629296,0.0154721382455175,-0.0301173990070128,1,10
2000-11-07,train,train,-0.0034837888841104,0.0150250472636343,-0.0301173990070128,1,10
2000-11-08,train,train,-0.0080903779677637,0.0147015024911624,-0.0301173990070128,1,10
2000-11-09,train,train,-0.0207021789031549,0.0151288115081155,-0.0301173990070128,1,10
2000-11-10,train,train,-0.0283835845560355,0.0162322442602426,-0.030142871450151,1,10
2000-11-13,train,train,-0.0089221479056543,0.0158887662169141,-0.030142871450151,1,10
2000-11-14,train,train,0.0374322447338104,0.0179269655862535,-0.030142871450151,1,10
2000-11-15,train,train,0.00187660312997,0.0173869154188234,-0.030142871450151,1,10
2000-11-16,train,train,-0.0155465333936038,0.0172820201408269,-0.030142871450151,1,10
2000-11-17,train,train,-0.0289691280085582,0.0181961740372432,-0.0303380526009919,1,10
2000-11-20,train,train,-0.0306501553939478,0.0191729138671829,-0.0308983950627884,2,11
2000-11-21,train,train,0.004732867882218,0.0186249453930029,-0.0308983950627884,2,11
2000-11-22,train,train,-0.0362441553709368,0.0201219681778885,-0.0327630617217848,2,11
2000-11-23,train,train,0.0088555551227694,0.0196291935275697,-0.0327630617217848,2,11
2000-11-24,train,train,0.0324103513874591,0.0206206880790562,-0.0327630617217848,2,11
2000-11-27,train,train,-0.0104669917833007,0.0201562269599746,-0.0327630617217848,2,11
2000-11-28,train,train,-0.0194610956620674,0.0201151965142868,-0.0327630617217848,2,11
2000-11-29,train,train,0.0126678656580478,0.019747717644824,-0.0327630617217848,2,11
2000-11-30,train,train,-0.0281211440637724,0.02034752898158,-0.0327630617217848,2,11
2000-12-01,train,train,0.0134637360575108,0.0200014237201866,-0.0327630617217848,2,11
2000-12-04,train,train,-0.0293689877519879,0.0206834663506619,-0.0327630617217848,2,11
2000-12-05,train,train,0.0423155631142565,0.0225737424093308,-0.0327630617217848,2,11
2000-12-07,train,train,0.0038189169677936,0.0219060371402375,-0.0327630617217848,2,11
2000-12-11,train,train,0.0301598256411029,0.0224868606159286,-0.0327630617217848,2,11
2000-12-12,train,train,-0.003541130798239,0.0218190683297524,-0.0327630617217848,2,11
2000-12-13,train,train,-0.0037595209613581,0.0211744062037931,-0.0327630617217848,2,11
2000-12-14,train,train,-0.0206504578233083,0.021143335448717,-0.0327630617217848,2,11
2000-12-15,train,train,-0.0388395173941289,0.0225993071253896,-0.0354472963539293,2,11
2000-12-18,train,train,-0.0113025878473565,0.0220850599074953,-0.0354472963539293,2,11
2000-12-19,train,train,0.0221438046181155,0.022088588995871,-0.0354472963539293,2,11
2000-12-20,train,train,-0.0431859536500418,0.0238858329048542,-0.0394232088050358,2,11
2000-12-21,train,train,0.0112069478317859,0.0233203081782244,-0.0394232088050358,2,11
2000-12-22,train,train,0.0083096679839,0.0227013127822132,-0.0394232088050358,2,11
2000-12-27,train,train,0.0043604361429459,0.0220356399978564,-0.0394232088050358,2,11
2000-12-28,train,train,-0.0003195304113625,0.0213644890013603,-0.0394232088050358,2,11
2000-12-29,train,train,0.0037612887033165,0.0207341202956497,-0.0394232088050358,1,12
2001-01-02,train,train,-0.003254498527211,0.0201182759054603,-0.0394232088050358,1,12
2001-01-03,train,train,0.0132050140602081,0.0197717644044113,-0.0394232088050358,1,12
2001-01-04,train,train,0.0421701056305199,0.0217753616763783,-0.0394232088050358,2,13
2001-01-05,train,train,0.0004375526886646,0.0211122684880186,-0.0394232088050358,2,13
2001-01-08,train,train,0.0023094149460927,0.0204769189994776,-0.0394232088050358,1,14
2001-01-09,train,train,-0.0043529334951487,0.0198817212738054,-0.0394232088050358,1,14
2001-01-10,train,train,0.0004173714200501,0.0192763150600644,-0.0394232088050358,1,14
2001-01-11,train,train,0.0118224421927073,0.0189121112338408,-0.0394232088050358,1,14
2001-01-12,train,train,0.019439160402887,0.0189441476892482,-0.0394232088050358,1,14
2001-01-15,train,train,0.000181962213674,0.018367086714734,-0.0394232088050358,1,14
2001-01-16,train,train,-0.017293825128251,0.0183044657167959,-0.0394232088050358,1,14
2001-01-17,train,train,0.0301605247527296,0.019223155112216,-0.0394232088050358,1,14
2001-01-18,train,train,0.0050470963176116,0.018678498381684,-0.0394232088050358,1,14
2001-01-19,train,train,-0.0115149770324045,0.0183278150757341,-0.0394232088050358,1,14
2001-01-22,train,train,0.0063781156083788,0.0178380239557558,-0.0394232088050358,1,14
2001-01-23,train,train,0.0080718018896787,0.0174072580227939,-0.0394232088050358,1,14
2001-01-24,train,train,0.0015630543919885,0.0168813051125123,-0.0394232088050358,1,14
2001-01-25,train,train,0.0015605186811815,0.0163714955846095,-0.0394232088050358,1,14
2001-01-26,train,train,-0.0041439333523276,0.0159051767243872,-0.0394232088050358,1,14
2001-01-29,train,train,-0.0139921799149709,0.0157969311501419,-0.0394232088050358,1,14
2001-01-30,train,train,0.0086360443363609,0.0154610907585254,-0.0394232088050358,1,14
2001-01-31,train,train,0.0079197604588449,0.015115090609728,-0.0394232088050358,1,14
2001-02-01,train,train,0.0006916380066701,0.0146556032997556,-0.0394232088050358,0,15
2001-02-02,train,train,-0.0274908337115406,0.0157240027309954,-0.0394232088050358,1,16
2001-02-05,train,train,-0.0001827659997853,0.0152450519964981,-0.0394232088050358,1,16
2001-02-06,train,train,0.0089073405808949,0.0149407950500239,-0.0394232088050358,1,16
2001-02-07,train,train,-0.0054603514537246,0.0145472554663449,-0.0394232088050358,1,16
2001-02-08,train,train,0.014079547896849,0.0145196178753332,-0.0394232088050358,1,16
2001-02-09,train,train,-0.0084682232703576,0.0142292934951933,-0.0394232088050358,1,16
2001-02-12,train,train,0.0159941464155457,0.0143413105727379,-0.0394232088050358,1,16
2001-02-13,train,train,-0.0041983561274899,0.0139423946744272,-0.0394232088050358,1,16
2001-02-14,train,train,-0.0297288241277973,0.0153543194620711,-0.0394232088050358,1,16
2001-02-15,train,train,0.0107618582074236,0.0151181637145302,-0.0394232088050358,1,16
2001-02-16,train,train,-0.0077131547061357,0.0147788669046251,-0.0394232088050358,1,16
2001-02-19,train,train,0.007307610507498,0.0144400167190105,-0.0394232088050358,1,16
2001-02-20,train,train,-0.0185044516079055,0.0147155741183667,-0.0394232088050358,1,16
2001-02-21,train,train,-0.0091737598423763,0.0144431543131648,-0.0372514317239893,1,16
2001-02-22,train,train,-0.0182321498317588,0.0146980645451134,-0.0372514317239893,1,16
2001-02-23,train,train,-0.0078876614539347,0.0143806824414801,-0.0372514317239893,1,16
2001-02-26,train,train,0.0139845350841216,0.0143572218456383,-0.0372514317239893,1,16
2001-02-27,train,train,0.0081658106981352,0.0140628182751128,-0.0372514317239893,1,16
2001-02-28,train,train,-0.000282559632287,0.0136345838500948,-0.0372514317239893,1,16
2001-03-01,train,train,-0.0068602604700929,0.0133255977195171,-0.0372514317239893,1,16
2001-03-02,train,train,0.0088997667930455,0.0131022750789965,-0.0372514317239893,1,16
2001-03-05,train,train,0.0121710145247196,0.0130482738775903,-0.0372514317239893,1,16
2001-03-06,train,train,0.0208381521608575,0.0136416904833042,-0.0372514317239893,1,16
2001-03-07,train,train,0.0031490913907068,0.0132485841765435,-0.0372514317239893,1,16
2001-03-08,train,train,-0.0126868048795377,0.0132155508702841,-0.0372514317239893,1,16
2001-03-09,train,train,-0.0073343623745032,0.0129382885268182,-0.0372514317239893,1,16
2001-03-12,train,train,-0.0241201249900874,0.0138658637370793,-0.0372514317239893,1,16
2001-03-13,train,train,0.0016942923617051,0.0134498581457631,-0.0372514317239893,1,16
2001-03-14,train,train,-0.0124738322504982,0.0133933025260201,-0.0334685371631265,1,16
2001-03-15,train,train,0.0088292022392728,0.0131641561875878,-0.0334685371631265,1,16
2001-03-16,train,train,-0.0198553919529408,0.013658385813105,-0.0334685371631265,1,16
2001-03-19,train,train,-0.0041744961450593,0.0132817166782896,-0.0271132609431417,1,16
2001-03-20,train,train,-0.0037469879194257,0.0129097696786238,-0.0271132609431417,1,16
2001-03-21,train,train,-0.0349882224912326,0.0151694748344024,-0.0307359601101901,1,16
2001-03-22,train,train,-0.0422284889464973,0.0179805702209006,-0.0356485118551757,2,17
2001-03-23,train,train,0.0321438883338719,0.019128424518863,-0.0356485118551757,2,17
2001-03-26,train,train,0.0283002045028049,0.0197989121315653,-0.0356485118551757,2,17
2001-03-27,train,train,0.0218158823884378,0.0199256886897544,-0.0356485118551757,2,17
2001-03-28,train,train,-0.0108430155875164,0.0195003934523695,-0.0356485118551757,2,17
2001-03-29,train,train,0.0064613333026927,0.018972463039687,-0.0356485118551757,2,17
2001-03-30,train,train,0.0092278060803324,0.0185328421152322,-0.0356485118551757,2,17
2001-04-02,train,train,0.001717422264188,0.017973180993081,-0.0356485118551757,1,18
2001-04-03,train,train,-0.0340889946758396,0.0193229577029504,-0.0371019020378564,2,19
2001-04-04,train,train,0.0176641202117434,0.0192274637250446,-0.0371019020378564,2,19
2001-04-05,train,train,0.0181286877042411,0.0191633138755463,-0.0371019020378564,2,19
2001-04-06,train,train,-0.0012641353110139,0.0185821022776277,-0.0371019020378564,2,19
2001-04-09,train,train,0.0133215049490433,0.0183091398814714,-0.0371019020378564,1,20
2001-04-10,train,train,0.0155655332057403,0.0181562186714654,-0.0371019020378564,1,20
2001-04-11,train,train,0.0012594492746374,0.0176058101945871,-0.0371019020378564,1,20
2001-04-12,train,train,0.0036235301676669,0.0170925269548981,-0.0371019020378564,1,20
2001-04-17,train,train,-0.0127561591090426,0.0168638188069783,-0.0371019020378564,1,20
2001-04-18,train,train,0.0280804902006207,0.0177379795203329,-0.0371019020378564,1,20
2001-04-19,train,train,2.043249206852316e-05,0.017197609934672,-0.0371019020378564,1,20
2001-04-20,train,train,-0.0258989692494157,0.0178397790543535,-0.0371019020378564,1,20
2001-04-23,train,train,-0.0295606760996288,0.0187507937963621,-0.0371019020378564,1,20
2001-04-24,train,train,0.0159996724352742,0.01859720686007,-0.0371019020378564,1,20
2001-04-25,train,train,-0.0072991931035791,0.0181190902093417,-0.0371019020378564,1,20
2001-04-26,train,train,0.0183853239105733,0.01813517444998,-0.0371019020378564,1,20
2001-04-27,train,train,0.011556287138464,0.0178091084992184,-0.0371019020378564,1,20
2001-04-30,train,train,0.0130341221666833,0.0175592649403122,-0.0371019020378564,1,20
2001-05-02,train,train,-0.0131482600954997,0.0173263014732449,-0.0371019020378564,1,20
2001-05-03,train,train,-0.0142495830008823,0.0171572642434394,-0.0371019020378564,1,20
2001-05-04,train,train,0.0047794507696379,0.0166757309380913,-0.0371019020378564,1,20
2001-05-07,train,train,0.0048610057636871,0.0162115071724536,-0.0371019020378564,1,20
2001-05-08,train,train,0.0071491091517813,0.015814890850531,-0.0371019020378564,1,20
2001-05-09,train,train,-0.0003831961120476,0.0153333928604524,-0.0371019020378564,1,20
2001-05-10,train,train,0.0130894679465132,0.0152080968790826,-0.0371019020378564,1,20
2001-05-11,train,train,-0.0099661872188321,0.0149455187699657,-0.0371019020378564,1,20
2001-05-14,train,train,-0.0085344187167162,0.014640238986954,-0.0371019020378564,1,20
2001-05-15,train,train,0.0067877956298683,0.0142912858732233,-0.0371019020378564,1,20
2001-05-16,train,train,-0.0082573508707727,0.0140027651340641,-0.0371019020378564,1,20
2001-05-17,train,train,0.007626217929855,0.0137040992958529,-0.0371019020378564,1,20
2001-05-18,train,train,0.0069005742305965,0.0133937027271281,-0.0371019020378564,0,21
2001-05-21,train,train,-0.0051735343943639,0.0130473646329785,-0.0371019020378564,0,21
2001-05-22,train,train,-0.0053146552756171,0.0127166990243483,-0.0371019020378564,0,21
2001-05-23,train,train,0.0005918351666444,0.0123301493974395,-0.0371019020378564,0,21
2001-05-24,train,train,-0.0017039436055074,0.0119618073275752,-0.0371019020378564,0,21
2001-05-25,train,train,-0.0154892328228481,0.0122022426002737,-0.0371019020378564,0,21
2001-05-28,train,train,0.0081203031718444,0.0119965578572997,-0.0371019020378564,0,21
2001-05-29,train,train,-0.0061367384583921,0.0117278271616071,-0.0371019020378564,0,21
2001-05-30,train,train,-0.0049981191519102,0.0114362706263877,-0.0371019020378564,0,21
2001-05-31,train,train,0.0064200790193328,0.01119884072422,-0.0371019020378564,0,21
2001-06-01,train,train,-0.0107196127279447,0.0111706668276647,-0.0371019020378564,0,21
2001-06-04,train,train,0.017098737124803,0.0116120100847353,-0.0371019020378564,0,21
2001-06-05,train,train,0.0042059463224487,0.0113053018793641,-0.0371019020378564,0,21
2001-06-06,train,train,-0.0074323804263313,0.0111110609878914,-0.0371019020378564,0,21
2001-06-07,train,train,-0.0014595518935391,0.0107785042192245,-0.0371019020378564,0,21
2001-06-08,train,train,0.009464578186089,0.0107042177867439,-0.0371019020378564,0,21
2001-06-11,train,train,-5.2045166677768295e-05,0.0103781320208622,-0.0371019020378564,0,21
2001-06-12,train,train,-0.0170915590270044,0.01089819114286,-0.0371019020378564,0,21
2001-06-13,train,train,0.0082778086717432,0.0107589805725028,-0.0371019020378564,0,21
2001-06-14,train,train,-0.0048318634101112,0.0104981492379734,-0.0371019020378564,0,21
2001-06-15,train,train,-0.0120278018006262,0.0105961573292729,-0.0371019020378564,0,21
2001-06-18,train,train,-0.0374974819902807,0.0137806206853896,-0.0379383218708725,1,22
2001-06-19,train,train,0.0032325117291144,0.013384249101494,-0.033715717588583,1,22
2001-06-20,train,train,-0.0029221152359756,0.0129962364558872,-0.033715717588583,1,22
2001-06-21,train,train,-0.0112137462017455,0.0128962366033243,-0.033715717588583,1,22
2001-06-22,train,train,0.0004818765853348,0.0125039224133788,-0.033715717588583,1,22
2001-06-25,train,train,0.0043712468266968,0.0121701955245511,-0.033715717588583,1,22
2001-06-26,train,train,-0.0193281659482368,0.0127138318179379,-0.033715717588583,1,22
2001-06-27,train,train,-0.0005802621385575,0.0123273367186139,-0.033715717588583,1,22
2001-06-28,train,train,0.0077423629647167,0.0121013258693536,-0.033715717588583,1,22
2001-06-29,train,train,0.0025374594298343,0.011749122714058,-0.0309857091131084,1,22
2001-07-02,train,train,0.0217146299307946,0.0125718288510016,-0.0309857091131084,1,22
2001-07-03,train,train,-0.0063462908110135,0.0122875690127388,-0.0309857091131084,1,22
2001-07-04,train,train,-0.0146252813645868,0.0124402259789704,-0.0309857091131084,1,22
2001-07-05,train,train,-0.0110228801497453,0.0123597695072003,-0.0309857091131084,1,22
2001-07-06,train,train,-0.0330519121561633,0.0144618049345708,-0.0333700234153576,1,22
2001-07-09,train,train,0.0028540877057618,0.0140386581568742,-0.0333700234153576,1,22
2001-07-10,train,train,-0.0071920233555717,0.013724518187232,-0.0333700234153576,1,22
2001-07-11,train,train,-0.023789041204727,0.0145263816688732,-0.0333700234153576,1,22
2001-07-12,train,train,-0.0120977852392965,0.014392227172615,-0.0333700234153576,1,22
2001-07-13,train,train,0.0166603545725146,0.0145382968630366,-0.0333700234153576,1,22
2001-07-16,train,train,-0.0009398542270671,0.0140972816775151,-0.0333700234153576,1,22
2001-07-17,train,train,0.0091909683772649,0.0138519956553633,-0.031446145117057,1,22
2001-07-18,train,train,-0.0196114011662065,0.0142632934471722,-0.031446145117057,1,22
2001-07-19,train,train,0.0173993921803452,0.0144706384951481,-0.031446145117057,1,22
2001-07-20,train,train,-0.0060151144416889,0.0141069596956475,-0.031446145117057,1,22
2001-07-23,train,train,0.0089673753300404,0.0138524641259934,-0.031446145117057,1,22
2001-07-24,train,train,-0.0006089276818116,0.0134312904888369,-0.031446145117057,1,22
2001-07-25,train,train,-0.0266604460923518,0.0145678534278177,-0.0324032800795986,1,22
2001-07-26,train,train,0.0094601813347367,0.014312886296547,-0.0324032800795986,1,22
2001-07-27,train,train,-0.0017023368607596,0.0138831217071976,-0.0324032800795986,1,22
2001-07-30,train,train,0.0241552839540185,0.0147032400786563,-0.0324032800795986,1,22
2001-07-31,train,train,0.0073500200741144,0.0143685601361918,-0.0324032800795986,1,22
2001-08-01,train,train,0.0090742565719176,0.0141070449458453,-0.0324032800795986,1,22
2001-08-02,train,train,0.0059886516227373,0.0137557272062717,-0.0324032800795986,1,22
2001-08-03,train,train,-0.0051242200512659,0.0133956070031555,-0.0324032800795986,1,22
2001-08-06,train,train,0.0083135746684925,0.0131462040601128,-0.0324032800795986,1,22
2001-08-07,train,train,-0.0079633606832582,0.0128941159883498,-0.0324032800795986,1,22
2001-08-08,train,train,-0.0151118164142521,0.0130378201097438,-0.0324032800795986,1,22
2001-08-09,train,train,-0.0175963644434512,0.0133552832436756,-0.0324032800795986,1,22
2001-08-10,train,train,-0.0107912650530044,0.0132154780153548,-0.0324032800795986,1,22
2001-08-13,train,train,0.0162874986744516,0.0134196454650666,-0.0324032800795986,1,22
2001-08-14,train,train,0.0133790329932096,0.0134172121833711,-0.0324032800795986,1,22
2001-08-16,train,train,-0.0151556585258694,0.0135278204796024,-0.0324032800795986,1,22
2001-08-17,train,train,-0.0148645128601936,0.0136117242062459,-0.0324032800795986,1,22
2001-08-20,train,train,-0.0011957399626187,0.0132003061085105,-0.0324032800795986,1,22
2001-08-21,train,train,0.0006956681219655,0.0127993059860694,-0.0324032800795986,1,22
2001-08-22,train,train,0.0132837228333898,0.0128288868277957,-0.0324032800795986,1,22
2001-08-23,train,train,0.0114565055266448,0.0127507101033193,-0.0324032800795986,1,22
2001-08-24,train,train,0.0164448017377267,0.0130019868444074,-0.0324032800795986,1,22
2001-08-27,train,train,-0.002931490579798,0.0126263288571612,-0.0324032800795986,1,22
2001-08-28,train,train,-0.016899400584199,0.0129226202447856,-0.0324032800795986,1,22
2001-08-29,train,train,0.0062387206059636,0.0126217972269976,-0.0324032800795986,1,22
2001-08-30,train,train,-0.0231979864910828,0.0134922190153994,-0.0324032800795986,1,22
2001-08-31,train,train,0.0107533233850928,0.013343748099818,-0.0324032800795986,1,22
2001-09-03,train,train,-0.020408414895565,0.0138694801799954,-0.0324032800795986,1,22
2001-09-04,train,train,0.0168087353403617,0.0140631698652909,-0.0324032800795986,1,22
2001-09-05,train,train,-0.0211971349963236,0.0145899106845644,-0.0324032800795986,1,22
2001-09-06,train,train,-0.0265399842492591,0.015567781151905,-0.0324032800795986,1,22
2001-09-07,train,train,-0.0227109695295288,0.0160860731569971,-0.0324032800795986,1,22
2001-09-10,train,train,-0.0062963161108818,0.0156720981502036,-0.0324032800795986,1,22
2001-09-12,train,train,-0.0455610914372825,0.018852760115729,-0.0350911498952658,2,23
2001-09-13,train,train,0.0002725652391721,0.0182785510271172,-0.0350911498952658,2,23
2001-09-14,train,train,-0.0599316651951349,0.0230123308592497,-0.0461815562628602,2,23
2001-09-17,train,train,0.0261319828682029,0.0232113369067463,-0.0461815562628602,2,23
2001-09-18,train,train,-0.0072143317508348,0.0225735018615907,-0.0461815562628602,2,23
2001-09-19,train,train,-0.0157685427253339,0.0222240415653491,-0.0461815562628602,2,23
2001-09-20,train,train,-0.0305026983420081,0.0228056663673105,-0.0461815562628602,2,23
2001-09-21,train,train,-0.034320487741974,0.0236551530555283,-0.0466044147914638,2,23
2001-09-24,train,train,0.0578908319782724,0.0269642948311992,-0.0466044147914638,2,23
2001-09-25,train,train,0.0165346959313567,0.0264547268776631,-0.0466044147914638,2,23
2001-09-26,train,train,0.0071736868033876,0.0257089308735823,-0.0466044147914638,2,23
2001-09-27,train,train,0.0206340700586514,0.0254330114200815,-0.0466044147914638,2,23
2001-09-28,train,train,0.0160010326344367,0.0249677745989196,-0.0466044147914638,2,23
2001-10-01,train,train,-0.0166680897883733,0.0245490508034161,-0.0466044147914638,2,23
2001-10-02,train,train,0.0161073499176078,0.0241259889934045,-0.0466044147914638,2,23
2001-10-03,train,train,-0.0089180136209035,0.0234927946875599,-0.0466044147914638,2,23
2001-10-04,train,train,0.0300879898763199,0.0239397983739584,-0.0466044147914638,2,23
2001-10-05,train,train,-0.0405915827305221,0.0252504990986072,-0.0486947797876465,2,23
2001-10-08,train,train,0.0042730367852206,0.0245036318338141,-0.0486947797876465,2,23
2001-10-09,train,train,0.0108300293517578,0.0239048042621118,-0.0486947797876465,2,23
2001-10-10,train,train,0.0339308568276649,0.0246217682042711,-0.0486947797876465,2,23
2001-10-11,train,train,0.0031161586528886,0.0238838901358125,-0.0486947797876465,2,23
2001-10-15,train,train,-0.0054696768351903,0.0231950175128038,-0.0486947797876465,2,23
2001-10-16,train,train,0.0173934058420829,0.0228884281063895,-0.0486947797876465,2,23
2001-10-17,train,train,0.0353326656471007,0.023819134501788,-0.0486947797876465,2,23
2001-10-18,train,train,-0.0147959125714344,0.0233761682069304,-0.0486947797876465,2,23
2001-10-19,train,train,-0.0274947254048376,0.0236435217584358,-0.0486947797876465,2,23
2001-10-22,train,train,0.0246839237936385,0.0237072334848277,-0.0486947797876465,2,23
2001-10-23,train,train,0.0232106070623352,0.0236777296450909,-0.0486947797876465,2,23
2001-10-24,train,train,0.0166382290396416,0.0233153732162235,-0.0486947797876465,2,23
2001-10-25,train,train,-0.0272175190485554,0.0235677285945971,-0.0486947797876465,2,23
2001-10-26,train,train,0.0099762905052253,0.022980059694804,-0.0486947797876465,2,23
2001-10-29,train,train,-0.0210279210748031,0.0228676313343957,-0.0486947797876465,2,23
2001-10-30,train,train,-0.029985630257828,0.0233559656274931,-0.0486947797876465,2,23
2001-10-31,train,train,0.0276216015222474,0.0236336250881728,-0.0486947797876465,2,23
2001-11-01,train,train,-0.002511417965007,0.0229219059838293,-0.0486947797876465,2,23
2001-11-02,train,train,-0.0100180181073416,0.022358680388242,-0.0486947797876465,2,23
2001-11-05,train,train,0.0318545533392432,0.0230390691541109,-0.0486947797876465,2,23
2001-11-06,train,train,0.011515501290666,0.0225145995131415,-0.0486947797876465,2,23
2001-11-07,train,train,0.0124690455497337,0.0220413562554168,-0.0486947797876465,2,23
2001-11-08,train,train,0.0297199558599766,0.022575842155336,-0.0486947797876465,2,23
2001-11-09,train,train,-0.0170395922819029,0.0222824907133224,-0.0486947797876465,2,23
2001-11-12,train,train,-0.019924731323942,0.0221481042968877,-0.0486947797876465,2,23
2001-11-13,train,train,0.0393289912824347,0.0235353433335207,-0.0486947797876465,2,23
2001-11-14,train,train,0.0095568509468161,0.0229381264857938,-0.0486947797876465,2,23
2001-11-15,train,train,0.0043268696310471,0.0222645794015028,-0.0486947797876465,2,23
2001-11-16,train,train,0.0042613266872938,0.0216115325805095,-0.0486947797876465,2,23
2001-11-19,train,train,0.0179367305975309,0.0214088397238482,-0.0486947797876465,2,23
2001-11-20,train,train,-0.017468269213524,0.0211930776193809,-0.0486947797876465,2,23
2001-11-21,train,train,-0.0135802320579991,0.0208149731877604,-0.0486947797876465,2,23
2001-11-22,train,train,0.0095325179243887,0.0203154979303359,-0.0486947797876465,1,24
2001-11-23,train,train,0.0030051569932724,0.0197103563362331,-0.0486947797876465,1,24
2001-11-26,train,train,0.0036735711467896,0.0191310732993588,-0.0486947797876465,1,24
2001-11-27,train,train,-0.0145628999289065,0.0188881648370262,-0.0486947797876465,1,24
2001-11-28,train,train,-0.0108414530635679,0.0185043030381532,-0.0486947797876465,1,24
2001-11-29,train,train,-0.0090727516814927,0.0180777091042139,-0.0486947797876465,1,24
2001-11-30,train,train,0.0110353452480066,0.0177342065837112,-0.0486947797876465,1,24
2001-12-03,train,train,-0.0074156028335817,0.0172896335440531,-0.0486947797876465,1,24
2001-12-04,train,train,0.0251774191136517,0.0178614021956804,-0.0486947797876465,1,24
2001-12-05,train,train,0.0358630035919537,0.0194179609817894,-0.0486947797876465,1,24
2001-12-07,train,train,-0.0139544758662795,0.0191341950437177,-0.0449479118892103,1,24
2001-12-10,train,train,-0.0166022599954796,0.0189918002566955,-0.0449479118892103,1,24
2001-12-11,train,train,0.0089320436800287,0.0185427628100271,-0.0351382562715014,1,24
2001-12-12,train,train,-0.0121381986552913,0.0182220789556764,-0.0351382562715014,1,24
2001-12-13,train,train,-0.0252802712976656,0.0187207649093702,-0.0351382562715014,1,24
2001-12-14,train,train,-0.0045660224316723,0.0181848819109496,-0.0351382562715014,1,24
2001-12-17,train,train,0.0310877870754551,0.0192050921534681,-0.0349659002434413,1,24
2001-12-18,train,train,-0.0081094954028553,0.0187256846520266,-0.0326906461310625,1,24
2001-12-19,train,train,-0.0175111779091488,0.0186550441128363,-0.0326906461310625,1,24
2001-12-20,train,train,-0.0113771075146301,0.0183001733632423,-0.0326906461310625,1,24
2001-12-21,train,train,0.0063084828461628,0.0178098394649267,-0.0326906461310625,1,24
2001-12-27,train,train,0.0179432977904357,0.0178178751537956,-0.0326906461310625,1,24
2001-12-28,train,train,-0.0044320072788321,0.0173091489047743,-0.0326906461310625,1,24
2002-01-02,train,train,-0.0024441608663144,0.0167925183638314,-0.0326906461310625,1,24
2002-01-03,train,train,0.0209791382116092,0.017072691850606,-0.0326906461310625,1,24
2002-01-04,train,train,-0.0107653828654531,0.0167613187637068,-0.0326906461310625,1,24
2002-01-07,train,train,-0.0343534682933556,0.0183001351176331,-0.0349768937605685,1,24
2002-01-08,train,train,0.0011366854430792,0.0177448238039154,-0.030611274652007,1,24
2002-01-09,train,train,-0.0148285921312906,0.0175834943682379,-0.030611274652007,1,24
2002-01-10,train,train,-0.0163363116385324,0.0175111685053584,-0.030611274652007,1,24
2002-01-11,train,train,0.0059930141760617,0.0170410543750245,-0.030611274652007,1,24
2002-01-14,train,train,-0.0231646117516824,0.0174691051979247,-0.030611274652007,1,24
2002-01-15,train,train,0.018846267097815,0.0175547818340907,-0.030611274652007,1,24
2002-01-16,train,train,-0.0183591869315823,0.0176040827087155,-0.030611274652007,1,24
2002-01-17,train,train,0.0219757905886459,0.0178965255469921,-0.030611274652007,1,24
2002-01-18,train,train,0.0039158376321948,0.0173778167822254,-0.030611274652007,1,24
2002-01-21,train,train,-0.0133616997818366,0.0171633710678641,-0.0305188725332463,1,24
2002-01-22,train,train,0.0163913081014913,0.0171180292938493,-0.0305188725332463,1,24
2002-01-23,train,train,0.0056109180410274,0.0166533556788584,-0.0305188725332463,1,24
2002-01-24,train,train,0.0165732950270846,0.0166485628967746,-0.0305188725332463,1,24
2002-01-25,train,train,-0.0034515009885079,0.0161635064042617,-0.0298731232829497,1,24
2002-01-28,train,train,0.0107059813883692,0.0158890051662481,-0.0298731232829497,1,24
2002-01-29,train,train,-0.0115126725099849,0.0156609499635879,-0.0298731232829497,1,24
2002-01-30,train,train,-0.0195955015557036,0.015924460851453,-0.0275994504475678,1,24
2002-01-31,train,train,0.0038207324043944,0.0154676768123481,-0.0275994504475678,1,24
2002-02-01,train,train,0.0148817984078706,0.0154331513257703,-0.0275994504475678,1,24
2002-02-04,train,train,-0.019376148926368,0.0156976857876085,-0.0275994504475678,1,24
2002-02-05,train,train,-0.0203699341928243,0.0160165024859516,-0.0275994504475678,1,24
2002-02-06,train,train,-0.0185857285662336,0.0161821633025318,-0.0275994504475678,1,24
2002-02-07,train,train,0.0210912435440496,0.0165179023442713,-0.0275994504475678,1,24
2002-02-08,train,train,-0.0054260225140648,0.0160697584052462,-0.0275994504475678,1,24
2002-02-11,train,train,-0.0012907276093105,0.0155834163698621,-0.0275994504475678,1,24
2002-02-12,train,train,-0.0040878381526363,0.0151418268071203,-0.0275994504475678,1,24
2002-02-13,train,train,0.0101438710595637,0.0148893354827474,-0.0275994504475678,1,24
2002-02-14,train,train,0.01941067377633,0.0151985929558561,-0.0275994504475678,1,24
2002-02-15,train,train,-0.0126712123361536,0.015058916677225,-0.0275994504475678,1,24
2002-02-18,train,train,-0.0111727443753288,0.0148544446619419,-0.0275994504475678,1,24
2002-02-19,train,train,-0.0159323786028905,0.0149213168292401,-0.0275994504475678,1,24
2002-02-20,train,train,0.0010113210052809,0.0144688741916568,-0.0275994504475678,1,24
2002-02-21,train,train,0.0026014702021139,0.0140425595951843,-0.0275994504475678,1,24
2002-02-22,train,train,-0.0096241608518689,0.0138173564588673,-0.0275994504475678,1,24
2002-02-25,train,train,0.014601109196681,0.0138656309819324,-0.0275994504475678,1,24
2002-02-26,train,train,0.0092049700730964,0.0136310039108751,-0.0275994504475678,1,24
2002-02-27,train,train,0.0319055520426177,0.0153536271489783,-0.0275994504475678,1,24
2002-02-28,train,train,0.00420033169662,0.0149214075010956,-0.0275994504475678,1,24
2002-03-01,train,train,0.011633840359584,0.014744838832475,-0.0275994504475678,1,24
2002-03-04,train,train,0.0185733254456459,0.015002125214466,-0.0275994504475678,1,24
2002-03-05,train,train,-0.0093217729330773,0.0147232354572776,-0.0275994504475678,1,24
2002-03-06,train,train,0.0015997187136644,0.014280083633802,-0.0275994504475678,1,24
2002-03-07,train,train,0.0073880917669907,0.0139628283406524,-0.0275994504475678,1,24
2002-03-08,train,train,-0.0014923698380505,0.0135423990052836,-0.0275994504475678,1,24
2002-03-11,train,train,-0.0062082053506103,0.0132176126963128,-0.0275994504475678,1,24
2002-03-12,train,train,-0.011122117262607,0.01310133801604,-0.0275994504475678,1,24
2002-03-13,train,train,-0.0032755685363547,0.0127275337475917,-0.0275994504475678,1,24
2002-03-14,train,train,0.0066009081417562,0.0124452813417807,-0.0259626714126207,1,24
2002-03-15,train,train,0.0079049018649062,0.012220522673975,-0.0259626714126207,0,25
2002-03-18,train,train,0.0090825969696707,0.0120553024857296,-0.0259626714126207,0,25
2002-03-19,train,train,0.0090833885784175,0.0118979399824122,-0.0259626714126207,0,25
2002-03-20,train,train,-0.0096315739514071,0.0117742664434972,-0.0259626714126207,0,25
2002-03-21,train,train,-0.0066608249244259,0.0115315803160688,-0.0259626714126207,0,25
2002-03-22,train,train,0.0013908087572324,0.0111854711501457,-0.0259626714126207,0,25
2002-03-25,train,train,-0.0216561886513871,0.0120725850327908,-0.0263914228988083,1,26
2002-03-26,train,train,-0.0054019730373248,0.0117793611699992,-0.0263914228988083,1,26
2002-03-27,train,train,0.0042748559995708,0.0114684180351046,-0.0263914228988083,1,26
2002-03-28,train,train,0.0111777709511064,0.0114511872441403,-0.0263914228988083,1,26
2002-04-02,train,train,-0.0057866944882535,0.0111924554021163,-0.0263914228988083,1,26
2002-04-03,train,train,0.0041367164846456,0.0108986944103008,-0.0217302448652979,0,27
2002-04-04,train,train,-0.0087068255311616,0.0107797577017287,-0.0217302448652979,0,27
2002-04-05,train,train,0.0006611538472093,0.0104526175193624,-0.0217302448652979,0,27
2002-04-08,train,train,-0.0240316029263101,0.0117197635035092,-0.0229508011097932,1,28
2002-04-09,train,train,0.0077929242621181,0.0115219557930415,-0.0229508011097932,1,28
2002-04-10,train,train,0.0073993478708661,0.0113170295711304,-0.0220192419235071,1,28
2002-04-11,train,train,-0.0158193421274377,0.0116363973778702,-0.0220192419235071,1,28
2002-04-12,train,train,0.0070257021781373,0.0114124067910899,-0.0220192419235071,1,28
2002-04-15,train,train,0.0111000992808943,0.0113939097452165,-0.0220192419235071,1,28
2002-04-16,train,train,0.0287322873791531,0.0130982658702404,-0.0220192419235071,1,28
2002-04-17,train,train,0.0048127071518976,0.0127538395664541,-0.0220192419235071,1,28
2002-04-18,train,train,-0.0054593992799971,0.0124374073140484,-0.0220192419235071,1,28
2002-04-19,train,train,0.0086234672261329,0.0122421242386206,-0.0220192419235071,1,28
2002-04-22,train,train,-0.0067803867857861,0.0119848174045033,-0.0220192419235071,1,28
2002-04-23,train,train,-0.0007894089258276,0.0116213203773607,-0.0220192419235071,1,28
2002-04-24,train,train,-0.003824559837537,0.0113061672352534,-0.0220192419235071,1,28
2002-04-25,train,train,-0.018659445310718,0.0118764534460691,-0.0220192419235071,1,28
2002-04-26,train,train,0.0013330701773175,0.0115192778521532,-0.0220192419235071,1,28
2002-04-29,train,train,-0.0043728114897425,0.0112196000517171,-0.0220192419235071,1,28
2002-04-30,train,train,0.000993835444877,0.0108805295061753,-0.0220192419235071,1,28
2002-05-02,train,train,-0.0131340469967905,0.0110287333101086,-0.0220192419235071,1,28
2002-05-03,train,train,-0.0036098912624952,0.0107292525282795,-0.021449078962805,1,28
2002-05-06,train,train,-0.0091576138224473,0.0106415018527424,-0.021449078962805,1,28
2002-05-07,train,train,-0.0044397663206629,0.0103744763472636,-0.021449078962805,1,28
2002-05-08,train,train,0.0221527687077888,0.0114287656199776,-0.021449078962805,1,28
2002-05-09,train,train,-0.0057659262649444,0.0111702478451539,-0.021449078962805,1,28
2002-05-10,train,train,-0.0181075264346186,0.0117030304417984,-0.021449078962805,1,28
2002-05-13,train,train,0.0127083612872348,0.0117657729464228,-0.021449078962805,1,28
2002-05-14,train,train,0.013104407267063,0.0118503560129825,-0.021449078962805,1,28
2002-05-15,train,train,0.0071930886762506,0.0116236617663553,-0.021449078962805,1,28
2002-05-16,train,train,-0.009107652365064,0.0114882506058704,-0.021449078962805,1,28
2002-05-17,train,train,0.0003090486324689,0.0111385294598398,-0.021449078962805,1,28
2002-05-20,train,train,-0.0112613759665829,0.0111459384322586,-0.021449078962805,1,28
2002-05-21,train,train,-0.0062695581202862,0.010914965344195,-0.021449078962805,1,28
2002-05-22,train,train,-0.0117543462395706,0.0109671399958358,-0.021449078962805,1,28
2002-05-23,train,train,0.0057109709079317,0.0107246622990955,-0.021449078962805,1,28
2002-05-24,train,train,0.0060685568396426,0.0105036622884982,-0.021449078962805,1,28
2002-05-27,train,train,0.0053689926676344,0.0102682457663652,-0.021449078962805,1,28
2002-05-28,train,train,-0.0085311556267807,0.0101723888949975,-0.021449078962805,1,28
2002-05-29,train,train,0.0027218251057674,0.0098850061201594,-0.021449078962805,0,29
2002-05-30,train,train,-0.0116319992026885,0.0099984373560539,-0.021449078962805,1,30
2002-05-31,train,train,0.0120345645562668,0.0101321502768512,-0.021449078962805,1,30
2002-06-03,train,train,-0.0063345351392144,0.0099452712986891,-0.021449078962805,0,31
2002-06-04,train,train,-0.0298994342315416,0.0121083642980476,-0.0251957419364129,1,32
2002-06-05,train,train,-0.0062671456788246,0.0118394410219975,-0.0251957419364129,1,32
2002-06-06,train,train,-0.0054749409835551,0.0115568386947712,-0.0251957419364129,1,32
2002-06-07,train,train,-0.0128703275772859,0.0116398285767764,-0.0251957419364129,1,32
2002-06-10,train,train,0.0003341423045258,0.0112855293098604,-0.0251957419364129,1,32
2002-06-11,train,train,0.0094168253569422,0.0111822170200584,-0.0251957419364129,1,32
2002-06-12,train,train,-0.0222609982031125,0.0121355915098771,-0.0253973451203214,1,32
2002-06-13,train,train,-0.0124081634912429,0.0121521182388277,-0.0253973451203214,1,32
2002-06-14,train,train,-0.023336029289556,0.013095333321806,-0.0257556888158025,1,32
2002-06-17,train,train,0.0283259622719683,0.0144685900432153,-0.0257556888158025,1,32
2002-06-18,train,train,0.0024244175758134,0.014040383185769,-0.0257556888158025,1,32
2002-06-19,train,train,-0.0189657551816271,0.0143835465230101,-0.0257556888158025,1,32
2002-06-20,train,train,-0.0213558942273707,0.01489421629492,-0.0257556888158025,1,32
2002-06-21,train,train,-0.0192772139106684,0.0151928956050823,-0.0257556888158025,1,32
2002-06-24,train,train,-0.040382948165573,0.0177432122911133,-0.0314379951078082,2,33
2002-06-25,train,train,0.0182053921603772,0.0177712820495835,-0.0314379951078082,2,33
2002-06-26,train,train,-0.0134059058981891,0.0175400244162249,-0.0314379951078082,2,33
2002-06-27,train,train,0.0018536114022994,0.0170117448148126,-0.0314379951078082,1,34
2002-06-28,train,train,0.0319232940463918,0.0182532543978324,-0.0314379951078082,2,35
2002-07-01,train,train,-0.0028102406363105,0.0177105693158438,-0.0314379951078082,2,35
2002-07-02,train,train,-0.0264879712138847,0.0183559572538041,-0.0322567845369997,2,35
2002-07-03,train,train,-0.0182183716534763,0.0183477312124286,-0.0322567845369997,2,35
2002-07-04,train,train,0.0142183913902187,0.0181265177413766,-0.0322567845369997,2,35
2002-07-05,train,train,0.0569423289441736,0.0224366248851721,-0.0322567845369997,2,35
2002-07-08,train,train,0.0077961527682841,0.02183677650073,-0.0322567845369997,2,35
2002-07-09,train,train,-0.0192624928242263,0.0216909367537335,-0.0322567845369997,2,35
2002-07-10,train,train,-0.0201219324871405,0.0216000107185209,-0.0322567845369997,2,35
2002-07-11,train,train,-0.0326940548980732,0.022420992591732,-0.0343254790983959,2,35
2002-07-12,train,train,0.0130069246303311,0.0219701993520982,-0.0343254790983959,2,35
2002-07-15,train,train,-0.0462141511400616,0.0241220468852141,-0.0397637180679026,2,35
2002-07-16,train,train,4.676700280825995e-05,0.0233871949665981,-0.0397637180679026,2,35
2002-07-17,train,train,0.0366045009284494,0.0243831213013138,-0.0397637180679026,2,35
2002-07-18,train,train,0.0135699568836111,0.023872851357144,-0.0397637180679026,2,35
2002-07-19,train,train,-0.0502990986286064,0.0262205684411321,-0.0456320659780803,2,35
2002-07-22,train,train,-0.0265950305636656,0.0262431868463886,-0.0456320659780803,2,35
2002-07-23,train,train,-0.0150359224663007,0.0257088953937728,-0.0456320659780803,2,35
2002-07-24,train,train,-0.0253402518587476,0.025686925975713,-0.0456320659780803,2,35
2002-07-25,train,train,0.0496423215245094,0.0277144489625434,-0.0456320659780803,2,35
2002-07-26,train,train,-0.0010623859652515,0.026871415300574,-0.0456320659780803,2,35
2002-07-29,train,train,0.0550002504490961,0.0293300227686302,-0.0456320659780803,2,35
2002-07-30,train,train,-0.0520063671945233,0.0311595082630994,-0.0495065389877304,2,35
2002-07-31,train,train,-0.011613620618298,0.0303439059601465,-0.0495065389877304,2,35
2002-08-01,train,train,-0.0283039432720679,0.0302253910391252,-0.0495065389877304,2,35
2002-08-02,train,train,0.0064320898005722,0.0293469268307962,-0.0495065389877304,2,35
2002-08-05,train,train,-0.0249902571052069,0.0291039235251613,-0.0495065389877304,2,35
2002-08-06,train,train,0.0338645946918866,0.0294113024040704,-0.0495065389877304,2,35
2002-08-07,train,train,-0.0125447156448827,0.0286804013220547,-0.0495065389877304,2,35
2002-08-08,train,train,0.0487612735094534,0.0302633640306277,-0.0495065389877304,2,35
2002-08-09,train,train,0.0006563895127724,0.0293418605602102,-0.0495065389877304,2,35
2002-08-12,train,train,-0.0283981066317758,0.0292860929774341,-0.0495065389877304,2,35
2002-08-13,train,train,0.0080528521314196,0.0284623546639587,-0.0495065389877304,2,35
2002-08-14,train,train,-0.0269570259432153,0.0283742871258142,-0.0495065389877304,2,35
2002-08-16,train,train,0.0357204176254904,0.0288678203857621,-0.0495065389877304,2,35
2002-08-19,train,train,0.0397275509048922,0.0296318526023803,-0.0495065389877304,2,35
2002-08-20,train,train,-0.0178864671568646,0.0290613046811642,-0.0495065389877304,2,35
2002-08-21,train,train,0.0095118410695014,0.0282721483304162,-0.0495065389877304,2,35
2002-08-22,train,train,0.0228223739456492,0.0279751166949297,-0.0495065389877304,2,35
2002-08-23,train,train,-0.0133697775004975,0.0273198788773671,-0.0495065389877304,2,35
2002-08-26,train,train,-0.0085339140467302,0.0265699622938947,-0.0495065389877304,2,35
2002-08-27,train,train,0.0255355143352237,0.0265090337821451,-0.0495065389877304,2,35
2002-08-28,train,train,-0.0349767190881164,0.0270918325779058,-0.0495065389877304,2,35
2002-08-29,train,train,-0.0158526464129989,0.0265519817109995,-0.0495065389877304,2,35
2002-08-30,train,train,0.0101199240615664,0.0258621739340507,-0.0495065389877304,2,35
2002-09-02,train,train,-0.014776896323646,0.0253342124025392,-0.0495065389877304,2,35
2002-09-03,train,train,-0.0319496718019308,0.025779058762271,-0.0495065389877304,2,35
2002-09-04,train,train,0.003770252169812,0.0250107810056771,-0.0495065389877304,2,35
2002-09-05,train,train,-0.0138339200407266,0.0244844737975864,-0.0495065389877304,2,35
2002-09-06,train,train,0.0293653220879443,0.0248044233594683,-0.0495065389877304,2,35
2002-09-09,train,train,-0.0190737533558585,0.0244984149921745,-0.0495065389877304,2,35
2002-09-10,train,train,0.0245048914440228,0.0244988036275666,-0.0495065389877304,2,35
2002-09-11,train,train,0.0307037884372434,0.0249147196230479,-0.0495065389877304,2,35
2002-09-12,train,train,-0.0378132234483662,0.0258706213824629,-0.0495065389877304,2,35
2002-09-13,train,train,-0.0177210677101309,0.0254553311139157,-0.0495065389877304,2,35
2002-09-16,train,train,-0.008881074038014,0.0247755495954391,-0.0495065389877304,2,35
2002-09-17,train,train,-0.000821761113917,0.0240216299149412,-0.0495065389877304,2,35
2002-09-18,train,train,-0.0294494176957459,0.0243813960572664,-0.0495065389877304,2,35
2002-09-19,train,train,-0.0147557091442397,0.0239133682784373,-0.0495065389877304,2,35
2002-09-20,train,train,-0.0099999901463014,0.0233139061431269,-0.0495065389877304,2,35
2002-09-23,train,train,-0.0319217637577688,0.0239178984560915,-0.0495065389877304,2,35
2002-09-24,train,train,-0.0344943324097486,0.0246806290978614,-0.0495065389877304,2,35
2002-09-25,train,train,0.010426094282095,0.0240646556598049,-0.0495065389877304,2,35
2002-09-26,train,train,0.042235203666938,0.0255223419503529,-0.0495065389877304,2,35
2002-09-27,train,train,-0.0091576452488324,0.0248462932910144,-0.0495065389877304,2,35
2002-09-30,train,train,-0.0359637775522303,0.0256495924067908,-0.0495065389877304,2,35
2002-10-01,train,train,-0.0116850229488043,0.0250323766525529,-0.0495065389877304,2,35
2002-10-02,train,train,0.0447674801981306,0.0266321295622441,-0.0495065389877304,2,35
2002-10-03,train,train,-0.0112304978963924,0.025966931865336,-0.0495065389877304,2,35
2002-10-04,train,train,-0.0095014809976806,0.0252832226177364,-0.0495065389877304,2,35
2002-10-07,train,train,-0.0063666790186351,0.0245625516037181,-0.0495065389877304,2,35
2002-10-08,train,train,-0.0018683543604621,0.023818674389839,-0.0467062297571653,2,35
2002-10-09,train,train,-0.0165644786808384,0.0234467996098807,-0.0467062297571653,2,35
2002-10-10,train,train,0.0153720028176801,0.0230422476218522,-0.0467062297571653,1,36
2002-10-11,train,train,0.0384253433288943,0.0242420891330626,-0.0467062297571653,2,37
2002-10-14,train,train,-0.010244890674871,0.0236371660632072,-0.0419277893983732,2,37
2002-10-15,train,train,0.0497984840816981,0.0259612407896803,-0.0419277893983732,2,37
2002-10-16,train,train,-0.0040834480679067,0.0251902230007353,-0.0419277893983732,2,37
2002-10-17,train,train,0.0265978476212324,0.0252768911186108,-0.0419277893983732,2,37
2002-10-18,train,train,-0.0021106691042584,0.0245123080632738,-0.0419277893983732,2,37
2002-10-21,train,train,0.0034212437678855,0.0237803352862963,-0.0419277893983732,2,37
2002-10-22,train,train,0.0015572827416094,0.0230590458024868,-0.0419277893983732,2,37
2002-10-23,train,train,-0.0267415544284318,0.0232964173579725,-0.0362512400295709,2,37
2002-10-24,train,train,0.0289574139031808,0.0236742811339951,-0.0362512400295709,2,37
2002-10-25,train,train,0.0063062347845656,0.0230049865857,-0.0362512400295709,2,37
2002-10-28,train,train,0.0117647736206037,0.0224895584047438,-0.0362512400295709,2,37
2002-10-29,train,train,-0.0260809107147254,0.0227210531716408,-0.0362512400295709,2,37
2002-10-30,train,train,0.005347030286394,0.0220677802637201,-0.0362512400295709,2,37
2002-10-31,train,train,0.0166376098575756,0.0217801816780333,-0.0362512400295709,2,37
2002-11-04,train,train,0.0362758111745325,0.0229100371818701,-0.0362512400295709,2,37
2002-11-05,train,train,0.0004554121564405,0.0222123852719181,-0.0362512400295709,2,37
2002-11-06,train,train,-0.0078813871275932,0.0216220635389719,-0.0362512400295709,2,37
2002-11-07,train,train,-0.0327339421623087,0.0224444530330204,-0.0362512400295709,2,37
2002-11-08,train,train,-0.0067925812803031,0.0218242207939102,-0.0362512400295709,2,37
2002-11-11,train,train,-0.0023405278342653,0.0211671325572983,-0.0362512400295709,2,37
2002-11-12,train,train,0.0134243385308787,0.0207840665548358,-0.0362512400295709,1,38
2002-11-13,train,train,-0.0013685765692221,0.0201536884294672,-0.0362512400295709,1,38
2002-11-14,train,train,0.0222819547276251,0.0202876814412676,-0.0362512400295709,1,38
2002-11-15,train,train,-0.003338060486484,0.0196866242925317,-0.0362512400295709,1,38
2002-11-18,train,train,0.0167370088736557,0.0195222189680218,-0.0362512400295709,1,38
2002-11-19,train,train,-0.0090079402584377,0.0190556708276367,-0.0362512400295709,1,38
2002-11-20,train,train,-0.0055716716544368,0.01852549828618,-0.0362512400295709,1,38
2002-11-21,train,train,0.0367661342801272,0.0200924702149946,-0.036090444470115,1,38
2002-11-22,train,train,0.0061818782607005,0.019539136493454,-0.036090444470115,1,38
2002-11-25,train,train,0.0063262952339449,0.0190071698129537,-0.036090444470115,1,38
2002-11-26,train,train,-0.0167331735143313,0.0188784559694958,-0.036090444470115,1,38
2002-11-27,train,train,0.0347145059228908,0.0201821244940389,-0.036090444470115,2,39
2002-11-28,train,train,0.0005968284776909,0.0195678417921144,-0.036090444470115,1,40
2002-11-29,train,train,-0.0027633226124761,0.0189837973959054,-0.036090444470115,1,40
2002-12-02,train,train,0.0075548171549118,0.0184982703377723,-0.036090444470115,1,40
2002-12-03,train,train,-0.0231114018571883,0.0188069949462484,-0.036090444470115,1,40
2002-12-04,train,train,-0.0106299754502262,0.0184190297805847,-0.036090444470115,1,40
2002-12-05,train,train,-0.013526087687914,0.0181626628406478,-0.036090444470115,1,40
2002-12-09,train,train,-0.0211232724028934,0.0183537718302173,-0.0343973507080958,1,40
2002-12-10,train,train,0.0065119160762779,0.0178659896739869,-0.0343973507080958,1,40
2002-12-11,train,train,0.0062029767542108,0.0173882312799762,-0.0343973507080958,1,40
2002-12-12,train,train,-0.0189974931706149,0.0174889632805732,-0.0343973507080958,1,40
2002-12-13,train,train,-0.0211773214491845,0.0177319131245675,-0.0343973507080958,1,40
2002-12-16,train,train,0.0306973909809145,0.0187642022813624,-0.0343973507080958,1,40
2002-12-17,train,train,-0.0071235553112648,0.018276057354826,-0.0343973507080958,1,40
2002-12-18,train,train,-0.0178392815374329,0.0182501455894737,-0.0343973507080958,1,40
2002-12-19,train,train,0.002028548544591,0.0177011481476946,-0.0318130913809902,1,40
2002-12-20,train,train,0.006415547915261,0.0172336984511455,-0.0318130913809902,1,40
2002-12-23,train,train,0.0051734868441255,0.01675667743123,-0.0318130913809902,1,40
2002-12-27,train,train,-0.0257938342328418,0.0174315339912503,-0.0318130913809902,1,40
2002-12-30,train,train,-0.0073278454904649,0.0169955498240791,-0.0285188024351553,1,40
2003-01-02,train,train,0.0401161427579318,0.0191853091082702,-0.0285188024351553,1,40
2003-01-03,train,train,-0.0074593628347873,0.018690373085606,-0.0285188024351553,1,40
2003-01-07,train,train,0.017797192676576,0.0186379893589525,-0.0285188024351553,1,40
2003-01-08,train,train,0.0043846247052485,0.0181020900597724,-0.0285188024351553,1,40
2003-01-09,train,train,0.0087118408849231,0.0176798839067579,-0.0285188024351553,1,40
2003-01-10,train,train,0.0009167113822591,0.0171427541207518,-0.0285188024351553,1,40
2003-01-13,train,train,0.0147687060786506,0.017009657799854,-0.0285188024351553,1,40
2003-01-14,train,train,0.0083055141299032,0.016616487139518,-0.0285188024351553,1,40
2003-01-15,train,train,-0.0034053565750822,0.0161318620552777,-0.0285188024351553,1,40
2003-01-16,train,train,0.0066478212765458,0.0157249599882407,-0.0285188024351553,1,40
2003-01-17,train,train,-0.0233237134314009,0.0162812051497324,-0.0285188024351553,1,40
2003-01-20,train,train,-0.010491256195647,0.0159930287955026,-0.0285188024351553,1,40
2003-01-21,train,train,-0.00698749743327,0.0155999954831194,-0.0285188024351553,1,40
2003-01-22,train,train,-0.015338456753354,0.0155844269340716,-0.0285188024351553,1,40
2003-01-23,train,train,0.0096339186139344,0.0152928298350307,-0.0285188024351553,1,40
2003-01-24,train,train,-0.0065665242717139,0.0149139384524033,-0.0285188024351553,1,40
2003-01-27,train,train,-0.0401150106931082,0.0174823588662068,-0.0329766211900474,1,40
2003-01-28,train,train,-0.0111874911006256,0.0171698717718806,-0.0329766211900474,1,40
2003-01-29,train,train,-0.0024208876096354,0.016657366798872,-0.0329766211900474,1,40
2003-01-30,train,train,0.0131433716578442,0.0164676862267899,-0.0329766211900474,1,40
2003-01-31,train,train,-0.0120162168778903,0.0162350539379318,-0.0328809290294195,1,40
2003-02-03,train,train,0.011617455636758,0.0159956329763415,-0.0328809290294195,1,40
2003-02-04,train,train,-0.0242735585325734,0.0166090636847792,-0.0328809290294195,1,40
2003-02-05,train,train,0.0218442138321126,0.0169687806684078,-0.0328809290294195,1,40
2003-02-06,train,train,-0.0196840381450065,0.017143827687883,-0.0328809290294195,1,40
2003-02-07,train,train,-0.0130486712470562,0.0169260818680266,-0.0328809290294195,1,40
2003-02-10,train,train,-0.0037423370844372,0.0164360280411711,-0.0300608011528411,1,40
2003-02-11,train,train,0.0231760014864702,0.0169163252332771,-0.0300608011528411,1,40
2003-02-12,train,train,-0.0141286308505039,0.0167621427155574,-0.0300608011528411,1,40
2003-02-13,train,train,-0.0038772578220772,0.016279227573962,-0.0300608011528411,1,40
2003-02-14,train,train,0.0263280003015715,0.0170499932954041,-0.0300608011528411,1,40
2003-02-17,train,train,0.0182656808994341,0.0171253683468159,-0.0300608011528411,1,40
2003-02-18,train,train,0.0134066106208038,0.0169252999693815,-0.0300608011528411,1,40
2003-02-19,train,train,-0.0210141206077115,0.0171980646645272,-0.0300608011528411,1,40
2003-02-20,train,train,-0.0078994534352209,0.0167860389725348,-0.0300608011528411,1,40
2003-02-21,train,train,0.0089591219700431,0.0164219606050148,-0.0300608011528411,1,40
2003-02-24,train,train,-0.015189524464934,0.0163506342969974,-0.0300608011528411,1,40
2003-02-25,train,train,-0.0253346169279936,0.0170239013240969,-0.0304144872846478,1,40
2003-02-26,train,train,-0.0036598833104274,0.016529613064612,-0.0304144872846478,1,40
2003-02-27,train,train,0.0181158368133598,0.0166290539174284,-0.0304144872846478,1,40
2003-02-28,train,train,0.0187940042644404,0.016766835834913,-0.0304144872846478,1,40
2003-03-03,train,train,-0.0020355602208183,0.0162636953735854,-0.0304144872846478,1,40
2003-03-04,train,train,-0.0211672203167371,0.0165988069730548,-0.0304144872846478,1,40
2003-03-05,train,train,0.0030660272304658,0.0161106548821482,-0.0304144872846478,1,40
2003-03-06,train,train,-0.0107552682842565,0.0158404721028057,-0.0304144872846478,1,40
2003-03-07,train,train,-0.0174107446921248,0.0159390515683161,-0.0304144872846478,1,40
2003-03-10,train,train,-0.0260694463978778,0.0167208589831116,-0.0306594304412759,1,40
2003-03-11,train,train,0.0066214811700241,0.016292407384982,-0.0306594304412759,1,40
2003-03-12,train,train,-0.0278528640627,0.017206478671827,-0.0313457737178953,1,40
2003-03-13,train,train,0.0392566923642448,0.0192552436367305,-0.0313457737178953,2,41
2003-03-14,train,train,0.0404699377963188,0.021137348343005,-0.0313457737178953,2,41
2003-03-17,train,train,0.0266695461995357,0.0215094427390501,-0.0313457737178953,2,41
2003-03-18,train,train,0.004130319703709,0.0208787052227646,-0.0313457737178953,2,41
2003-03-19,train,train,0.0133270806393042,0.0205041892445017,-0.0313457737178953,2,41
2003-03-20,train,train,-0.011276502426883,0.0200705266597289,-0.0313457737178953,2,41
2003-03-21,train,train,0.0252276809279157,0.020416724298354,-0.0313457737178953,2,41
2003-03-24,train,train,-0.0412681511374188,0.0222264637562647,-0.0364120086310756,2,41
2003-03-25,train,train,0.0195902706371425,0.022077170830073,-0.0364120086310756,2,41
2003-03-26,train,train,0.0030978487052397,0.0214180574176242,-0.0364120086310756,2,41
2003-03-27,train,train,-0.0197947373018289,0.0213241433596492,-0.0364120086310756,2,41
2003-03-28,train,train,0.0011284497065091,0.0206763717452049,-0.0364120086310756,2,41
2003-03-31,train,train,-0.0266745005464577,0.0210844337461866,-0.0364120086310756,2,41
2003-04-01,train,train,0.0139891276981309,0.020727322239951,-0.0364120086310756,2,41
2003-04-02,train,train,0.0364989408506119,0.0219948842915217,-0.0364120086310756,2,41
2003-04-03,train,train,0.0102317210748996,0.0214716027782477,-0.0364120086310756,2,41
2003-04-04,train,train,0.0137081431091798,0.0210865533827828,-0.0364120086310756,2,41
2003-04-07,train,train,0.0203633847368653,0.0210438640897424,-0.0364120086310756,2,41
2003-04-08,train,train,-0.008855124871927,0.0205177571159165,-0.0364120086310756,2,41
2003-04-09,train,train,0.0110682574767586,0.0200766041714725,-0.0364120086310756,2,41
2003-04-10,train,train,-0.0094282838594312,0.0196015148686663,-0.0364120086310756,1,42
2003-04-11,train,train,0.0053696263885587,0.0190498345213526,-0.0364120086310756,1,42
2003-04-14,train,train,0.0071612241443219,0.0185526119845205,-0.0364120086310756,1,42
2003-04-15,train,train,0.0110656473026267,0.0181905019110208,-0.0364120086310756,1,42
2003-04-16,train,train,-0.0088334498270073,0.0177685814948503,-0.0364120086310756,1,42
2003-04-17,train,train,0.0109042393049499,0.0174331088773048,-0.0364120086310756,1,42
2003-04-22,train,train,0.000486648221161,0.0169024464977635,-0.0364120086310756,1,42
2003-04-23,train,train,0.0014887681997228,0.0163915869151928,-0.0319318385821921,1,42
2003-04-24,train,train,-0.0092266446817872,0.016052131715989,-0.0319318385821921,1,42
2003-04-25,train,train,-0.0052843493866507,0.0156168542791506,-0.0319318385821921,0,43
2003-04-28,train,train,0.0176030184692101,0.0157430919731573,-0.0319318385821921,1,44
2003-04-29,train,train,-0.0076870354858987,0.0153791963072347,-0.0319318385821921,1,44
2003-04-30,train,train,-0.0103781618443735,0.0151258346185972,-0.0319318385821921,1,44
2003-05-02,train,train,-0.0051136193688442,0.0147184362864256,-0.0319318385821921,1,44
2003-05-05,train,train,0.0053909222294286,0.0143310204543689,-0.0319318385821921,1,44
2003-05-06,train,train,0.0118531220024947,0.0141945499576453,-0.0319318385821921,1,44
2003-05-07,train,train,-0.0214969150540098,0.0147351001014734,-0.0319318385821921,1,44
2003-05-08,train,train,-0.0201900299691126,0.0151180032778683,-0.0319318385821921,1,44
2003-05-09,train,train,0.013760909024293,0.0150400312085298,-0.0319318385821921,1,44
2003-05-12,train,train,0.0011265455666866,0.0145844620306395,-0.0319318385821921,1,44
2003-05-13,train,train,-0.0029754965007586,0.0141589320051103,-0.0319318385821921,1,44
2003-05-14,train,train,-0.0019781331017222,0.0137361426473339,-0.0319318385821921,1,44
2003-05-15,train,train,0.0078890860241766,0.0134571534373374,-0.0319318385821921,1,44
2003-05-16,train,train,0.0105000868523465,0.0132982852034497,-0.0319318385821921,1,44
2003-05-19,train,train,-0.0316456968103944,0.0150439600367747,-0.0335889040035044,1,44
2003-05-20,train,train,0.0029417193488292,0.0146034486453176,-0.0335889040035044,1,44
2003-05-21,train,train,-0.0158761910420484,0.0146829246445134,-0.0335889040035044,1,44
2003-05-22,train,train,0.0190150370896131,0.0149782267869275,-0.0335889040035044,1,44
2003-05-23,train,train,0.0044693848326786,0.0145631371986516,-0.0335889040035044,1,44
2003-05-26,train,train,-0.0012613933368968,0.0141228656423463,-0.0335889040035044,1,44
2003-05-27,train,train,0.0039994270106142,0.013727626848784,-0.0335889040035044,1,44
2003-05-28,train,train,0.0170299621182776,0.01394783320629,-0.0335889040035044,1,44
2003-05-29,train,train,0.0015591521508217,0.0135283179075309,-0.0335889040035044,1,44
2003-05-30,train,train,0.0039255775455201,0.0131513904902387,-0.0335889040035044,1,44
2003-06-02,train,train,0.0132634204467329,0.0131581391858403,-0.0335889040035044,1,44
2003-06-03,train,train,-0.0049398631039567,0.0128145450201347,-0.0335889040035044,1,44
2003-06-04,train,train,0.011332995542288,0.0127305152097771,-0.0335889040035044,1,44
2003-06-05,train,train,-0.0070452856704963,0.0124627532859604,-0.0335889040035044,1,44
2003-06-06,train,train,0.0190256136890715,0.0129506542256931,-0.0335889040035044,1,44
2003-06-09,train,train,-0.0071110034217943,0.012676366212797,-0.0331961161647569,1,44
2003-06-10,train,train,0.0039949083249345,0.0123290876503804,-0.0331961161647569,1,44
2003-06-11,train,train,0.0139979281918233,0.012435535282935,-0.0331961161647569,1,44
2003-06-12,train,train,0.0084895943471533,0.0122347201944911,-0.0331961161647569,1,44
2003-06-13,train,train,0.0011819537739391,0.0118655339714091,-0.0331961161647569,1,44
2003-06-16,train,train,0.0150095535192913,0.0120772780232953,-0.0331961161647569,1,44
2003-06-17,train,train,0.002324611637056,0.0117231921821934,-0.0331961161647569,1,44
2003-06-18,train,train,0.0055312847014127,0.0114465255632916,-0.0331961161647569,0,45
2003-06-19,train,train,-0.0153976396073732,0.0117212119233266,-0.0266057041369539,1,46
2003-06-20,train,train,0.0247328134190715,0.012878133560101,-0.0266057041369539,1,46
2003-06-23,train,train,-0.0231273939850533,0.0137108761829682,-0.0271491971139684,1,46
2003-06-24,train,train,-0.0070045954267286,0.0134034584935356,-0.0271491971139684,1,46
2003-06-25,train,train,0.0101212029100922,0.0132295072664665,-0.0271491971139684,1,46
2003-06-26,train,train,0.0004753449619443,0.012827011652472,-0.0254233352831524,1,46
2003-06-27,train,train,0.0036651962663444,0.012468613157723,-0.0254233352831524,1,46
2003-06-30,train,train,-0.0156306568965157,0.0126805907328216,-0.0254233352831524,1,46
2003-07-01,train,train,-0.0180725632619931,0.0130670039039118,-0.0254233352831524,1,46
2003-07-02,train,train,0.0135300364914031,0.0130952475658491,-0.0254233352831524,1,46
2003-07-03,train,train,-0.005225259447432,0.0127606652828057,-0.0254233352831524,1,46
2003-07-04,train,train,0.0007502523789223,0.0123732888299813,-0.0254233352831524,1,46
2003-07-07,train,train,0.0209829944692709,0.0130510361004703,-0.0254233352831524,1,46
2003-07-08,train,train,0.003033742497773,0.0126752509367902,-0.0254233352831524,1,46
2003-07-09,train,train,-0.0072039223815705,0.0124151543281888,-0.0254233352831524,1,46
2003-07-10,train,train,-0.0112258192665405,0.012347025336715,-0.0254233352831524,1,46
2003-07-11,train,train,0.0188459671018385,0.012830133325331,-0.0254233352831524,1,46
2003-07-14,train,train,0.0110456636169254,0.0127301210898136,-0.0254233352831524,1,46
2003-07-15,train,train,-0.0065499376946481,0.0124461530205869,-0.0254233352831524,1,46
2003-07-16,train,train,-0.0096463449354195,0.01229615548649,-0.0254233352831524,1,46
2003-07-17,train,train,0.0018014016394697,0.0119297282548708,-0.0254233352831524,1,46
2003-07-18,train,train,-0.0064857833153141,0.0116748976172707,-0.0254233352831524,1,46
2003-07-21,train,train,-0.0109577044128747,0.0116331129742354,-0.0254233352831524,1,46
2003-07-22,train,train,0.0054355526918373,0.0113570362510202,-0.0254233352831524,1,46
2003-07-23,train,train,0.000815723297623,0.0110128679431139,-0.0254233352831524,1,46
2003-07-24,train,train,0.0163335845597143,0.0114023429077834,-0.0254233352831524,1,46
2003-07-25,train,train,-0.0111345660764676,0.0113864538844256,-0.0254233352831524,1,46
2003-07-28,train,train,0.0133666242440949,0.0115148708529185,-0.0254233352831524,1,46
2003-07-29,train,train,-0.0104449403985465,0.0114534938996613,-0.0254233352831524,1,46
2003-07-30,train,train,0.0086711161865628,0.0113058775207525,-0.02498770692152,1,46
2003-07-31,train,train,0.0110210399842558,0.0112889899399138,-0.0242818846858136,1,46
2003-08-01,train,train,-0.009433076983199,0.0111863216793512,-0.0242818846858136,1,46
2003-08-04,train,train,-0.0072307373099716,0.0109892119314279,-0.0242818846858136,1,46
2003-08-05,train,train,0.006644451459319,0.0107780302584991,-0.0242818846858136,1,46
2003-08-06,train,train,-0.0096294948833283,0.0107125912075658,-0.0242818846858136,1,46
2003-08-07,train,train,-0.0034720785445808,0.0104210053988459,-0.0242818846858136,1,46
2003-08-08,train,train,0.0044103622197874,0.0101611313349446,-0.0242818846858136,0,47
2003-08-11,train,train,0.0049798079949697,0.0099268113644634,-0.0190253827630316,0,47
2003-08-12,train,train,0.0071383661102577,0.0097819458737587,-0.0190253827630316,0,47
2003-08-13,train,train,-0.0024404518123567,0.0095027693582146,-0.018943538047854,0,47
2003-08-14,train,train,0.015891425008928,0.0100018353953542,-0.018943538047854,0,47
2003-08-18,train,train,0.0084589052212397,0.0099160321324474,-0.018943538047854,0,47
2003-08-19,train,train,0.0030215963858057,0.0096423977484726,-0.018943538047854,0,47
2003-08-20,train,train,-0.0017534008688366,0.0093585121229699,-0.018943538047854,0,47
2003-08-21,train,train,0.004876823227462,0.0091517128721318,-0.018943538047854,0,47
2003-08-22,train,train,-0.001248198495572,0.0088781809822377,-0.018943538047854,0,47
2003-08-25,train,train,-0.0054967041112994,0.0087123818250462,-0.018943538047854,0,47
2003-08-26,train,train,-0.0050921936353408,0.00853856471561,-0.018943538047854,0,47
2003-08-27,train,train,0.001863594595228,0.0082910217251809,-0.018943538047854,0,47
2003-08-28,train,train,0.004441889876662,0.0081117446898408,-0.018943538047854,0,47
2003-08-29,train,train,-0.0089316808937888,0.0081632636373989,-0.018943538047854,0,47
2003-09-01,train,train,0.0116179032351727,0.0084106528495574,-0.018943538047854,0,47
2003-09-02,train,train,0.0013196017825002,0.0081608343572385,-0.018943538047854,0,47
2003-09-03,train,train,0.012114221537316,0.008450356570537,-0.018943538047854,0,47
2003-09-04,train,train,-0.0035720737372075,0.0082395143816919,-0.018943538047854,0,47
2003-09-05,train,train,-0.0048426427447478,0.0080760939034001,-0.018943538047854,0,47
2003-09-08,train,train,0.00776991274293,0.0080580511176282,-0.018943538047854,0,47
2003-09-09,train,train,-0.009236995110595,0.008133608133285,-0.018943538047854,0,47
2003-09-10,train,train,-0.0145091979270764,0.0086496968651574,-0.018943538047854,0,47
2003-09-11,train,train,-0.0003654546754891,0.0083866700146576,-0.018943538047854,0,47
2003-09-12,train,train,-0.0128041045317836,0.008715088379949,-0.018943538047854,0,47
2003-09-15,train,train,0.004928845092369,0.0085354092098023,-0.018943538047854,0,47
2003-09-16,train,train,0.0104866466212651,0.0086648833343334,-0.0160708060285284,0,47
2003-09-17,train,train,0.0020590411432315,0.0084160424209674,-0.0160708060285284,0,47
2003-09-18,train,train,0.0068329204815154,0.0083295445234439,-0.0160708060285284,0,47
2003-09-19,train,train,-0.0130086449149892,0.0086817005132294,-0.0160708060285284,0,47
2003-09-22,train,train,-0.0212586339403769,0.0098977461774881,-0.0183206180329619,1,48
2003-09-23,train,train,-2.872162874730688e-05,0.0095962235346129,-0.0179467983764821,1,48
2003-09-24,train,train,-0.0063627141082658,0.0094335202129478,-0.0162588255941475,1,48
2003-09-25,train,train,-0.0019268541563537,0.0091583072348552,-0.0162588255941475,0,49
2003-09-26,train,train,-0.0125940736108711,0.0093999339003252,-0.0162588255941475,1,50
2003-09-29,train,train,-0.0055075374849888,0.009212882830014,-0.0162588255941475,1,50
2003-09-30,train,train,-0.0101517644743793,0.0092718971496555,-0.0162588255941475,1,50
2003-10-01,train,train,0.0070459391232014,0.0091536171886437,-0.0162588255941475,0,51
2003-10-02,train,train,0.0016872018387723,0.0088843786603648,-0.0162588255941475,0,51
2003-10-03,train,train,0.0233702372930933,0.0103424529294568,-0.0162588255941475,1,52
2003-10-06,train,train,-0.0040675534213216,0.0100767580149702,-0.0162588255941475,1,52
2003-10-07,train,train,-1.4519230561781184e-05,0.0097697800187729,-0.0162588255941475,1,52
2003-10-08,train,train,0.0043709525278233,0.0095324707751102,-0.0162588255941475,0,53
2003-10-09,train,train,0.0135980266475957,0.0098239655361851,-0.0162588255941475,1,54
2003-10-10,train,train,-0.0063456112057361,0.0096506832825063,-0.0162588255941475,1,54
2003-10-13,train,train,0.0125946615451297,0.0098521610074274,-0.0162588255941475,1,54
2003-10-14,train,train,-0.0031764409559926,0.0095836610204092,-0.0162588255941475,0,55
2003-10-15,train,train,0.0003975813461222,0.0092922144452478,-0.0162588255941475,0,55
2003-10-16,train,train,-0.0013070517159021,0.009014823203478,-0.0162588255941475,0,55
2003-10-17,train,train,-0.0058027023312071,0.0088550153250711,-0.0162588255941475,0,55
2003-10-20,train,train,-0.0012590589517668,0.0085907934668138,-0.0162588255941475,0,55
2003-10-21,train,train,0.003230321517891,0.0083665839547942,-0.0162588255941475,0,55
2003-10-22,train,train,-0.0133315307029781,0.0087443425196712,-0.0163664541901438,0,55
2003-10-23,train,train,-0.0050310345277589,0.0085670527627895,-0.0163664541901438,0,55
2003-10-24,train,train,-0.0015855691064125,0.0083151410824752,-0.0163664541901438,0,55
2003-10-27,train,train,0.011867010626698,0.0085698677598332,-0.0163664541901438,0,55
2003-10-28,train,train,0.0104187608727347,0.0086918991079718,-0.0163664541901438,0,55
2003-10-29,train,train,0.0009392359804471,0.0084302487122616,-0.0163664541901438,0,55
2003-10-30,train,train,0.0125377503198891,0.008731360646233,-0.0163664541901438,0,55
2003-10-31,train,train,0.0014597805835012,0.0084729166626156,-0.0163664541901438,0,55
2003-11-03,train,train,0.0119626508098939,0.0087217657976638,-0.0163664541901438,0,55
2003-11-04,train,train,-0.0021643609180569,0.008472668658844,-0.0163664541901438,0,55
2003-11-05,train,train,-0.000500159952391,0.0082154705859788,-0.0163664541901438,0,55
2003-11-06,train,train,0.0044369995650103,0.0080390010225482,-0.0163664541901438,0,55
2003-11-07,train,train,0.0054773896993587,0.007908736502705,-0.0163664541901438,0,55
2003-11-10,train,train,-0.0061970908699643,0.0078166145101381,-0.0163664541901438,0,55
2003-11-11,train,train,-0.0043706711506379,0.0076537350773669,-0.0163664541901438,0,55
2003-11-12,train,train,0.0076603734736867,0.0076541335435062,-0.0163664541901438,0,55
2003-11-13,train,train,0.0016682809141522,0.007432200505653,-0.0163664541901438,0,55
2003-11-14,train,train,0.0048101512656972,0.0073014793985047,-0.0163664541901438,0,55
2003-11-17,train,train,-0.0221525809920753,0.0089194795811756,-0.0193068042865095,0,55
2003-11-18,train,train,-0.0009396342239937,0.0086508186773022,-0.0193068042865095,0,55
2003-11-19,train,train,0.0005891379087291,0.0083885212623464,-0.0193068042865095,0,55
2003-11-20,train,train,-0.0027943264629469,0.0081617245269366,-0.0193068042865095,0,55
2003-11-21,train,train,0.0046855488039321,0.0079958854715425,-0.0193068042865095,0,55
2003-11-24,train,train,0.0137331062210673,0.0084506819721446,-0.0193068042865095,0,55
2003-11-25,train,train,0.0011175875395463,0.0081978121691817,-0.0193068042865095,0,55
2003-11-26,train,train,-0.0033841481976096,0.0079911841701287,-0.0193068042865095,0,55
2003-11-27,train,train,0.0031083200852591,0.0077850614769317,-0.0193068042865095,0,55
2003-11-28,train,train,0.0003585751776121,0.0075484081657731,-0.0193068042865095,0,55
2003-12-01,train,train,0.0163834864039105,0.0083465487173867,-0.0193068042865095,0,55
2003-12-02,train,train,-0.0032062567862894,0.0081303006043433,-0.0193068042865095,0,55
2003-12-03,train,train,0.004832649705372,0.0079710068895,-0.0189142485451434,0,55
2003-12-04,train,train,-0.0023319457162149,0.0077492588053252,-0.0189142485451434,0,55
2003-12-05,train,train,-0.002582367785731,0.0075397658261277,-0.0189142485451434,0,55
2003-12-09,train,train,0.0058212598926134,0.0074478459029651,-0.0189142485451434,0,55
2003-12-10,train,train,-0.0043661987108181,0.0072997264023794,-0.0189142485451434,0,55
2003-12-11,train,train,0.009925098486761,0.0074832680036822,-0.0189142485451434,0,55
2003-12-12,train,train,0.0002959263315462,0.0072556596087234,-0.0189142485451434,0,55
2003-12-15,train,train,0.0050179832891479,0.0071411994758311,-0.0189142485451434,0,55
2003-12-16,train,train,0.0020322775382684,0.0069415225473917,-0.0160260617686415,0,55
2003-12-17,train,train,0.0025744613542818,0.0067595356523412,-0.0160260617686415,0,55
2003-12-18,train,train,0.0104958991530359,0.0070398634108196,-0.0160260617686415,0,55
2003-12-19,train,train,0.0042228464119726,0.0069033355808308,-0.0160260617686415,0,55
2003-12-22,train,train,0.0001968932280409,0.0066932059306184,-0.0152119587231442,0,55
2003-12-23,train,train,0.0101074250757133,0.0069455502151777,-0.0152119587231442,0,55
2003-12-29,train,train,0.0082681949647086,0.0070319279434965,-0.0139432409669298,0,55
2003-12-30,train,train,-0.0029939794039764,0.0068570376057494,-0.0139432409669298,0,55
2004-01-02,train,train,0.0181865285701581,0.0080026755606517,-0.0139432409669298,0,55
2004-01-05,train,train,0.0040783482990477,0.0078229292884577,-0.0139432409669298,0,55
2004-01-07,train,train,0.0002907147811975,0.007584945629213,-0.0139432409669298,0,55
2004-01-08,train,train,0.0037459271672846,0.0074108997029232,-0.0139432409669298,0,55
2004-01-09,train,train,-0.0023695276021734,0.0072085385485428,-0.0139432409669298,0,55
2004-01-12,train,train,0.0012610990534821,0.0069957607574044,-0.0139432409669298,0,55
2004-01-13,train,train,0.0014483005388411,0.0067919130535805,-0.0138937341883392,0,55
2004-01-14,train,train,0.0040189883043239,0.0066581839844789,-0.0138937341883392,0,55
2004-01-15,train,train,-0.0026105810433556,0.0064869435896989,-0.0138937341883392,0,55
2004-01-16,train,train,0.0027609449233096,0.0063255813898766,-0.0138937341883392,0,55
2004-01-19,train,train,0.0046262853905353,0.0062366940052913,-0.0138937341883392,0,55
2004-01-20,train,train,-0.0035490636375087,0.006108872412392,-0.0138937341883392,0,55
2004-01-21,train,train,0.0079802000856222,0.0062370055656721,-0.0138937341883392,0,55
2004-01-22,train,train,0.006116448507911,0.0062298379322135,-0.0138937341883392,0,55
2004-01-23,train,train,0.0016280679215869,0.0060532027994596,-0.0111269021299328,0,55
2004-01-26,train,train,-0.0102937485536658,0.006387524077502,-0.0128811401385684,0,55
2004-01-27,train,train,0.0036911927511741,0.0062585885186524,-0.0128811401385684,0,55
2004-01-28,train,train,0.0068366653475138,0.0062947703703545,-0.0128811401385684,0,55
2004-01-29,train,train,-0.0128089926380087,0.0068622812182682,-0.0150851073945832,0,55
2004-01-30,train,train,-0.0104372510076454,0.0071275256452205,-0.0151329415459097,0,55
2004-02-02,train,train,0.0036126465495011,0.0069668211846851,-0.0151329415459097,0,55
2004-02-03,train,train,0.00021354601395,0.006754786279981,-0.0151329415459097,0,55
2004-02-04,train,train,-0.0090226033303002,0.006911870345882,-0.0151329415459097,0,55
2004-02-05,train,train,0.0076147272304672,0.0069560447687785,-0.0151329415459097,0,55
2004-02-06,train,train,0.0094904171517203,0.0071335437447706,-0.0151329415459097,0,55
2004-02-09,train,train,0.0136511678175438,0.007682152207813,-0.0151329415459097,0,55
2004-02-10,train,train,0.0045010831030075,0.0075292841450816,-0.0151329415459097,0,55
2004-02-11,train,train,0.0030911719148979,0.0073390757716201,-0.0151329415459097,0,55
2004-02-12,train,train,0.0054867569865466,0.0072413107462981,-0.0151329415459097,0,55
2004-02-13,train,train,-0.0051940880901166,0.0071350612828663,-0.0151329415459097,0,55
2004-02-16,train,train,0.003275329396539,0.0069640663766935,-0.0151329415459097,0,55
2004-02-17,train,train,0.0039308073961485,0.006820220090011,-0.0151329415459097,0,55
2004-02-18,train,train,0.0029137706630807,0.0066508556983474,-0.0111799973997733,0,55
2004-02-19,train,train,0.0069298951065437,0.0066679273691521,-0.0111799973997733,0,55
2004-02-20,train,train,-0.0124018282722734,0.0071429616228822,-0.0118826906393091,0,55
2004-02-23,train,train,0.0008979432159588,0.0069288501803947,-0.0118826906393091,0,55
2004-02-24,train,train,-0.0104360277373109,0.0071877025139504,-0.0118826906393091,0,55
2004-02-25,train,train,0.0017143018503744,0.0069813761704522,-0.0118826906393091,0,55
2004-02-26,train,train,-0.0016407594961536,0.0067806166344079,-0.0118826906393091,0,55
2004-02-27,train,train,0.0108717671759422,0.0070929454754647,-0.0118826906393091,0,55
2004-03-01,train,train,0.0061632422385903,0.0070406261284301,-0.0118826906393091,0,55
2004-03-02,train,train,0.0064367193953718,0.0070058598828408,-0.0118826906393091,0,55
2004-03-03,train,train,-0.0088491518425853,0.0071299086695487,-0.0118826906393091,0,55
2004-03-04,train,train,0.0069201166883964,0.0071174955340204,-0.0118826906393091,0,55
2004-03-05,train,train,0.0009828851652744,0.0069048665382525,-0.0118826906393091,0,55
2004-03-08,train,train,0.0028237507882504,0.0067301534237537,-0.0118826906393091,0,55
2004-03-09,train,train,-0.0099662319167972,0.0069668367225012,-0.0118826906393091,0,55
2004-03-10,train,train,0.000747931428506,0.0067570828889556,-0.0118826906393091,0,55
2004-03-11,train,train,-0.0220059942691192,0.0084837789954992,-0.0157389383931337,1,56
2004-03-12,train,train,-0.0098854799130504,0.0085743453667603,-0.0157389383931337,1,56
2004-03-15,train,train,-0.042404803258952,0.0133040698632486,-0.0257399300553599,1,56
2004-03-16,train,train,0.0143911764251878,0.0133717888094556,-0.0257399300553599,1,56
2004-03-17,train,train,0.0174383224477572,0.0136499874430095,-0.0257399300553599,1,56
2004-03-18,train,train,-0.0161972430724601,0.0138160728411354,-0.0268693468668437,1,56
2004-03-19,train,train,0.0074780123291055,0.0135198401148135,-0.0268693468668437,1,56
2004-03-22,train,train,-0.0193895245724321,0.0139418840877053,-0.0279334407001677,1,56
2004-03-23,train,train,0.005227138966962,0.0135776633817055,-0.0279334407001677,1,56
2004-03-24,train,train,-0.0019843727534902,0.0131730038505262,-0.0279334407001677,1,56
2004-03-25,train,train,0.0206674661472803,0.0137384496227252,-0.0279334407001677,1,56
2004-03-26,train,train,0.004789586816534,0.0133714885733181,-0.0279334407001677,1,56
2004-03-29,train,train,0.0085515472862328,0.0131322748191513,-0.0279334407001677,1,56
2004-03-30,train,train,-0.0021091556235974,0.0127426902833289,-0.0279334407001677,1,56
2004-03-31,train,train,0.0017350717411541,0.0123618046722253,-0.0279334407001677,1,56
2004-04-01,train,train,0.009903268687846,0.0122282396816229,-0.0279334407001677,1,56
2004-04-02,train,train,0.0209934618044911,0.012922909164764,-0.0279334407001677,1,56
2004-04-05,train,train,0.0019570679541242,0.0125383927719034,-0.0279334407001677,1,56
2004-04-06,train,train,-0.0004950102094517,0.0121570275071999,-0.0279334407001677,1,56
2004-04-07,train,train,0.0015684780663016,0.0117929354339297,-0.0279334407001677,1,56
2004-04-08,train,train,0.011423615941639,0.0117711030345856,-0.0279334407001677,1,56
2004-04-13,train,train,0.0064392483335552,0.0115209882300891,-0.0279334407001677,0,57
2004-04-14,train,train,-0.010990614773298,0.0114898562391216,-0.0279334407001677,1,58
2004-04-15,train,train,-0.0049932469173211,0.0112067720374148,-0.0279334407001677,0,59
2004-04-16,train,train,0.0092824580266675,0.0111007241542918,-0.0279334407001677,0,59
2004-04-19,train,train,-0.005679020026673,0.0108520776007407,-0.0279334407001677,0,59
2004-04-20,train,train,0.00416376203546,0.0105707969337522,-0.0279334407001677,0,59
2004-04-21,train,train,-0.011178480876347,0.0106082396762101,-0.0279334407001677,0,59
2004-04-22,train,train,0.0013875751350045,0.0102906844267794,-0.0279334407001677,0,59
2004-04-23,train,train,0.0045834593506443,0.0100401584046471,-0.0279334407001677,0,59
2004-04-26,train,train,0.0037377671095428,0.0097772566766396,-0.0279334407001677,0,59
2004-04-27,train,train,-0.0004665013789977,0.0094800907509283,-0.0279334407001677,0,59
2004-04-28,train,train,-0.0152247661934071,0.0099190424812943,-0.0279334407001677,0,59
2004-04-29,train,train,-0.0089433775096859,0.0098632246044497,-0.0279334407001677,0,59
2004-04-30,train,train,-0.0061344172065578,0.0096800863678895,-0.0279334407001677,0,59
2004-05-03,train,train,0.0075061512488365,0.0095635958801403,-0.0279334407001677,0,59
2004-05-04,train,train,-0.0023281209248466,0.0092897703422399,-0.0279334407001677,0,59
2004-05-05,train,train,0.0102761936626866,0.0093518903117204,-0.0279334407001677,0,59
2004-05-06,train,train,-0.0142465171911673,0.0097153577588782,-0.0279334407001677,0,59
2004-05-07,train,train,-0.0114330721119257,0.0098268913739293,-0.0279334407001677,0,59
2004-05-10,train,train,-0.026753052516435,0.0115636186190713,-0.0303879500148353,1,60
2004-05-11,train,train,0.0119435912131553,0.0115867683716086,-0.0303879500148353,1,60
2004-05-12,train,train,-0.0101665737052538,0.011506500878796,-0.0303879500148353,1,60
2004-05-13,train,train,0.0047657288880521,0.0112168765275978,-0.0303879500148353,1,60
2004-05-14,train,train,-0.0110827209965404,0.0112088724756097,-0.0303879500148353,1,60
2004-05-17,train,train,-0.0139535258952306,0.0113922142684618,-0.0303879500148353,1,60
2004-05-18,train,train,0.0068845817048681,0.0111731571678417,-0.0303879500148353,1,60
2004-05-19,train,train,0.0224139168144591,0.0121446323389958,-0.0303879500148353,1,60
2004-05-20,train,train,-0.0105363107889189,0.0120541859813453,-0.0303879500148353,1,60
2004-05-21,train,train,-0.0013697405291703,0.0116917820301067,-0.0303879500148353,1,60
2004-05-24,train,train,0.0098659827320253,0.0115903476191731,-0.0303879500148353,1,60
2004-05-25,train,train,-0.0053925556722542,0.0113146262800844,-0.0303879500148353,1,60
2004-05-26,train,train,0.010730991755819,0.0112804597792069,-0.0303879500148353,1,60
2004-05-27,train,train,0.0049459694009729,0.0110037086138905,-0.0303879500148353,1,60
2004-05-28,train,train,-0.0017339728012113,0.0106769427629993,-0.0303879500148353,1,60
2004-05-31,train,train,0.0009678542022774,0.0103543944711371,-0.0303879500148353,0,61
2004-06-01,train,train,-0.0140313073533163,0.0106110004681308,-0.0303879500148353,1,62
2004-06-02,train,train,0.0076537747119879,0.0104571768235554,-0.0303879500148353,1,62
2004-06-03,train,train,-0.000860220366913,0.0101407984417765,-0.0303879500148353,0,63
2004-06-04,train,train,0.0136749003529488,0.0103868098776437,-0.0303879500148353,0,63
2004-06-07,train,train,0.0121963961187939,0.010504179880669,-0.029515793449273,1,64
2004-06-08,train,train,-0.0006537850252402,0.0101854392815959,-0.029515793449273,0,65
2004-06-09,train,train,-0.0035231144312386,0.0099127858382631,-0.0207799400537757,0,65
2004-06-10,train,train,0.0027824369246232,0.009634938557413,-0.0207799400537757,0,65
2004-06-11,train,train,-0.0043812479727254,0.0094028633177733,-0.0207799400537757,0,65
2004-06-14,train,train,-0.0121167865152285,0.009587387505765,-0.0204557810940914,0,65
2004-06-15,train,train,0.0079281095267599,0.0094960104504289,-0.0204557810940914,0,65
2004-06-16,train,train,0.0050565397934973,0.0092896650793863,-0.0187414453003364,0,65
2004-06-17,train,train,0.00415530120869,0.0090639945023172,-0.0187414453003364,0,65
2004-06-18,train,train,0.000777234250913,0.0087899307245621,-0.0187414453003364,0,65
2004-06-21,train,train,0.0024755537997776,0.0085437000890118,-0.0187414453003364,0,65
2004-06-22,train,train,-0.0089955851613634,0.0085714850336475,-0.0187414453003364,0,65
2004-06-23,train,train,0.0062733672426114,0.0084512391123882,-0.0187414453003364,0,65
2004-06-24,train,train,0.0068101847582745,0.0083618630082766,-0.0187414453003364,0,65
2004-06-25,train,train,-0.0051710342795871,0.0082054788722093,-0.0187414453003364,0,65
2004-06-28,train,train,0.0078381707266134,0.0081839052860666,-0.0187414453003364,0,65
2004-06-29,train,train,-0.0065213598501347,0.0080937886953594,-0.0187414453003364,0,65
2004-06-30,train,train,-0.0065271146692526,0.0080084358068698,-0.0187414453003364,0,65
2004-07-01,train,train,0.0008661446455576,0.007767364663849,-0.0187414453003364,0,65
2004-07-02,train,train,-0.0062903525120155,0.0076867515034287,-0.0187414453003364,0,65
2004-07-05,train,train,0.0031935278302755,0.0074935236674811,-0.0187414453003364,0,65
2004-07-06,train,train,-0.0046632934666774,0.0073544885270952,-0.0187414453003364,0,65
2004-07-07,train,train,0.0050974266887993,0.0072389375557692,-0.0187414453003364,0,65
2004-07-08,train,train,0.0026256105150522,0.0070478162401379,-0.0187414453003364,0,65
2004-07-09,train,train,-0.0046490136224477,0.0069273523505859,-0.0187414453003364,0,65
2004-07-12,train,train,0.0007577251493158,0.0067188813650736,-0.0187414453003364,0,65
2004-07-13,train,train,0.0028394047352117,0.0065512211033575,-0.0187414453003364,0,65
2004-07-14,train,train,-0.005823890695272,0.0065098732889513,-0.0187414453003364,0,65
2004-07-15,train,train,-0.0058079122638725,0.0064699037022045,-0.0187414453003364,0,65
2004-07-16,train,train,0.0034762862997502,0.0063303355888232,-0.0187414453003364,0,65
2004-07-19,train,train,-0.0036892835232111,0.0062036608967586,-0.0187414453003364,0,65
2004-07-20,train,train,0.0010769384624344,0.0060204544510997,-0.0187414453003364,0,65
2004-07-21,train,train,0.0051680923816534,0.0059727439441029,-0.0183436256869728,0,65
2004-07-22,train,train,-0.0133112183605658,0.0066456423363787,-0.0183436256869728,0,65
2004-07-23,train,train,-0.0096869612953975,0.0068662159511332,-0.0183436256869728,0,65
2004-07-26,train,train,-0.0138426955612531,0.0074708392716236,-0.0183436256869728,0,65
2004-07-27,train,train,0.0130141995340473,0.0079137093974827,-0.0183436256869728,0,65
2004-07-28,train,train,-0.004242405174771,0.0077426783958882,-0.0183436256869728,0,65
2004-07-29,train,train,0.0081240310478057,0.0077660876537396,-0.0182459619216606,0,65
2004-07-30,train,train,0.0058890434516631,0.0076664359623861,-0.0182459619216606,0,65
2004-08-02,train,train,-0.006371810172122,0.0075949841234606,-0.0139425096032666,0,65
2004-08-03,train,train,0.003197350975454,0.0074051428076098,-0.0139425096032666,0,65
2004-08-04,train,train,-0.0104289579998128,0.0076204830226661,-0.0139425096032666,0,65
2004-08-05,train,train,0.0030929194660122,0.0074270737749272,-0.0139425096032666,0,65
2004-08-06,train,train,-0.0200425792782196,0.0087151614106763,-0.0160091375089221,1,66
2004-08-09,train,train,-0.0061901847595803,0.0085846315792093,-0.015972194064263,0,67
2004-08-10,train,train,0.0027602980336559,0.0083505269356962,-0.015972194064263,0,67
2004-08-11,train,train,-0.0061589521285652,0.0082354953449612,-0.015972194064263,0,67
2004-08-12,train,train,0.0021665088343048,0.0080022250776901,-0.015972194064263,0,67
2004-08-13,train,train,-0.0060385564581815,0.0078981845805407,-0.015972194064263,0,67
2004-08-17,train,train,0.0121190394405676,0.0082128379690528,-0.015972194064263,0,67
2004-08-18,train,train,0.0049935656404503,0.0080560416411467,-0.015972194064263,0,67
2004-08-19,train,train,0.0032893821108741,0.0078520711018646,-0.015972194064263,0,67
2004-08-20,train,train,-0.0035488496856295,0.0076623351139769,-0.015972194064263,0,67
2004-08-23,train,train,0.0105576467447307,0.0078661636724735,-0.015972194064263,0,67
2004-08-24,train,train,0.0004877928879148,0.0076274645578268,-0.015972194064263,0,67
2004-08-25,train,train,-0.0011042199932028,0.0074000459967255,-0.0157321644000128,0,67
2004-08-26,train,train,0.0069260437985123,0.0073724653183564,-0.0157321644000128,0,67
2004-08-27,train,train,0.0056104791686662,0.0072787841545321,-0.0157321644000128,0,67
2004-08-30,train,train,-7.607332778637484e-05,0.0070570676680364,-0.0157321644000128,0,67
2004-08-31,train,train,-0.0015491149504129,0.0068525949285468,-0.0157321644000128,0,67
2004-09-01,train,train,0.0087801949867486,0.0069832716730613,-0.0157321644000128,0,67
2004-09-02,train,train,0.0056522317194619,0.0069106426379044,-0.0157321644000128,0,67
2004-09-03,train,train,0.0096230440558042,0.0071026573465633,-0.0157321644000128,0,67
2004-09-06,train,train,0.0057518755848109,0.0070289345753334,-0.0157321644000128,0,67
2004-09-07,train,train,0.0005548813686098,0.0068161601791956,-0.0157321644000128,0,67
2004-09-08,train,train,-0.0019372818340707,0.0066255279689563,-0.0157321644000128,0,67
2004-09-09,train,train,-0.0071023649108838,0.006655101716354,-0.0157321644000128,0,67
2004-09-10,train,train,0.0020875834876929,0.0064725911668204,-0.0157321644000128,0,67
2004-09-13,train,train,0.0079377594331984,0.0065697223470398,-0.0157321644000128,0,67
2004-09-14,train,train,-0.0034913058760932,0.0064267355334873,-0.0157321644000128,0,67
2004-09-15,train,train,-0.0038507574392692,0.006301940479861,-0.0157321644000128,0,67
2004-09-16,train,train,0.0022428991704163,0.006134608576293,-0.0157321644000128,0,67
2004-09-17,train,train,0.0008042522854181,0.0059509853256065,-0.0157321644000128,0,67
2004-09-20,train,train,-0.0039407984407763,0.0058498860079405,-0.0157321644000128,0,67
2004-09-21,train,train,0.0021830151023786,0.0056968262764259,-0.0157321644000128,0,67
2004-09-22,train,train,-0.0061394048981507,0.0057243460234822,-0.0157321644000128,0,67
2004-09-23,train,train,-0.0038470158125423,0.0056293890425587,-0.0157321644000128,0,67
2004-09-24,train,train,-0.0006008399348236,0.0054598791424873,-0.0157321644000128,0,67
2004-09-27,train,train,-0.0058269715104125,0.0054825978563564,-0.0157321644000128,0,67
2004-09-28,train,train,0.0061023758254006,0.0055217466387111,-0.0157321644000128,0,67
2004-09-29,train,train,0.0074456743325527,0.0056556687280619,-0.0157321644000128,0,67
2004-09-30,train,train,-0.0023386948524481,0.0055132171236633,-0.0157321644000128,0,67
2004-10-01,train,train,0.0235581953403597,0.0078658212114926,-0.0157321644000128,0,67
2004-10-04,train,train,0.0102026083545698,0.0080252394210704,-0.0157321644000128,0,67
2004-10-05,train,train,4.809267565351985e-05,0.0077807672162775,-0.0157321644000128,0,67
2004-10-06,train,train,0.0022009672394644,0.0075629738577372,-0.0157321644000128,0,67
2004-10-07,train,train,0.0010927512777821,0.0073374590615385,-0.0157321644000128,0,67
2004-10-08,train,train,-0.0011407382168963,0.0071194159993455,-0.0157321644000128,0,67
2004-10-11,train,train,-0.0025864858391567,0.0069315448250157,-0.0157321644000128,0,67
2004-10-13,train,train,-0.000638604453914,0.0067222023013625,-0.0157321644000128,0,67
2004-10-14,train,train,-0.0049420932150363,0.0066288898523345,-0.0157321644000128,0,67
2004-10-15,train,train,0.0006780591261493,0.0064290929130503,-0.0157321644000128,0,67
2004-10-18,train,train,0.0007139837356201,0.0062356898503726,-0.0147714109464284,0,67
2004-10-19,train,train,0.0097143992223833,0.0064971510195275,-0.0147714109464284,0,67
2004-10-20,train,train,-0.0071050531311806,0.0065352199571345,-0.0125255301364043,0,67
2004-10-21,train,train,0.0068533847150985,0.0065547453663761,-0.0125255301364043,0,67
2004-10-22,train,train,0.0032062247145311,0.0064034052053694,-0.0125255301364043,0,67
2004-10-25,train,train,-0.0171303070835772,0.0074933455530465,-0.0158672814538698,0,67
2004-10-26,train,train,0.0002793961052324,0.0072653903992654,-0.0158672814538698,0,67
2004-10-27,train,train,0.0127816765800604,0.0077085030431562,-0.0158672814538698,0,67
2004-10-28,train,train,0.0115657964707693,0.007992610142911,-0.0158672814538698,0,67
2004-10-29,train,train,-0.0020293003249624,0.0077650493540803,-0.0147593131643258,0,67
2004-11-02,train,train,0.0103756335920838,0.0079459082759151,-0.0147593131643258,0,67
2004-11-03,train,train,0.0023016492730769,0.0077244460119853,-0.0104459083752138,0,67
2004-11-04,train,train,0.0009495727693619,0.007492739387381,-0.0104459083752138,0,67
2004-11-05,train,train,0.0043029747372698,0.0073405456480395,-0.0104459083752138,0,67
2004-11-08,train,train,0.0008747028646707,0.0071201474768703,-0.0104459083752138,0,67
2004-11-09,train,train,-0.0033279490945351,0.0069512031186974,-0.0104459083752138,0,67
2004-11-10,train,train,-0.0025412680735749,0.0067681277998315,-0.0104459083752138,0,67
2004-11-11,train,train,0.003581757756956,0.0066203353387673,-0.0104459083752138,0,67
2004-11-12,train,train,-0.0009936592258482,0.0064232663900304,-0.0104459083752138,0,67
2004-11-15,train,train,-0.003503254542112,0.0062864312287232,-0.0104459083752138,0,67
2004-11-16,train,train,-0.0072916314490889,0.0063512312104992,-0.0105089972212822,0,67
2004-11-17,train,train,0.0194126260298086,0.0077800290859519,-0.0105089972212822,0,67
2004-11-18,train,train,0.0014252150234898,0.0075510923511339,-0.0105089972212822,0,67
2004-11-19,train,train,-0.0012048783808187,0.0073270021064816,-0.0105089972212822,0,67
2004-11-22,train,train,-0.0026118338790275,0.0071325425234611,-0.0105089972212822,0,67
2004-11-23,train,train,0.0004415660698438,0.006916102364315,-0.0105089972212822,0,67
2004-11-24,train,train,0.007039005847288,0.0069235380982524,-0.0105089972212822,0,67
2004-11-25,train,train,0.0100326239354218,0.0071483193543553,-0.0105089972212822,0,67
2004-11-26,train,train,-0.0018520247022538,0.0069453841611682,-0.0105089972212822,0,67
2004-11-29,train,train,-0.0027156277083127,0.0067665750205287,-0.0105089972212822,0,67
2004-11-30,train,train,-0.0025849481859941,0.0065909227491598,-0.0105089972212822,0,67
2004-12-01,train,train,0.0092633551156349,0.0067810347148625,-0.0105089972212822,0,67
2004-12-02,train,train,0.0042649363572461,0.0066569412513407,-0.0105089972212822,0,67
2004-12-03,train,train,-0.0026705648969267,0.0064872097103836,-0.0105089972212822,0,67
2004-12-07,train,train,0.0034646756681375,0.0063465813699998,-0.0105089972212822,0,67
2004-12-09,train,train,-0.0048653982544376,0.0062675892806823,-0.0105089972212822,0,67
2004-12-10,train,train,0.0058627929467076,0.006244041586665,-0.0105089972212822,0,67
2004-12-13,train,train,0.006852966236913,0.0062822417010569,-0.0105089972212822,0,67
2004-12-14,train,train,0.0006635383620274,0.0060930275013774,-0.0105089972212822,0,67
2004-12-15,train,train,-0.0025442886493981,0.0059401927046583,-0.0105089972212822,0,67
2004-12-16,train,train,0.0031063206381038,0.0058092761752881,-0.0105089972212822,0,67
2004-12-17,train,train,-0.0036926815696821,0.0057044703637085,-0.0105089972212822,0,67
2004-12-20,train,train,0.0032093750367504,0.0055862803805568,-0.0105089972212822,0,67
2004-12-21,train,train,0.0053037864018797,0.0055697348045116,-0.0105089972212822,0,67
2004-12-22,train,train,0.0092616239223149,0.0058572425001647,-0.0105089972212822,0,67
2004-12-23,train,train,0.0032302589471826,0.0057336660781164,-0.0105089972212822,0,67
2004-12-27,train,train,-0.0003866360340298,0.0055598021852392,-0.0105089972212822,0,67
2004-12-28,train,train,0.0029125937630081,0.0054374358354238,-0.0105089972212822,0,67
2004-12-29,train,train,0.002596642308069,0.0053100206245412,-0.0105089972212822,0,67
2004-12-30,train,train,-0.0021890842682987,0.0051761052237268,-0.0105089972212822,0,67
2005-01-03,train,train,0.0047569532973483,0.0051519178613654,-0.0105089972212822,0,67
2005-01-04,train,train,-0.000449418001627,0.004996182621127,-0.0105089972212822,0,67
2005-01-05,train,train,-0.010537750995419,0.0054887869424054,-0.011653229842695,0,67
2005-01-07,train,train,0.0018487437109423,0.0053408095240045,-0.011653229842695,0,67
2005-01-10,train,train,-0.001394565894795,0.0051893622374518,-0.011653229842695,0,67
2005-01-11,train,train,-0.0069019461300263,0.0053077229796315,-0.011653229842695,0,67
2005-01-12,train,train,-0.0023113118132365,0.0051770780921943,-0.011653229842695,0,67
2005-01-13,train,train,0.0079164982910529,0.0053809168391504,-0.011653229842695,0,67
2005-01-14,train,train,0.0009200598195313,0.0052218579712926,-0.011653229842695,0,67
2005-01-17,train,train,0.0076493486458203,0.0053983779706806,-0.011653229842695,0,67
2005-01-18,train,train,0.0002748569177693,0.0052343546317559,-0.011653229842695,0,67
2005-01-19,train,train,-0.0010229361326048,0.0050810770714691,-0.011653229842695,0,67
2005-01-20,train,train,-0.0077214771333678,0.0052768907607704,-0.0117965117374546,0,67
2005-01-21,train,train,-0.0020313844335893,0.0051402755663543,-0.0117965117374546,0,67
2005-01-24,train,train,-0.0035956750233689,0.0050609109512613,-0.0117965117374546,0,67
2005-01-25,train,train,0.0073444274073886,0.0052261350263598,-0.0085169531926252,0,67
2005-01-26,train,train,0.0027526440052929,0.0051115908498346,-0.0085169531926252,0,67
2005-01-27,train,train,0.007391419469128,0.0052762339088844,-0.0085169531926252,0,67
2005-01-28,train,train,0.0015440277867816,0.0051294606845133,-0.0085169531926252,0,67
2005-01-31,train,train,0.0092031063724277,0.0054602669269242,-0.0085169531926252,0,67
2005-02-01,train,train,0.003582041897102,0.0053661443763304,-0.0085169531926252,0,67
2005-02-02,train,train,0.0053867887859861,0.0053673852801019,-0.0085169531926252,0,67
2005-02-03,train,train,0.0003652920556866,0.0052046423083155,-0.0085169531926252,0,67
2005-02-04,train,train,0.0119683617618374,0.0058358807784078,-0.0085169531926252,0,67
2005-02-07,train,train,0.0041516497130605,0.0057487586410111,-0.0085169531926252,0,67
2005-02-08,train,train,0.0018478554518671,0.0055919769799333,-0.0085169531926252,0,67
2005-02-09,train,train,-0.0030005748796559,0.0054712156901335,-0.0085169531926252,0,67
2005-02-10,train,train,4.2364939030761145e-05,0.0053045505698003,-0.0085169531926252,0,67
2005-02-11,train,train,0.0144018613622978,0.0062365678048623,-0.0085169531926252,0,67
2005-02-14,train,train,-0.0003442086771819,0.0060471646316578,-0.0085169531926252,0,67
2005-02-15,train,train,0.0051302558800334,0.0059961053694134,-0.008387058086271,0,67
2005-02-16,train,train,-0.0061114778828009,0.0060030902491766,-0.008387058086271,0,67
2005-02-17,train,train,0.0010542705632312,0.0058259382225186,-0.008387058086271,0,67
2005-02-18,train,train,-0.0016288127305576,0.005662529881327,-0.008387058086271,0,67
2005-02-21,train,train,-0.0110851437537656,0.0061248032376562,-0.0097814572941841,0,67
2005-02-22,train,train,-0.0121500866886139,0.0066422810999275,-0.0112576604792661,0,67
2005-02-23,train,train,0.0004063010656947,0.0064406994302782,-0.0112576604792661,0,67
2005-02-24,train,train,-0.0001603705230723,0.0062446133366602,-0.0112576604792661,0,67
2005-02-25,train,train,0.0092698925716953,0.0064661687635243,-0.0112576604792661,0,67
2005-02-28,train,train,-0.0051724422243665,0.0063959289930032,-0.0112576604792661,0,67
2005-03-01,train,train,0.0086199544208795,0.0065506984418159,-0.0112576604792661,0,67
2005-03-02,train,train,-0.0030345104233609,0.0063944856150938,-0.0112576604792661,0,67
2005-03-03,train,train,-0.0026295535485484,0.0062330532338994,-0.0112576604792661,0,67
2005-03-04,train,train,0.0125761616314544,0.0067830292600323,-0.0112576604792661,0,67
2005-03-07,train,train,0.0008279648290138,0.006579517332707,-0.0112576604792661,0,67
2005-03-08,train,train,-0.0069063572544988,0.0065995842038052,-0.0112576604792661,0,67
2005-03-09,train,train,-0.0074006280330742,0.0066503683116323,-0.0112576604792661,0,67
2005-03-10,train,train,-0.009706532575674,0.0068721729633427,-0.0112576604792661,0,67
2005-03-11,train,train,0.0011581821450098,0.0066688558776355,-0.0112576604792661,0,67
2005-03-14,train,train,-0.0036184903463299,0.0065261649333175,-0.0112576604792661,0,67
2005-03-15,train,train,0.0062409329752499,0.0065094034808686,-0.0112576604792661,0,67
2005-03-16,train,train,-0.0165449975346446,0.0075002806788429,-0.0132600759923413,0,67
2005-03-17,train,train,0.0037532881320983,0.0073296785709805,-0.0132600759923413,0,67
2005-03-18,train,train,0.003037955958255,0.0071452422814706,-0.0132600759923413,0,67
2005-03-21,train,train,-0.0041645811023042,0.00700227407138,-0.0132600759923413,0,67
2005-03-22,train,train,0.0079678125953095,0.0070639290691311,-0.0132600759923413,0,67
2005-03-23,train,train,-0.0050778907385902,0.0069607648086454,-0.0132600759923413,0,67
2005-03-24,train,train,0.0061633754329089,0.0069155147112575,-0.0132600759923413,0,67
2005-03-29,train,train,0.0015885263857387,0.0067161215044855,-0.0132600759923413,0,67
2005-03-30,train,train,-0.0047301286890884,0.0066138005582382,-0.0132600759923413,0,67
2005-03-31,train,train,-0.0022978533972154,0.0064369732148587,-0.0132600759923413,0,67
2005-04-01,train,train,0.003310304016825,0.0062933324621943,-0.0132600759923413,0,67
2005-04-04,train,train,-0.0090292942041038,0.0064900971256509,-0.0132600759923413,0,67
2005-04-05,train,train,0.0099546013126603,0.0067483126999273,-0.0132600759923413,0,67
2005-04-06,train,train,0.0089935501255434,0.0069036495761213,-0.0132600759923413,0,67
2005-04-07,train,train,0.0010973174251875,0.0066987313092543,-0.0132600759923413,0,67
2005-04-08,train,train,-0.0007030059330481,0.0064969434447964,-0.0132600759923413,0,67
2005-04-11,train,train,-0.0054485625932689,0.0064388560891944,-0.0132600759923413,0,67
2005-04-12,train,train,-0.0034016986996577,0.0062980654899509,-0.0132600759923413,0,67
2005-04-13,train,train,0.0075816452784557,0.0063823641300436,-0.0132600759923413,0,67
2005-04-14,train,train,-0.0010033301686136,0.0061928101747748,-0.0132600759923413,0,67
2005-04-15,train,train,-0.0226038161535687,0.0081673615244708,-0.0170996334589424,1,68
2005-04-18,train,train,-0.0142349376601959,0.0086522513617267,-0.017794583782803,1,68
2005-04-19,train,train,0.0022576825069941,0.0084068777930368,-0.017794583782803,1,68
2005-04-20,train,train,-0.0032775252521006,0.0081902129935748,-0.017794583782803,0,69
2005-04-21,train,train,0.0002329418437272,0.0079409111102862,-0.017794583782803,0,69
2005-04-22,train,train,0.0085785609467989,0.0079806069681983,-0.017794583782803,0,69
2005-04-25,train,train,0.001076748902077,0.0077419794379662,-0.017794583782803,0,69
2005-04-26,train,train,-0.0024739039505975,0.0075305486470924,-0.017794583782803,0,69
2005-04-27,train,train,-0.0109251104934983,0.007776123424198,-0.017794583782803,0,69
2005-04-28,train,train,4.456116814474266e-05,0.0075392392799089,-0.017794583782803,0,69
2005-04-29,train,train,0.0018012163185304,0.0073228671979018,-0.017794583782803,0,69
2005-05-02,train,train,0.0130565986931201,0.0077868740277605,-0.017794583782803,0,69
2005-05-03,train,train,0.005292877273354,0.007660166818458,-0.017794583782803,0,69
2005-05-04,train,train,0.0029841472555806,0.0074626921707912,-0.017794583782803,0,69
2005-05-05,train,train,0.0043187538849353,0.0073122750274417,-0.017794583782803,0,69
2005-05-06,train,train,0.002983972795486,0.0071270926562647,-0.017794583782803,0,69
2005-05-09,train,train,-0.0042841531289323,0.0069892031612375,-0.017794583782803,0,69
2005-05-10,train,train,-0.0084269610576588,0.0070837026715798,-0.017794583782803,0,69
2005-05-11,train,train,0.0004154771487023,0.0068686585446251,-0.017794583782803,0,69
2005-05-12,train,train,0.0068832495309796,0.0068695348777655,-0.017794583782803,0,69
2005-05-13,train,train,0.0010198096723697,0.0066649440790376,-0.017794583782803,0,69
2005-05-16,train,train,-0.000520581103118,0.006463161075139,-0.017794583782803,0,69
2005-05-17,train,train,-0.0004774993621278,0.0062673586427338,-0.017794583782803,0,69
2005-05-18,train,train,0.0162458746516253,0.0072635186987458,-0.017794583782803,0,69
2005-05-19,train,train,0.003826361292813,0.0071043398073569,-0.017794583782803,0,69
2005-05-20,train,train,-0.00336729140953,0.0069371222087184,-0.017794583782803,0,69
2005-05-23,train,train,0.003037494505946,0.0067668180882001,-0.017794583782803,0,69
2005-05-24,train,train,-0.0026212503912128,0.0065920174933984,-0.017794583782803,0,69
2005-05-25,train,train,-0.0022538939056621,0.0064149992376892,-0.017794583782803,0,69
2005-05-26,train,train,0.0070968324784863,0.0064579396234435,-0.017794583782803,0,69
2005-05-27,train,train,-0.0038725143542486,0.0063326508805295,-0.017794583782803,0,69
2005-05-30,train,train,0.0090512647096599,0.0065277747138554,-0.017794583782803,0,69
2005-05-31,train,train,-0.0042024458698793,0.0064120796337316,-0.017794583782803,0,69
2005-06-01,train,train,0.013036434834799,0.006988905301095,-0.017794583782803,0,69
2005-06-02,train,train,-0.0011628424589849,0.0067819791819408,-0.017794583782803,0,69
2005-06-03,train,train,-0.004412378830053,0.0066636080574427,-0.017794583782803,0,69
2005-06-06,train,train,-0.0050984010858706,0.0065802031595208,-0.017794583782803,0,69
2005-06-07,train,train,0.009070396628934,0.0067555499334772,-0.017794583782803,0,69
2005-06-08,train,train,-0.0050254377677786,0.0066644211372744,-0.017794583782803,0,69
2005-06-09,train,train,0.0006637773577905,0.0064634413876894,-0.017794583782803,0,69
2005-06-10,train,train,0.0070846056533102,0.0065023848189372,-0.0159212881024209,0,69
2005-06-13,train,train,0.0018494849445104,0.0063205524685055,-0.0159212881024209,0,69
2005-06-14,train,train,0.0036679173809577,0.0061935157682462,-0.0159212881024209,0,69
2005-06-15,train,train,-0.0052978362504653,0.0061434585905196,-0.0159212881024209,0,69
2005-06-16,train,train,0.0063685532605166,0.0061571963330842,-0.0159212881024209,0,69
2005-06-17,train,train,0.0059667310852667,0.0061459348738601,-0.0159212881024209,0,69
2005-06-20,train,train,-0.0023575715291515,0.0059866228506738,-0.0159212881024209,0,69
2005-06-21,train,train,0.0054718341601377,0.0059569901889629,-0.0159212881024209,0,69
2005-06-22,train,train,0.0014095810119726,0.0057858277975131,-0.0159212881024209,0,69
2005-06-23,train,train,0.004452192745553,0.005714593276773,-0.0159212881024209,0,69
2005-06-24,train,train,-0.0094821825643825,0.0060076525291382,-0.0159212881024209,0,69
2005-06-27,train,train,-0.0056476011051072,0.0059866601265441,-0.0159212881024209,0,69
2005-06-28,train,train,0.0061744235096445,0.0059980916834519,-0.0159212881024209,0,69
2005-06-29,train,train,0.008914475922757,0.0062118073433707,-0.0159212881024209,0,69
2005-06-30,train,train,0.00143205090912,0.0060327774392284,-0.0159212881024209,0,69
2005-07-01,train,train,0.0046806895702928,0.0059603079370612,-0.0159212881024209,0,69
2005-07-04,train,train,-0.0014355074648606,0.0057894209868707,-0.0159212881024209,0,69
2005-07-05,train,train,-0.0007745858985648,0.0056162577077874,-0.0159212881024209,0,69
2005-07-06,train,train,0.002555985264828,0.0054810394308293,-0.0159212881024209,0,69
2005-07-07,train,train,-0.0193157681673861,0.0071151401701962,-0.0187181739937169,0,69
2005-07-08,train,train,0.0153108260826256,0.0078519418097049,-0.0148252721070267,0,69
2005-07-11,train,train,0.0084496490820239,0.0078890813754564,-0.0132410204084222,0,69
2005-07-12,train,train,-0.0002936163001972,0.007649086303838,-0.0132410204084222,0,69
2005-07-13,train,train,0.0065013430534681,0.0075851208096168,-0.0132410204084222,0,69
2005-07-14,train,train,0.0027533974601108,0.007384909348739,-0.0132410204084222,0,69
2005-07-15,train,train,-0.0021498236839246,0.0071792741580236,-0.0132410204084222,0,69
2005-07-18,train,train,0.0017282481250639,0.0069734259359951,-0.0132410204084222,0,69
2005-07-19,train,train,0.0083975383022269,0.0070669702206789,-0.0132410204084222,0,69
2005-07-20,train,train,-0.0037901538503112,0.0069142938892201,-0.0124083039298091,0,69
2005-07-21,train,train,0.0014479383551764,0.0067130323934969,-0.0124083039298091,0,69
2005-07-22,train,train,-0.0002694768029186,0.0065088610943858,-0.0124083039298091,0,69
2005-07-25,train,train,-0.0001697150638279,0.0063107118911754,-0.0124083039298091,0,69
2005-07-26,train,train,0.0026121350007419,0.0061518269200899,-0.0124083039298091,0,69
2005-07-27,train,train,0.0045102832937034,0.0060658746534054,-0.0124083039298091,0,69
2005-07-28,train,train,0.0039667343703503,0.0059608090127156,-0.0124083039298091,0,69
2005-07-29,train,train,-0.0013039886954732,0.0057880387552246,-0.0124083039298091,0,69
2005-08-01,train,train,-0.0046272483601463,0.0057250322896253,-0.0124083039298091,0,69
2005-08-02,train,train,0.0044592540553374,0.0056570780300452,-0.0114818506122919,0,69
2005-08-03,train,train,0.0035333208871038,0.0055526067137168,-0.0114818506122919,0,69
2005-08-04,train,train,-0.0074564715055643,0.0056848476564441,-0.0120848074124442,0,69
2005-08-05,train,train,-0.0028727527459207,0.0055564022356837,-0.0120848074124442,0,69
2005-08-08,train,train,0.0069540505058537,0.0056500193417993,-0.0120848074124442,0,69
2005-08-09,train,train,0.0029710811356576,0.0055260288486239,-0.0120848074124442,0,69
2005-08-10,train,train,0.0082063278223584,0.0057223600136093,-0.0120848074124442,0,69
2005-08-11,train,train,-0.0006943904543863,0.0055506405543885,-0.0120848074124442,0,69
2005-08-12,train,train,-0.0034199590529767,0.0054463566836577,-0.0120848074124442,0,69
2005-08-15,train,train,-0.0002257800674938,0.0052807283263219,-0.0120848074124442,0,69
2005-08-16,train,train,-0.004438019474164,0.0052339934245484,-0.0120848074124442,0,69
2005-08-17,train,train,-0.0045171068450677,0.0051937713843708,-0.0120848074124442,0,69
2005-08-18,train,train,-0.0055830935082617,0.0052179499335316,-0.0120848074124442,0,69
2005-08-19,train,train,0.0094195390132813,0.0055603097334299,-0.0120848074124442,0,69
2005-08-22,train,train,0.0041264660637175,0.0054848596155485,-0.0120848074124442,0,69
2005-08-23,train,train,-0.0069727232476333,0.0055853196928577,-0.0120848074124442,0,69
2005-08-24,train,train,-0.0024970773650541,0.0054496029239902,-0.0120848074124442,0,69
2005-08-25,train,train,-0.009540477973571,0.0057773285266864,-0.0127794762351132,0,69
2005-08-26,train,train,-0.0078842391131474,0.0059249090283772,-0.0127794762351132,0,69
2005-08-29,train,train,0.0033966387863775,0.0058043521152304,-0.0127794762351132,0,69
2005-08-30,train,train,-0.0016313758757083,0.0056416980160051,-0.0127794762351132,0,69
2005-08-31,train,train,0.0086900151452713,0.0058694133358514,-0.0127794762351132,0,69
2005-09-01,train,train,0.012431115714514,0.0064540661917201,-0.0127794762351132,0,69
2005-09-02,train,train,0.0010750381854259,0.0062629876743201,-0.0127794762351132,0,69
2005-09-05,train,train,0.010384582375451,0.0065834555363362,-0.0127794762351132,0,69
2005-09-06,train,train,0.0118600435583929,0.0070129174801504,-0.0127794762351132,0,69
2005-09-07,train,train,0.0033491687551,0.0068485886698943,-0.0127794762351132,0,69
2005-09-08,train,train,0.0031847991554116,0.0066856228956514,-0.0127794762351132,0,69
2005-09-09,train,train,0.0043386817831078,0.0065684967739652,-0.0127794762351132,0,69
2005-09-12,train,train,0.0007721728120022,0.0063712020787691,-0.0127794762351132,0,69
2005-09-13,train,train,-0.0062033181564429,0.0063612539912979,-0.0127794762351132,0,69
2005-09-14,train,train,0.0028053037603312,0.0062056267171462,-0.0127794762351132,0,69
2005-09-15,train,train,0.001585934100946,0.006029106566794,-0.0127794762351132,0,69
2005-09-16,train,train,0.005369396868538,0.0059915727315993,-0.0122468284180348,0,69
2005-09-19,train,train,0.0003702654458009,0.005809753261558,-0.0122468284180348,0,69
2005-09-20,train,train,0.0044888128979866,0.0057390770561616,-0.0122468284180348,0,69
2005-09-21,train,train,-0.0078829712221931,0.0058897588445166,-0.0122468284180348,0,69
2005-09-22,train,train,0.0034510672958192,0.005772564042138,-0.0122468284180348,0,69
2005-09-23,train,train,0.0089382281242463,0.0060097139036242,-0.0122468284180348,0,69
2005-09-26,train,train,0.0087750936046589,0.0062104587268124,-0.0122468284180348,0,69
2005-09-27,train,train,-0.004335807305862,0.0061142099441553,-0.0122468284180348,0,69
2005-09-28,train,train,0.0114711844757446,0.0065601702602394,-0.0122468284180348,0,69
2005-09-29,train,train,-0.0019553628534866,0.0063783297536312,-0.0084358961029705,0,69
2005-09-30,train,train,0.0030841965109797,0.0062299952733846,-0.0084358961029705,0,69
2005-10-03,train,train,0.0061582218749307,0.006225712203408,-0.0084358961029705,0,69
2005-10-04,train,train,0.0035321333840998,0.0060977439162257,-0.0084358961029705,0,69
2005-10-05,train,train,-0.0088400314212867,0.0062960544269848,-0.008754916169335,0,69
2005-10-06,train,train,-0.0066932010926853,0.0063205869758061,-0.008754916169335,0,69
2005-10-07,train,train,-0.0017222700796525,0.0061425404670414,-0.008754916169335,0,69
2005-10-10,train,train,0.0063344183193863,0.0061542218446027,-0.008754916169335,0,69
2005-10-11,train,train,0.0008884998426975,0.0059707072981397,-0.008754916169335,0,69
2005-10-12,train,train,-0.0082111253494105,0.0061282737921767,-0.0088638782480894,0,69
2005-10-13,train,train,-0.0145336845744622,0.0069264763430018,-0.0109713979897732,0,69
2005-10-14,train,train,0.0058689625234802,0.006867619188953,-0.0109713979897732,0,69
2005-10-17,train,train,1.883413143408825e-05,0.0066584054403796,-0.0109713979897732,0,69
2005-10-18,train,train,-0.0094142975966371,0.0068550741193842,-0.0111628200482234,0,69
2005-10-19,train,train,-0.0121727171404234,0.0072844369216956,-0.0120822932294855,0,69
2005-10-20,train,train,-0.0019437495422047,0.0070785542116424,-0.0120822932294855,0,69
2005-10-21,train,train,-0.0013011373985734,0.0068703094148174,-0.0120822932294855,0,69
2005-10-24,train,train,0.0158543232903059,0.0077104251755413,-0.0120822932294855,0,69
2005-10-25,train,train,-0.0055114294321259,0.0075964576130906,-0.0120822932294855,0,69
2005-10-26,train,train,-0.0003054149933835,0.0073654188523481,-0.0120822932294855,0,69
2005-10-27,train,train,-0.0139220526499887,0.0079135228677016,-0.0135428181216247,0,69
2005-10-28,train,train,0.0010548045705781,0.0076767942715632,-0.0135428181216247,0,69
2005-10-31,train,train,0.0148130912260035,0.0082802681339933,-0.0135428181216247,0,69
2005-11-01,train,train,-0.006366799172354,0.0081780950013215,-0.0135428181216247,0,69
2005-11-02,train,train,-0.0002589906899128,0.0079292110673288,-0.0135428181216247,0,69
2005-11-03,train,train,0.005014071142653,0.0077851460761279,-0.0135428181216247,0,69
2005-11-04,train,train,-0.0061850963864917,0.0076985267746279,-0.0135428181216247,0,69
2005-11-07,train,train,0.0008256624248686,0.0074667381590674,-0.0135428181216247,0,69
2005-11-08,train,train,0.0018503175315038,0.0072534452855145,-0.0135428181216247,0,69
2005-11-09,train,train,0.0015408924090698,0.007042597629024,-0.0135428181216247,0,69
2005-11-10,train,train,-0.0017132992269095,0.006840936641786,-0.0135428181216247,0,69
2005-11-11,train,train,0.0068643657556196,0.006842344650946,-0.0135428181216247,0,69
2005-11-14,train,train,-0.0005424914169254,0.0066352300125343,-0.0135428181216247,0,69
2005-11-15,train,train,-0.0046085751117846,0.0065313887155596,-0.0135428181216247,0,69
2005-11-16,train,train,-0.0061972258917472,0.0065118225379471,-0.0135428181216247,0,69
2005-11-17,train,train,0.0051351373500112,0.006437529101758,-0.0135428181216247,0,69
2005-11-18,train,train,0.0078102940594209,0.0065280407227207,-0.0135428181216247,0,69
2005-11-21,train,train,0.0007596555765134,0.0063319050318641,-0.0135428181216247,0,69
2005-11-22,train,train,-0.0011586316422216,0.0061455663440837,-0.0135428181216247,0,69
2005-11-23,train,train,0.0098158585211517,0.0064251825856234,-0.0135428181216247,0,69
2005-11-24,train,train,0.0007055211916847,0.0062318423112429,-0.0135428181216247,0,69
2005-11-25,train,train,0.0020760094514441,0.0060633568253249,-0.0135428181216247,0,69
2005-11-28,train,train,-0.0035252551003913,0.0059417239622109,-0.0135428181216247,0,69
2005-11-29,train,train,0.0001223986213796,0.0057607931320154,-0.0135428181216247,0,69
2005-11-30,train,train,-0.0058834964112993,0.0057682289362151,-0.0135428181216247,0,69
2005-12-01,train,train,0.0113862283450493,0.0062493910833369,-0.0135428181216247,0,69
2005-12-02,train,train,-0.0027100299997017,0.0060952646647786,-0.0135428181216247,0,69
2005-12-05,train,train,-0.0111134061964068,0.0065064263686648,-0.0135428181216247,0,69
2005-12-06,train,train,0.0006834100377073,0.0063104351674178,-0.0135428181216247,0,69
2005-12-07,train,train,-0.0031075179411684,0.006165362645241,-0.0135428181216247,0,69
2005-12-08,train,train,-0.001028436463295,0.0059828467846031,-0.0135428181216247,0,69
2005-12-09,train,train,-0.0006194878255067,0.0058025696220821,-0.0135428181216247,0,69
2005-12-12,train,train,0.004821876697234,0.0057484480565595,-0.0135428181216247,0,69
2005-12-13,train,train,-0.0006074327562062,0.0055753129265203,-0.0135428181216247,0,69
2005-12-14,train,train,-0.0029662743383281,0.0054540805258008,-0.0135428181216247,0,69
2005-12-15,train,train,-0.001801248908337,0.0053063023450226,-0.0135428181216247,0,69
2005-12-16,train,train,0.006825499308141,0.0054094990849902,-0.0135428181216247,0,69
2005-12-19,train,train,-0.0025612364846013,0.0052820938527522,-0.0135428181216247,0,69
2005-12-20,train,train,0.0041705078897986,0.0052220755169433,-0.0135428181216247,0,69
2005-12-21,train,train,0.0103882846437111,0.0056664676662542,-0.0135428181216247,0,69
2005-12-22,train,train,0.0017395840583964,0.0055103442384043,-0.0135428181216247,0,69
2005-12-23,train,train,0.0021097228289408,0.0053674123964039,-0.0135428181216247,0,69
2005-12-27,train,train,0.0045402469189353,0.0053214095320864,-0.0135428181216247,0,69
2005-12-28,train,train,-0.0002971097194005,0.0051598112266643,-0.0135428181216247,0,69
2005-12-29,train,train,0.0007981973455851,0.0050064418423939,-0.0135428181216247,0,69
2005-12-30,train,train,-0.0041092715775967,0.0049571926631817,-0.0135428181216247,0,69
2006-01-02,train,train,0.004906922846324,0.0049541908585656,-0.0135428181216247,0,69
2006-01-03,train,train,0.0029067121823431,0.0048557497033896,-0.0135428181216247,0,69
2006-01-04,train,train,0.0071567618837352,0.0050236203390263,-0.0135428181216247,0,69
2006-01-05,train,train,0.0016323077803575,0.0048869644313651,-0.0135428181216247,0,69
2006-01-06,train,train,0.0,0.0047380878075677,-0.0124027253289396,0,69
2006-01-09,train,train,0.0044706799631218,0.0047224703564816,-0.0124027253289396,0,69
2006-01-10,train,train,-0.0084828286508283,0.0050280339703442,-0.0124027253289396,0,69
2006-01-11,train,train,0.0088203040998869,0.005332178160507,-0.0124027253289396,0,69
2006-01-12,train,train,-0.0009488551772732,0.0051749604895218,-0.0111727624990745,0,69
2006-01-13,train,train,-0.0096393760320778,0.0055451291528054,-0.0115582782928244,0,69
2006-01-16,train,train,0.004386417610756,0.0054825167076236,-0.0115582782928244,0,69
2006-01-17,train,train,-0.0084867543960296,0.0057075397583478,-0.0115582782928244,0,69
2006-01-18,train,train,-0.0091288604858461,0.0059683846318528,-0.0115582782928244,0,69
2006-01-19,train,train,0.0105344785377835,0.0063358371578422,-0.0115582782928244,0,69
2006-01-20,train,train,-0.0074759826009819,0.0064099673550076,-0.0099605475714435,0,69
2006-01-23,train,train,-0.0026756264029632,0.0062491566792345,-0.0099605475714435,0,69
2006-01-24,train,train,-0.0043597289719823,0.0061521765134034,-0.0099605475714435,0,69
2006-01-25,train,train,0.0147515357079987,0.0069738646133696,-0.0099605475714435,0,69
2006-01-26,train,train,0.0060882327415335,0.0069239219422072,-0.0099605475714435,0,69
2006-01-27,train,train,0.0121388521335163,0.0073420267791144,-0.0099605475714435,0,69
2006-01-30,train,train,0.0013417059080663,0.0071259417817116,-0.0099605475714435,0,69
2006-01-31,train,train,0.0059884559503504,0.0070628605946826,-0.0099605475714435,0,69
2006-02-01,train,train,0.0104635075763386,0.0073116386153263,-0.0099605475714435,0,69
2006-02-02,train,train,-0.0076128040817605,0.0073300574926735,-0.0099605475714435,0,69
2006-02-03,train,train,0.0035676089833705,0.0071602813008037,-0.0099605475714435,0,69
2006-02-06,train,train,0.001046375869791,0.0069468802174712,-0.0099605475714435,0,69
2006-02-07,train,train,-0.0011090307128015,0.0067407264458555,-0.0099605475714435,0,69
2006-02-08,train,train,0.0024578078717704,0.0065630479663687,-0.0099605475714435,0,69
2006-02-09,train,train,0.012622491942029,0.0070745191258431,-0.0099605475714435,0,69
2006-02-10,train,train,-0.0028512268825096,0.0068944659905128,-0.0099605475714435,0,69
2006-02-13,train,train,0.0073014339293798,0.0069195590800414,-0.0099605475714435,0,69
2006-02-14,train,train,3.513527294683671e-05,0.0067087669552382,-0.0099605475714435,0,69
2006-02-15,train,train,-0.0016247116117958,0.0065165544642399,-0.0099605475714435,0,69
2006-02-16,train,train,0.0061162160265451,0.0064932302492121,-0.0099605475714435,0,69
2006-02-17,train,train,0.0038450385828134,0.006365483173124,-0.0099605475714435,0,69
2006-02-20,train,train,0.0038476656048112,0.006243115031943,-0.0099605475714435,0,69
2006-02-21,train,train,0.0078835485374528,0.0063534963946232,-0.0099605475714435,0,69
2006-02-22,train,train,0.010982784540089,0.0067217702151697,-0.0099605475714435,0,69
2006-02-23,train,train,-0.0013875555942167,0.0065258548687227,-0.0099605475714435,0,69
2006-02-24,train,train,0.0040721505865576,0.0064051947265911,-0.0099605475714435,0,69
2006-02-27,train,train,0.0038865452994894,0.0062826142948868,-0.0099605475714435,0,69
2006-02-28,train,train,-0.0078138731669776,0.0063848543184472,-0.0090849969713178,0,69
2006-03-01,train,train,0.0136618324624347,0.0070369825040016,-0.0090849969713178,0,69
2006-03-02,train,train,-0.0078105541532949,0.0070857787692546,-0.0090849969713178,0,69
2006-03-03,train,train,-0.0045744855450746,0.0069606982552713,-0.0090849969713178,0,69
2006-03-06,train,train,0.0002891300374792,0.0067490189479357,-0.0090849969713178,0,69
2006-03-07,train,train,-0.004927450582408,0.0066538024849362,-0.0090849969713178,0,69
2006-03-08,train,train,-0.0061807429186718,0.006626371347852,-0.0090849969713178,0,69
2006-03-09,train,train,0.0060354325194205,0.0065924089790489,-0.0090849969713178,0,69
2006-03-10,train,train,0.0061522105149746,0.0065668292524974,-0.0090849969713178,0,69
2006-03-13,train,train,0.0062328215571342,0.0065472693177654,-0.0090849969713178,0,69
2006-03-14,train,train,-0.0008783974439526,0.0063514585972329,-0.0090849969713178,0,69
2006-03-15,train,train,0.0009037069463984,0.0061619449777096,-0.0090849969713178,0,69
2006-03-16,train,train,0.0014172163191616,0.0059843046446132,-0.0090849969713178,0,69
2006-03-17,train,train,0.0008763620069042,0.0058059683582323,-0.0090849969713178,0,69
2006-03-20,train,train,0.0041269117850842,0.0057191429878173,-0.0090849969713178,0,69
2006-03-21,train,train,0.0009557921901878,0.0055498552275571,-0.0090849969713178,0,69
2006-03-22,train,train,0.0015239053908522,0.0053937164110146,-0.0090849969713178,0,69
2006-03-23,train,train,-0.0038058424358165,0.0053118464132425,-0.0090849969713178,0,69
2006-03-24,train,train,0.0040401588424683,0.0052442485245407,-0.0090849969713178,0,69
2006-03-27,train,train,-0.00964964151821,0.0056070445796084,-0.0094726260120446,0,69
2006-03-28,train,train,-0.0055391039755004,0.005602991375483,-0.0094726260120446,0,69
2006-03-29,train,train,0.0036538329604677,0.0055055364253352,-0.0094726260120446,0,69
2006-03-30,train,train,0.0044328042504442,0.0054471332517405,-0.0094726260120446,0,69
2006-03-31,train,train,-0.0013066896340365,0.0052908819010129,-0.0094726260120446,0,69
2006-04-03,train,train,0.0055270126036869,0.0053053461255903,-0.0094726260120446,0,69
2006-04-04,train,train,-0.0022004242821469,0.0051718862789958,-0.0094726260120446,0,69
2006-04-05,train,train,0.0018983977275708,0.0050358453171058,-0.0094726260120446,0,69
2006-04-06,train,train,-0.0006883812111523,0.0048853439895118,-0.0094726260120446,0,69
2006-04-07,train,train,-0.0077134607567065,0.0050994548093715,-0.0090884188000285,0,69
2006-04-10,train,train,6.768204333936925e-05,0.0049441326684458,-0.0090884188000285,0,69
2006-04-11,train,train,-0.0121659875565953,0.0056443295586132,-0.0103148298535504,0,69
2006-04-12,train,train,-0.0062638586403312,0.0056834060474529,-0.0098765007472609,0,69
2006-04-13,train,train,0.0006634931714492,0.0055126628260328,-0.0098765007472609,0,69
2006-04-18,train,train,-0.00210399267681,0.0053695150114844,-0.0098765007472609,0,69
2006-04-19,train,train,0.0115941369821065,0.0059301965155157,-0.0098765007472609,0,69
2006-04-20,train,train,0.0053185558878456,0.0058952878703083,-0.0098765007472609,0,69
2006-04-21,train,train,0.0110735528610722,0.0063266553807991,-0.0098765007472609,0,69
2006-04-24,train,train,-0.0010497552943093,0.0061393072393899,-0.0098765007472609,0,69
2006-04-25,train,train,0.0016119872149075,0.0059653615098927,-0.0098765007472609,0,69
2006-04-26,train,train,0.0004277105730926,0.0057845813891022,-0.0098765007472609,0,69
2006-04-27,train,train,-0.0028802961760519,0.0056525627196896,-0.0098765007472609,0,69
2006-04-28,train,train,0.0001009255464723,0.0054804186464156,-0.0098765007472609,0,69
2006-05-02,train,train,0.0030895961235883,0.0053670872435609,-0.0098765007472609,0,69
2006-05-03,train,train,-0.0044358890423938,0.0053158174015837,-0.0098765007472609,0,69
2006-05-04,train,train,0.0043688413280143,0.0052638053004574,-0.0098765007472609,0,69
2006-05-05,train,train,0.0088387617459738,0.0055437000296536,-0.0098765007472609,0,69
2006-05-08,train,train,0.0027631519437529,0.0054172644330428,-0.0098765007472609,0,69
2006-05-09,train,train,0.0012918411614246,0.0052617563528199,-0.0098765007472609,0,69
2006-05-10,train,train,-0.00153221357958,0.0051152493417879,-0.0098765007472609,0,69
2006-05-11,train,train,-0.0046855920628855,0.0050904926733793,-0.0098765007472609,0,69
2006-05-12,train,train,-0.0251461887204643,0.0078929194312483,-0.0156539392650898,1,70
2006-05-15,train,train,-0.0105160765645892,0.0080743766631254,-0.0159427509472162,1,70
2006-05-16,train,train,0.0007074141839258,0.0078303161543963,-0.0159427509472162,1,70
2006-05-17,train,train,-0.0304435190715611,0.010641592513377,-0.0225852317828735,1,70
2006-05-18,train,train,-0.0033751556120557,0.0103504773934274,-0.0225852317828735,1,70
2006-05-19,train,train,0.0053823176071427,0.0101213931800415,-0.0225852317828735,1,70
2006-05-22,train,train,-0.028857495606066,0.012093855756951,-0.0281490677993637,1,70
2006-05-23,train,train,0.0190408887304894,0.0126189933380026,-0.0281490677993637,1,70
2006-05-24,train,train,-0.0102215990202731,0.0124881351083561,-0.0281490677993637,1,70
2006-05-25,train,train,0.0144685776679087,0.0126157319153278,-0.0281490677993637,1,70
2006-05-26,train,train,0.0182650901373787,0.0130239817766092,-0.0281490677993637,1,70
2006-05-29,train,train,-0.0038092802494354,0.0126616465042871,-0.0281490677993637,1,70
2006-05-30,train,train,-0.0182638963476861,0.0130656974270605,-0.0281490677993637,1,70
2006-05-31,train,train,0.0155428169974397,0.013227412895692,-0.0281490677993637,1,70
2006-06-01,train,train,0.0005201589244942,0.0128250855247338,-0.0281490677993637,1,70
2006-06-02,train,train,0.0012595021793771,0.0124382084858762,-0.0281490677993637,1,70
2006-06-05,train,train,-0.006437575806697,0.0121619501501139,-0.0281490677993637,1,70
2006-06-06,train,train,-0.0156968901327305,0.0124024913286389,-0.0281490677993637,1,70
2006-06-07,train,train,0.0100911297500853,0.0122760880440607,-0.0281490677993637,1,70
2006-06-08,train,train,-0.0245398260530373,0.0133338809492359,-0.0281490677993637,1,70
2006-06-09,train,train,0.0132060401445814,0.0133262450854061,-0.0281490677993637,1,70
2006-06-12,train,train,-0.0060370812881009,0.013004624585911,-0.0281490677993637,1,70
2006-06-13,train,train,-0.0214311824269454,0.0136576271656636,-0.0281490677993637,1,70
2006-06-14,train,train,0.0050347739403599,0.0132988672422251,-0.0281490677993637,1,70
2006-06-15,train,train,0.0168404437842873,0.0135375149322855,-0.0281490677993637,1,70
2006-06-16,train,train,-0.006682123047895,0.0132267720179556,-0.0281490677993637,1,70
2006-06-19,train,train,0.0085379084452406,0.0129932444359072,-0.0281490677993637,1,70
2006-06-20,train,train,0.0042146844242333,0.0126396499477126,-0.0281490677993637,1,70
2006-06-21,train,train,0.0046633515958678,0.0123077177672821,-0.0281490677993637,1,70
2006-06-22,train,train,0.0081154561719402,0.0120972211426198,-0.0281490677993637,1,70
2006-06-23,train,train,0.0024777810382359,0.0117443840938317,-0.0281490677993637,0,71
2006-06-26,train,train,0.0002128010169127,0.0113867221506107,-0.0281490677993637,0,71
2006-06-27,train,train,-0.0055221694780327,0.0111223943555218,-0.0281490677993637,0,71
2006-06-28,train,train,-0.0022943257195907,0.0107981958056988,-0.0281490677993637,0,71
2006-06-29,train,train,0.0175239488111922,0.0113150473978219,-0.0281490677993637,0,71
2006-06-30,train,train,0.0140837107098621,0.011499979747791,-0.0281490677993637,1,72
2006-07-03,train,train,0.0018600491158556,0.011158949283442,-0.0281490677993637,0,73
2006-07-04,train,train,0.0028913383723241,0.0108421589371675,-0.0281490677993637,0,73
2006-07-05,train,train,-0.0070834438409979,0.0106540966952899,-0.0281490677993637,0,73
2006-07-06,train,train,0.0099836502765285,0.0106150641156648,-0.0281490677993637,0,73
2006-07-07,train,train,-0.0008682803692202,0.0102938838956377,-0.0281490677993637,0,73
2006-07-10,train,train,0.0019590684687413,0.009991820648579,-0.0281490677993637,0,73
2006-07-11,train,train,-0.0098600236612775,0.0099839618928071,-0.0281490677993637,0,73
2006-07-12,train,train,0.0001820012147468,0.0096799128528584,-0.0281490677993637,0,73
2006-07-13,train,train,-0.0141672976275496,0.0100060686282201,-0.0281490677993637,0,73
2006-07-14,train,train,-0.0119213219142992,0.0101311993268395,-0.0281490677993637,0,73
2006-07-17,train,train,-0.0054238269825596,0.0099120029136572,-0.0281490677993637,0,73
2006-07-18,train,train,-0.0016472770199382,0.009618510536957,-0.0281490677993637,0,73
2006-07-19,train,train,0.023439686795404,0.0109512526807017,-0.0281490677993637,1,74
2006-07-20,train,train,0.0018100849197046,0.0106268868256407,-0.0281490677993637,1,74
2006-07-21,train,train,-0.0098770452078877,0.0105833946118906,-0.0281490677993637,1,74
2006-07-24,train,train,0.0198909793846852,0.0113589969043597,-0.0281490677993637,1,74
2006-07-25,train,train,0.004341244190389,0.0110641757984991,-0.0281490677993637,1,74
2006-07-26,train,train,0.0020045369437716,0.0107383479658477,-0.0281490677993637,1,74
2006-07-27,train,train,0.011383014889329,0.0107781154053818,-0.0281490677993637,1,74
2006-07-28,train,train,0.0100610520703973,0.010736442218725,-0.0281490677993637,1,74
2006-07-31,train,train,-0.0058552613645023,0.0105077097963284,-0.0281490677993637,1,74
2006-08-01,train,train,-0.0094710504057667,0.0104484111232924,-0.0281490677993637,1,74
2006-08-02,train,train,0.0132715739227036,0.0106389481512228,-0.0281490677993637,1,74
2006-08-03,train,train,-0.0052654495971477,0.0103951662933379,-0.0281490677993637,1,74
2006-08-04,train,train,0.0112409585565202,0.0104478448632406,-0.0279469469102214,1,74
2006-08-07,train,train,-0.0121057052415071,0.0105546625011327,-0.0279469469102214,1,74
2006-08-08,train,train,0.0036826254369003,0.0102728063492192,-0.0279469469102214,1,74
2006-08-09,train,train,0.0065359446373081,0.0100877069549706,-0.0249428346953495,0,75
2006-08-10,train,train,-0.0085321585581544,0.0100011992027202,-0.0249428346953495,0,75
2006-08-11,train,train,-0.002806601769659,0.0097208624706117,-0.0249428346953495,0,75
2006-08-14,train,train,0.0106417333912293,0.0097785605544168,-0.0214116349425562,0,75
2006-08-15,train,train,0.0073657215954156,0.0096508167013306,-0.0214116349425562,0,75
2006-08-16,train,train,0.004543019373379,0.0094227548373145,-0.0214116349425562,0,75
2006-08-17,train,train,0.0034722004202211,0.0091752046705334,-0.0214116349425562,0,75
2006-08-18,train,train,-0.0016559328616303,0.0089049337291156,-0.0214116349425562,0,75
2006-08-21,train,train,-0.0010694846567777,0.0086376270979135,-0.0214116349425562,0,75
2006-08-22,train,train,0.0021461528805871,0.0083909739661653,-0.0205559662042377,0,75
2006-08-23,train,train,-0.005652884235075,0.0082523477547496,-0.0205559662042377,0,75
2006-08-24,train,train,0.0035979440853209,0.0080493404050188,-0.0205559662042377,0,75
2006-08-25,train,train,-0.0010870742780834,0.007808666462827,-0.0205559662042377,0,75
2006-08-28,train,train,0.0061009992146598,0.0077168702915791,-0.0205559662042377,0,75
2006-08-29,train,train,0.0024728846687913,0.0075062634770131,-0.020046102035844,0,75
2006-08-30,train,train,0.0020807876139509,0.0072954185986016,-0.020046102035844,0,75
2006-08-31,train,train,-0.0022371741446856,0.0070943668826973,-0.0159013950986673,0,75
2006-09-01,train,train,0.0039691440110945,0.0069466168189401,-0.0159013950986673,0,75
2006-09-04,train,train,0.0069958685721493,0.0069495817672834,-0.0159013950986673,0,75
2006-09-05,train,train,-0.0054060225065684,0.0068667598105832,-0.0127314415944519,0,75
2006-09-06,train,train,-0.0090067448114915,0.0070135963673728,-0.0127314415944519,0,75
2006-09-07,train,train,-0.0073307983451058,0.0070330319369925,-0.0127314415944519,0,75
2006-09-08,train,train,0.0055775981692448,0.0069543009723052,-0.0127314415944519,0,75
2006-09-11,train,train,-0.0021958112346913,0.0067638642144342,-0.0127314415944519,0,75
2006-09-12,train,train,0.0090586791816548,0.0069230374602189,-0.0127314415944519,0,75
2006-09-13,train,train,0.0034466132158059,0.0067650195398551,-0.0127314415944519,0,75
2006-09-14,train,train,0.000622373606753,0.0065607012541745,-0.0127314415944519,0,75
2006-09-15,train,train,0.0052178877004961,0.0064879745693887,-0.0127314415944519,0,75
2006-09-18,train,train,0.0007652322427814,0.0062931168744411,-0.0127314415944519,0,75
2006-09-19,train,train,-0.0038240525905496,0.0061728861554844,-0.0127314415944519,0,75
2006-09-20,train,train,0.0150162475684027,0.0070247785403805,-0.0127314415944519,0,75
2006-09-21,train,train,0.0040799023019783,0.0068837053173801,-0.0127314415944519,0,75
2006-09-22,train,train,-0.0070296334337162,0.0068925481308063,-0.0127314415944519,0,75
2006-09-25,train,train,0.0003066488564831,0.0066829954782734,-0.0127314415944519,0,75
2006-09-26,train,train,0.0179208746099083,0.0078263751287495,-0.0127314415944519,0,75
2006-09-27,train,train,0.0260189693277273,0.0099094008239241,-0.0127314415944519,1,76
2006-09-28,train,train,-0.0015301139733365,0.0096148284505819,-0.0127314415944519,1,76
2006-09-29,train,train,0.0003479622496071,0.0093223116891521,-0.0127314415944519,1,76
2006-10-02,train,train,-0.0014544982353244,0.0090453357827619,-0.0127314415944519,0,77
2006-10-03,train,train,-0.0042985467064357,0.0088327608189503,-0.0127314415944519,0,77
2006-10-04,train,train,0.0094493802765862,0.0088709667522987,-0.0127314415944519,0,77
2006-10-05,train,train,0.0102533516282504,0.0089599264076173,-0.0113013574545646,0,77
2006-10-06,train,train,0.0027180294183858,0.0087124465789625,-0.0104846002850538,0,77
2006-10-09,train,train,-0.0006540728298068,0.0084485496118446,-0.0104846002850538,0,77
2006-10-10,train,train,0.0068997236595233,0.0083637122323666,-0.0104846002850538,0,77
2006-10-11,train,train,0.0019928309230029,0.0081235991944919,-0.0104846002850538,0,77
2006-10-12,train,train,0.0109496549504649,0.0083202757557931,-0.0104846002850538,0,77
2006-10-13,train,train,0.0035440972518663,0.0081133844265592,-0.0101945001529217,0,77
2006-10-16,train,train,0.0016411982499269,0.0078764838820174,-0.0101945001529217,0,77
2006-10-17,train,train,-0.0173120791027241,0.0087349380887673,-0.0129629449166659,0,77
2006-10-18,train,train,0.0114776381545142,0.008923304626991,-0.0129629449166659,0,77
2006-10-19,train,train,0.0048768103179336,0.0087335468322292,-0.0129629449166659,0,77
2006-10-20,train,train,0.0069795965646761,0.0086383584057872,-0.0129629449166659,0,77
2006-10-23,train,train,0.0046139343806144,0.0084511102949933,-0.0129629449166659,0,77
2006-10-24,train,train,-0.0030073316715699,0.0082267023728844,-0.0128081763852409,0,77
2006-10-25,train,train,0.0041519643697737,0.0080406618200104,-0.0128081763852409,0,77
2006-10-26,train,train,-0.0002347098656279,0.0077959228624203,-0.0128081763852409,0,77
2006-10-27,train,train,0.0067766353691968,0.007738552558187,-0.0128081763852409,0,77
2006-10-30,train,train,-0.000918373323841,0.0075061766917512,-0.0116169941574566,0,77
2006-10-31,train,train,0.0028980981630783,0.0073120493429607,-0.0116169941574566,0,77
2006-11-01,train,train,0.0014241021039129,0.0070978719111013,-0.0116169941574566,0,77
2006-11-02,train,train,-0.003877500326745,0.0069468769280484,-0.0112165407531071,0,77
2006-11-03,train,train,0.0054808936768581,0.0068677481637044,-0.0112165407531071,0,77
2006-11-06,train,train,0.0125203323119494,0.0073308614924687,-0.0112165407531071,0,77
2006-11-07,train,train,0.0064080970199691,0.0072787952886103,-0.0112165407531071,0,77
2006-11-08,train,train,0.002280789737386,0.0070791333729387,-0.0112165407531071,0,77
2006-11-09,train,train,0.0014892684236517,0.0068731620655565,-0.0112165407531071,0,77
2006-11-10,train,train,-0.0077542457244249,0.0069291871801768,-0.0113576898795468,0,77
2006-11-13,train,train,0.0063714272015378,0.0068969936895955,-0.0113576898795468,0,77
2006-11-14,train,train,0.0015103531218369,0.006697109871446,-0.0113576898795468,0,77
2006-11-15,train,train,0.004319912871284,0.0065787462806629,-0.0113576898795468,0,77
2006-11-16,train,train,0.0047157332002185,0.0064820827551609,-0.0113576898795468,0,77
2006-11-17,train,train,-0.0050191317102841,0.0064037375041127,-0.0113576898795468,0,77
2006-11-20,train,train,0.006050823262102,0.0063831129168484,-0.0113576898795468,0,77
2006-11-21,train,train,-0.0019590177416217,0.0062072334988626,-0.0113576898795468,0,77
2006-11-22,train,train,0.0046629660319991,0.0061255659313872,-0.0113576898795468,0,77
2006-11-23,train,train,-0.0007137569291033,0.0059415293854542,-0.0113576898795468,0,77
2006-11-24,train,train,-0.0138376326546551,0.006683746688874,-0.0133854855229569,0,77
2006-11-27,train,train,-0.0216187950727432,0.0083686593691467,-0.0175895022767074,1,78
2006-11-28,train,train,-0.0039754730655119,0.0081719431730939,-0.0175895022767074,1,78
2006-11-29,train,train,0.0177484833222173,0.0090373854363505,-0.0175895022767074,1,78
2006-11-30,train,train,-0.0092499285428699,0.0090502787844653,-0.0175895022767074,1,78
2006-12-01,train,train,-0.0137189409253409,0.0093960445783707,-0.0175895022767074,1,78
2006-12-04,train,train,0.0135095642412192,0.0096922140945639,-0.0175895022767074,1,78
2006-12-05,train,train,0.0133507120764008,0.0099497318550999,-0.0175895022767074,1,78
2006-12-06,train,train,-0.0018117536959287,0.0096568256293861,-0.0175895022767074,1,78
2006-12-07,train,train,0.0039686872927213,0.0094129725959354,-0.0175895022767074,1,78
2006-12-08,train,train,0.0009808183862196,0.0091293773165931,-0.0175895022767074,1,78
2006-12-11,train,train,0.0094039582251091,0.0091460846374488,-0.0175895022767074,1,78
2006-12-12,train,train,-0.0006617029449694,0.0088689392483486,-0.0175895022767074,0,79
2006-12-13,train,train,0.0089247138399433,0.0088722956113363,-0.0175895022767074,0,79
2006-12-14,train,train,0.0017015991342853,0.0086121018356072,-0.0175895022767074,0,79
2006-12-15,train,train,0.0024843350442899,0.0083718883999963,-0.0175895022767074,0,79
2006-12-18,train,train,-0.0048841370505475,0.0082045409464994,-0.0175895022767074,0,79
2006-12-19,train,train,-0.0098757635378784,0.0083142928106715,-0.0175895022767074,0,79
2006-12-20,train,train,0.0017548794137474,0.0080724589283871,-0.0175895022767074,0,79
2006-12-21,train,train,-0.0036187733973719,0.007876575957582,-0.0175895022767074,0,79
2006-12-22,train,train,-0.005975306618731,0.0077756208265254,-0.0175895022767074,0,79
2006-12-27,train,train,0.0094321280482268,0.0078848313142838,-0.0175895022767074,0,79
2006-12-28,train,train,-0.002722170463096,0.0076736525647984,-0.0175895022767074,0,79
2006-12-29,train,train,-0.0010103274280679,0.0074439970953002,-0.0175895022767074,0,79
2007-01-02,train,train,0.01528572260415,0.0081306522568247,-0.0175895022767074,0,79
2007-01-03,train,train,0.0007445661999003,0.0078850693391806,-0.0175895022767074,0,79
2007-01-04,train,train,0.0005077485069684,0.0076458699889185,-0.0175895022767074,0,79
2007-01-05,train,train,-0.0054171012815306,0.007530768047939,-0.0175895022767074,0,79
2007-01-08,train,train,0.0012295825342389,0.007307559903337,-0.0175895022767074,0,79
2007-01-09,train,train,-0.000754340417492,0.0070873512403672,-0.0175895022767074,0,79
2007-01-10,train,train,-0.0137474617707129,0.007652207332287,-0.0175895022767074,0,79
2007-01-11,train,train,0.0149555374267576,0.0082742363041139,-0.0175895022767074,0,79
2007-01-12,train,train,0.0027459633833977,0.0080503183865929,-0.0164012964993704,0,79
2007-01-15,train,train,0.0033698289450853,0.0078485994537327,-0.0164012964993704,0,79
2007-01-16,train,train,-0.0042471919460441,0.0076802865146827,-0.0164012964993704,0,79
2007-01-17,train,train,-0.0042302613235075,0.0075180648801849,-0.0164012964993704,0,79
2007-01-18,train,train,-0.0020798266606404,0.0073068161538668,-0.0164012964993704,0,79
2007-01-19,train,train,0.0092523979545786,0.0074379164180984,-0.0164012964993704,0,79
2007-01-22,train,train,-0.0026567068127479,0.0072406305022004,-0.0164012964993704,0,79
2007-01-23,train,train,0.0006195579608421,0.0070216919178529,-0.0164012964993704,0,79
2007-01-24,train,train,0.0119063965312062,0.0074061896172989,-0.0164012964993704,0,79
2007-01-25,train,train,-0.0002338808767102,0.0071807957765426,-0.0164012964993704,0,79
2007-01-26,train,train,-0.0084206486362536,0.0072611595294871,-0.0164012964993704,0,79
2007-01-29,train,train,0.0063341912971807,0.0072089035375193,-0.0164012964993704,0,79
2007-01-30,train,train,0.003193381798649,0.0070329264207142,-0.0164012964993704,0,79
2007-01-31,train,train,-1.37560216567452e-05,0.006818675982221,-0.0164012964993704,0,79
2007-02-01,train,train,0.0012566533135796,0.0066181139514606,-0.0164012964993704,0,79
2007-02-02,train,train,0.0040886861814262,0.0064941902974472,-0.0164012964993704,0,79
2007-02-05,train,train,-0.0009915252389797,0.0063010336057081,-0.0164012964993704,0,79
2007-02-06,train,train,0.0059004523371763,0.0062777195937095,-0.0164012964993704,0,79
2007-02-07,train,train,0.0102443949961851,0.00658346680934,-0.0164012964993704,0,79
2007-02-08,train,train,-0.001927160962565,0.0064003398408552,-0.0164012964993704,0,79
2007-02-09,train,train,0.0033331713653938,0.0062588410232883,-0.0164012964993704,0,79
2007-02-12,train,train,-0.0071851819689654,0.0063182525980794,-0.0164012964993704,0,79
2007-02-13,train,train,0.0037575509954574,0.0061945337442423,-0.0164012964993704,0,79
2007-02-14,train,train,0.0054557718929839,0.006152709990479,-0.0164012964993704,0,79
2007-02-15,train,train,-0.0019340045145739,0.0059840548310545,-0.0164012964993704,0,79
2007-02-16,train,train,-0.0017290191122847,0.005817194161556,-0.0164012964993704,0,79
2007-02-19,train,train,0.0043403617676682,0.0057393107125248,-0.0164012964993704,0,79
2007-02-20,train,train,-0.0019931772756774,0.0055858456429393,-0.0164012964993704,0,79
2007-02-21,train,train,-0.0065577475482455,0.0056488772714877,-0.016361732589599,0,79
2007-02-22,train,train,0.0001690327291005,0.0054769462190568,-0.012447388744644,0,79
2007-02-23,train,train,-0.0016374516337525,0.005325222846457,-0.012447388744644,0,79
2007-02-26,train,train,0.0060088280910406,0.0053686943817117,-0.012447388744644,0,79
2007-02-27,train,train,-0.0306061437987348,0.0091267556610276,-0.0193575154982628,1,80
2007-02-28,train,train,-0.0111597801520223,0.0092613309164947,-0.0185044619071566,1,80
2007-03-01,train,train,-0.0129623006948425,0.0095240322176241,-0.0191053020880967,1,80
2007-03-02,train,train,-0.0073286055302285,0.0094067670239282,-0.0191053020880967,1,80
2007-03-05,train,train,-0.0153803681926419,0.0098676934202674,-0.0199113245873632,1,80
2007-03-06,train,train,0.0055703395098798,0.0096638921747671,-0.0199113245873632,1,80
2007-03-07,train,train,0.0062584392675475,0.0094940743083004,-0.0199113245873632,1,80
2007-03-08,train,train,0.0200171846785209,0.0104293077958452,-0.0199113245873632,1,80
2007-03-09,train,train,0.0044427204413219,0.0101699803013395,-0.0199113245873632,1,80
2007-03-12,train,train,-0.0077948203394268,0.0100433232954681,-0.0199113245873632,1,80
2007-03-13,train,train,-0.0116320733571418,0.0101456665667372,-0.0199113245873632,1,80
2007-03-14,train,train,-0.0275888634603765,0.0119342867529033,-0.0245251251505843,1,80
2007-03-15,train,train,0.0245448752378072,0.0130395023796487,-0.0245251251505843,1,80
2007-03-16,train,train,0.0026505728672132,0.0126589271726239,-0.0245251251505843,1,80
2007-03-19,train,train,0.0193292079877356,0.0131548708780465,-0.0245251251505843,1,80
2007-03-20,train,train,0.0051096637206802,0.012815385673061,-0.0245251251505843,1,80
2007-03-21,train,train,-0.0008870812401508,0.0124268772481238,-0.0245251251505843,1,80
2007-03-22,train,train,0.0124721097903863,0.0124295958425424,-0.0245251251505843,1,80
2007-03-23,train,train,0.003829803922867,0.0120873986252488,-0.0245251251505843,1,80
2007-03-26,train,train,-0.0052455661521643,0.011789395703323,-0.0245251251505843,1,80
2007-03-27,train,train,0.0046334867319714,0.011486453410182,-0.0245251251505843,1,80
2007-03-28,train,train,-0.0037078078414798,0.0111735028333546,-0.0245251251505843,0,81
2007-03-29,train,train,0.0084089238172753,0.0110271907401137,-0.0245251251505843,0,81
2007-03-30,train,train,0.0024891746765291,0.0107086301138817,-0.0245251251505843,0,81
2007-04-02,train,train,0.0060668973725754,0.0104882175799676,-0.0245251251505843,0,81
2007-04-03,train,train,0.0149847596271872,0.0108108800191997,-0.0245251251505843,0,81
2007-04-04,train,train,-0.0006757088299054,0.0104828437996341,-0.0245251251505843,0,81
2007-04-05,train,train,0.0021258657960495,0.0101768252221822,-0.0245251251505843,0,81
2007-04-10,train,train,0.0020413104226336,0.0098794596107868,-0.0245251251505843,0,81
2007-04-11,train,train,-0.0005266388565974,0.0095793600923138,-0.0245251251505843,0,81
2007-04-12,train,train,-0.0076704826741118,0.0094756777941608,-0.0245251251505843,0,81
2007-04-13,train,train,0.0055144929990102,0.00928578157515,-0.0245251251505843,0,81
2007-04-16,train,train,0.003701723260954,0.0090484451923937,-0.0245251251505843,0,81
2007-04-17,train,train,-0.0036549363824528,0.0088183565573951,-0.0245251251505843,0,81
2007-04-18,train,train,-0.0064082165213252,0.0086926130691527,-0.0245251251505843,0,81
2007-04-19,train,train,-0.0032803530955538,0.0084660187595879,-0.0245251251505843,0,81
2007-04-20,train,train,0.0173366843116501,0.0092415746815541,-0.0245251251505843,0,81
2007-04-23,train,train,-0.0062392698571202,0.0090894449632557,-0.0245251251505843,0,81
2007-04-24,train,train,-0.0276281944811053,0.0111112536184176,-0.0286077339134055,1,82
2007-04-25,train,train,0.0028562705470895,0.010795455360508,-0.0286077339134055,1,82
2007-04-26,train,train,-0.0006431714009518,0.0104677679197304,-0.0286077339134055,1,82
2007-04-27,train,train,-0.0142965359088565,0.0107360687240558,-0.0286077339134055,1,82
2007-04-30,train,train,-0.0020154172343134,0.0104207051463177,-0.0286077339134055,1,82
2007-05-02,train,train,0.002938426600212,0.0101288543801752,-0.0286077339134055,1,82
2007-05-03,train,train,-0.0014785809485154,0.0098269650293865,-0.0286077339134055,1,82
2007-05-04,train,train,0.0154883990271955,0.0102551702790834,-0.0286077339134055,1,82
2007-05-07,train,train,0.0035367475199472,0.0099804269140657,-0.0286077339134055,1,82
2007-05-08,train,train,-0.0078963303397727,0.0098678015826158,-0.0286077339134055,1,82
2007-05-09,train,train,0.0036138053798028,0.0096080525055199,-0.0286077339134055,0,83
2007-05-10,train,train,-0.0023299833202301,0.0093328196118993,-0.0286077339134055,0,83
2007-05-11,train,train,0.0109786324172546,0.0094396638064577,-0.0286077339134055,0,83
2007-05-14,train,train,-0.0034191687332575,0.0091903351680883,-0.0286077339134055,0,83
2007-05-15,train,train,0.0093663439718338,0.0092009906442521,-0.0286077339134055,0,83
2007-05-16,train,train,0.0063611620582167,0.0090557494482418,-0.0286077339134055,0,83
2007-05-17,train,train,0.0033057522727023,0.0088171357067066,-0.0286077339134055,0,83
2007-05-18,train,train,0.0066719048961155,0.0087033457958891,-0.0286077339134055,0,83
2007-05-21,train,train,-0.0008564896729164,0.0084408144650762,-0.0286077339134055,0,83
2007-05-22,train,train,0.0010223861956004,0.0081875041566882,-0.0286077339134055,0,83
2007-05-23,train,train,0.0101008393995972,0.0083147295958092,-0.0286077339134055,0,83
2007-05-24,train,train,-0.0085096315214742,0.0083265523642271,-0.0286077339134055,0,83
2007-05-25,train,train,-0.0027663610190938,0.0081012808255881,-0.0235324753780412,0,83
2007-05-28,train,train,0.0047319302061311,0.0079395450601833,-0.0235324753780412,0,83
2007-05-29,train,train,0.0042225936372515,0.0077668533550236,-0.0235324753780412,0,83
2007-05-30,train,train,-0.0033832405616733,0.0075757078466651,-0.0235324753780412,0,83
2007-05-31,train,train,0.0126107079239848,0.0079680402657106,-0.0231711979501127,0,83
2007-06-01,train,train,0.0111642260960453,0.0081950401094103,-0.0231711979501127,0,83
2007-06-04,train,train,-0.0056411618170608,0.0080646465421572,-0.0231711979501127,0,83
2007-06-05,train,train,-0.0064694076772082,0.0079779324740542,-0.0231711979501127,0,83
2007-06-06,train,train,-0.0255339770410085,0.0099472408827161,-0.0269170116608301,1,84
2007-06-07,train,train,-0.0136843589342994,0.0102101148805788,-0.0269170116608301,1,84
2007-06-08,train,train,0.0061335559776789,0.0100124367492643,-0.0269170116608301,1,84
2007-06-11,train,train,0.0083408316099297,0.0099200869247829,-0.0224862358103234,1,84
2007-06-12,train,train,-0.0118701683108415,0.0100477704424015,-0.0224862358103234,1,84
2007-06-13,train,train,0.0044265696649179,0.0098018314896405,-0.0224862358103234,1,84
2007-06-14,train,train,0.0166245768691307,0.010338952552502,-0.0224862358103234,1,84
2007-06-15,train,train,0.0114539026199418,0.0104092178670417,-0.0224862358103234,1,84
2007-06-18,train,train,-0.0097840828136878,0.0103727722522783,-0.0224862358103234,1,84
2007-06-19,train,train,-0.0068695599024346,0.0101965774228887,-0.0224862358103234,1,84
2007-06-20,train,train,0.0023638414699576,0.0099028907124239,-0.0224862358103234,1,84
2007-06-21,train,train,-0.0102479984945864,0.0099239356196613,-0.0224862358103234,1,84
2007-06-22,train,train,-0.0065729233696524,0.0097553896687723,-0.0224862358103234,1,84
2007-06-25,train,train,0.0042789555673168,0.0095160988634544,-0.0224862358103234,1,84
2007-06-26,train,train,-0.0062897973848304,0.0093539543719664,-0.0224862358103234,1,84
2007-06-27,train,train,-0.0049937476376573,0.0091511160837013,-0.0224862358103234,0,85
2007-06-28,train,train,0.0093690742697177,0.0091643397581617,-0.0224862358103234,0,85
2007-06-29,train,train,0.0048532622309709,0.0089643329404812,-0.0224862358103234,0,85
2007-07-02,train,train,-0.005879450694465,0.0088097551380187,-0.0224862358103234,0,85
2007-07-03,train,train,0.0043607294199868,0.0086079054433001,-0.0224862358103234,0,85
2007-07-04,train,train,0.0080578181280569,0.0085758952846125,-0.0224862358103234,0,85
2007-07-05,train,train,-0.0055054916846898,0.008423291960872,-0.0224862358103234,0,85
2007-07-06,train,train,0.0100715060551707,0.0085311693608653,-0.0224862358103234,0,85
2007-07-09,train,train,-0.005567203561722,0.0083829365352363,-0.0224862358103234,0,85
2007-07-10,train,train,-0.0101212986978446,0.0084972730152932,-0.0224862358103234,0,85
2007-07-11,train,train,-0.0038999749532788,0.0082936130879621,-0.0224862358103234,0,85
2007-07-12,train,train,0.0118217892023712,0.008546476406471,-0.0224862358103234,0,85
2007-07-13,train,train,0.00545300621027,0.0083930828681801,-0.0224862358103234,0,85
2007-07-16,train,train,0.0057676384747797,0.0082591251864078,-0.0224862358103234,0,85
2007-07-17,train,train,0.0028680413389175,0.0080382771525604,-0.0224862358103234,0,85
2007-07-18,train,train,-0.0063020885935707,0.0079448124486966,-0.0178382906280548,0,85
2007-07-19,train,train,0.0098263424005087,0.0080700844142171,-0.0178382906280548,0,85
2007-07-20,train,train,-0.0183962332561069,0.0090290625530129,-0.0194089154019906,0,85
2007-07-23,train,train,0.0084437479283605,0.0089950177929623,-0.0192048564104716,0,85
2007-07-24,train,train,-0.009569613163829,0.0090305245781341,-0.0192048564104716,0,85
2007-07-25,train,train,0.0016348142445402,0.0087645712253228,-0.0192048564104716,0,85
2007-07-26,train,train,-0.0269572496851962,0.0107615168481647,-0.0236291533274372,1,86
2007-07-27,train,train,0.0032339919572888,0.0104637064379559,-0.0236291533274372,1,86
2007-07-30,train,train,-0.0054716475491805,0.0102330903879857,-0.0236291533274372,1,86
2007-07-31,train,train,0.0200960206897803,0.0110753859259715,-0.0236291533274372,1,86
2007-08-01,train,train,-0.0140623920209432,0.01127693997349,-0.0236291533274372,1,86
2007-08-02,train,train,0.0056636516791738,0.0110210630011962,-0.0236291533274372,1,86
2007-08-03,train,train,-0.0098792742887545,0.0109559118070611,-0.0236291533274372,1,86
2007-08-06,train,train,-0.0070565016590085,0.0107618649058828,-0.0236291533274372,1,86
2007-08-07,train,train,0.0151834447683108,0.0110770434583991,-0.0236291533274372,1,86
2007-08-08,train,train,0.0236918384969335,0.012207253210874,-0.0236291533274372,1,86
2007-08-09,train,train,-0.0111184579976818,0.0121446784886181,-0.0236291533274372,1,86
2007-08-10,train,train,-0.0262473876507137,0.0134156305914258,-0.0262462047923061,1,86
2007-08-13,train,train,0.0190441270990217,0.01381814467045,-0.0262462047923061,1,86
2007-08-14,train,train,-0.0122044190516102,0.0137266720463743,-0.0262462047923061,1,86
2007-08-15,train,train,-0.0022425606959698,0.0133198340323406,-0.0262462047923061,1,86
2007-08-16,train,train,-0.0379551917719164,0.0159125326355275,-0.0303866097026087,1,86
2007-08-17,train,train,0.0182730564275,0.0160639487255245,-0.0303866097026087,1,86
2007-08-20,train,train,0.0022170062530548,0.0155840408347921,-0.0303866097026087,1,86
2007-08-21,train,train,-0.002055487634768,0.0151176747808994,-0.0303866097026087,1,86
2007-08-22,train,train,0.0083500266921653,0.0147991493701419,-0.0303866097026087,1,86
2007-08-23,train,train,-0.0046559459685171,0.0143935611551377,-0.0303866097026087,1,86
2007-08-24,train,train,0.00292734895193,0.0139734852086468,-0.0303866097026087,1,86
2007-08-27,train,train,-0.0020181934716063,0.013556812967546,-0.0303866097026087,1,86
2007-08-28,train,train,-0.0127119879921547,0.0135076136119436,-0.0303866097026087,1,86
2007-08-29,train,train,0.0041542405307394,0.0131355909963513,-0.0303866097026087,1,86
2007-08-30,train,train,0.0091098580460577,0.0129294430116374,-0.0303866097026087,0,87
2007-08-31,train,train,0.0115583842553097,0.0128513050540134,-0.0303866097026087,0,87
2007-09-03,train,train,0.0046233827984542,0.0125111637830337,-0.0303866097026087,0,87
2007-09-04,train,train,0.0029652533781494,0.0121517500677614,-0.0303866097026087,0,87
2007-09-05,train,train,-0.0242813134245465,0.0131977293056056,-0.0303866097026087,1,88
2007-09-06,train,train,-0.0029325943065028,0.0128158207640631,-0.0303866097026087,1,88
2007-09-07,train,train,-0.0231558976676968,0.0136587803977151,-0.0303866097026087,1,88
2007-09-10,train,train,-0.01065969003572,0.0134976399616853,-0.0303866097026087,1,88
2007-09-11,train,train,0.0172763332618666,0.013753668925842,-0.0303866097026087,1,88
2007-09-12,train,train,0.0010663052802031,0.0133372345260705,-0.0303866097026087,1,88
2007-09-13,train,train,0.0069427052565264,0.0130422768216267,-0.0303866097026087,1,88
2007-09-14,train,train,-0.0155198792375507,0.013204049556985,-0.0303866097026087,1,88
2007-09-17,train,train,-0.0119095946720855,0.0131299815664881,-0.0303866097026087,1,88
2007-09-18,train,train,0.0248832352040688,0.0141139347679306,-0.0303866097026087,1,88
2007-09-19,train,train,0.0317371449353099,0.0157380350575949,-0.0303866097026087,1,88
2007-09-20,train,train,-0.0046816003729401,0.0153016223175439,-0.0303866097026087,1,88
2007-09-21,train,train,0.0016275554953759,0.0148408289198839,-0.0303866097026087,1,88
2007-09-24,train,train,0.0030471727703759,0.0144080639421491,-0.0303866097026087,1,88
2007-09-25,train,train,-0.012691705418179,0.0143108885591603,-0.0303866097026087,1,88
2007-09-26,train,train,0.014001672300195,0.0142925242383445,-0.0303866097026087,1,88
2007-09-27,train,train,0.0046673934382201,0.0139041989286644,-0.0303866097026087,1,88
2007-09-28,train,train,-0.0003497905980979,0.0134808933006961,-0.0303866097026087,1,88
2007-10-01,train,train,0.0018163459889424,0.0130777812299625,-0.0303866097026087,1,88
2007-10-02,train,train,0.0127243023474059,0.0130568423594116,-0.0303866097026087,1,88
2007-10-03,train,train,-0.0004193036800432,0.0126594949895002,-0.0303866097026087,0,89
2007-10-04,train,train,-0.0044607433834082,0.0123223755208883,-0.0303866097026087,0,89
2007-10-05,train,train,0.0117596219034331,0.0122893370288157,-0.0303866097026087,0,89
2007-10-08,train,train,-0.0055957462365993,0.0119935348787594,-0.0303866097026087,0,89
2007-10-09,train,train,0.0036196312723171,0.0116619162227992,-0.0303866097026087,0,89
2007-10-10,train,train,7.398183164651584e-05,0.0113066617967912,-0.0303866097026087,0,89
2007-10-11,train,train,0.0157659810510663,0.0116225700444416,-0.0303866097026087,0,89
2007-10-12,train,train,0.0106254665850799,0.0115651683420828,-0.0303866097026087,0,89
2007-10-15,train,train,-0.0048474833435575,0.0112755406672955,-0.0303866097026087,0,89
2007-10-16,train,train,0.006052447927489,0.0110321111240933,-0.0303866097026087,0,89
2007-10-17,train,train,0.0098209174304959,0.0109632136006592,-0.0303866097026087,0,89
2007-10-18,train,train,0.0049518931165907,0.0106982149928269,-0.0294946309490588,0,89
2007-10-19,train,train,0.001456375195271,0.0103784371421397,-0.0294946309490588,0,89
2007-10-22,train,train,-0.0130861849693319,0.010560498770685,-0.0294946309490588,0,89
2007-10-23,train,train,0.0066195635381725,0.0103663785149229,-0.0294946309490588,0,89
2007-10-24,train,train,-0.012935222093418,0.0105381826488317,-0.0294946309490588,0,89
2007-10-25,train,train,0.0101055070637022,0.0105127243047938,-0.0294946309490588,0,89
2007-10-26,train,train,0.0140629171891763,0.0107588228148931,-0.0294946309490588,0,89
2007-10-29,train,train,0.0085635998138551,0.0106398894151603,-0.0294946309490588,0,89
2007-10-30,train,train,0.0028172347329042,0.0103388113752619,-0.0294946309490588,0,89
2007-10-31,train,train,0.0068197218536471,0.0101620901286949,-0.0294946309490588,0,89
2007-11-01,train,train,-0.0082717759414007,0.0100586941433855,-0.0294946309490588,0,89
2007-11-02,train,train,0.0040591539055237,0.009802820615705,-0.0284641342880532,0,89
2007-11-05,train,train,0.0001390347712279,0.0095042482260475,-0.0284641342880532,0,89
2007-11-06,train,train,0.0043819249503133,0.0092770127874223,-0.0284641342880532,0,89
2007-11-07,train,train,-0.0033714337412202,0.0090322301903131,-0.0284641342880532,0,89
2007-11-08,train,train,0.0065308044882037,0.0089019883011575,-0.020985696776598,0,89
2007-11-09,train,train,-0.0135431508493391,0.009246387838869,-0.020985696776598,0,89
2007-11-12,train,train,0.0027613920090569,0.0089901870910698,-0.020985696776598,0,89
2007-11-13,train,train,0.0025387974220665,0.0087384658629252,-0.020985696776598,0,89
2007-11-14,train,train,-0.0003731011819746,0.0084727498941476,-0.020985696776598,0,89
2007-11-15,train,train,-0.0052704392389388,0.0083154610881738,-0.020985696776598,0,89
2007-11-16,train,train,0.0027433268690728,0.008090094564406,-0.020985696776598,0,89
2007-11-19,train,train,-0.0146737157594073,0.0086279620020398,-0.020985696776598,0,89
2007-11-20,train,train,0.0102884363354445,0.0087364947172097,-0.020985696776598,0,89
2007-11-21,train,train,-0.0216010805234605,0.0099871497602702,-0.0230127638719012,1,90
2007-11-22,train,train,-0.0030898308574689,0.0097124350189685,-0.0230127638719012,1,90
2007-11-23,train,train,0.0048910794160294,0.0094924638439691,-0.0230127638719012,0,91
2007-11-26,train,train,-0.0040361525430482,0.0092562351569286,-0.0230127638719012,0,91
2007-11-27,train,train,-0.0009528615355921,0.0089772875987071,-0.0230127638719012,0,91
2007-11-28,train,train,0.0162492944654394,0.0095707139393872,-0.0200922858095693,0,91
2007-11-29,train,train,0.0057713648402007,0.0093862223774065,-0.0200922858095693,0,91
2007-11-30,train,train,0.0065762421842399,0.0092417486420583,-0.0172648918401395,0,91
2007-12-03,train,train,-0.0015812350705145,0.0089685752015635,-0.0172648918401395,0,91
2007-12-04,train,train,-0.0017046507763744,0.0087053759673835,-0.0172648918401395,0,91
2007-12-05,train,train,0.0059663076888844,0.0085657671072587,-0.0172648918401395,0,91
2007-12-06,train,train,-0.0067496332627044,0.0084677905688856,-0.0172648918401395,0,91
2007-12-07,train,train,0.0078501040215333,0.0084320054838888,-0.0166059823774023,0,91
2007-12-10,train,train,0.0008277818484278,0.0081776467800233,-0.0166059823774023,0,91
2007-12-11,train,train,0.0036440160657795,0.0079786091289495,-0.0166059823774023,0,91
2007-12-12,train,train,-0.0019212320688416,0.0077498502807695,-0.0166059823774023,0,91
2007-12-13,train,train,-0.0230118168489699,0.0093930395236747,-0.0197622043772792,1,92
2007-12-14,train,train,0.004923602683289,0.0091864003726535,-0.0197622043772792,0,93
2007-12-17,train,train,-0.0166507885750183,0.0097959930741342,-0.0204212286491495,1,94
2007-12-18,train,train,-0.0023790674320976,0.0095154290077097,-0.0204212286491495,1,94
2007-12-19,train,train,-0.0068945032268396,0.0093788504803847,-0.0204212286491495,1,94
2007-12-20,train,train,-0.0024342187830225,0.0091126610503422,-0.0204212286491495,0,95
2007-12-21,train,train,0.0097997637641593,0.0091553415077385,-0.0204212286491495,0,95
2007-12-27,train,train,-0.0021672361685722,0.0088922930784214,-0.0204212286491495,0,95
2007-12-28,train,train,-0.0048557328185415,0.0087030564799554,-0.0204212286491495,0,95
2008-01-02,train,train,-0.011913421229849,0.0089282908158104,-0.0204212286491495,0,95
2008-01-03,train,train,-0.0097793184644274,0.0089816267154622,-0.0204212286491495,0,95
2008-01-04,train,train,-0.0172584599054099,0.009679912584675,-0.0206237857592801,1,96
2008-01-07,train,train,0.0044210395116491,0.0094472959416939,-0.0206237857592801,1,96
2008-01-08,train,train,0.0002386027106442,0.0091596797132083,-0.0206237857592801,0,97
2008-01-09,train,train,-0.0045774533060409,0.0089511414483174,-0.0206237857592801,0,97
2008-01-10,train,train,-0.0054587779504537,0.0087808571698246,-0.0206237857592801,0,97
2008-01-11,train,train,-0.0045545635780465,0.008586145144466,-0.0206237857592801,0,97
2008-01-14,train,train,-0.0018068350939204,0.0083363333857712,-0.0206237857592801,0,97
2008-01-15,train,train,-0.0343056496720246,0.0116592213730069,-0.0263061823481516,1,98
2008-01-16,train,train,-0.0092284588915516,0.0115278386375798,-0.0263061823481516,1,98
2008-01-17,train,train,-0.0030080473163456,0.011200915174854,-0.0263061823481516,1,98
2008-01-18,train,train,-0.0087638152372461,0.0110698300872133,-0.0263061823481516,1,98
2008-01-21,train,train,-0.078392756679664,0.0219980482738903,-0.0452367410668861,2,99
2008-01-22,train,train,0.0167996414443445,0.0217212558879153,-0.0452367410668861,2,99
2008-01-23,train,train,-0.0466406510902862,0.0239588230085483,-0.0531130191473249,2,99
2008-01-24,train,train,0.0672222127536183,0.0284730265550962,-0.0531130191473249,2,99
2008-01-25,train,train,0.0026211316642816,0.0276130886828487,-0.0531130191473249,2,99
2008-01-28,train,train,-0.0087435904646077,0.0268574147874144,-0.0531130191473249,2,99
2008-01-29,train,train,0.0167397913141213,0.0263600971567604,-0.0531130191473249,2,99
2008-01-30,train,train,-0.0022294723391827,0.0255628963852238,-0.0531130191473249,2,99
2008-01-31,train,train,0.0008999742047666,0.0247851279706146,-0.0531130191473249,1,100
2008-02-01,train,train,0.019885661108569,0.0245187843391969,-0.0531130191473249,2,101
2008-02-04,train,train,0.0015549584742774,0.0237748945758994,-0.0531130191473249,1,102
2008-02-05,train,train,-0.0532590015520236,0.0264862634236792,-0.0594308031073246,2,103
2008-02-06,train,train,0.0172214421565226,0.0260235567387827,-0.0594308031073246,2,103
2008-02-07,train,train,-0.0114013746851448,0.0253848666669555,-0.0594308031073246,2,103
2008-02-08,train,train,0.0035083155038324,0.0246265398506901,-0.0594308031073246,2,103
2008-02-11,train,train,-0.0090085192444887,0.0239780666913592,-0.0594308031073246,2,103
2008-02-12,train,train,0.033439352013583,0.0246483718956294,-0.0594308031073246,2,103
2008-02-13,train,train,0.0009049305854331,0.0238985111846074,-0.0594308031073246,2,103
2008-02-14,train,train,0.0034988916129641,0.0231863115044526,-0.0594308031073246,2,103
2008-02-15,train,train,-0.0181381514432676,0.0229148050608631,-0.0594308031073246,2,103
2008-02-18,train,train,0.0180630351248063,0.0226530216040579,-0.0594308031073246,2,103
2008-02-19,train,train,-0.0031976705433009,0.0219768817246781,-0.0594308031073246,1,104
2008-02-20,train,train,-0.014368313868217,0.021596093098637,-0.0594308031073246,1,104
2008-02-21,train,train,0.0070543311304603,0.0210093688186815,-0.0594308031073246,1,104
2008-02-22,train,train,-0.0118746865906307,0.0205759678840964,-0.0594308031073246,1,104
2008-02-25,train,train,0.0106289092129649,0.0201183162756919,-0.0594308031073246,1,104
2008-02-26,train,train,0.0210588153199192,0.0201759825768995,-0.0594308031073246,1,104
2008-02-27,train,train,0.0013164465490347,0.019563998529384,-0.0594308031073246,1,104
2008-02-28,train,train,-0.0136346989022852,0.019259785486854,-0.0594308031073246,1,104
2008-02-29,train,train,-0.0076921490305649,0.0187678748445891,-0.0594308031073246,1,104
2008-03-03,train,train,-0.0236557647768284,0.0190964617414281,-0.0594308031073246,1,104
2008-03-04,train,train,-0.0182332962622061,0.0190457750048256,-0.0594308031073246,1,104
2008-03-05,train,train,0.0248662306932424,0.0194441975544312,-0.0594308031073246,1,104
2008-03-06,train,train,-0.0112461052121476,0.0190520524450822,-0.0594308031073246,1,104
2008-03-07,train,train,-0.0087862397349982,0.0185966056243823,-0.0594308031073246,1,104
2008-03-10,train,train,-0.0028643128305431,0.0180437239389033,-0.0594308031073246,1,104
2008-03-11,train,train,0.0312029896117369,0.0190908095378629,-0.0594308031073246,1,104
2008-03-12,train,train,0.0057432568504396,0.0185626121070637,-0.0594308031073246,1,104
2008-03-13,train,train,-0.0044343349579862,0.0180298678235379,-0.0594308031073246,1,104
2008-03-14,train,train,-0.0039701643898636,0.0175076354207855,-0.0594308031073246,1,104
2008-03-17,train,train,-0.0284627300068504,0.0183503100821781,-0.0594308031073246,1,104
2008-03-18,train,train,0.0291613062457782,0.0191716654003497,-0.0594308031073246,1,104
2008-03-19,train,train,-0.005062398819389,0.018628936144557,-0.0594308031073246,1,104
2008-03-20,train,train,-3.856704157525053e-05,0.0180614261732097,-0.0594308031073246,1,104
2008-03-25,train,train,0.0356119428752733,0.0195636100197992,-0.0594308031073246,1,104
2008-03-26,train,train,-0.0023251487436162,0.0189761725800325,-0.0594308031073246,1,104
2008-03-27,train,train,0.0100146359660571,0.018560899607829,-0.0594308031073246,1,104
2008-03-28,train,train,-0.0070792758317955,0.0180788147668742,-0.0594308031073246,1,104
2008-03-31,train,train,-0.0129834453776473,0.0178142393046943,-0.0594308031073246,1,104
2008-04-01,train,train,0.0318996535260511,0.0189568343451523,-0.0594308031073246,1,104
2008-04-02,train,train,0.0101389305922177,0.0185463675446002,-0.0594308031073246,1,104
2008-04-03,train,train,-0.0072377826346456,0.0180685587140043,-0.0594308031073246,1,104
2008-04-04,train,train,0.0077940531883624,0.017621841023784,-0.0594308031073246,1,104
2008-04-07,train,train,0.0052725967309717,0.017133754427466,-0.0594308031073246,1,104
2008-04-08,train,train,-0.0115756469409565,0.0168520427384923,-0.0594308031073246,1,104
2008-04-09,train,train,-0.0117260063861805,0.0165892078574746,-0.0594308031073246,1,104
2008-04-10,train,train,-0.0067215390133935,0.0161678833958159,-0.0594308031073246,1,104
2008-04-11,train,train,-0.0171436367983805,0.0162280831662629,-0.0594308031073246,1,104
2008-04-14,train,train,-0.008926411179957,0.0158849139515862,-0.0594308031073246,1,104
2008-04-15,train,train,0.0187140068355877,0.0160687119858713,-0.0594308031073246,1,104
2008-04-16,train,train,0.0169119775862146,0.0161205519057006,-0.0427874608830534,1,104
2008-04-17,train,train,-0.0050649762077281,0.0156786192363619,-0.0427874608830534,1,104
2008-04-18,train,train,0.0259129741917045,0.016472974503012,-0.0351258321119008,1,104
2008-04-21,train,train,-0.0141755180383429,0.0163442367315697,-0.0351258321119008,1,104
2008-04-22,train,train,-0.009918728849241,0.016031497147691,-0.0351258321119008,1,104
2008-04-23,train,train,0.0051070449123553,0.0155933729902432,-0.0351258321119008,1,104
2008-04-24,train,train,0.0004536920977724,0.0151187444760222,-0.0351258321119008,1,104
2008-04-25,train,train,0.0075504850074174,0.014774384518152,-0.0351258321119008,1,104
2008-04-28,train,train,0.007594816027791,0.0144445964099575,-0.0351258321119008,1,104
2008-04-29,train,train,-0.0123691827860964,0.0143285513743545,-0.0351258321119008,1,104
2008-04-30,train,train,0.0066241321229088,0.0139864823669559,-0.0351258321119008,1,104
2008-05-02,train,train,0.0187884533540121,0.0143200819280915,-0.0234505970152949,1,104
2008-05-05,train,train,0.0009952381982133,0.0138859746357931,-0.0234505970152949,1,104
2008-05-06,train,train,-0.0048576130207394,0.0135154303796176,-0.0234505970152949,1,104
2008-05-07,train,train,0.0014982574693831,0.0131088341728846,-0.0234505970152949,1,104
2008-05-08,train,train,0.0033593555513562,0.0127360966372386,-0.0234505970152949,0,105
2008-05-09,train,train,-0.0092008990647575,0.0125520938777515,-0.0234505970152949,0,105
2008-05-12,train,train,0.0077717391593294,0.0123177007938403,-0.0234505970152949,0,105
2008-05-13,train,train,-0.0026718674473709,0.0119603737489745,-0.0234505970152949,0,105
2008-05-14,train,train,0.0121120755235723,0.0119695300748013,-0.0234505970152949,0,105
2008-05-15,train,train,-5.637673732107761e-05,0.0116048981856399,-0.0234505970152949,0,105
2008-05-16,train,train,-0.0043516874219193,0.0113017464663745,-0.0234505970152949,0,105
2008-05-19,train,train,0.0086563491866311,0.0111607189586178,-0.0234505970152949,0,105
2008-05-20,train,train,-0.0180956061204339,0.0116933744686813,-0.0234505970152949,0,105
2008-05-21,train,train,-0.0096878291870281,0.0115828385181846,-0.0234505970152949,1,106
2008-05-22,train,train,-0.0003753410757807,0.0112303549412043,-0.0234505970152949,0,107
2008-05-23,train,train,-0.020008299231127,0.0119404163271824,-0.0240422646716019,1,108
2008-05-26,train,train,0.0004492120940844,0.0115771860584853,-0.0240422646716019,1,108
2008-05-27,train,train,-0.0097873499071575,0.011477669445629,-0.0240422646716019,1,108
2008-05-28,train,train,0.0035472236066526,0.0111618837956626,-0.0240422646716019,1,108
2008-05-29,train,train,0.0029809032972895,0.010846452781618,-0.0222347751667278,0,109
2008-05-30,train,train,0.0045246611217053,0.0105742687294779,-0.0221888784528037,0,109
2008-06-02,train,train,-0.0223719832580195,0.0116248263517029,-0.0236143374986656,1,110
2008-06-03,train,train,0.0098535741955636,0.0115262295617631,-0.0236143374986656,1,110
2008-06-04,train,train,-0.0067606001446723,0.0112971267450977,-0.0236143374986656,1,110
2008-06-05,train,train,-0.0076673497235725,0.0111128242782889,-0.0236143374986656,1,110
2008-06-06,train,train,-0.0252029172373837,0.0124175840593162,-0.0253458768340845,1,110
2008-06-09,train,train,-0.0066760564712991,0.0121498474903371,-0.0253458768340845,1,110
2008-06-10,train,train,-0.0053716062819591,0.0118529707516322,-0.0253458768340845,1,110
2008-06-11,train,train,-0.0134890706773128,0.0119574513323265,-0.0253458768340845,1,110
2008-06-12,train,train,0.021150603879433,0.012698137126797,-0.0225277332421767,1,110
2008-06-13,train,train,0.0112488060206659,0.0126158734741166,-0.0225277332421767,1,110
2008-06-16,train,train,-0.0133282714346701,0.0126597478991565,-0.0225277332421767,1,110
2008-06-17,train,train,0.0045504700578081,0.0123245880467789,-0.0225277332421767,1,110
2008-06-18,train,train,-0.019877900345594,0.0129030848102459,-0.0225277332421767,1,110
2008-06-19,train,train,-0.0036880692822848,0.0125425807976282,-0.0225277332421767,1,110
2008-06-20,train,train,-0.0138016132350985,0.0126216648963045,-0.0225277332421767,1,110
2008-06-23,train,train,-0.0007333700530679,0.0122384765868719,-0.0225277332421767,1,110
2008-06-24,train,train,-0.0160758458426325,0.0125019782350927,-0.0225277332421767,1,110
2008-06-25,train,train,0.019512478724892,0.0130294167852076,-0.0225277332421767,1,110
2008-06-26,train,train,-0.0300465273534714,0.014620102189009,-0.0258738092829582,1,110
2008-06-27,train,train,0.0010013135903954,0.0141768368288,-0.0258738092829582,1,110
2008-06-30,train,train,-0.0036127547509336,0.0137734113470708,-0.0258738092829582,1,110
2008-07-01,train,train,-0.0231188793465259,0.0145049441040576,-0.0261227746457936,1,110
2008-07-02,train,train,0.0072795996448226,0.0141756606023655,-0.0261227746457936,1,110
2008-07-03,train,train,0.0103369079067968,0.0139751025830606,-0.0261227746457936,1,110
2008-07-04,train,train,-0.0180413745588728,0.0142518333709406,-0.0261227746457936,1,110
2008-07-07,train,train,0.0182166989655103,0.0145202877533151,-0.0261227746457936,1,110
2008-07-08,train,train,-0.0157719524849602,0.0145984143030673,-0.0261227746457936,1,110
2008-07-09,train,train,0.0172396890986317,0.0147702163480163,-0.0261227746457936,1,110
2008-07-10,train,train,-0.0219307643046472,0.0152946800845371,-0.0261227746457936,1,110
2008-07-11,train,train,-0.030794316743324,0.0166369769241988,-0.0286812537780597,1,110
2008-07-14,train,train,0.0052132561584619,0.0161806162890098,-0.0286812537780597,1,110
2008-07-15,train,train,-0.0257952657555629,0.0169123430371621,-0.0288787032841194,1,110
2008-07-16,train,train,0.0121307169347542,0.0166641820617549,-0.0288787032841194,1,110
2008-07-17,train,train,0.0309141818483279,0.0178430508692086,-0.0288787032841194,1,110
2008-07-18,train,train,0.0215155642751672,0.0180844454387362,-0.0288787032841194,1,110
2008-07-21,train,train,-0.009349795738765,0.0176824618658836,-0.0288787032841194,1,110
2008-07-22,train,train,-0.0149182008681891,0.0175289033658338,-0.0288787032841194,1,110
2008-07-23,train,train,0.0275915659444936,0.0182894608092304,-0.0288787032841194,1,110
2008-07-24,train,train,-0.0220086002460275,0.018533667288969,-0.0288787032841194,2,111
2008-07-25,train,train,-0.00732427985881,0.0180583974459119,-0.0288787032841194,1,112
2008-07-28,train,train,-0.0091270986764249,0.0176504280693301,-0.0288787032841194,1,112
2008-07-29,train,train,0.0171962941487721,0.0176235100452727,-0.0288787032841194,1,112
2008-07-30,train,train,0.0114121254169832,0.0173137811101115,-0.0288787032841194,1,112
2008-07-31,train,train,0.0053503601371046,0.0168374159705379,-0.0288787032841194,1,112
2008-08-01,train,train,-0.0265934206399598,0.0175761560999856,-0.0291447549122517,1,112
2008-08-04,train,train,-0.0105922689261007,0.0172371040814914,-0.0291447549122517,1,112
2008-08-05,train,train,0.0261923752142009,0.0179012045083812,-0.0291447549122517,1,112
2008-08-06,train,train,0.0019553026445627,0.0173624689484458,-0.0291447549122517,1,112
2008-08-07,train,train,-0.0048442703843323,0.016875308164297,-0.0291447549122517,1,112
2008-08-08,train,train,0.0070076461327027,0.0164510148732794,-0.0291447549122517,1,112
2008-08-11,train,train,0.0207826359658888,0.0167425450395287,-0.0291447549122517,1,112
2008-08-12,train,train,-0.0042921452852444,0.0162665114946502,-0.0291447549122517,1,112
2008-08-13,train,train,-0.0253859540160395,0.016952587770353,-0.0291447549122517,1,112
2008-08-14,train,train,-0.0076045267212824,0.0165413587042937,-0.0291447549122517,1,112
2008-08-15,train,train,0.0068089583391318,0.0161239346853337,-0.0291447549122517,1,112
2008-08-18,train,train,-0.0007361552615145,0.0156337746250493,-0.0291447549122517,1,112
2008-08-19,train,train,-0.0297422106148303,0.0168174302442627,-0.0301943515705419,1,112
2008-08-20,train,train,0.0039269466161894,0.0163334520846938,-0.0301943515705419,1,112
2008-08-21,train,train,-0.0143825115479173,0.016223013156882,-0.0301943515705419,1,112
2008-08-22,train,train,0.0246460546308624,0.0168475715480633,-0.0301943515705419,1,112
2008-08-25,train,train,-0.0149141733657424,0.0167378666822893,-0.0301943515705419,1,112
2008-08-26,train,train,0.0081594400782676,0.0163505779088415,-0.0301943515705419,1,112
2008-08-27,train,train,0.0052140365598717,0.0159038386784691,-0.0301943515705419,1,112
2008-08-28,train,train,0.0158156101008094,0.0158985587711519,-0.0301943515705419,1,112
2008-08-29,train,train,0.0038254588830261,0.0154426801067603,-0.0301943515705419,1,112
2008-09-01,train,train,-0.00115379321861,0.0149749010372164,-0.0301943515705419,1,112
2008-09-02,train,train,0.0178073579028511,0.0151597797193354,-0.0301943515705419,1,112
2008-09-03,train,train,-0.0046142325225391,0.0147413450667424,-0.0301943515705419,1,112
2008-09-04,train,train,-0.0316368465235258,0.0162579895002842,-0.0308258968734404,1,112
2008-09-05,train,train,-0.0300997771337041,0.0174018011782054,-0.0308436468001846,1,112
2008-09-08,train,train,0.0365337401875176,0.0190980672717525,-0.0308436468001846,2,113
2008-09-09,train,train,-0.0178312984558226,0.0190244399492505,-0.0308436468001846,2,113
2008-09-10,train,train,-0.0150197555032067,0.0188082200056849,-0.0308436468001846,2,113
2008-09-11,train,train,-0.0039700062088698,0.0182611568185923,-0.0308436468001846,1,114
2008-09-12,train,train,0.0244374567453105,0.0186893824130912,-0.0308436468001846,2,115
2008-09-15,train,train,-0.0459943501766491,0.0213369222001236,-0.0361418378144996,2,115
2008-09-16,train,train,0.0011462381588418,0.0206888188582792,-0.0361418378144996,2,115
2008-09-17,train,train,-0.023187523195228,0.0208471884464405,-0.0361418378144996,2,115
2008-09-18,train,train,-0.0027991199714719,0.020223725040432,-0.0361418378144996,2,115
2008-09-19,train,train,0.0835385544354802,0.0283404395849909,-0.0361418378144996,2,115
2008-09-22,train,train,-0.0200475657757769,0.0279124341204835,-0.0361418378144996,2,115
2008-09-23,train,train,-0.0135083287840942,0.0272636431279986,-0.0361418378144996,2,115
2008-09-24,train,train,-0.005706734837116,0.0264700183559491,-0.0361418378144996,2,115
2008-09-25,train,train,0.0288869658734953,0.0266212240008046,-0.0361418378144996,2,115
2008-09-26,train,train,-0.0044421487460377,0.0258331599768954,-0.0361418378144996,2,115
2008-09-29,train,train,-0.0396046719422731,0.0268593154698265,-0.039078622880816,2,115
2008-09-30,train,train,0.0038115638270287,0.0260578038020408,-0.039078622880816,2,115
2008-10-01,train,train,0.0175917230325991,0.0256288258373624,-0.039078622880816,2,115
2008-10-02,train,train,-0.0162456606297365,0.0251646935274709,-0.039078622880816,2,115
2008-10-03,train,train,0.0371304730537478,0.0260381722488993,-0.039078622880816,2,115
2008-10-06,train,train,-0.0625641217428867,0.0295324125155239,-0.0493877146206029,2,115
2008-10-07,train,train,0.012599771591543,0.0287985909429158,-0.0493877146206029,2,115
2008-10-08,train,train,-0.0533596933747948,0.0308290889015987,-0.0539727217647768,2,115
2008-10-09,train,train,-0.039083080422563,0.0313856016299115,-0.0539727217647768,2,115
2008-10-10,train,train,-0.0958586628301049,0.0384354735194684,-0.0705941593159287,2,115
2008-10-13,train,train,0.1011762561626287,0.0447531739192983,-0.0705941593159287,2,115
2008-10-14,train,train,0.0266414601673624,0.0438778056116171,-0.0705941593159287,2,115
2008-10-15,train,train,-0.0519601056972647,0.0444042483419961,-0.0705941593159287,2,115
2008-10-16,train,train,-0.0419309407054944,0.0442597476481222,-0.0705941593159287,2,115
2008-10-17,train,train,0.0366009351705934,0.0438379681724034,-0.0705941593159287,2,115
2008-10-20,train,train,0.0295028819129096,0.0431124878514984,-0.0705941593159287,2,115
2008-10-21,train,train,-0.0151274666308778,0.0419630292879454,-0.0705941593159287,2,115
2008-10-22,train,train,-0.0851698344724807,0.045721724810465,-0.0811975396818241,2,115
2008-10-23,train,train,-0.0206785557180831,0.0446173028371327,-0.0811975396818241,2,115
2008-10-24,train,train,-0.0533789940218145,0.0451909339345807,-0.0811975396818241,2,115
2008-10-27,train,train,-0.0419664420824869,0.0450039799901145,-0.0811975396818241,2,115
2008-10-28,train,train,-0.0131321584354978,0.0437513878312915,-0.0811975396818241,2,115
2008-10-29,train,train,0.0900247506821386,0.0478079516927583,-0.0811975396818241,2,115
2008-10-30,train,train,0.0197798419243304,0.0466040637621525,-0.0811975396818241,2,115
2008-10-31,train,train,0.0326804849760211,0.045887942637408,-0.0811975396818241,2,115
2008-11-03,train,train,0.0126228195241463,0.044597322981192,-0.0811975396818241,2,115
2008-11-04,train,train,0.0522309715086032,0.0450917997772032,-0.0811975396818241,2,115
2008-11-05,train,train,0.0018386270829781,0.0437204416227873,-0.0811975396818241,2,115
2008-11-06,train,train,-0.0647307182462694,0.0452569591094092,-0.0819197385162849,2,115
2008-11-07,train,train,0.022688022084589,0.0442287868670116,-0.0819197385162849,2,115
2008-11-10,train,train,-0.0053334298132985,0.0429012957948625,-0.0819197385162849,2,115
2008-11-11,train,train,-0.0419599194768048,0.0428453964922206,-0.0819197385162849,2,115
2008-11-12,train,train,-0.0301982486502903,0.0421936058406216,-0.0819197385162849,2,115
2008-11-13,train,train,0.0107895157000183,0.0409935015623961,-0.0819197385162849,2,115
2008-11-14,train,train,0.0104253742424285,0.0398266298575599,-0.0819197385162849,2,115
2008-11-17,train,train,-0.0384792412789621,0.0397470746046384,-0.0819197385162849,2,115
2008-11-18,train,train,0.0037581706473899,0.0385472122733406,-0.0819197385162849,2,115
2008-11-19,train,train,-0.038147550112545,0.0385233494698809,-0.0819197385162849,2,115
2008-11-20,train,train,-0.0275451023762424,0.0379543081482316,-0.0819197385162849,2,115
2008-11-21,train,train,-0.0017540805273678,0.0368005753283838,-0.0819197385162849,2,115
2008-11-24,train,train,0.0781502411622335,0.0404904064619381,-0.0819197385162849,2,115
2008-11-25,train,train,0.0085454904115344,0.0393126717345464,-0.0819197385162849,2,115
2008-11-26,train,train,-0.0048989527765329,0.0381339346733603,-0.0819197385162849,2,115
2008-11-27,train,train,0.0223052082292278,0.0373737407025406,-0.0819197385162849,2,115
2008-11-28,train,train,0.0069032045017543,0.0362746186526926,-0.0819197385162849,2,115
2008-12-01,train,train,-0.0459408865499712,0.0369260204234659,-0.0819197385162849,2,115
2008-12-02,train,train,0.037386514076695,0.0369538118648642,-0.0819197385162849,2,115
2008-12-03,train,train,0.0051031732878953,0.0358498493904721,-0.0819197385162849,2,115
2008-12-04,train,train,-0.0049447859513889,0.0347788161633869,-0.0819197385162849,2,115
2008-12-05,train,train,-0.0398152429331613,0.0351013860793653,-0.0819197385162849,2,115
2008-12-08,train,train,0.0622416376613176,0.03729104656532,-0.0819197385162849,2,115
2008-12-09,train,train,0.0029392533461865,0.0361621788242169,-0.0819197385162849,2,115
2008-12-10,train,train,0.0098050103330246,0.0351426988197208,-0.0819197385162849,2,115
2008-12-11,train,train,0.0032940605458382,0.0340816633045743,-0.0819197385162849,2,115
2008-12-12,train,train,-0.0228116189998075,0.0335125108709199,-0.0819197385162849,2,115
2008-12-15,train,train,0.0053780185450258,0.0325182789641357,-0.0819197385162849,2,115
2008-12-16,train,train,0.0158097105615861,0.0317645868171531,-0.0819197385162849,2,115
2008-12-17,train,train,0.0031800583779668,0.0308067590538477,-0.0819197385162849,1,116
2008-12-18,train,train,0.0065999121014233,0.0299119800344696,-0.0819197385162849,1,116
2008-12-19,train,train,0.0011443899081655,0.0290020953433243,-0.0819197385162849,1,116
2008-12-22,train,train,-0.018457149316263,0.0284797160080301,-0.0819197385162849,1,116
2008-12-23,train,train,-0.0033467031892833,0.0276242754800627,-0.0819197385162849,1,116
2008-12-29,train,train,-0.0056175412305043,0.026818052990832,-0.0819197385162849,1,116
2008-12-30,train,train,0.0195574152139495,0.0264387034030979,-0.0819197385162849,1,116
2009-01-02,train,train,0.031101827601814,0.026741431453629,-0.0819197385162849,1,116
2009-01-05,train,train,0.0164976738268265,0.0262398228141802,-0.0819197385162849,1,116
2009-01-06,train,train,0.008250775871688,0.0255206019010032,-0.0819197385162849,1,116
2009-01-07,train,train,-0.0159638671498684,0.025050224696973,-0.0819197385162849,1,116
2009-01-08,train,train,-0.0105571088011876,0.0244243748067604,-0.0819197385162849,1,116
2009-01-09,train,train,-0.0096562819818768,0.0237981450227083,-0.0677598489135215,1,116
2009-01-12,train,train,-0.0192271988424255,0.0235489217300945,-0.0677598489135215,1,116
2009-01-13,train,train,-0.0156215249512604,0.02314995754379,-0.0677598489135215,1,116
2009-01-14,train,train,-0.0410874660877668,0.0245978880067644,-0.0677598489135215,2,117
2009-01-15,train,train,-0.0094316016888416,0.0239601760292938,-0.0677598489135215,1,118
2009-01-16,train,train,0.0010446179497291,0.0232316617320654,-0.0677598489135215,1,118
2009-01-19,train,train,-0.0146424666660971,0.0228077094471845,-0.0677598489135215,1,118
2009-01-20,train,train,-0.0260340421654736,0.0230140477687429,-0.0677598489135215,1,118
2009-01-21,train,train,-0.0055490901474105,0.0223543095421824,-0.0546835329393516,1,118
2009-01-22,train,train,-0.0087126819354685,0.0217781288312784,-0.0546835329393516,1,118
2009-01-23,train,train,0.0016531881534279,0.0211185620611938,-0.0508793489595758,1,118
2009-01-26,train,train,0.0244634040693758,0.0213340463119455,-0.0508771747576818,1,118
2009-01-27,train,train,-0.0030733277431544,0.0206978201925428,-0.0508771747576818,1,118
2009-01-28,train,train,0.0412938103442333,0.0224723497090134,-0.0508771747576818,2,119
2009-01-29,train,train,-0.0260916061970005,0.0227057795768809,-0.0508771747576818,2,119
2009-01-30,train,train,-0.003190024656222,0.0220279335404097,-0.0508771747576818,2,119
2009-02-02,train,train,-0.0260147516218053,0.0222872632418993,-0.0508771747576818,2,119
2009-02-03,train,train,0.0154866375776901,0.0219387541408499,-0.0508771747576818,2,119
2009-02-04,train,train,0.0158391823185607,0.0216213593247218,-0.0508771747576818,2,119
2009-02-05,train,train,-0.0065188651335311,0.021023413720506,-0.0429960907048475,1,120
2009-02-06,train,train,0.012305215143547,0.0206046108475624,-0.0429960907048475,1,120
2009-02-09,train,train,0.0046819491258588,0.0200098032910307,-0.0429960907048475,1,120
2009-02-10,train,train,-0.0220829953900803,0.0201402138818062,-0.0422811985236331,1,120
2009-02-11,train,train,-0.0049543224116516,0.0195643359439087,-0.0422811985236331,1,120
2009-02-12,train,train,-0.0187119530268379,0.0195142429429191,-0.0422811985236331,1,120
2009-02-13,train,train,0.0078462819100624,0.0190171287361127,-0.0422811985236331,1,120
2009-02-16,train,train,-0.0233173210195859,0.0193021750540128,-0.0422811985236331,1,120
2009-02-17,train,train,-0.0291258979801176,0.0200279454786481,-0.0422811985236331,1,120
2009-02-18,train,train,0.0023177582584683,0.019426111404258,-0.0422811985236331,1,120
2009-02-19,train,train,0.0018427581198441,0.0188397219056572,-0.0422811985236331,1,120
2009-02-20,train,train,-0.0351856548269191,0.0201970500947414,-0.0422811985236331,1,120
2009-02-23,train,train,-0.0083466227455605,0.019688208380986,-0.0422811985236331,1,120
2009-02-24,train,train,-0.0075880048345523,0.0191787039536067,-0.0422811985236331,1,120
2009-02-25,train,train,0.0038278497231225,0.0186180683807385,-0.0422811985236331,1,120
2009-02-26,train,train,0.0391076078570052,0.0204352348054506,-0.0422811985236331,2,121
2009-02-27,train,train,-0.0247281997148392,0.0207179131171285,-0.0422811985236331,2,121
2009-03-02,train,train,-0.047069377421812,0.0231605178255101,-0.04265736214758,2,121
2009-03-03,train,train,-0.0070532386703364,0.0225213210388171,-0.04265736214758,2,121
2009-03-04,train,train,0.0189483867364721,0.0223230774950129,-0.04265736214758,2,121
2009-03-05,train,train,-0.0461169411153954,0.0244136629162423,-0.0447579282083247,2,121
2009-03-06,train,train,-0.0127482752110324,0.0238750169009365,-0.0447579282083247,2,121
2009-03-09,train,train,-0.0173768388696859,0.0235357752760555,-0.0447579282083247,2,121
2009-03-10,train,train,0.048095587040936,0.0256804961856857,-0.0447579282083247,2,121
2009-03-11,train,train,0.0071598638593386,0.0249598563760189,-0.0447579282083247,2,121
2009-03-12,train,train,0.0186733610622814,0.0246279603153518,-0.0447579282083247,2,121
2009-03-13,train,train,0.0118227432147673,0.0240526688532522,-0.0447579282083247,2,121
2009-03-16,train,train,0.0277620202623715,0.0242912085407305,-0.0447579282083247,2,121
2009-03-17,train,train,0.0010993066363531,0.0235527398009647,-0.0447579282083247,2,121
2009-03-18,train,train,0.002129799746961,0.0228411869617531,-0.0447579282083247,2,121
2009-03-19,train,train,0.0052072654861719,0.0221820551199176,-0.0447579282083247,1,122
2009-03-20,train,train,0.0010900765187941,0.0215079578573022,-0.0447579282083247,1,122
2009-03-23,train,train,0.0309429523379818,0.0221874895849764,-0.0447579282083247,2,123
2009-03-24,train,train,0.0046670140171897,0.0215419236287901,-0.0447579282083247,1,124
2009-03-25,train,train,0.0103226548122432,0.0210381709602635,-0.0447579282083247,1,124
2009-03-26,train,train,0.0004706658066726,0.0203975893352663,-0.0447579282083247,1,124
2009-03-27,train,train,-0.0185710927493975,0.0202926361225732,-0.0447579282083247,1,124
2009-03-30,train,train,-0.0420574098085994,0.0222084028949288,-0.0450812427819356,2,125
2009-03-31,train,train,0.0277520054964454,0.0225794330783427,-0.0450812427819356,2,125
2009-04-01,train,train,0.0185096132323349,0.0223561467424875,-0.0450812427819356,2,125
2009-04-02,train,train,0.045872914246954,0.0244145226255161,-0.0450812427819356,2,125
2009-04-03,train,train,-0.0017772655822367,0.0236747608331513,-0.0450812427819356,2,125
2009-04-06,train,train,0.0001441283599338,0.0229535593940362,-0.0450812427819356,2,125
2009-04-07,train,train,0.0029879746321742,0.0222663336692049,-0.0450812427819356,2,125
2009-04-08,train,train,0.0070087216078221,0.0216561669941572,-0.0450812427819356,2,125
2009-04-09,train,train,0.0350835148469745,0.0226870309998282,-0.0450812427819356,2,125
2009-04-14,train,train,0.0148238858096567,0.0222935898518341,-0.0450812427819356,2,125
2009-04-15,train,train,-0.0140085082217469,0.0218851136101419,-0.0450812427819356,2,125
2009-04-16,train,train,0.0184920622483718,0.0216964994373965,-0.0450812427819356,2,125
2009-04-17,train,train,0.0174700948961325,0.0214663936306852,-0.0450812427819356,2,125
2009-04-20,train,train,-0.035239291400377,0.0225314480600141,-0.0450812427819356,2,125
2009-04-21,train,train,-0.0118151246913393,0.0220359255051509,-0.0450812427819356,2,125
2009-04-22,train,train,0.0250215097128993,0.0222263728258843,-0.0450812427819356,2,125
2009-04-23,train,train,-0.0073735917284728,0.0216248269670346,-0.0450812427819356,2,125
2009-04-24,train,train,0.0134789853001877,0.0212244230912479,-0.0450812427819356,2,125
2009-04-27,train,train,-0.0125899252269584,0.0208076413957984,-0.0450812427819356,2,125
2009-04-28,train,train,-0.013847320591614,0.0204569147547422,-0.0450812427819356,2,125
2009-04-29,train,train,0.0267859184438891,0.0208907961844154,-0.0450812427819356,2,125
2009-04-30,train,train,0.0163646784446192,0.0206472275461236,-0.0450812427819356,2,125
2009-05-04,train,train,0.0040524362197579,0.0200428256336234,-0.0450812427819356,1,126
2009-05-05,train,train,0.0068089546164008,0.0195036837442349,-0.0450812427819356,1,126
2009-05-06,train,train,0.0100513127691586,0.0190691319184286,-0.0450812427819356,1,126
2009-05-07,train,train,-1.0793153966039674e-05,0.0184882095289029,-0.0450812427819356,1,126
2009-05-08,train,train,0.0192310918456035,0.0185336221959978,-0.0450812427819356,1,126
2009-05-11,train,train,-0.0097517878660545,0.0181270870411331,-0.0450812427819356,1,126
2009-05-12,train,train,-0.0051437076489372,0.0176199679688605,-0.0450812427819356,1,126
2009-05-13,train,train,-0.0293842234310479,0.0185375680753705,-0.0450812427819356,1,126
2009-05-14,train,train,-0.0018236994366809,0.0179783897253946,-0.0450812427819356,1,126
2009-05-15,train,train,-0.0006235766874353,0.0174313647820299,-0.0450812427819356,1,126
2009-05-18,train,train,0.019925723270836,0.0175910032785597,-0.0450812427819356,1,126
2009-05-19,train,train,0.0197077875424111,0.0177251405059178,-0.0450812427819356,1,126
2009-05-20,train,train,0.0051039383761013,0.0172305769147199,-0.0450812427819356,1,126
2009-05-21,train,train,-0.0176317649670623,0.0172549112462643,-0.0450812427819356,1,126
2009-05-22,train,train,0.0089889829988536,0.0168735341084993,-0.0450812427819356,1,126
2009-05-25,train,train,0.004159613831124,0.0163911966416578,-0.0450812427819356,1,126
2009-05-26,train,train,0.0062176441658333,0.0159646670382798,-0.0450812427819356,1,126
2009-05-27,train,train,0.0111120766895342,0.0157158217388018,-0.0450812427819356,1,126
2009-05-28,train,train,-0.0079488110675421,0.0153609519754961,-0.0411378807747906,1,126
2009-05-29,train,train,-0.0011877335225332,0.0148958369188549,-0.0411378807747906,1,126
2009-06-01,train,train,0.0216853028808921,0.0153879154444159,-0.0411378807747906,1,126
2009-06-02,train,train,0.0035136826245656,0.014943942691144,-0.0355603082133414,1,126
2009-06-03,train,train,-0.0209107870443201,0.0153674265462893,-0.0355603082133414,1,126
2009-06-04,train,train,-0.0010782801935353,0.0149016137390152,-0.0355603082133414,1,126
2009-06-05,train,train,0.0067884540159331,0.0145430255786334,-0.0355603082133414,1,126
2009-06-08,train,train,-0.0129844416669494,0.0144542506179353,-0.0355603082133414,1,126
2009-06-09,train,train,0.0107443226923634,0.0142589013418838,-0.0355603082133414,1,126
2009-06-10,train,train,0.0135842622697274,0.0142193256631138,-0.0355603082133414,1,126
2009-06-11,train,train,0.0083576058328213,0.0139373183751493,-0.0355603082133414,1,126
2009-06-12,train,train,0.0006178312069347,0.0135135789413786,-0.0355603082133414,1,126
2009-06-15,train,train,-0.0203510762605637,0.0140181947894291,-0.0355603082133414,1,126
2009-06-16,train,train,-0.0021875449558696,0.0136017028059413,-0.0355603082133414,1,126
2009-06-17,train,train,-0.0228644504621631,0.0143273488742365,-0.0355603082133414,1,126
2009-06-18,train,train,0.0107997866667728,0.0141405330076736,-0.0355603082133414,1,126
2009-06-19,train,train,0.0207654840975851,0.0146229173937715,-0.0355603082133414,1,126
2009-06-22,train,train,-0.025625960747688,0.0155048805920356,-0.0355603082133414,1,126
2009-06-23,train,train,0.0010916784622447,0.0150349176437645,-0.0355603082133414,1,126
2009-06-24,train,train,0.0283574248003579,0.0161472733339091,-0.0355603082133414,1,126
2009-06-25,train,train,0.0051440249365108,0.0157059870592593,-0.0300831585263709,1,126
2009-06-26,train,train,0.0020357672431504,0.0152356820861877,-0.0300831585263709,1,126
2009-06-29,train,train,0.0162603501404226,0.0152990975980561,-0.0300831585263709,1,126
2009-06-30,train,train,-0.0058981451170465,0.0149032188142448,-0.0300831585263709,1,126
2009-07-01,train,train,0.0117717638557786,0.01473411146355,-0.0300831585263709,1,126
2009-07-02,train,train,-0.0266243577510919,0.015703495907682,-0.0304159575275056,1,126
2009-07-03,train,train,0.0066455594069821,0.0153118778825177,-0.0304159575275056,1,126
2009-07-06,train,train,-0.014400973761732,0.0152587571823183,-0.0304159575275056,1,126
2009-07-07,train,train,-0.0051338632466784,0.0148472651897294,-0.0304159575275056,1,126
2009-07-08,train,train,-0.0168855170031625,0.0149773845402041,-0.0304159575275056,1,126
2009-07-09,train,train,0.00877493455981,0.0146793287788296,-0.0304159575275056,1,126
2009-07-10,train,train,-0.0104535038392677,0.0144606457789481,-0.0304159575275056,1,126
2009-07-13,train,train,0.0235307696021765,0.0151586769491206,-0.0304159575275056,1,126
2009-07-14,train,train,0.0069369882236072,0.0147947850938701,-0.0272115139766092,1,126
2009-07-15,train,train,0.027771467262904,0.0158753831340048,-0.0272115139766092,1,126
2009-07-16,train,train,0.0092750865122423,0.0155585267959705,-0.0272115139766092,1,126
2009-07-17,train,train,0.0044213574784553,0.0151233790805631,-0.0272115139766092,1,126
2009-07-20,train,train,0.0099976100170205,0.0148657570102802,-0.0272115139766092,1,126
2009-07-21,train,train,-0.0020330262333415,0.0144214867243048,-0.0272115139766092,1,126
2009-07-22,train,train,0.0030776156659034,0.0140024578438988,-0.0272115139766092,1,126
2009-07-23,train,train,0.0210890756581475,0.0145254825343896,-0.0272115139766092,1,126
2009-07-24,train,train,0.0066127264342418,0.0141758228452211,-0.0272115139766092,1,126
2009-07-27,train,train,0.0145602724217532,0.0141991833609714,-0.0272115139766092,1,126
2009-07-28,train,train,0.0068028957816961,0.0138671036302602,-0.0272115139766092,1,126
2009-07-29,train,train,-0.0002251184583195,0.0134447688714254,-0.0272115139766092,1,126
2009-07-30,train,train,0.0197629940324426,0.013905058697944,-0.0272115139766092,1,126
2009-07-31,train,train,-0.0017764610698712,0.0134884753321359,-0.0272115139766092,1,126
2009-08-03,train,train,0.0042195526661126,0.0131183423594838,-0.0272115139766092,1,126
2009-08-04,train,train,-0.0022224677758847,0.0127303500998943,-0.0272115139766092,1,126
2009-08-05,train,train,-0.0159771700815894,0.0129481389656926,-0.0250382563203143,1,126
2009-08-06,train,train,0.0066665373884466,0.0126594473718045,-0.0250382563203143,1,126
2009-08-07,train,train,0.0157987949933572,0.0128694221582963,-0.0250382563203143,1,126
2009-08-10,train,train,-0.0022495628243871,0.0124895290968552,-0.0250382563203143,1,126
2009-08-11,train,train,-0.0083751458481998,0.0122815968390205,-0.0250382563203143,1,126
2009-08-12,train,train,0.0093633798329307,0.0121263241163597,-0.0250382563203143,1,126
2009-08-13,train,train,0.0102818947582512,0.0120236397970703,-0.0250382563203143,1,126
2009-08-14,train,train,-0.0132036667057045,0.0120976877129487,-0.0250382563203143,1,126
2009-08-17,train,train,-0.0282246683387756,0.013615091600502,-0.0268249956125185,1,126
2009-08-18,train,train,0.0103066521846852,0.013439572198847,-0.0268249956125185,1,126
2009-08-19,train,train,-0.0011960324034181,0.0130334417728143,-0.0268249956125185,1,126
2009-08-20,train,train,0.0182514049145416,0.0134039246140783,-0.0268249956125185,1,126
2009-08-21,train,train,0.0243510158912993,0.0142990769580627,-0.0268249956125185,1,126
2009-08-24,train,train,0.0127133896857809,0.0142089268553116,-0.0268249956125185,1,126
2009-08-25,train,train,0.0109100424032696,0.0140328802371889,-0.0268249956125185,1,126
2009-08-26,train,train,-0.0045079023592704,0.0136501170363866,-0.0268249956125185,1,126
2009-08-27,train,train,-0.0017155471679407,0.0132409493438256,-0.0268249956125185,1,126
2009-08-28,train,train,0.0075264737726855,0.012969280766537,-0.0268249956125185,1,126
2009-08-31,train,train,-0.0068047743128409,0.0126841793661282,-0.0268249956125185,1,126
2009-09-01,train,train,-0.0170470860023701,0.0129873511653038,-0.0268249956125185,1,126
2009-09-02,train,train,-0.0156320638534575,0.0131610295225175,-0.0268249956125185,1,126
2009-09-03,train,train,0.0016713237891477,0.0127666571818747,-0.0268249956125185,1,126
2009-09-04,train,train,0.0183991214035203,0.0131726968980854,-0.0268249956125185,1,126
2009-09-07,train,train,0.014674305718704,0.0132675868888905,-0.0268249956125185,1,126
2009-09-08,train,train,-0.0019336266233371,0.0128721196723039,-0.0268249956125185,1,126
2009-09-09,train,train,0.0083580285751209,0.0126467930902019,-0.0268249956125185,1,126
2009-09-10,train,train,-0.0106304017296375,0.0125349598880253,-0.0268249956125185,1,126
2009-09-11,train,train,0.0098099291115244,0.0123883731289111,-0.0268249956125185,1,126
2009-09-14,train,train,0.0034865752088391,0.0120412978476356,-0.0239653706974125,1,126
2009-09-15,train,train,0.0087240210501597,0.0118684369325182,-0.0239653706974125,1,126
2009-09-16,train,train,0.0131620942732946,0.0119500063199748,-0.0239653706974125,1,126
2009-09-17,train,train,0.002049472225624,0.0115968319884703,-0.0239653706974125,1,126
2009-09-18,train,train,0.0005350544336716,0.0112443096023499,-0.0239653706974125,0,127
2009-09-21,train,train,-0.0042459200389358,0.0109512601442077,-0.0239653706974125,0,127
2009-09-22,train,train,0.0075857917342157,0.0107790049167555,-0.0239653706974125,0,127
2009-09-23,train,train,0.0030924947007692,0.0104780504667695,-0.0239653706974125,0,127
2009-09-24,train,train,-0.0133679202148618,0.0106735301817802,-0.0207190904481027,0,127
2009-09-25,train,train,-0.0044645581871925,0.0104059948365017,-0.0207190904481027,0,127
2009-09-28,train,train,0.0210248353876963,0.0113274121938705,-0.0207190904481027,1,128
2009-09-29,train,train,-0.0031585786905495,0.0110095525862734,-0.0207190904481027,1,128
2009-09-30,train,train,-0.0082678582292729,0.0108645792391093,-0.0204163081409117,1,128
2009-10-01,train,train,-0.0204438321600367,0.0116633508702935,-0.0219051955003941,1,128
2009-10-02,train,train,-0.0167656394951628,0.0120306661649747,-0.0219051955003941,1,128
2009-10-05,train,train,0.0201285468878796,0.0126634204170808,-0.0219051955003941,1,128
2009-10-06,train,train,0.0222563102750786,0.0134335804789262,-0.0219051955003941,1,128
2009-10-07,train,train,-0.0081313457808803,0.0131757560112221,-0.0219051955003941,1,128
2009-10-08,train,train,0.007894389227578,0.012919899247123,-0.0219051955003941,1,128
2009-10-09,train,train,-0.0060362853442929,0.0126132697270741,-0.0219051955003941,1,128
2009-10-12,train,train,0.0004767252739378,0.0122295762328323,-0.0219051955003941,1,128
2009-10-13,train,train,-0.0120307604956028,0.0122177385235866,-0.0219051955003941,1,128
2009-10-14,train,train,0.0223697397157011,0.0130514773818821,-0.0219051955003941,1,128
2009-10-15,train,train,-0.0017874945305611,0.0126614496145031,-0.0219051955003941,1,128
2009-10-16,train,train,-0.0147328377984084,0.0127951927900996,-0.0219051955003941,1,128
2009-10-19,train,train,0.0177325994351404,0.0131438444142989,-0.0219051955003941,1,128
2009-10-20,train,train,-0.0080336394155145,0.0128944704801542,-0.0219051955003941,1,128
2009-10-21,train,train,0.0071835209461576,0.0126248764436246,-0.0219051955003941,1,128
2009-10-22,train,train,-0.0039319174508399,0.012278104633623,-0.0219051955003941,1,128
2009-10-23,train,train,-0.0075355404189765,0.0120463191205822,-0.0219051955003941,1,128
2009-10-26,train,train,-0.0100333269713191,0.0119351177246148,-0.0219051955003941,1,128
2009-10-27,train,train,0.0009804015392381,0.0115740176354228,-0.0219051955003941,1,128
2009-10-28,train,train,-0.0177079007314797,0.0120305692330217,-0.0221254670767639,1,128
2009-10-29,train,train,0.021945123866462,0.0128431237632111,-0.0221254670767639,1,128
2009-10-30,train,train,-0.0232583460547692,0.0136932873331984,-0.0239756155178605,1,128
2009-11-02,train,train,0.0044579370797291,0.0133209662971787,-0.0239756155178605,1,128
2009-11-03,train,train,-0.0196763151845825,0.0137851622137615,-0.0239756155178605,1,128
2009-11-04,train,train,0.01284147645039,0.0137303702233294,-0.0239756155178605,1,128
2009-11-05,train,train,0.0140563998240577,0.0137501500007212,-0.0239756155178605,1,128
2009-11-06,train,train,0.0027410251599313,0.0133481616964823,-0.0239756155178605,1,128
2009-11-09,train,train,0.0201910008997598,0.0138543713850523,-0.0211261644664628,1,128
2009-11-10,train,train,-0.0002369625658587,0.0134324368288824,-0.0211261644664628,1,128
2009-11-11,train,train,-0.0010670683424226,0.0130258533579588,-0.0211261644664628,1,128
2009-11-12,train,train,0.0028007956783672,0.0126476540017025,-0.0211261644664628,1,128
2009-11-13,train,train,0.0027424468921765,0.0122807419783724,-0.0211261644664628,1,128
2009-11-16,train,train,0.0100529906015879,0.0121585929831183,-0.0211261644664628,1,128
2009-11-17,train,train,-0.0022968089523507,0.0118016109159386,-0.0211261644664628,0,129
2009-11-18,train,train,0.0062516412646666,0.0115441032613475,-0.0211261644664628,0,129
2009-11-19,train,train,-0.0157621057950404,0.0118396359592589,-0.0211261644664628,1,130
2009-11-20,train,train,-0.0107701295107914,0.0117782045426994,-0.0211261644664628,1,130
2009-11-23,train,train,0.0186989629221345,0.0123037233785747,-0.0211261644664628,1,130
2009-11-24,train,train,-0.002960690177226,0.0119509268936525,-0.0211261644664628,1,130
2009-11-25,train,train,0.0050772736002577,0.0116534070911942,-0.0211261644664628,1,130
2009-11-26,train,train,-0.0261028406826738,0.0129821138696828,-0.0232683396324932,1,130
2009-11-27,train,train,0.0101817383601184,0.0128313378669538,-0.0232683396324932,1,130
2009-11-30,train,train,-0.011280331517992,0.0127436019365764,-0.0232683396324932,1,130
2009-12-01,train,train,0.0184972715284158,0.01315995327266,-0.0232683396324932,1,130
2009-12-02,train,train,0.0005646816828133,0.0127597977983373,-0.0232683396324932,1,130
2009-12-03,train,train,0.0030705738817559,0.0123939258873444,-0.0232683396324932,1,130
2009-12-04,train,train,0.010602753311899,0.0122938170490091,-0.0232683396324932,1,130
2009-12-07,train,train,-0.0016969235905965,0.011926543269396,-0.0232683396324932,1,130
2009-12-08,train,train,-0.0170359829238902,0.0122931432573754,-0.0232683396324932,1,130
2009-12-09,train,train,-0.022930281830724,0.0131758095906004,-0.024097156189389,1,130
2009-12-10,train,train,0.0046248599496894,0.0128245545980727,-0.024097156189389,1,130
2009-12-11,train,train,0.0018353459391789,0.0124419917329822,-0.024097156189389,1,130
2009-12-14,train,train,0.0077095712401741,0.0122098819858761,-0.024097156189389,1,130
2009-12-15,train,train,0.0025254169297064,0.0118540714044842,-0.024097156189389,1,130
2009-12-16,train,train,0.0108227629120343,0.0117947361205692,-0.024097156189389,1,130
2009-12-17,train,train,-0.0141173193597976,0.0119468311488453,-0.024097156189389,1,130
2009-12-18,train,train,-0.004446983955883,0.0116339893418943,-0.024097156189389,1,130
2009-12-21,train,train,0.0158293963459697,0.0119274017643215,-0.024097156189389,1,130
2009-12-22,train,train,0.0050586965652929,0.0116302434511523,-0.024097156189389,1,130
2009-12-23,train,train,0.0064296731556377,0.011385396382313,-0.024097156189389,1,130
2009-12-28,train,train,0.004643495134293,0.0110969968261316,-0.024097156189389,1,130
2009-12-29,train,train,0.0009892159231385,0.0107616658159497,-0.024097156189389,0,131
2009-12-30,train,train,-0.0079332476328147,0.0106132383911011,-0.024097156189389,0,131
2010-01-04,train,train,0.0170315923001925,0.0111034628640961,-0.024097156189389,1,132
2010-01-05,train,train,0.004870815444119,0.0108311202054699,-0.024097156189389,0,133
2010-01-06,train,train,0.0014819425479075,0.0105074328089185,-0.024097156189389,0,133
2010-01-07,train,train,-0.0046087018423547,0.0102496918753787,-0.024097156189389,0,133
2010-01-08,train,train,-0.0002712620731366,0.0099376671062443,-0.024097156189389,0,133
2010-01-11,train,train,-0.0073027734727659,0.0097995726379945,-0.024097156189389,0,133
2010-01-12,train,train,-0.0090180994275541,0.0097544499327848,-0.024097156189389,0,133
2010-01-13,train,train,-0.0006520383203711,0.0094586386504617,-0.024097156189389,0,133
2010-01-14,train,train,0.0034643884766994,0.0092096695740866,-0.024097156189389,0,133
2010-01-15,train,train,-0.012984141858096,0.0094786185296959,-0.024097156189389,0,133
2010-01-18,train,train,0.0021673600661201,0.0092051835210917,-0.024097156189389,0,133
2010-01-19,train,train,0.0127149963196147,0.0094525947401773,-0.024097156189389,0,133
2010-01-20,train,train,-0.0264304286211058,0.0112207177982707,-0.0252638717861829,1,134
2010-01-21,train,train,-0.0228922248542683,0.0122390144603487,-0.0252638717861829,1,134
2010-01-22,train,train,-0.0061882515959399,0.0119625889309909,-0.0252638717861829,1,134
2010-01-25,train,train,-0.0109714541850993,0.0119054479257228,-0.0252638717861829,1,134
2010-01-26,train,train,0.0086739348200806,0.0117366748957766,-0.0252638717861829,1,134
2010-01-27,train,train,-0.0272554390025967,0.0131930323529528,-0.0265962361021254,1,134
2010-01-28,train,train,-0.0194689275559339,0.0136511935345151,-0.0265962361021254,1,134
2010-01-29,train,train,0.0108740114903425,0.0135006824781308,-0.0265962361021254,1,134
2010-02-01,train,train,0.0043294295518615,0.013132286904704,-0.0265962361021254,1,134
2010-02-02,train,train,0.0131641496743934,0.0131342008506647,-0.0265962361021254,1,134
2010-02-03,train,train,-0.0229249527058437,0.0139172556727387,-0.0265962361021254,1,134
2010-02-04,train,train,-0.0612304600109267,0.020174705924046,-0.0383054425448763,2,135
2010-02-05,train,train,-0.0136054744142711,0.0198419799822667,-0.0383054425448763,2,135
2010-02-08,train,train,0.0101429877958181,0.019397286705239,-0.0383054425448763,2,135
2010-02-09,train,train,0.0067475766113186,0.0188788568255936,-0.0383054425448763,2,135
2010-02-10,train,train,0.0173276237588256,0.0187893947120824,-0.0383054425448763,2,135
2010-02-11,train,train,-0.016714715197878,0.0186714159794167,-0.0383054425448763,2,135
2010-02-12,train,train,-0.0055396806714996,0.0181533950519555,-0.0383054425448763,1,136
2010-02-15,train,train,0.0066963518186818,0.0176766364011481,-0.0383054425448763,1,136
2010-02-16,train,train,0.0096968383171615,0.0173019474739649,-0.0383054425448763,1,136
2010-02-17,train,train,0.0100227548530375,0.0169535624604086,-0.0383054425448763,1,136
2010-02-18,train,train,0.0071752200054882,0.0165307867393136,-0.0383054425448763,1,136
2010-02-19,train,train,0.0096467346441618,0.0162004464433891,-0.0383054425448763,1,136
2010-02-22,train,train,-0.0099967229699107,0.0158966432077794,-0.0383054425448763,1,136
2010-02-23,train,train,-0.0246715511724896,0.0165548239372794,-0.0383054425448763,1,136
2010-02-24,train,train,-0.005727709286417,0.0161116995713935,-0.0383054425448763,1,136
2010-02-25,train,train,-0.0125417428069008,0.01592009328026,-0.0383054425448763,1,136
2010-02-26,train,train,0.0202745616493494,0.0162143726012894,-0.0383054425448763,1,136
2010-03-01,train,train,0.0097553207415501,0.0159009906322993,-0.0383054425448763,1,136
2010-03-02,train,train,0.008264796385622,0.0155489364414711,-0.0383054425448763,1,136
2010-03-03,train,train,0.0134996994926385,0.01543365712256,-0.0383054425448763,1,136
2010-03-04,train,train,0.0075479705663342,0.0150772748673743,-0.0383054425448763,1,136
2010-03-05,train,train,0.0252252304275484,0.0158702079188695,-0.0383054425448763,1,136
2010-03-08,train,train,0.0052945904461354,0.0154412969243001,-0.0383054425448763,1,136
2010-03-09,train,train,-0.0068384608576906,0.0150643122802292,-0.0383054425448763,1,136
2010-03-10,train,train,0.0106853672904096,0.014838063170628,-0.0383054425448763,1,136
2010-03-11,train,train,-0.0068210445716177,0.0144827356006762,-0.0383054425448763,1,136
2010-03-12,train,train,0.0028568022453749,0.0140589591291282,-0.0383054425448763,1,136
2010-03-15,train,train,-0.0108193834642666,0.0138859142802928,-0.0383054425448763,1,136
2010-03-16,train,train,0.0092201806688682,0.0136510147011002,-0.0383054425448763,1,136
2010-03-17,train,train,0.0096733095064879,0.0134455779063592,-0.0383054425448763,1,136
2010-03-18,train,train,-0.0083901269746392,0.0131969771220856,-0.0383054425448763,1,136
2010-03-19,train,train,-0.007496332432874,0.0129260315970466,-0.0383054425448763,1,136
2010-03-22,train,train,-0.0117972639174767,0.0128610995421579,-0.0383054425448763,1,136
2010-03-23,train,train,0.0122884992847883,0.012827464341312,-0.0383054425448763,1,136
2010-03-24,train,train,-0.0118835491800283,0.0127727966948833,-0.0383054425448763,1,136
2010-03-25,train,train,0.0205037616556835,0.0133633801789172,-0.0383054425448763,1,136
2010-03-26,train,train,-0.0018319080372406,0.0129640459441223,-0.0383054425448763,1,136
2010-03-29,train,train,0.0017958081525538,0.0125768037919847,-0.0383054425448763,1,136
2010-03-30,train,train,-0.0099946861884453,0.0124370036232642,-0.0383054425448763,1,136
2010-03-31,train,train,-0.0100129427252177,0.0123050338032324,-0.0383054425448763,1,136
2010-04-01,train,train,0.01792280844105,0.0127123030655206,-0.0383054425448763,1,136
2010-04-06,train,train,0.0083405423876364,0.0124932129220254,-0.0383054425448763,1,136
2010-04-07,train,train,0.0027469922121891,0.0121312944462241,-0.0383054425448763,1,136
2010-04-08,train,train,-0.0103289230861668,0.0120307691263579,-0.0383054425448763,1,136
2010-04-09,train,train,0.0282967395962206,0.0135682485874928,-0.0383054425448763,1,136
2010-04-12,train,train,0.0058280346692017,0.0132321384074686,-0.0383054425448763,1,136
2010-04-13,train,train,1.7467696159050105e-05,0.0128290348791936,-0.0383054425448763,1,136
2010-04-14,train,train,0.0037187760117223,0.0124715213778109,-0.0383054425448763,1,136
2010-04-15,train,train,0.001719690587804,0.0120989237079845,-0.0383054425448763,1,136
2010-04-16,train,train,-0.0231584556753158,0.0130299563220321,-0.0377191500620043,1,136
2010-04-19,train,train,-0.0053608678657788,0.0127010751633585,-0.0377191500620043,1,136
2010-04-20,train,train,0.0094290190036578,0.0125288728802413,-0.0377191500620043,1,136
2010-04-21,train,train,-0.0215381996690225,0.0132434111545799,-0.0377191500620043,1,136
2010-04-22,train,train,-0.0221880052149125,0.0139428518314481,-0.0377191500620043,1,136
2010-04-23,train,train,0.0088592533714929,0.01369116913854,-0.0363534889529107,1,136
2010-04-26,train,train,0.0019306541615814,0.0132825024436964,-0.0363534889529107,1,136
2010-04-27,train,train,-0.0428072443279408,0.0166068356080836,-0.0429030851704523,1,136
2010-04-28,train,train,-0.0304074406895149,0.0177402513098395,-0.0448150483427941,2,137
2010-04-29,train,train,0.0265932097423287,0.018391994285777,-0.0448150483427941,2,137
2010-04-30,train,train,0.0048917842931829,0.017871913713809,-0.0448150483427941,2,137
2010-05-03,train,train,-0.0066364538970934,0.0174035494375687,-0.0326287453966484,1,138
2010-05-04,train,train,-0.0556008084391203,0.0216840382537333,-0.0429384978188586,2,139
2010-05-05,train,train,-0.0229717903785927,0.021763452237223,-0.0429384978188586,2,139
2010-05-06,train,train,-0.0297687724565168,0.0223248688887314,-0.0429384978188586,2,139
2010-05-07,train,train,-0.0333205827462957,0.0231324762772659,-0.0439095451711189,2,139
2010-05-10,train,train,0.1348363669385081,0.0399231201454211,-0.0439095451711189,2,139
2010-05-11,train,train,-0.0337253691218017,0.0395786334044152,-0.0440444739629542,2,139
2010-05-12,train,train,0.008080316681491,0.0384239198923251,-0.0440444739629542,2,139
2010-05-13,train,train,-0.0111924461590386,0.0373541164232229,-0.0440444739629542,2,139
2010-05-14,train,train,-0.0687388092021584,0.0399388488362641,-0.0557156206564065,2,139
2010-05-17,train,train,-0.0030752052393968,0.0387294766401491,-0.0557156206564065,2,139
2010-05-18,train,train,0.0361153539210776,0.0385776249463513,-0.0557156206564065,2,139
2010-05-19,train,train,-0.0264274010978039,0.0379584458248533,-0.0557156206564065,2,139
2010-05-20,train,train,-0.0113692554107163,0.0369072972593181,-0.0557156206564065,2,139
2010-05-21,train,train,0.0146486626271775,0.0359624064063335,-0.0557156206564065,2,139
2010-05-24,train,train,-0.0127734563949376,0.0350069516718986,-0.0557156206564065,2,139
2010-05-25,train,train,-0.0309990543250916,0.0347795047057908,-0.0557156206564065,2,139
2010-05-26,train,train,0.0042333144571445,0.0337359210308967,-0.0557156206564065,2,139
2010-05-27,train,train,0.0318133317564586,0.0336236659271638,-0.0557156206564065,2,139
2010-05-28,train,train,0.0096586859713685,0.0326850924526799,-0.0557156206564065,2,139
2010-05-31,train,train,-0.0070375620352085,0.0317362251896123,-0.0557156206564065,2,139
2010-06-01,train,train,-0.0063990717286606,0.0308093102335633,-0.0557156206564065,2,139
2010-06-02,train,train,-0.0034145595980443,0.0298824419062229,-0.0557156206564065,1,140
2010-06-03,train,train,0.0008843955950966,0.028972912238092,-0.0557156206564065,1,140
2010-06-04,train,train,-0.0387748497565,0.0296525412631221,-0.0557156206564065,2,141
2010-06-07,train,train,-0.0144596323154395,0.028966561224304,-0.0557156206564065,2,141
2010-06-08,train,train,-0.0143717802088226,0.0283039017273928,-0.0557156206564065,2,141
2010-06-09,train,train,0.0226825689479683,0.0279984667055008,-0.0557156206564065,2,141
2010-06-10,train,train,0.0364795171441676,0.0285783939340858,-0.0557156206564065,2,141
2010-06-11,train,train,0.0387577623377705,0.0292890930611815,-0.0557156206564065,2,141
2010-06-14,train,train,0.0023294878007172,0.028402561588888,-0.0557156206564065,2,141
2010-06-15,train,train,0.0163514105370629,0.0278270604289249,-0.0557156206564065,2,141
2010-06-16,train,train,-0.0060437093480023,0.0270199215385449,-0.0557156206564065,2,141
2010-06-17,train,train,0.0073874604423855,0.0262592091400225,-0.0557156206564065,2,141
2010-06-18,train,train,0.0219709263386018,0.0260218484552972,-0.0557156206564065,2,141
2010-06-21,train,train,0.0099883269783698,0.0253474732815371,-0.0557156206564065,2,141
2010-06-22,train,train,-0.0055556530296609,0.0246129367302624,-0.0557156206564065,1,142
2010-06-23,train,train,-0.0130741572798859,0.0240770610858837,-0.0557156206564065,1,142
2010-06-24,train,train,-0.0307637869699294,0.0245297210262417,-0.0557156206564065,2,143
2010-06-25,train,train,-0.0053866252260072,0.0238190202293725,-0.0557156206564065,1,144
2010-06-28,train,train,0.0159703923328706,0.0234223864514693,-0.0557156206564065,1,144
2010-06-29,train,train,-0.0560497847700867,0.0265365106640537,-0.0601298008037884,2,145
2010-06-30,train,train,0.0111813174184377,0.0258734714694944,-0.0601298008037884,2,145
2010-07-01,train,train,-0.0092400755934371,0.0251871608989208,-0.0601298008037884,2,145
2010-07-02,train,train,0.0078788932530803,0.0244960018621987,-0.0601298008037884,2,145
2010-07-05,train,train,0.0033131620008586,0.0237636167984906,-0.0601298008037884,2,145
2010-07-06,train,train,0.0353012438682245,0.024608892365635,-0.0601298008037884,2,145
2010-07-07,train,train,0.0379999964688414,0.025610578133918,-0.0601298008037884,2,145
2010-07-08,train,train,0.0092785359797672,0.0249341750095723,-0.0601298008037884,2,145
2010-07-09,train,train,0.0046317718640189,0.0242011879262056,-0.0601298008037884,2,145
2010-07-12,train,train,-0.0068463969602429,0.023523775978728,-0.0601298008037884,2,145
2010-07-13,train,train,0.0198157878362733,0.0233179304607821,-0.0601298008037884,2,145
2010-07-14,train,train,0.001850231307415,0.02261211466159,-0.0601298008037884,2,145
2010-07-15,train,train,-0.0115762009330685,0.0221058763993497,-0.0601298008037884,1,146
2010-07-16,train,train,-0.0167232984109786,0.0218203965977909,-0.0601298008037884,1,146
2010-07-19,train,train,-0.0062144567955525,0.0212103534534345,-0.0601298008037884,1,146
2010-07-20,train,train,0.0131560572184326,0.0208151689518611,-0.0601298008037884,1,146
2010-07-21,train,train,-0.0020395906321012,0.0201872380176597,-0.0601298008037884,1,146
2010-07-22,train,train,0.0257686039638332,0.02056488174217,-0.0601298008037884,1,146
2010-07-23,train,train,0.0082451270430814,0.0200404198210184,-0.0601298008037884,1,146
2010-07-26,train,train,0.0113426137567934,0.0196275473306436,-0.0601298008037884,1,146
2010-07-27,train,train,0.0130771441339462,0.0192973282939803,-0.0545211479095817,1,146
2010-07-28,train,train,-0.0001033036432608,0.0187094710461594,-0.0545211479095817,1,146
2010-07-29,train,train,0.0014645199929874,0.0181430520460601,-0.0545211479095817,1,146
2010-07-30,train,train,-0.0150953378888159,0.017974767616076,-0.0545211479095817,1,146
2010-08-02,train,train,0.0314624286811926,0.019055177766475,-0.0545211479095817,1,146
2010-08-03,train,train,0.0033169391473412,0.0184925373285462,-0.0545211479095817,1,146
2010-08-04,train,train,-0.00258816646544,0.0179403850843839,-0.0545211479095817,1,146
2010-08-05,train,train,-0.0003043640047623,0.0173940084570599,-0.0545211479095817,1,146
2010-08-06,train,train,-0.0175798770546589,0.0174052165464101,-0.0419412296172261,1,146
2010-08-09,train,train,0.0150489631752147,0.0172729078850297,-0.0419412296172261,1,146
2010-08-10,train,train,-0.0087408728862713,0.0168830186141364,-0.0419412296172261,1,146
2010-08-11,train,train,-0.0325914836838103,0.0182117112594199,-0.0424720394034656,1,146
2010-08-12,train,train,-0.0031277850066638,0.0176735232401343,-0.0424720394034656,1,146
2010-08-13,train,train,-0.0064603977404607,0.0172080336655381,-0.0424720394034656,1,146
2010-08-16,train,train,-0.0017044840416321,0.0166890309253451,-0.0424720394034656,1,146
2010-08-17,train,train,0.0107817013339963,0.0163947257693694,-0.0424720394034656,1,146
2010-08-18,train,train,0.0020712439426827,0.0159033711570177,-0.0424720394034656,1,146
2010-08-19,train,train,-0.0148337742845368,0.0158412320505656,-0.0424720394034656,1,146
2010-08-20,train,train,-0.0141353174744487,0.0157440905394145,-0.0424720394034656,1,146
2010-08-23,train,train,0.0124930415355448,0.015568184509024,-0.0424720394034656,1,146
2010-08-24,train,train,-0.016662489718031,0.0156360027049372,-0.0424720394034656,1,146
2010-08-25,train,train,-0.0158729473511618,0.0156503205465652,-0.0424720394034656,1,146
2010-08-26,train,train,0.0110965333542454,0.0154150758793636,-0.0424720394034656,1,146
2010-08-27,train,train,0.0142712514395964,0.0153488503661896,-0.0398016851412754,1,146
2010-08-30,train,train,-0.0012029273610271,0.0148841794252828,-0.0398016851412754,1,146
2010-08-31,train,train,0.0050189598948861,0.0144830199488836,-0.0398016851412754,1,146
2010-09-01,train,train,0.0345204670667103,0.0163912218464519,-0.0398016851412754,1,146
2010-09-02,train,train,-0.0006830534597623,0.0158927599278464,-0.0398016851412754,1,146
2010-09-03,train,train,0.0058476624094113,0.0154750359733339,-0.0398016851412754,1,146
2010-09-06,train,train,0.0021958088025032,0.0150132417768864,-0.0398016851412754,1,146
2010-09-07,train,train,-0.0136104929671111,0.0149327932437518,-0.0398016851412754,1,146
2010-09-08,train,train,0.010168534889441,0.0146905738936526,-0.0398016851412754,1,146
2010-09-09,train,train,0.0118973866631573,0.0145381240952929,-0.0398016851412754,1,146
2010-09-10,train,train,-0.0021773917856108,0.0141053213780052,-0.0398016851412754,1,146
2010-09-13,train,train,0.0070474649247426,0.0137841391250281,-0.0398016851412754,1,146
2010-09-14,train,train,0.0038382987507376,0.013397249500216,-0.0398016851412754,1,146
2010-09-15,train,train,-0.005083863256716,0.0130486725936991,-0.0398016851412754,0,147
2010-09-16,train,train,-0.0032605821218755,0.0126763428802045,-0.0354070485028519,0,147
2010-09-17,train,train,-0.0120346837347807,0.0126387620217841,-0.0354070485028519,0,147
2010-09-20,train,train,0.0144857524631799,0.0127571246204686,-0.0354070485028519,1,148
2010-09-21,train,train,0.0018042198888985,0.0123763842632525,-0.0222982197164826,0,149
2010-09-22,train,train,-0.0194492413660104,0.0129104908337593,-0.0232068673681598,1,150
2010-09-23,train,train,-0.005100549091324,0.012579382465624,-0.0232068673681598,1,150
2010-09-24,train,train,0.0213017407197069,0.0132654536629864,-0.0232068673681598,1,150
2010-09-27,train,train,-0.0107401692964619,0.0131276425691267,-0.0232068673681598,1,150
2010-09-28,train,train,-0.0021033909458043,0.0127381456525523,-0.0232068673681598,1,150
2010-09-29,train,train,-0.0098589811998183,0.0125839860141213,-0.0232068673681598,1,150
2010-09-30,train,train,0.0026379547905007,0.0122177260606051,-0.0232068673681598,1,150
2010-10-01,train,train,-0.0061437528397377,0.0119407370887988,-0.0232068673681598,1,150
2010-10-04,train,train,-0.0064416636847677,0.0116840075296127,-0.0232068673681598,1,150
2010-10-05,train,train,0.0255027529315082,0.0129363246117302,-0.0232068673681598,1,150
2010-10-06,train,train,0.0045898755521627,0.0125925216794538,-0.0232068673681598,1,150
2010-10-07,train,train,0.0037405560795769,0.0122432353444557,-0.0232068673681598,1,150
2010-10-08,train,train,-0.0018172437799052,0.0118786003171705,-0.0232068673681598,1,150
2010-10-11,train,train,-0.0018672766025451,0.0115258093026044,-0.0232068673681598,1,150
2010-10-12,train,train,-0.0049276096061327,0.0112396843132283,-0.0232068673681598,1,150
2010-10-13,train,train,0.0202569532580346,0.0119737764540374,-0.0232068673681598,1,150
2010-10-14,train,train,-0.0015103688146151,0.0116149006045835,-0.0232068673681598,1,150
2010-10-15,train,train,0.0017036658648399,0.0112687936237129,-0.0232068673681598,1,150
2010-10-18,train,train,0.0027106663774237,0.0109456580378881,-0.0232068673681598,0,151
2010-10-19,train,train,-0.0002202902767959,0.0106123463832371,-0.0232068673681598,0,151
2010-10-20,train,train,0.0001468954491984,0.0102891144764123,-0.0232068673681598,0,151
2010-10-21,train,train,-0.0004222817268056,0.0099762028556762,-0.0232068673681598,0,151
2010-10-22,train,train,0.0029793195820164,0.009699779725481,-0.0232068673681598,0,151
2010-10-25,train,train,-0.0050011395491045,0.0094837369705648,-0.0232068673681598,0,151
2010-10-26,train,train,-0.0066918967281122,0.0093397901379222,-0.0232068673681598,0,151
2010-10-27,train,train,-0.0090893499597216,0.0093249534043137,-0.0232068673681598,0,151
2010-10-28,train,train,0.0049782372523861,0.0091227430853624,-0.0232068673681598,0,151
2010-10-29,train,train,0.0055086244280132,0.008947159968547,-0.0229010715892838,0,151
2010-11-01,train,train,-0.0152269744658479,0.0094424687606377,-0.0229010715892838,0,151
2010-11-02,train,train,0.0105177345380305,0.009510413645401,-0.0229010715892838,0,151
2010-11-03,train,train,-0.0180581897957771,0.0102267777313409,-0.0180566402932728,1,152
2010-11-04,train,train,0.003145606877232,0.0099451221389101,-0.0180566402932728,0,153
2010-11-05,train,train,-0.0166140675990032,0.010465790062266,-0.0180566402932728,1,154
2010-11-08,train,train,-0.0131566190911668,0.0106464357173837,-0.0180566402932728,1,154
2010-11-09,train,train,0.0114002205314166,0.010693161345702,-0.0180566402932728,1,154
2010-11-10,train,train,-0.0168953308704931,0.0111628943336712,-0.0181342540107602,1,154
2010-11-11,train,train,-0.0084279037883964,0.0110179567546081,-0.0181342540107602,1,154
2010-11-12,train,train,0.0075872712667598,0.0108427694755608,-0.0181342540107602,1,154
2010-11-15,train,train,0.0119458586710961,0.0109120998561016,-0.0181342540107602,1,154
2010-11-16,train,train,-0.0248775688176105,0.0122091397604359,-0.0207949999931326,1,154
2010-11-17,train,train,0.0092581307310312,0.0120524722420936,-0.0207949999931326,1,154
2010-11-18,train,train,0.0132590581775757,0.0121282529386153,-0.0207949999931326,1,154
2010-11-19,train,train,-0.0052046206997605,0.0118276850135668,-0.0207949999931326,1,154
2010-11-22,train,train,-0.0271674237830555,0.0132583792265054,-0.0238314113222254,1,154
2010-11-23,train,train,-0.0309449509449354,0.0149228999148982,-0.0276633145152004,1,154
2010-11-24,train,train,0.0052278406300243,0.014524847139197,-0.0276633145152004,1,154
2010-11-25,train,train,-0.0021372181112372,0.0140920891079824,-0.0276633145152004,1,154
2010-11-26,train,train,-0.0181228465499688,0.0143658626934167,-0.0276633145152004,1,154
2010-11-29,train,train,-0.0235811482742339,0.0150784469858941,-0.0276633145152004,1,154
2010-11-30,train,train,-0.0061855154695591,0.0146974020082967,-0.0276633145152004,1,154
2010-12-01,train,train,0.0434153780976822,0.0177805093168828,-0.0276633145152004,2,155
2010-12-02,train,train,0.0274346653518674,0.0185023612723303,-0.0276633145152004,2,155
2010-12-03,train,train,0.0067327091811727,0.0180143524076724,-0.0276633145152004,2,155
2010-12-06,train,train,-0.0125499178284298,0.017734032405456,-0.0276633145152004,2,155
2010-12-07,train,train,0.0035125487005191,0.0172152964232019,-0.0276633145152004,1,156
2010-12-08,train,train,0.0153679545545894,0.0171100814350459,-0.0276633145152004,1,156
2010-12-09,train,train,0.0105704959420983,0.016789690782703,-0.0276633145152004,1,156
2010-12-10,train,train,-0.0062637150375798,0.0163503559945457,-0.0276633145152004,1,156
2010-12-13,train,train,0.00289051553944,0.0158680621842901,-0.0276633145152004,1,156
2010-12-14,train,train,0.001132230952208,0.0153871566720813,-0.0276633145152004,1,156
2010-12-15,train,train,-0.0151594990855688,0.0153735922859827,-0.0276633145152004,1,156
2010-12-16,train,train,4.9949850165819565e-05,0.0149052557538722,-0.0276633145152004,1,156
2010-12-17,train,train,-0.0112717743901917,0.0147125736707499,-0.0276633145152004,1,156
2010-12-20,train,train,0.0098522074540114,0.014467072754335,-0.0276633145152004,1,156
2010-12-21,train,train,0.0205259826564337,0.0149002476581835,-0.0276633145152004,1,156
2010-12-22,train,train,-0.0019522749938497,0.0144542388287238,-0.0276633145152004,1,156
2010-12-23,train,train,-0.0075502772388431,0.014135413686685,-0.0276633145152004,1,156
2010-12-27,train,train,-0.0207846759154761,0.0146199004806046,-0.0276633145152004,1,156
2010-12-28,train,train,0.0004544885257744,0.0141749565871723,-0.0276633145152004,1,156
2010-12-29,train,train,0.0078451573210621,0.0138768303368189,-0.0276633145152004,1,156
2010-12-30,train,train,-0.0123385448398048,0.0137893733110275,-0.0276633145152004,1,156
2011-01-03,train,train,0.0029573762968086,0.013388904802331,-0.0276633145152004,1,156
2011-01-04,train,train,1.0172175928771066e-05,0.0129810250637582,-0.0276633145152004,1,156
2011-01-05,train,train,-0.0088371287707311,0.0127703673282405,-0.0276633145152004,1,156
2011-01-06,train,train,-0.0101210651834101,0.0126270939817169,-0.0276633145152004,1,156
2011-01-07,train,train,-0.014743265802264,0.0127639619816378,-0.0276633145152004,1,156
2011-01-10,train,train,-0.012938098415331,0.012774477107767,-0.0276633145152004,1,156
2011-01-11,train,train,0.0151738680027024,0.0129310017270147,-0.0276633145152004,1,156
2011-01-12,train,train,0.0527575665057525,0.0180049939389256,-0.0276633145152004,2,157
2011-01-13,train,train,0.0263398290065909,0.018610647862503,-0.0276633145152004,2,157
2011-01-14,train,train,0.0013779043216994,0.0180468489839514,-0.0276633145152004,2,157
2011-01-17,train,train,-0.0101717994889457,0.0176735781053293,-0.0276633145152004,2,157
2011-01-18,train,train,0.029086542702039,0.0185573613222332,-0.0276633145152004,2,157
2011-01-19,train,train,-0.0025449914130292,0.0180028258494833,-0.0276633145152004,2,157
2011-01-20,train,train,0.0075873485475638,0.0175530540286227,-0.0276633145152004,1,158
2011-01-21,train,train,0.0179078121169599,0.0175745414585082,-0.0276633145152004,1,158
2011-01-24,train,train,-0.0012658397447049,0.0170419710727301,-0.0276633145152004,1,158
2011-01-25,train,train,-0.014059966390857,0.0168779148787955,-0.0276633145152004,1,158
2011-01-26,train,train,0.0005905583795217,0.0163643849737316,-0.0276633145152004,1,158
2011-01-27,train,train,0.0146983636346278,0.0162692354905363,-0.0276633145152004,1,158
2011-01-28,train,train,-0.0075733965924044,0.0158823210582234,-0.0276633145152004,1,158
2011-01-31,train,train,0.0054748950203479,0.0154567688536035,-0.0276633145152004,1,158
2011-02-01,train,train,0.0148713396534769,0.015422269799723,-0.0276633145152004,1,158
2011-02-02,train,train,0.003849276974704,0.0149821439528059,-0.0276633145152004,1,158
2011-02-03,train,train,-0.01367135990939,0.014906747602464,-0.0276633145152004,1,158
2011-02-04,train,train,-0.0005526037725234,0.0144532618773174,-0.0276633145152004,1,158
2011-02-07,train,train,0.0062358236955837,0.0140959604848482,-0.0276633145152004,1,158
2011-02-08,train,train,0.0038834684911569,0.0136996064002689,-0.0276633145152004,1,158
2011-02-09,train,train,-0.0026939821862359,0.0132986433515654,-0.0276633145152004,0,159
2011-02-10,train,train,-0.0132276107318337,0.0132943920971582,-0.0272311743340749,1,160
2011-02-11,train,train,0.0010834879056795,0.0128921234217451,-0.0272311743340749,0,161
2011-02-14,train,train,-0.0026785669284896,0.0125165857481041,-0.0272311743340749,0,161
2011-02-15,train,train,0.0047683335296794,0.0121913593967728,-0.0272311743340749,0,161
2011-02-16,train,train,0.0202621750540185,0.0128197048944187,-0.0251035917115484,1,162
2011-02-17,train,train,0.0058842165922292,0.012512457147157,-0.0208295569132262,0,163
2011-02-18,train,train,-0.0040484486021025,0.0121717412473691,-0.0208295569132262,0,163
2011-02-21,train,train,-0.0235492007235547,0.0131352997368323,-0.0226383416377549,1,164
2011-02-22,train,train,-0.0100965618359053,0.0129730631263483,-0.0226383416377549,1,164
2011-02-23,train,train,-0.0064213113331912,0.0126758171027224,-0.0198311252415332,1,164
2011-02-24,train,train,0.0013344518765143,0.0122940068560667,-0.0198311252415332,1,164
2011-02-25,train,train,0.0163113365905546,0.0125713018571911,-0.0198311252415332,1,164
2011-02-28,train,train,0.0025929963295021,0.0122048674863526,-0.0198311252415332,1,164
2011-03-01,train,train,-0.008226644797388,0.0120034130152721,-0.0198311252415332,1,164
2011-03-02,train,train,-0.0110346217828939,0.0119475010461512,-0.0198311252415332,1,164
2011-03-03,train,train,-0.007251041047993,0.0117189107919506,-0.0198311252415332,1,164
2011-03-04,train,train,-0.0064750589827933,0.0114720739742452,-0.0198311252415332,1,164
2011-03-07,train,train,-0.0002857907856017,0.011122808682015,-0.0198311252415332,1,164
2011-03-08,train,train,0.0069311601898133,0.0109167907139744,-0.0198311252415332,1,164
2011-03-09,train,train,-0.0008708934186771,0.0105863708438707,-0.0198311252415332,0,165
2011-03-10,train,train,-0.0118029405042566,0.0106632798452512,-0.0198311252415332,0,165
2011-03-11,train,train,-0.0035710182049955,0.0103753715642321,-0.0196923808137649,0,165
2011-03-14,train,train,0.001681538320298,0.0100677251282244,-0.0196923808137649,0,165
2011-03-15,train,train,-0.0083102709233979,0.0099710170028563,-0.0196923808137649,0,165
2011-03-16,train,train,-0.0232207443221034,0.011216420430749,-0.0225182069870447,1,166
2011-03-17,train,train,0.0228236946258679,0.0122276270888941,-0.0225182069870447,1,166
2011-03-18,train,train,0.0002712098557716,0.0118553104412624,-0.0225182069870447,1,166
2011-03-21,train,train,0.0235386265886849,0.0128592184451496,-0.0225182069870447,1,166
2011-03-22,train,train,0.0001606789891207,0.0124675369717969,-0.020504403615974,1,166
2011-03-23,train,train,0.005835800729724,0.0121719556220009,-0.020504403615974,1,166
2011-03-24,train,train,0.0109940275716616,0.0121045128765642,-0.020504403615974,1,166
2011-03-25,train,train,-0.0042112485593243,0.0117810082304478,-0.020504403615974,1,166
2011-03-28,train,train,0.0037835087842289,0.0114596475492724,-0.020504403615974,1,166
2011-03-29,train,train,-0.0014893436615782,0.0111165282039345,-0.020504403615974,1,166
2011-03-30,train,train,-0.0002515638253205,0.0107780501210484,-0.020504403615974,0,167
2011-03-31,train,train,-0.0146233236564586,0.0110465776706097,-0.020504403615974,1,168
2011-04-01,train,train,0.0143997290154101,0.0112759211278671,-0.0204644229007055,1,168
2011-04-04,train,train,0.0024387282818613,0.0109487194311906,-0.0204644229007055,1,168
2011-04-05,train,train,-0.0072313042143889,0.0107619466357354,-0.0204644229007055,1,168
2011-04-06,train,train,0.0154716422838255,0.011101019257911,-0.0204644229007055,1,168
2011-04-07,train,train,0.000368762540282,0.0107632165266387,-0.0204644229007055,1,168
2011-04-08,train,train,0.0058909982100272,0.0105346215781101,-0.0204644229007055,0,169
2011-04-11,train,train,-0.0032031255189814,0.0102437862859279,-0.0204644229007055,0,169
2011-04-12,train,train,-0.0086600517737108,0.0101557293104365,-0.0204644229007055,0,169
2011-04-13,train,train,0.0001390789732671,0.009846403817379,-0.0204644229007055,0,169
2011-04-14,train,train,-0.0152557730498892,0.010251774711131,-0.0206752393651824,0,169
2011-04-15,train,train,-0.0060525885789809,0.0100494269167203,-0.0206752393651824,0,169
2011-04-18,train,train,-0.0204469953469582,0.0109551950962247,-0.0224056467975387,1,170
2011-04-19,train,train,0.0030499547364598,0.0106476971714184,-0.0224056467975387,1,170
2011-04-20,train,train,0.0151974339230743,0.0109740041744912,-0.0224056467975387,1,170
2011-04-21,train,train,0.0046117904878824,0.0106994933643931,-0.0224056467975387,1,170
2011-04-26,train,train,0.006263360172405,0.0104863811488219,-0.0224056467975387,1,170
2011-04-27,train,train,0.0084427373796203,0.0103751205819566,-0.0224056467975387,1,170
2011-04-28,train,train,0.011745361630709,0.0104623969841953,-0.0224056467975387,1,170
2011-04-29,train,train,0.0010208995175007,0.0101467521781649,-0.0224056467975387,0,171
2011-05-02,train,train,-0.000147138517444,0.0098377072513766,-0.0224056467975387,0,171
2011-05-03,train,train,-0.0047643721055086,0.009609141971037,-0.0224056467975387,0,171
2011-05-04,train,train,-0.0104930916824571,0.0096644591797865,-0.0224056467975387,0,171
2011-05-05,train,train,-0.0079944467600981,0.0095724780335865,-0.0224056467975387,0,171
2011-05-06,train,train,-0.0015820683254337,0.0092889489164527,-0.0224056467975387,0,171
2011-05-09,train,train,-0.0203941428992641,0.010298677659285,-0.0224056467975387,1,172
2011-05-10,train,train,0.0074842751001844,0.0101518401417959,-0.0224056467975387,1,172
2011-05-11,train,train,0.0054365494789759,0.0099322520599784,-0.0224056467975387,1,172
2011-05-12,train,train,-0.004177200750552,0.0096838831824115,-0.0224056467975387,0,173
2011-05-13,train,train,-0.0125792407149461,0.0098815573519072,-0.0224056467975387,1,174
2011-05-16,train,train,0.0007143103871938,0.0095821229128437,-0.0224056467975387,0,175
2011-05-17,train,train,-0.0055635579463043,0.0093896349964813,-0.0224056467975387,0,175
2011-05-18,train,train,0.0036125619731969,0.009146494786842,-0.0213539608561085,0,175
2011-05-19,train,train,0.0031948719238872,0.0089023197689809,-0.0213539608561085,0,175
2011-05-20,train,train,-0.014580410718764,0.0093408523185364,-0.0213539608561085,0,175
2011-05-23,train,train,-0.0141709455542171,0.0096987304627224,-0.0213539608561085,1,176
2011-05-24,train,train,0.0032873819326036,0.0094376831389635,-0.0213539608561085,0,177
2011-05-25,train,train,0.0099836194777827,0.0094713267667322,-0.0213539608561085,0,177
2011-05-26,train,train,-0.0013907732519013,0.0091891089825497,-0.0213539608561085,0,177
2011-05-27,train,train,0.0056684012316579,0.0090167170750207,-0.0213539608561085,0,177
2011-05-30,train,train,-0.0003509551999879,0.008742454219237,-0.0213539608561085,0,177
2011-05-31,train,train,0.0210680923087253,0.0099235349669695,-0.0213539608561085,1,178
2011-06-01,train,train,-0.0131347905636804,0.0101449158131219,-0.0213539608561085,1,178
2011-06-02,train,train,-0.0076018566872621,0.0100105669844236,-0.0213539608561085,1,178
2011-06-03,train,train,0.0024043016935853,0.0097234563950624,-0.0213539608561085,0,179
2011-06-06,train,train,-0.0125225554219286,0.0099137143225128,-0.0213539608561085,1,180
2011-06-07,train,train,0.0010232734811962,0.0096149702592016,-0.0213539608561085,0,181
2011-06-08,train,train,-0.0084539945444471,0.0095492929228118,-0.0213539608561085,0,181
2011-06-09,train,train,0.003880312741318,0.0093070438499208,-0.0213539608561085,0,181
2011-06-10,train,train,-0.0170286430052323,0.0099409397074355,-0.0192899270838182,1,182
2011-06-13,train,train,-0.0004623424608732,0.0096387639749048,-0.0192899270838182,1,182
2011-06-14,train,train,0.0185672435230182,0.0103930734928928,-0.0192899270838182,1,182
2011-06-15,train,train,-0.0198852578227101,0.0111919804660073,-0.0202421320229774,1,182
2011-06-16,train,train,-0.0014708765699963,0.0108570074062538,-0.0202421320229774,1,182
2011-06-17,train,train,0.0216127570881666,0.0117825637858409,-0.0202421320229774,1,182
2011-06-20,train,train,-0.009626631130519,0.0116644503694237,-0.0202421320229774,1,182
2011-06-21,train,train,0.0191224377165637,0.0122407473517321,-0.0202421320229774,1,182
2011-06-22,train,train,-0.0005572561755881,0.0118686298304359,-0.0202421320229774,1,182
2011-06-23,train,train,-0.0281244887044801,0.0134116264301577,-0.0229885423169008,1,182
2011-06-24,train,train,-0.0131510446254511,0.0133961344639569,-0.0229885423169008,1,182
2011-06-27,train,train,0.0060452670888382,0.0130721745976847,-0.0229885423169008,1,182
2011-06-28,train,train,0.0065122536107425,0.0127739348133239,-0.0229885423169008,1,182
2011-06-29,train,train,0.0206078567523614,0.0133740058162727,-0.0229885423169008,1,182
2011-06-30,train,train,0.0210997178600928,0.0139586559276245,-0.0229885423169008,1,182
2011-07-01,train,train,0.0126704530791688,0.0138847345549471,-0.0229885423169008,1,182
2011-07-04,train,train,-0.0022900796841024,0.0134734320178355,-0.0229885423169008,1,182
2011-07-05,train,train,-0.0132610725544003,0.0134607849264619,-0.0229885423169008,1,182
2011-07-06,train,train,-0.0122331391407319,0.0133903005410807,-0.0229885423169008,1,182
2011-07-07,train,train,-0.0008136793155782,0.0129839078904371,-0.0229885423169008,1,182
2011-07-08,train,train,-0.0256291126954619,0.0140669128565693,-0.0247335322489667,1,182
2011-07-11,train,train,-0.0272956498779162,0.0151890916519364,-0.0270164170926194,1,182
2011-07-12,train,train,-0.0069730786693484,0.0148250944167652,-0.0270164170926194,1,182
2011-07-13,train,train,0.0065904829324217,0.0144638337557853,-0.0270164170926194,1,182
2011-07-14,train,train,-0.0070905127452674,0.0141303524357867,-0.0270164170926194,1,182
2011-07-15,train,train,-0.0119899493589846,0.0140111520404223,-0.0270164170926194,1,182
2011-07-18,train,train,-0.0144862911444437,0.0140401138341944,-0.0270164170926194,1,182
2011-07-19,train,train,0.0102174308670772,0.0138405585978283,-0.0270164170926194,1,182
2011-07-20,train,train,0.0301432143718938,0.01531614184193,-0.0270164170926194,1,182
2011-07-21,train,train,0.0288419310240429,0.0164444692215508,-0.0270164170926194,1,182
2011-07-22,train,train,0.0041540573556681,0.0159759414574125,-0.0270164170926194,1,182
2011-07-25,train,train,-0.0193827852878215,0.0162005680472771,-0.0270164170926194,1,182
2011-07-26,train,train,-0.0033300033037229,0.0157281987548275,-0.0270164170926194,1,182
2011-07-27,train,train,-0.0195214601765504,0.015981204784138,-0.0270164170926194,1,182
2011-07-28,train,train,0.0014196889806243,0.0154982548365777,-0.0270164170926194,1,182
2011-07-29,train,train,-0.0027271107859118,0.0150409566449429,-0.0270164170926194,1,182
2011-08-01,train,train,-0.0329864690087897,0.0166716220700752,-0.029468869197062,1,182
2011-08-02,train,train,-0.0220589341948326,0.0170429515685896,-0.029468869197062,1,182
2011-08-03,train,train,-0.0085057493710097,0.0166545889358122,-0.029468869197062,1,182
2011-08-04,train,train,-0.0396346818312174,0.0188411064668542,-0.0335818798481624,2,183
2011-08-05,train,train,-0.0017628860934123,0.0182722336172762,-0.0335818798481624,1,184
2011-08-08,train,train,-0.0247289421275575,0.0187225341449106,-0.0335818798481624,2,185
2011-08-09,train,train,-0.003611975568229,0.0181737192057441,-0.0335818798481624,1,186
2011-08-10,train,train,-0.0564838380223501,0.0224029565693277,-0.0430349962874524,2,187
2011-08-11,train,train,0.0349580096294807,0.0233474337240658,-0.0430349962874524,2,187
2011-08-12,train,train,0.0471066421469942,0.0254074525655675,-0.0430349962874524,2,187
2011-08-15,train,train,0.0071098700079005,0.0246949254344091,-0.0430349962874524,2,187
2011-08-16,train,train,-0.0039923693294279,0.023962581715043,-0.0430349962874524,2,187
2011-08-17,train,train,0.0061945832413527,0.0232820826988298,-0.0430349962874524,2,187
2011-08-18,train,train,-0.0481734373095302,0.0254710199254046,-0.0480973190543659,2,187
2011-08-19,train,train,-0.0213622046174859,0.0252433577767518,-0.0480973190543659,2,187
2011-08-22,train,train,0.0184967557363143,0.0248901844810464,-0.0480973190543659,2,187
2011-08-23,train,train,-0.0017015638184139,0.0241355282862459,-0.0480973190543659,2,187
2011-08-24,train,train,0.0107275265630068,0.0235473372525729,-0.0480973190543659,2,187
2011-08-25,train,train,-0.0083992859015798,0.0229225074196653,-0.0480973190543659,2,187
2011-08-26,train,train,-0.0137826868531011,0.0224791595268545,-0.0480973190543659,2,187
2011-08-29,train,train,0.0252719613606609,0.0226564378954996,-0.0480973190543659,2,187
2011-08-30,train,train,0.0059145598431397,0.0220139557670619,-0.0480973190543659,1,188
2011-08-31,train,train,0.0319078182545634,0.0227293626296314,-0.0480973190543659,2,189
2011-09-01,train,train,0.0048627983761789,0.0220691028023155,-0.0480973190543659,2,189
2011-09-02,train,train,-0.0345586588828705,0.0230104462107143,-0.0480973190543659,2,189
2011-09-05,train,train,-0.0480431071000228,0.0252230094381432,-0.050900127477301,2,189
2011-09-06,train,train,-0.0162598788353628,0.0247768281342488,-0.050900127477301,2,189
2011-09-07,train,train,0.0273676345307586,0.0249398673781359,-0.050900127477301,2,189
2011-09-08,train,train,0.0147497374758381,0.0244485265626588,-0.050900127477301,2,189
2011-09-09,train,train,-0.045424044299157,0.0261852487490464,-0.050900127477301,2,189
2011-09-12,train,train,-0.0346638778571609,0.0267698016916869,-0.050900127477301,2,189
2011-09-13,train,train,0.025009567265379,0.0266674643140963,-0.050900127477301,2,189
2011-09-14,train,train,0.0266389874354537,0.0266657565589682,-0.050900127477301,2,189
2011-09-15,train,train,0.0356735990463451,0.0272902026123954,-0.050900127477301,2,189
2011-09-16,train,train,0.0060384190358376,0.0265001433840498,-0.050900127477301,2,189
2011-09-19,train,train,-0.019951220715512,0.0261534933784195,-0.050900127477301,2,189
2011-09-20,train,train,0.016822945518551,0.0256894062347991,-0.050900127477301,2,189
2011-09-21,train,train,-0.0183321533616994,0.0253083568796427,-0.050900127477301,2,189
2011-09-22,train,train,-0.0473247160039958,0.0271377942538086,-0.050900127477301,2,189
2011-09-23,train,train,0.0209892630550372,0.0268086783366867,-0.050900127477301,2,189
2011-09-26,train,train,0.0252874856844348,0.0267198491022081,-0.050900127477301,2,189
2011-09-27,train,train,0.0394706935468075,0.0276512107298404,-0.050900127477301,2,189
2011-09-28,train,train,-0.0060780745605318,0.0268501520844535,-0.050900127477301,2,189
2011-09-29,train,train,0.0131556858244492,0.0262308816304653,-0.050900127477301,2,189
2011-09-30,train,train,-0.0053562378987046,0.025465603450742,-0.050900127477301,2,189
2011-10-03,train,train,-0.0228170192896022,0.0253145042163488,-0.050900127477301,2,189
2011-10-04,train,train,-0.0154895430266867,0.0248348592282482,-0.050900127477301,2,189
2011-10-05,train,train,0.030165036412089,0.0251865000390735,-0.050900127477301,2,189
2011-10-06,train,train,0.0264826224744255,0.0252661424588822,-0.050900127477301,2,189
2011-10-07,train,train,0.0106953666927118,0.0246361265134938,-0.050900127477301,2,189
2011-10-10,train,train,0.0106271026645859,0.0240270373636901,-0.050900127477301,2,189
2011-10-11,train,train,-0.0052881733876921,0.0233310629778047,-0.050900127477301,2,189
2011-10-12,train,train,0.0202558601921932,0.0231580694795868,-0.050900127477301,2,189
2011-10-13,train,train,-0.0092376929797857,0.0225663135978258,-0.050900127477301,1,190
2011-10-14,train,train,0.0035716351815233,0.0218963374449675,-0.050900127477301,1,190
2011-10-17,train,train,-0.0124667032492043,0.0214477910118472,-0.050900127477301,1,190
2011-10-18,train,train,-0.0059969916404222,0.0208462253047097,-0.050900127477301,1,190
2011-10-19,train,train,0.0043259980669551,0.0202389243400916,-0.050900127477301,1,190
2011-10-20,train,train,-0.0276457280492641,0.0207579958497864,-0.050900127477301,1,190
2011-10-21,train,train,0.0280411528221513,0.0212654438771797,-0.050900127477301,1,190
2011-10-24,train,train,0.0116900971816492,0.0208155100687649,-0.050900127477301,1,190
2011-10-25,train,train,-0.0086900118834156,0.0202933316695292,-0.050900127477301,1,190
2011-10-26,train,train,-0.0053183719801961,0.0197181960753445,-0.050900127477301,1,190
2011-10-27,train,train,0.0483991569779694,0.0224950555644673,-0.050900127477301,2,191
2011-10-28,train,train,-0.0049851313123863,0.0218439228484645,-0.050900127477301,2,191
2011-10-31,train,train,-0.0296512001895639,0.0223892645668853,-0.050900127477301,2,191
2011-11-01,train,train,-0.0428137082222026,0.0241077422103228,-0.050900127477301,2,191
2011-11-02,train,train,-0.000594565132187,0.0233737769920139,-0.0478470868045162,2,191
2011-11-03,train,train,0.0159775428812648,0.0229971814884219,-0.0478470868045162,2,191
2011-11-04,train,train,-0.0134266661745073,0.0225378494293584,-0.0478470868045162,2,191
2011-11-07,train,train,-0.0140576934355932,0.0221209064500113,-0.0478470868045162,2,191
2011-11-08,train,train,0.0049543966797951,0.0214813219990667,-0.0478470868045162,2,191
2011-11-09,train,train,-0.0211051816155889,0.021458939503143,-0.0478470868045162,2,191
2011-11-10,train,train,-0.003567159906869,0.0208235539068539,-0.0469306224677252,1,192
2011-11-11,train,train,0.0290765102548892,0.0214086379853813,-0.0469306224677252,2,193
2011-11-14,train,train,-0.0217277389839744,0.0214279180520905,-0.0469306224677252,2,193
2011-11-15,train,train,-0.0162077419941647,0.0211510705581832,-0.0469306224677252,2,193
2011-11-16,train,train,0.0080403383037722,0.0206010810642101,-0.0469306224677252,2,193
2011-11-17,train,train,-0.0040423154233729,0.0199980170865071,-0.0469306224677252,1,194
2011-11-18,train,train,0.0047645899705789,0.0194238905784593,-0.0469306224677252,1,194
2011-11-21,train,train,-0.0354084703432853,0.0207334478564179,-0.0469306224677252,2,195
2011-11-22,train,train,-0.0145802478085531,0.0204166188675658,-0.0469306224677252,2,195
2011-11-23,train,train,-0.0211716101545439,0.0204627039028716,-0.0469306224677252,2,195
2011-11-24,train,train,-0.0022637490994811,0.0198470750881515,-0.0469306224677252,1,196
2011-11-25,train,train,0.0053857966864144,0.0192876233512137,-0.0469306224677252,1,196
2011-11-28,train,train,0.0448845473962172,0.0216926030103301,-0.0451874895084518,2,197
2011-11-29,train,train,0.000997065054857,0.0210331769394301,-0.0451874895084518,2,197
2011-11-30,train,train,0.0387923582548422,0.022497592843986,-0.0451874895084518,2,197
2011-12-01,train,train,-0.0033786854932956,0.0218279205076228,-0.0451874895084518,2,197
2011-12-02,train,train,0.0162080104667822,0.0215321295524468,-0.0418489648564945,2,197
2011-12-05,train,train,0.0170528853979858,0.0212899671419043,-0.0418489648564945,2,197
2011-12-06,train,train,0.0008037394047659,0.020642327840411,-0.0418489648564945,2,197
2011-12-07,train,train,-0.0078930727536897,0.0201066504570117,-0.0418489648564945,2,197
2011-12-08,train,train,-0.0214091129907441,0.0201871681071776,-0.0418489648564945,2,197
2011-12-09,train,train,0.0220336528646489,0.0203026934747534,-0.0418489648564945,2,197
2011-12-12,train,train,-0.0315574543021443,0.0211475713951253,-0.0418489648564945,2,197
2011-12-13,train,train,-0.0063679536146955,0.0205625786163005,-0.0418489648564945,2,197
2011-12-14,train,train,-0.0176626318232183,0.0204002101647459,-0.0418489648564945,2,197
2011-12-15,train,train,0.0083250610868282,0.0198835826451326,-0.0365932109558774,2,197
2011-12-16,train,train,-0.0057129873722963,0.0193285731692857,-0.0365932109558774,1,198
2011-12-19,train,train,0.0060280269524885,0.0187978281418679,-0.0365932109558774,1,198
2011-12-20,train,train,0.0241103168683284,0.0191581649708316,-0.0365932109558774,1,198
2011-12-21,train,train,-0.0090300594399252,0.0187057661258752,-0.0365932109558774,1,198
2011-12-22,train,train,0.0100349490091566,0.0183017309911266,-0.0365932109558774,1,198
2011-12-23,train,train,0.0093851990130045,0.0178924865087582,-0.0365932109558774,1,198
2011-12-27,train,train,-0.001534720236584,0.0173514820989563,-0.0365932109558774,1,198
2011-12-28,train,train,-0.0202753744410379,0.0175406654289977,-0.0365932109558774,1,198
2011-12-29,train,train,0.0153746140141667,0.0174182999295451,-0.0365932109558774,1,198
2011-12-30,train,train,0.0091942215120274,0.0170371759585381,-0.0365932109558774,1,198
2012-01-03,train,train,0.0192044324470463,0.0171749252196464,-0.0365932109558774,1,198
2012-01-04,train,train,-0.0173966496066071,0.0171883093402034,-0.0365932109558774,1,198
2012-01-05,train,train,-0.0298283010346217,0.0181960257158747,-0.0365932109558774,1,198
2012-01-06,train,train,-0.0048740424846268,0.0176820532786813,-0.0365932109558774,1,198
2012-01-09,train,train,-0.0012311963857353,0.0171460391441735,-0.0365932109558774,1,198
2012-01-10,train,train,0.0231627488483757,0.0175652564708374,-0.0365932109558774,1,198
2012-01-11,train,train,-0.0054558066365568,0.017082502461772,-0.0365932109558774,1,198
2012-01-12,train,train,2.375672235687692e-05,0.0165621016419406,-0.0365932109558774,1,198
2012-01-13,train,train,0.0027965646633388,0.0160721580562495,-0.0365932109558774,1,198
2012-01-16,train,train,-0.0001183419234693,0.015582562337389,-0.0365932109558774,1,198
2012-01-17,train,train,0.0100914358341959,0.0153087392913472,-0.0365932109558774,1,198
2012-01-18,train,train,-0.0135175127596244,0.0152072166368934,-0.0365932109558774,1,198
2012-01-19,train,train,0.0215109822595473,0.0156571776842813,-0.0365932109558774,1,198
2012-01-20,train,train,-0.0048817746672988,0.0152272217981175,-0.0365932109558774,1,198
2012-01-23,train,train,0.0067164676759049,0.0148547246002815,-0.0365932109558774,1,198
2012-01-24,train,train,-0.0032768895223281,0.0144245399465525,-0.0365932109558774,1,198
2012-01-25,train,train,-0.0041990445052513,0.0140228823711437,-0.0365932109558774,1,198
2012-01-26,train,train,0.0183452639277145,0.0143190669636638,-0.0322647418933504,1,198
2012-01-27,train,train,-0.0065050869182224,0.0139739939650807,-0.0322647418933504,1,198
2012-01-30,train,train,-0.016338723674656,0.0141270446440489,-0.0322647418933504,1,198
2012-01-31,train,train,-0.0009162130359453,0.0136985164792428,-0.0322647418933504,1,198
2012-02-01,train,train,0.0217841679502537,0.0143130496717245,-0.0322647418933504,1,198
2012-02-02,train,train,0.0086669163919385,0.0140384655085814,-0.0322647418933504,1,198
2012-02-03,train,train,0.0100832202868629,0.013833079298793,-0.0322647418933504,1,198
2012-02-06,train,train,-0.0029271816286729,0.013430820579947,-0.0322647418933504,1,198
2012-02-07,train,train,0.0013121216823744,0.0130256295342009,-0.0322647418933504,1,198
2012-02-08,train,train,0.0002711787201916,0.0126289910741282,-0.0322647418933504,1,198
2012-02-09,train,train,0.0059488281965283,0.0123306627572119,-0.0322647418933504,0,199
2012-02-10,train,train,-0.0118650945516261,0.0123032254922564,-0.0322647418933504,1,200
2012-02-13,train,train,-0.0010008091384198,0.011930938487747,-0.0322647418933504,0,201
2012-02-14,train,train,-0.0018677959321579,0.0115765182721382,-0.0322647418933504,0,201
2012-02-15,train,train,-0.0034602839976793,0.0112558092870978,-0.0275982894425033,0,201
2012-02-16,train,train,-0.0212150588911716,0.0120870331996904,-0.0275982894425033,1,202
2012-02-17,train,train,0.0114900967107033,0.0120520508056294,-0.0275982894425033,1,202
2012-02-20,train,train,0.0184381593276369,0.0125273602992675,-0.0275982894425033,1,202
2012-02-21,train,train,-0.0058003544153985,0.0122285451867447,-0.0275982894425033,1,202
2012-02-22,train,train,-0.0126378049122382,0.012253486243563,-0.0275982894425033,1,202
2012-02-23,train,train,-0.0150485461556583,0.0124389137024845,-0.0275982894425033,1,202
2012-02-24,train,train,0.0,0.0120599742807348,-0.0275982894425033,1,202
2012-02-27,train,train,0.0011133977403506,0.0116957590666258,-0.0275982894425033,1,202
2012-02-28,train,train,-0.0012306696477705,0.011343465352475,-0.0275982894425033,1,202
2012-02-29,train,train,-0.0071560708715325,0.0111367102346132,-0.0275982894425033,1,202
2012-03-01,train,train,0.0096158974807184,0.0110513648487567,-0.0275982894425033,1,202
2012-03-02,train,train,0.0018350912927343,0.0107241204171845,-0.0275982894425033,0,203
2012-03-05,train,train,-0.0129168097177203,0.0108681641318102,-0.0275336047426458,1,204
2012-03-06,train,train,-0.034527855988291,0.0135114892757644,-0.031971203775019,1,204
2012-03-07,train,train,-0.0005879691845318,0.0131006665619681,-0.0285237386380281,1,204
2012-03-08,train,train,0.0176819809729463,0.0134197229320674,-0.0285237386380281,1,204
2012-03-09,train,train,-0.0029777082551942,0.0130313326465957,-0.0285237386380281,1,204
2012-03-12,train,train,-0.0124523553155278,0.0129973213350946,-0.0285237386380281,1,204
2012-03-13,train,train,0.0237492981312118,0.0138793476027497,-0.0285237386380281,1,204
2012-03-14,train,train,0.001705618908111,0.0134630108310459,-0.0285237386380281,1,204
2012-03-15,train,train,0.0042336901065414,0.0130940043116589,-0.0285237386380281,1,204
2012-03-16,train,train,0.0070478233335635,0.0128119507025037,-0.0285237386380281,1,204
2012-03-19,train,train,0.0123551745277274,0.0127850043493077,-0.0285237386380281,1,204
2012-03-20,train,train,-0.0028322654305142,0.0124149208490123,-0.0285237386380281,1,204
2012-03-21,train,train,-0.0089809362441375,0.0122360891241966,-0.0285237386380281,1,204
2012-03-22,train,train,-0.0163025278776043,0.0125173842852239,-0.0285237386380281,1,204
2012-03-23,train,train,-0.0086322335422965,0.012318877470738,-0.0285237386380281,1,204
2012-03-26,train,train,-0.0069184742906311,0.0120632240632975,-0.0285237386380281,1,204
2012-03-27,train,train,-0.0103147862866859,0.0119655246972977,-0.0285237386380281,1,204
2012-03-28,train,train,-0.0197883981676538,0.0125729151960569,-0.0285237386380281,1,204
2012-03-29,train,train,-0.0087843840064908,0.012378345159108,-0.0251771043490388,1,204
2012-03-30,train,train,0.0121867969614978,0.0123669359324038,-0.0251771043490388,1,204
2012-04-02,train,train,0.0043362194573182,0.0120371427691845,-0.0251771043490388,1,204
2012-04-03,train,train,-0.02751738675437,0.0134770780256835,-0.0277534338779442,1,204
2012-04-04,train,train,-0.0211564690855015,0.0140566534151513,-0.0277534338779442,1,204
2012-04-05,train,train,-2.6133137629503868e-05,0.0136284326280067,-0.0277534338779442,1,204
2012-04-10,train,train,-0.0300669444860445,0.0151271740383313,-0.0307040624095685,1,204
2012-04-11,train,train,0.0190674518694775,0.0153920620441348,-0.0307040624095685,1,204
2012-04-12,train,train,-0.007511644249605,0.0150361606632885,-0.0307040624095685,1,204
2012-04-13,train,train,-0.0364818716872186,0.0170990227074781,-0.0336922240538513,1,204
2012-04-16,train,train,-0.0057401129248171,0.0166376355495959,-0.0336922240538513,1,204
2012-04-17,train,train,0.0225212328941913,0.0170480091959376,-0.0336922240538513,1,204
2012-04-18,train,train,-0.0407044473980416,0.0193030480176288,-0.0372380583578504,2,205
2012-04-19,train,train,-0.0244662392174203,0.0196511326567013,-0.0372380583578504,2,205
2012-04-20,train,train,0.0189987066660113,0.019612599142099,-0.0372380583578504,2,205
2012-04-23,train,train,-0.0279411728907606,0.0202093382116492,-0.0372380583578504,2,205
2012-04-24,train,train,0.022143608448543,0.0203305846842386,-0.0372380583578504,2,205
2012-04-25,train,train,0.0168573735911688,0.0201390907404071,-0.0372380583578504,2,205
2012-04-26,train,train,-0.0129791019991023,0.0197827051391239,-0.0372380583578504,2,205
2012-04-27,train,train,0.0167506446752703,0.0196140037495269,-0.0372380583578504,2,205
2012-04-30,train,train,-0.019044419673803,0.0195802959564963,-0.0372380583578504,2,205
2012-05-02,train,train,-0.0258774950577979,0.0200140799285735,-0.0372380583578504,2,205
2012-05-03,train,train,0.0029231696618781,0.0194175767519126,-0.0372380583578504,2,205
2012-05-04,train,train,0.0035111191935002,0.0188456739646235,-0.0372380583578504,2,205
2012-05-07,train,train,0.0268611039555746,0.0194201183284955,-0.0372380583578504,2,205
2012-05-08,train,train,-0.0080028786827186,0.0189302746987945,-0.0372380583578504,2,205
2012-05-09,train,train,-0.0281067760052949,0.0196023833654538,-0.0372380583578504,2,205
2012-05-10,train,train,0.0336289472396396,0.0207135847485806,-0.0372380583578504,2,205
2012-05-11,train,train,-0.0071361428767644,0.0201584947269852,-0.0372380583578504,2,205
2012-05-14,train,train,-0.026977354663052,0.0206312790431273,-0.0372380583578504,2,205
2012-05-15,train,train,-0.0160919847974729,0.0203874425306703,-0.0372380583578504,2,205
2012-05-16,train,train,-0.0134014844487717,0.0200370888926197,-0.0372380583578504,2,205
2012-05-17,train,train,-0.0111945706035632,0.0196192492229745,-0.0372380583578504,2,205
2012-05-18,train,train,0.0043954594829028,0.0190520142639235,-0.0372380583578504,2,205
2012-05-21,train,train,-0.0065237750026359,0.0185406060062524,-0.0372380583578504,1,206
2012-05-22,train,train,0.0208269682172477,0.0186856785566292,-0.0372380583578504,1,206
2012-05-23,train,train,-0.033708413892493,0.0199093128501018,-0.0372380583578504,2,207
2012-05-24,train,train,0.0144742771873496,0.0196257019206756,-0.0372380583578504,2,207
2012-05-25,train,train,0.0013152626594448,0.0190305512342196,-0.0372380583578504,2,207
2012-05-28,train,train,-0.0219102194501904,0.019215504948944,-0.0372380583578504,2,207
2012-05-29,train,train,-0.0236320690105263,0.0195087153282684,-0.0372380583578504,2,207
2012-05-30,train,train,-0.0261397399199908,0.0199687690035949,-0.0372380583578504,2,207
2012-05-31,train,train,-9.853669014416372e-05,0.0193604549005584,-0.0372380583578504,2,207
2012-06-01,train,train,-0.0040806702541018,0.0187972522806533,-0.0369649109925844,1,208
2012-06-04,train,train,0.0283655378401603,0.0195041717568849,-0.0369649109925844,2,209
2012-06-05,train,train,0.0045253383463961,0.0189424569207826,-0.0369649109925844,1,210
2012-06-06,train,train,0.0238213873648718,0.0192700592501217,-0.0369649109925844,2,211
2012-06-07,train,train,0.0029867354039595,0.0186973342430252,-0.0369649109925844,1,212
2012-06-08,train,train,0.017536808467859,0.018629741501212,-0.0369649109925844,1,212
2012-06-11,train,train,-0.0054482910270297,0.0181114401637411,-0.0369649109925844,1,212
2012-06-12,train,train,0.0009356777861968,0.0175611884134208,-0.0369649109925844,1,212
2012-06-13,train,train,0.014127395161576,0.0173743090747587,-0.0369649109925844,1,212
2012-06-14,train,train,0.0121252271530193,0.017104849806019,-0.0369649109925844,1,212
2012-06-15,train,train,0.0034290042455095,0.0166050238747261,-0.0369649109925844,1,212
2012-06-18,train,train,-0.0300803415873628,0.0177051638176029,-0.0369649109925844,1,212
2012-06-19,train,train,0.026337653171977,0.0183380690023815,-0.0369649109925844,1,212
2012-06-20,train,train,0.0151522986284304,0.0181626875069591,-0.0369649109925844,1,212
2012-06-21,train,train,-0.0033309959262998,0.0176282715108028,-0.0369649109925844,1,212
2012-06-22,train,train,0.0150627632316129,0.017484959515005,-0.0369649109925844,1,212
2012-06-25,train,train,-0.0373813089648191,0.019267125272917,-0.0381892093500264,2,213
2012-06-26,train,train,-0.0145375568595087,0.0190165512875481,-0.0381892093500264,1,214
2012-06-27,train,train,0.0209931160426705,0.0191409018797572,-0.0381892093500264,2,215
2012-06-28,train,train,0.0081861665234538,0.0186658103661547,-0.0381892093500264,1,216
2012-06-29,train,train,0.0550634806513372,0.0225704883003036,-0.0381892093500264,2,217
2012-07-02,train,train,0.0030647458770814,0.0218957732365121,-0.0381892093500264,2,217
2012-07-03,train,train,0.0133163466015706,0.0214778699524898,-0.0381892093500264,2,217
2012-07-04,train,train,-0.0070892779426126,0.0208958473276189,-0.0381892093500264,2,217
2012-07-05,train,train,-0.0303505672922724,0.0215802610156729,-0.0381892093500264,2,217
2012-07-06,train,train,-0.0314491607232108,0.022295923129262,-0.0381892093500264,2,217
2012-07-09,train,train,-0.0075369980064914,0.02169539299556,-0.0372647234184512,2,217
2012-07-10,train,train,0.0057547027794293,0.0210816429350907,-0.0372647234184512,2,217
2012-07-11,train,train,0.0116754815515485,0.0206385208016401,-0.0372647234184512,2,217
2012-07-12,train,train,-0.0261699935669429,0.0210115145152504,-0.0341796278601743,2,217
2012-07-13,train,train,0.0051900550467398,0.0204110489190143,-0.0341796278601743,2,217
2012-07-16,train,train,-0.0200814730968496,0.0203914245848666,-0.0341796278601743,2,217
2012-07-17,train,train,0.0039877098184835,0.0197943349112838,-0.0341796278601743,1,218
2012-07-18,train,train,0.0050192560286443,0.0192306611631043,-0.0341796278601743,1,218
2012-07-19,train,train,0.0062614497328853,0.0187077944774195,-0.0341796278601743,1,218
2012-07-20,train,train,-0.0600076273015309,0.0233460403455998,-0.0436991167196143,2,219
2012-07-23,train,train,-0.011091813350406,0.0227973034202136,-0.0436991167196143,2,219
2012-07-24,train,train,-0.0364479611911025,0.0238378114167088,-0.0446122991524841,2,219
2012-07-25,train,train,0.0081263441651214,0.0231971771153229,-0.0446122991524841,2,219
2012-07-26,train,train,0.0588352308694506,0.0267117492508479,-0.0446122991524841,2,219
2012-07-27,train,train,0.0383217067704187,0.0275466819734363,-0.0446122991524841,2,219
2012-07-30,train,train,0.0274545010868035,0.0275411598208285,-0.0446122991524841,2,219
2012-07-31,train,train,-0.0094092632557402,0.0268014292402622,-0.0446122991524841,2,219
2012-08-01,train,train,-0.0026898487640646,0.0259933016360744,-0.0446122991524841,2,219
2012-08-02,train,train,-0.0529550694141884,0.0283437292667532,-0.0501146685601794,2,219
2012-08-03,train,train,0.0582535421517993,0.0309640675592867,-0.0501146685601794,2,219
2012-08-06,train,train,0.0431514902494414,0.0318271917968262,-0.0501146685601794,2,219
2012-08-07,train,train,0.0220834031268337,0.0313281427957576,-0.0501146685601794,2,219
2012-08-08,train,train,-0.0084811720755776,0.0304447236143807,-0.0501146685601794,2,219
2012-08-09,train,train,-0.0056099611369075,0.0295492237467607,-0.0501146685601794,2,219
2012-08-10,train,train,-0.0088290592450157,0.0287305475726286,-0.0501146685601794,2,219
2012-08-13,train,train,0.0031025680803549,0.0278656644944147,-0.0501146685601794,2,219
2012-08-14,train,train,0.0077777211636348,0.027083853474761,-0.0501146685601794,1,220
2012-08-15,train,train,0.0005753035446596,0.0262591483172988,-0.0501146685601794,1,220
2012-08-16,train,train,0.0396581920464728,0.0272495253153628,-0.0501146685601794,2,221
2012-08-17,train,train,0.0191883275393589,0.0268342308804129,-0.0501146685601794,2,221
2012-08-20,train,train,-0.012162005958004,0.0261867572154716,-0.0501146685601794,2,221
2012-08-21,train,train,0.0099773680936677,0.0255063590247398,-0.0501146685601794,2,221
2012-08-22,train,train,-0.0273845506703439,0.0256229332158125,-0.0501146685601794,2,221
2012-08-23,train,train,-0.0079051193250203,0.0249177061319785,-0.0501146685601794,2,221
2012-08-24,train,train,0.0037551685162025,0.0241761169665843,-0.0501146685601794,1,222
2012-08-27,train,train,0.0120470534371707,0.023624636367109,-0.0501146685601794,1,222
2012-08-28,train,train,-0.0088784444367052,0.0230079473966362,-0.0501146685601794,1,222
2012-08-29,train,train,-0.0037569670908517,0.0223260070972241,-0.0501146685601794,1,222
2012-08-30,train,train,-0.0153096034996261,0.0219683088764231,-0.0501146685601794,1,222
2012-08-31,train,train,0.0308601309489917,0.0226006871605239,-0.0501146685601794,1,222
2012-09-03,train,train,0.00184456266728,0.0219168369343345,-0.0501146685601794,1,222
2012-09-04,train,train,0.0072374149987944,0.0213229849525277,-0.0501146685601794,1,222
2012-09-05,train,train,0.0007742268759264,0.0206742707654684,-0.0501146685601794,1,222
2012-09-06,train,train,0.0479383754249976,0.0232306955058635,-0.0501146685601794,2,223
2012-09-07,train,train,0.0026421215495964,0.0225322912559276,-0.0501146685601794,2,223
2012-09-10,train,train,-0.0031891814827016,0.021859829665375,-0.0501146685601794,1,224
2012-09-11,train,train,0.0092095049265527,0.0213136088609787,-0.0501146685601794,1,224
2012-09-12,train,train,0.0077500490870278,0.020751325812322,-0.0501146685601794,1,224
2012-09-13,train,train,-0.0070567550355647,0.0201932746004434,-0.0501146685601794,1,224
2012-09-14,train,train,0.027173131835409,0.020678611761147,-0.0501146685601794,1,224
2012-09-17,train,train,-0.0007974245623291,0.0200496094341538,-0.0498035526356072,1,224
2012-09-18,train,train,-0.011069917784091,0.0196270276134512,-0.0498035526356072,1,224
2012-09-19,train,train,0.0050132916696127,0.0190686912441494,-0.0498035526356072,1,224
2012-09-20,train,train,-0.0095156430756682,0.0186341335834921,-0.0498035526356072,1,224
2012-09-21,train,train,0.0256708112171201,0.0191294670928305,-0.0498035526356072,1,224
2012-09-24,train,train,-0.0112774530952973,0.0187512980211862,-0.0498035526356072,1,224
2012-09-25,train,train,0.0044871328517663,0.0182132525514897,-0.0498035526356072,1,224
2012-09-26,train,train,-0.0400068241743002,0.0201953453356184,-0.0509898402966731,1,224
2012-09-27,train,train,-0.0015417396425644,0.019583755321667,-0.0509898402966731,1,224
2012-09-28,train,train,-0.0172085349537082,0.019449423761751,-0.0509898402966731,1,224
2012-10-01,train,train,0.0097595979370571,0.0190078474504057,-0.0509898402966731,1,224
2012-10-02,train,train,0.0106063253819693,0.0186110187013638,-0.0509898402966731,1,224
2012-10-03,train,train,-0.0051485339501998,0.018088069553895,-0.0509898402966731,1,224
2012-10-04,train,train,-0.0017776026308778,0.0175424387370214,-0.0509898402966731,1,224
2012-10-05,train,train,0.0179617894961994,0.0175678820677385,-0.0509898402966731,1,224
2012-10-08,train,train,-0.0080022993738415,0.0171451118176967,-0.0509898402966731,1,224
2012-10-09,train,train,-0.0186237819998864,0.0172374094064509,-0.0509898402966731,1,224
2012-10-10,train,train,-0.0100432911482332,0.0168923843162579,-0.0509898402966731,1,224
2012-10-11,train,train,0.0086609073822964,0.0165146046884553,-0.0509898402966731,1,224
2012-10-12,train,train,-0.0106974232771319,0.0162244978295539,-0.0431366182598637,1,224
2012-10-15,train,train,0.0034049076882731,0.0157523291552033,-0.0431366182598637,1,224
2012-10-16,train,train,0.0335143064071078,0.0173389805185313,-0.0401154814196108,1,224
2012-10-17,train,train,0.0234009950898265,0.0177611436841306,-0.0401154814196108,1,224
2012-10-18,train,train,-0.0034384504612926,0.0172406527708413,-0.0401154814196108,1,224
2012-10-19,train,train,-0.0233435236802462,0.0176663778787687,-0.0401154814196108,1,224
2012-10-22,train,train,-0.0045976890600401,0.017165173392532,-0.0401154814196108,1,224
2012-10-23,train,train,-0.0165637944567532,0.0171296860493204,-0.0401154814196108,1,224
2012-10-24,train,train,0.0056373512374144,0.016665154041827,-0.0401154814196108,1,224
2012-10-25,train,train,-0.0015798672422265,0.0161621000032093,-0.0302449661749634,1,224
2012-10-26,train,train,-0.0004628926465238,0.0156701475455417,-0.0302449661749634,1,224
2012-10-29,train,train,-0.0060628978916573,0.0152651838018342,-0.0302449661749634,1,224
2012-10-30,train,train,0.0135327251290701,0.0151668179022065,-0.0302449661749634,1,224
2012-10-31,train,train,0.0011481947937288,0.0147074649222438,-0.0302449661749634,1,224
2012-11-01,train,train,0.0055310986059914,0.0143236355748128,-0.0302449661749634,1,224
2012-11-02,train,train,0.0104066578524978,0.0141192937349846,-0.0302449661749634,0,225
2012-11-05,train,train,-0.0190408881419352,0.0144618986828947,-0.0302449661749634,1,226
2012-11-06,train,train,0.0024271570435607,0.0140339298908858,-0.0302449661749634,1,226
2012-11-07,train,train,-0.0228293116415567,0.0147107023997157,-0.0302449661749634,1,226
2012-11-08,train,train,-0.0047890982312978,0.0143107165054571,-0.0302449661749634,1,226
2012-11-09,train,train,0.0016381968630457,0.0138805558902845,-0.0302449661749634,1,226
2012-11-12,train,train,-0.0090501215046994,0.0136390587603729,-0.0302449661749634,1,226
2012-11-13,train,train,0.016460444074886,0.0138245890204851,-0.0302449661749634,1,226
2012-11-14,train,train,-0.0026551352562921,0.0134192060303115,-0.0287265531653677,1,226
2012-11-15,train,train,0.0029280722192895,0.0130301573847055,-0.0287265531653677,1,226
2012-11-16,train,train,-0.0140413219223969,0.0130930296212025,-0.0287265531653677,1,226
2012-11-19,train,train,0.0228774683160832,0.0138760402339856,-0.0287265531653677,1,226
2012-11-20,train,train,0.0019173762482741,0.0134615156249705,-0.0287265531653677,1,226
2012-11-21,train,train,0.0034265385562944,0.0130783840261215,-0.0287265531653677,1,226
2012-11-22,train,train,0.0089536042650766,0.0128682361950177,-0.0287265531653677,1,226
2012-11-23,train,train,0.0043078435260816,0.0125207613009445,-0.0287265531653677,1,226
2012-11-26,train,train,-0.004409465550706,0.0121872843131063,-0.0287265531653677,1,226
2012-11-27,train,train,-0.0014105057324171,0.0118210607213587,-0.0287265531653677,0,227
2012-11-28,train,train,-0.0033245842296651,0.0114898389719515,-0.0287265531653677,0,227
2012-11-29,train,train,0.0172159287428143,0.0119112848918138,-0.0287265531653677,1,228
2012-11-30,train,train,-0.0049156386276847,0.0116110204329591,-0.0287265531653677,1,228
2012-12-03,train,train,-0.0057382007995768,0.0113447108676199,-0.0287265531653677,0,229
2012-12-04,train,train,0.0016717397963735,0.0110067251999179,-0.0287265531653677,0,229
2012-12-05,train,train,-0.0024325632708937,0.0106880382434257,-0.0287265531653677,0,229
2012-12-06,train,train,0.0034949556505992,0.0103977398843852,-0.0287265531653677,0,229
2012-12-07,train,train,-0.0079064668824293,0.0102653274733401,-0.0287265531653677,0,229
2012-12-10,train,train,-0.0056347716572494,0.0100478540168823,-0.0287265531653677,0,229
2012-12-11,train,train,0.0148171734274863,0.0103958994717492,-0.0287265531653677,0,229
2012-12-12,train,train,0.0082852780733757,0.0102814878418593,-0.0287265531653677,0,229
2012-12-13,train,train,0.0037866221096903,0.0100113317359809,-0.0287265531653677,0,229
2012-12-14,train,train,0.0008727536099083,0.0097087001844739,-0.0287265531653677,0,229
2012-12-17,train,train,0.0020168483556696,0.0094258892605987,-0.0287265531653677,0,229
2012-12-18,train,train,0.0158556399539567,0.0099297846982125,-0.0287265531653677,0,229
2012-12-19,train,train,0.0116109138100756,0.0100385948157092,-0.021737907821246,0,229
2012-12-20,train,train,0.0,0.0097327787769755,-0.021737907821246,0,229
2012-12-21,train,train,0.0032376360584441,0.0094695459760787,-0.021737907821246,0,229
2012-12-24,train,train,0.0010246839757386,0.0091844957166136,-0.021737907821246,0,229
2012-12-27,train,train,-0.002243569088513,0.0089216411051823,-0.021737907821246,0,229
2012-12-28,train,train,-0.018267747603631,0.009738715282813,-0.021737907821246,0,229
2012-12-31,train,train,0.0044789518296385,0.0095055605519952,-0.021737907821246,0,229
2013-01-02,train,train,0.0337194425212199,0.0123755560990082,-0.021737907821246,1,230
2013-01-03,train,train,-0.0052459042452407,0.0120671577480006,-0.021737907821246,1,230
2013-01-04,train,train,0.0038481029370175,0.0117374525396722,-0.021737907821246,1,230
2013-01-07,train,train,-0.0019934769877346,0.0113903538849252,-0.021737907821246,1,230
2013-01-08,train,train,0.0040303557903088,0.0110873972596904,-0.021737907821246,1,230
2013-01-09,train,train,0.0179847685104139,0.0116173004272477,-0.021737907821246,1,230
2013-01-10,train,train,0.0014513552023262,0.011268999732865,-0.021737907821246,1,230
2013-01-11,train,train,0.0052998168110217,0.0110025550293728,-0.021737907821246,1,230
2013-01-14,train,train,-0.0037695594606964,0.0107072601003047,-0.021737907821246,1,230
2013-01-15,train,train,-0.0036092955490901,0.0104186522442149,-0.021737907821246,0,231
2013-01-16,train,train,-0.0023164130502012,0.0101171815183815,-0.0200459824623743,0,231
2013-01-17,train,train,0.0055550206849604,0.0099028993457445,-0.0200459824623743,0,231
2013-01-18,train,train,-0.0028898714423188,0.009627276455053,-0.0200459824623743,0,231
2013-01-21,train,train,0.0071686248692058,0.0094977226626397,-0.0200459824623743,0,231
2013-01-22,train,train,-0.0039080655125561,0.0092580078954849,-0.0200459824623743,0,231
2013-01-23,train,train,-0.002180272065131,0.0089918453477564,-0.0200459824623743,0,231
2013-01-24,train,train,0.0060536283424691,0.0088431256215783,-0.0200459824623743,0,231
2013-01-25,train,train,0.006785464073329,0.0087333481480415,-0.0200459824623743,0,231
2013-01-28,train,train,-0.0059894831826058,0.008593458105448,-0.0200459824623743,0,231
2013-01-29,train,train,-0.0034073585503113,0.0083733670894633,-0.0200459824623743,0,231
2013-01-30,train,train,-0.0082602959804285,0.0083666259155689,-0.0200459824623743,0,231
2013-01-31,train,train,-0.0247559974056644,0.0101277819837989,-0.0219510188836173,1,232
2013-02-01,train,train,-0.015983916701315,0.010571035210591,-0.0219510188836173,1,232
2013-02-04,train,train,-0.0384087924287624,0.0139124440142013,-0.0271441791460192,1,232
2013-02-05,train,train,0.0217328870224333,0.0145010977253855,-0.0271441791460192,1,232
2013-02-06,train,train,-0.00463163716829,0.0141050362955304,-0.0271441791460192,1,232
2013-02-07,train,train,-0.0051771203409657,0.0137340118124977,-0.0271441791460192,1,232
2013-02-08,train,train,0.0198036020802224,0.0141716849724718,-0.0271441791460192,1,232
2013-02-11,train,train,-0.0118498821686416,0.0140432061191911,-0.0271441791460192,1,232
2013-02-12,train,train,0.0191383147118478,0.0143998418470588,-0.0271441791460192,1,232
2013-02-13,train,train,0.0086452997875596,0.0141208565962584,-0.0271441791460192,1,232
2013-02-14,train,train,-0.0071042084315678,0.013800828315638,-0.0271441791460192,1,232
2013-02-15,train,train,-0.0118555085300557,0.0136919054706139,-0.0271441791460192,1,232
2013-02-18,train,train,-0.0050802841139508,0.013332994265804,-0.0271441791460192,1,232
2013-02-19,train,train,0.0142524896615279,0.0133899447205566,-0.0271441791460192,1,232
2013-02-20,train,train,-0.0076029462744685,0.0131149330903949,-0.0271441791460192,1,232
2013-02-21,train,train,-0.0183593662271008,0.0134872295696059,-0.0271747186871758,1,232
2013-02-22,train,train,0.020317513499969,0.0139913945360976,-0.0271747186871758,1,232
2013-02-25,train,train,0.0079763664438891,0.0137051420678404,-0.0271747186871758,1,232
2013-02-26,train,train,-0.0325201340281832,0.01549240494521,-0.03189497462087,1,232
2013-02-27,train,train,0.0193585849693541,0.0157511594191706,-0.03189497462087,1,232
2013-02-28,train,train,0.0114376781591942,0.015526181454744,-0.03189497462087,1,232
2013-03-01,train,train,-0.0052626315588263,0.015108285454913,-0.03189497462087,1,232
2013-03-04,train,train,0.0072047825460784,0.0147539555887933,-0.03189497462087,1,232
2013-03-05,train,train,0.0212370834578149,0.0152210142898813,-0.03189497462087,1,232
2013-03-06,train,train,-0.00767477409066,0.0148765805510731,-0.03189497462087,1,232
2013-03-07,train,train,0.0036063151631008,0.0144504055480235,-0.03189497462087,1,232
2013-03-08,train,train,0.028091104776936,0.0156087147878208,-0.03189497462087,1,232
2013-03-11,train,train,-0.008578466009843,0.0152783985886219,-0.03189497462087,1,232
2013-03-12,train,train,-0.0025868799412159,0.0148265037178916,-0.03189497462087,1,232
2013-03-13,train,train,-0.0039928224541461,0.0144080622436146,-0.03189497462087,1,232
2013-03-14,train,train,0.0186061426130498,0.0146938094017565,-0.03189497462087,1,232
2013-03-15,train,train,-0.0044916230780697,0.014288598018125,-0.03189497462087,1,232
2013-03-18,train,train,-0.0129972720736619,0.0142144270445755,-0.03189497462087,1,232
2013-03-19,train,train,-0.0222009500906456,0.0148155280408383,-0.03189497462087,1,232
2013-03-20,train,train,0.0113878505833158,0.0146325277145,-0.03189497462087,1,232
2013-03-21,train,train,-0.0077650221826077,0.0143136979654615,-0.03189497462087,1,232
2013-03-22,train,train,-0.0026018368734935,0.013892271440864,-0.03189497462087,1,232
2013-03-25,train,train,-0.0229394955036388,0.0145941330909765,-0.03189497462087,1,232
2013-03-26,train,train,-0.018610582479341,0.0148657534033673,-0.03189497462087,1,232
2013-03-27,train,train,-0.0113399073440599,0.0146781060327638,-0.03189497462087,1,232
2013-03-28,train,train,0.0024778295319217,0.0142438887687972,-0.03189497462087,1,232
2013-04-02,train,train,0.0163305170050381,0.0143776288852337,-0.03189497462087,1,232
2013-04-03,train,train,-0.0183148343094883,0.014643743680045,-0.03189497462087,1,232
2013-04-04,train,train,-0.00716092994601,0.014305579690818,-0.03189497462087,1,232
2013-04-05,train,train,-0.0063274020310484,0.01395610241653,-0.03189497462087,1,232
2013-04-08,train,train,-0.0014500424106884,0.0135356043219578,-0.03189497462087,1,232
2013-04-09,train,train,0.0109071539071342,0.013392452713383,-0.03189497462087,1,232
2013-04-10,train,train,0.0329721079260626,0.0152913673804753,-0.03189497462087,1,232
2013-04-11,train,train,0.0028350857333152,0.0148417864170624,-0.03189497462087,1,232
2013-04-12,train,train,-0.0147040866066485,0.014833560475586,-0.03189497462087,1,232
2013-04-15,train,train,-0.0032763219545085,0.0144040446588057,-0.03189497462087,1,232
2013-04-16,train,train,-0.0081940317237117,0.0141087363620648,-0.03189497462087,1,232
2013-04-17,train,train,-0.0185001610718836,0.014410010853963,-0.03189497462087,1,232
2013-04-18,train,train,0.0012167411453773,0.0139742025025954,-0.03189497462087,1,232
2013-04-19,train,train,0.013097860481632,0.0139231775252745,-0.03189497462087,1,232
2013-04-22,train,train,0.0140751757963602,0.0139323441846014,-0.03189497462087,1,232
2013-04-23,train,train,0.0320673913061166,0.0156257049991442,-0.03189497462087,1,232
2013-04-24,train,train,0.011991570761172,0.0154318101166479,-0.03189497462087,1,232
2013-04-25,train,train,-0.0028888218472371,0.0149784189809073,-0.03189497462087,1,232
2013-04-26,train,train,-0.008174247184551,0.0146595004034788,-0.03189497462087,1,232
2013-04-29,train,train,0.0183790064050667,0.014908862047154,-0.0312894739868614,1,232
2013-04-30,train,train,-0.0037819383812334,0.0144843329485265,-0.0312894739868614,1,232
2013-05-02,train,train,-0.0014976909435662,0.014047872849499,-0.0258868598741558,1,232
2013-05-03,train,train,0.0163295378934482,0.0141951187444404,-0.0258868598741558,1,232
2013-05-06,train,train,-0.004809793443979,0.0138130141235381,-0.0258868598741558,1,232
2013-05-07,train,train,0.0047161876296524,0.0134419471495734,-0.0258868598741558,1,232
2013-05-08,train,train,0.0061840293162411,0.0131201874871,-0.0258868598741558,1,232
2013-05-09,train,train,-0.0028305498072943,0.0127393752298749,-0.0258868598741558,1,232
2013-05-10,train,train,-0.0032949605617637,0.0123776244198518,-0.0258868598741558,0,233
2013-05-13,train,train,-0.0101987422230958,0.0122578183898346,-0.0258868598741558,0,233
2013-05-14,train,train,0.0019843410528851,0.0118943314878276,-0.0258868598741558,0,233
2013-05-15,train,train,0.0126518509694413,0.0119411378949815,-0.0258868598741558,0,233
2013-05-16,train,train,-0.004694981649931,0.0116343413623178,-0.0258868598741558,0,233
2013-05-17,train,train,0.0046833754681599,0.0113380979597721,-0.0258868598741558,0,233
2013-05-20,train,train,-0.0078608235235007,0.011160056909027,-0.0258868598741558,0,233
2013-05-21,train,train,-0.0059718838253808,0.010918510053363,-0.0258868598741558,0,233
2013-05-22,train,train,-0.0002480798631414,0.0105860626625472,-0.0258868598741558,0,233
2013-05-23,train,train,-0.0141381511843356,0.0108320856010429,-0.0258868598741558,0,233
2013-05-24,train,train,-0.0095134551799341,0.0107575268313799,-0.0212503426912084,0,233
2013-05-27,train,train,0.0119076363151738,0.0108299782397313,-0.0212503426912084,0,233
2013-05-28,train,train,0.0175057779545757,0.0113418807373541,-0.0212503426912084,1,234
2013-05-29,train,train,-0.0082109446791275,0.0111787807873741,-0.0212503426912084,1,234
2013-05-30,train,train,-0.000971864559212,0.0108408441895418,-0.0212503426912084,0,235
2013-05-31,train,train,-0.0134775631859897,0.0110168575893195,-0.0212503426912084,1,236
2013-06-03,train,train,-0.0043600499146563,0.0107344997177439,-0.0212503426912084,1,236
2013-06-04,train,train,0.0094429489986898,0.0106614198063082,-0.0212503426912084,0,237
2013-06-05,train,train,-0.0086827953405894,0.0105531690048418,-0.0212503426912084,0,237
2013-06-06,train,train,-0.0089657453934216,0.0104647163797997,-0.0212503426912084,0,237
2013-06-07,train,train,0.0060545667798453,0.0102537377725669,-0.0212503426912084,0,237
2013-06-10,train,train,-0.0047531628867104,0.0100093128363393,-0.0212503426912084,0,237
2013-06-11,train,train,-0.0169278761495199,0.010553120027005,-0.0212503426912084,1,238
2013-06-12,train,train,0.0042558287101329,0.010284598506831,-0.0212503426912084,1,238
2013-06-13,train,train,-0.0064338665062971,0.0100950615031885,-0.0212503426912084,0,239
2013-06-14,train,train,-9.915302214167954e-05,0.0097875553958727,-0.0200167463516211,0,239
2013-06-17,train,train,0.0080705273574482,0.009693114612924,-0.0200167463516211,0,239
2013-06-18,train,train,0.0053811223271973,0.0094898088123702,-0.0200167463516211,0,239
2013-06-19,train,train,-0.0100624953418278,0.0095251410366397,-0.0200167463516211,0,239
2013-06-20,train,train,-0.0347010395696502,0.0125512685372702,-0.0239372610402916,1,240
2013-06-21,train,train,-0.0157067610888022,0.0127626181489157,-0.0238386783170073,1,240
2013-06-24,train,train,-0.0192750072751655,0.0132439764052037,-0.0241587359722331,1,240
2013-06-25,train,train,0.0071895849881688,0.0129607154238654,-0.0241587359722331,1,240
2013-06-26,train,train,0.0279072230032696,0.0143048985101527,-0.0241587359722331,1,240
2013-06-27,train,train,0.0027317789968253,0.0138852465261468,-0.0241587359722331,1,240
2013-06-28,train,train,-0.0104696624738411,0.013704338611014,-0.0241587359722331,1,240
2013-07-01,train,train,0.0184308837767241,0.0140328974758201,-0.0241587359722331,1,240
2013-07-02,train,train,-0.0025959758055629,0.0136202505225069,-0.0241587359722331,1,240
2013-07-03,train,train,-0.0156932649114344,0.0137534455556753,-0.0241587359722331,1,240
2013-07-04,train,train,0.0302195994688314,0.015251271432151,-0.0241587359722331,1,240
2013-07-05,train,train,-0.0168367403280805,0.0153510179783566,-0.0241587359722331,1,240
2013-07-08,train,train,0.0187843693149789,0.0155783721751411,-0.0241587359722331,1,240
2013-07-09,train,train,-0.0003493295968155,0.0151040345841636,-0.0241587359722331,1,240
2013-07-10,train,train,-0.0024734644474483,0.0146564330810331,-0.0241587359722331,1,240
2013-07-11,train,train,0.0044553799104952,0.0142517856224434,-0.0236346409981118,1,240
2013-07-12,train,train,-0.0234335144117084,0.0149624318104853,-0.025803187085508,1,240
2013-07-15,train,train,0.0013248466886484,0.0145102452380145,-0.025803187085508,1,240
2013-07-16,train,train,-0.0072700591811823,0.0141804657710936,-0.025803187085508,1,240
2013-07-17,train,train,0.0018576787142584,0.0137559998229272,-0.025803187085508,1,240
2013-07-18,train,train,0.0183390388659,0.0140731339811774,-0.025803187085508,1,240
2013-07-19,train,train,-0.0017734208454745,0.013651322842082,-0.025803187085508,1,240
2013-07-22,train,train,0.0028661849528866,0.0132540559599495,-0.025803187085508,1,240
2013-07-23,train,train,0.0134294187682605,0.0132646431061413,-0.025803187085508,1,240
2013-07-24,train,train,0.0146071672712284,0.0133490026395489,-0.025803187085508,1,240
2013-07-25,train,train,0.0108774222791047,0.0132137510990907,-0.025803187085508,1,240
2013-07-26,train,train,0.0085960337323121,0.0129830864118598,-0.025803187085508,1,240
2013-07-29,train,train,0.0026898316476448,0.0126048011673612,-0.025803187085508,1,240
2013-07-30,train,train,0.0095530206739692,0.0124428197752931,-0.025803187085508,1,240
2013-07-31,train,train,-0.0027353207874798,0.0120823531197952,-0.025803187085508,0,241
2013-08-01,train,train,0.0125844041414673,0.0121130629963063,-0.025803187085508,1,242
2013-08-02,train,train,0.0039499226330108,0.0117838376928632,-0.025803187085508,0,243
2013-08-05,train,train,-0.0015407488404927,0.0114310863589078,-0.025803187085508,0,243
2013-08-06,train,train,-0.0036628815449116,0.0111191075764578,-0.025803187085508,0,243
2013-08-07,train,train,0.0052152479382967,0.0108558006965173,-0.025803187085508,0,243
2013-08-08,train,train,0.0113303850101287,0.0108848592873505,-0.025803187085508,0,243
2013-08-09,train,train,0.0073188311450854,0.0107044509136579,-0.025803187085508,0,243
2013-08-12,train,train,-0.0020397209207281,0.010390369622261,-0.025803187085508,0,243
2013-08-13,train,train,0.0046691980400555,0.0101385540711784,-0.025803187085508,0,243
2013-08-14,train,train,0.0035103964613151,0.0098672303578001,-0.025803187085508,0,243
2013-08-15,train,train,-0.0058995485616963,0.0096751631113779,-0.025803187085508,0,243
2013-08-16,train,train,0.0095337311415371,0.0096667355465332,-0.025803187085508,0,243
2013-08-19,train,train,-0.0187894998138516,0.0104413479854995,-0.025803187085508,0,243
2013-08-20,train,train,-0.018031244336599,0.0110448173017305,-0.025803187085508,1,244
2013-08-21,train,train,-0.0047866336237052,0.0107723452210623,-0.025803187085508,1,244
2013-08-22,train,train,0.0196478910133174,0.0114997040633362,-0.025803187085508,1,244
2013-08-23,train,train,0.006594851648515,0.0112657945138196,-0.025803187085508,1,244
2013-08-26,train,train,-0.0042568085944316,0.0109722497068982,-0.025803187085508,1,244
2013-08-27,train,train,-0.0300306714080117,0.0129335734167188,-0.0293884084631234,1,244
2013-08-28,train,train,0.000488278874391,0.0125401350479836,-0.0293884084631234,1,244
2013-08-29,train,train,0.0040403659305528,0.0121983261643363,-0.0293884084631234,1,244
2013-08-30,train,train,-0.0169355418288008,0.0125331546771331,-0.0293884084631234,1,244
2013-09-02,train,train,0.0166390114978884,0.0128166520748946,-0.0293884084631234,1,244
2013-09-03,train,train,0.0018489827213851,0.0124344561767133,-0.0293884084631234,1,244
2013-09-04,train,train,0.0053260621531726,0.0121260370554248,-0.0293884084631234,1,244
2013-09-05,train,train,0.0070069777930417,0.0118812538251185,-0.0293884084631234,1,244
2013-09-06,train,train,0.0122059181504413,0.0119009834544544,-0.0293884084631234,1,244
2013-09-09,train,train,-0.0026030409929667,0.0115560353104717,-0.0293884084631234,1,244
2013-09-10,train,train,0.0193993480367454,0.0121700253584823,-0.0293884084631234,1,244
2013-09-11,train,train,0.0083274218484913,0.0119742934435022,-0.0293884084631234,1,244
2013-09-12,train,train,0.0055058227915676,0.0116875800035578,-0.0242463976982952,1,244
2013-09-13,train,train,0.0019477926398985,0.0113415690505887,-0.0242463976982952,1,244
2013-09-16,train,train,0.0064545261583717,0.0111091391067563,-0.0240845618778572,0,245
2013-09-17,train,train,-0.0008337279006336,0.0107726458924632,-0.0240845618778572,0,245
2013-09-18,train,train,0.0078097346332069,0.0106182118483013,-0.0240845618778572,0,245
2013-09-19,train,train,0.0100131799547816,0.010582885421873,-0.0240845618778572,0,245
2013-09-20,train,train,0.0019752429152769,0.0102718893634912,-0.0240845618778572,0,245
2013-09-23,train,train,-0.0068156130234681,0.0100979286630078,-0.0240845618778572,0,245
2013-09-24,train,train,0.0063575609614271,0.0099133843045097,-0.0240845618778572,0,245
2013-09-25,train,train,0.0081802537726341,0.0098180278148846,-0.0240845618778572,0,245
2013-09-26,train,train,0.0031865597464054,0.0095508795272719,-0.0240845618778572,0,245
2013-09-27,train,train,-0.0047565648567375,0.009332932889182,-0.0240845618778572,0,245
2013-09-30,train,train,-0.0045943034589012,0.0091183263591234,-0.0240845618778572,0,245
2013-10-01,train,train,0.0167754271508161,0.0097488532875172,-0.0240845618778572,0,245
2013-10-02,train,train,0.0009095053332071,0.0094544890921356,-0.0240845618778572,0,245
2013-10-03,train,train,-0.005824400746711,0.0092768281646913,-0.0240845618778572,0,245
2013-10-04,train,train,0.0133787321959398,0.0095726379258602,-0.0222838051861541,0,245
2013-10-07,train,train,-0.0041483284211507,0.0093364763572466,-0.0222838051861541,0,245
2013-10-08,train,train,-0.0067377119159467,0.0092012721422092,-0.0222838051861541,0,245
2013-10-09,train,train,0.0128054177781906,0.0094563379783792,-0.0222838051861541,0,245
2013-10-10,train,train,0.0231953880983478,0.0107860349538482,-0.0222838051861541,1,246
2013-10-11,train,train,0.0008277726256425,0.0104594143944717,-0.0222838051861541,0,247
2013-10-14,train,train,0.0028402536831643,0.0101646156329617,-0.0222838051861541,0,247
2013-10-15,train,train,0.0112096177956477,0.0102303263963262,-0.0222838051861541,0,247
2013-10-16,train,train,0.0074882635969093,0.010086845343647,-0.0222838051861541,0,247
2013-10-17,train,train,0.0039399998917256,0.009827064566607,-0.0222838051861541,0,247
2013-10-18,train,train,0.0084137774510701,0.0097480472493856,-0.0222838051861541,0,247
2013-10-21,train,train,0.0035928935223488,0.0094919699060551,-0.0222838051861541,0,247
2013-10-22,train,train,-0.0024836490370613,0.0092228929240215,-0.0222838051861541,0,247
2013-10-23,train,train,-0.018608359638698,0.0100366484227194,-0.0224761769535204,0,247
2013-10-24,train,train,0.0088231928458158,0.0099680076638848,-0.0224761769535204,0,247
2013-10-25,train,train,-0.0101263846267084,0.0099775811756413,-0.0224761769535204,0,247
2013-10-28,train,train,-0.0081118591175611,0.0098755827195215,-0.0224761769535204,0,247
2013-10-29,train,train,0.0130307626705314,0.0100927475225355,-0.0224761769535204,0,247
2013-10-30,train,train,-0.008675105313681,0.0100133504149528,-0.0224761769535204,0,247
2013-10-31,train,train,0.013125900320842,0.010226852443183,-0.0224761769535204,1,248
2013-11-01,train,train,-0.0070495530616014,0.0100645403344147,-0.0224761769535204,0,249
2013-11-04,train,train,0.0036018561449467,0.0097977383041092,-0.0224761769535204,0,249
2013-11-05,train,train,-0.0079412387056581,0.0096963772437996,-0.0224761769535204,0,249
2013-11-06,train,train,0.0042173828513144,0.0094575751036777,-0.0224761769535204,0,249
2013-11-07,train,train,-0.009878697649448,0.0094833698264992,-0.0224761769535204,0,249
2013-11-08,train,train,0.0006978603392982,0.0091960570688407,-0.0224761769535204,0,249
2013-11-11,train,train,0.0043303027278424,0.0089787810408462,-0.0222234251277695,0,249
2013-11-12,train,train,-0.0084013474863998,0.0089451862370733,-0.0218581909585035,0,249
2013-11-13,train,train,-0.0033431162899474,0.0087112548463844,-0.0218581909585035,0,249
2013-11-14,train,train,0.0034564836211952,0.0084882059400177,-0.0218581909585035,0,249
2013-11-15,train,train,-0.0013192561599618,0.00823596308177,-0.0218581909585035,0,249
2013-11-18,train,train,0.008953220255137,0.0082807506777732,-0.0218581909585035,0,249
2013-11-19,train,train,-0.015793946318452,0.0089119866639714,-0.0171126159286502,0,249
2013-11-20,train,train,-0.0073270198976221,0.0088249197818272,-0.0171126159286502,0,249
2013-11-21,train,train,0.0041547385972367,0.0086163894860333,-0.0171126159286502,0,249
2013-11-22,train,train,0.0081031599419319,0.0085864608408352,-0.0148428968612861,0,249
2013-11-25,train,train,0.0012081927009938,0.0083301413530076,-0.0148428968612861,0,249
2013-11-26,train,train,0.0026283689579365,0.008101992289935,-0.0148428968612861,0,249
2013-11-27,train,train,0.0096093425070883,0.008200250613689,-0.0148428968612861,0,249
2013-11-28,train,train,0.005226668592424,0.0080528595786944,-0.0148428968612861,0,249
2013-11-29,train,train,-0.0022541276905537,0.0078270364793605,-0.0148428968612861,0,249
2013-12-02,train,train,-0.0094061085435366,0.0079306520994338,-0.0148428968612861,0,249
2013-12-03,train,train,-0.0145218584440583,0.0084719885811463,-0.0163080548004027,0,249
2013-12-04,train,train,-0.0067379081059783,0.008378071342893,-0.0163080548004027,0,249
2013-12-05,train,train,-0.0156770423639667,0.0089848057351234,-0.0166931161070389,0,249
2013-12-06,train,train,0.000894011482147,0.0087138444697988,-0.0166931161070389,0,249
2013-12-09,train,train,0.0092017738194068,0.0087438880826909,-0.0166931161070389,0,249
2013-12-10,train,train,-0.00518879050878,0.0085722608972842,-0.0166931161070389,0,249
2013-12-11,train,train,-0.0084694544769503,0.0085661273061909,-0.0166931161070389,0,249
2013-12-12,train,train,-0.0092965735604692,0.0086117014348054,-0.0166931161070389,0,249
2013-12-13,train,train,6.477142666069307e-05,0.0083493693909396,-0.0166931161070389,0,249
2013-12-16,train,train,0.0167684701146237,0.0090774526422273,-0.0166931161070389,0,249
2013-12-17,train,train,-0.0091728290108014,0.0090832034661374,-0.0166931161070389,0,249
2013-12-18,train,train,0.0106669796147021,0.0091859336673439,-0.0166931161070389,0,249
2013-12-19,train,train,0.0182055199396838,0.0099601682755286,-0.0166931161070389,1,250
2013-12-20,train,train,0.0075414305620502,0.0098318383554434,-0.0166931161070389,1,250
2013-12-23,train,train,0.0070443534195501,0.0096872347771016,-0.0166931161070389,0,251
2013-12-24,train,train,0.006241718210357,0.0095157505926824,-0.0166931161070389,0,251
2013-12-27,train,train,0.0081746221664501,0.0094406570552827,-0.0166931161070389,0,251
2013-12-30,train,train,0.0001818789042647,0.0091531650314785,-0.0166931161070389,0,251
2013-12-31,train,train,0.0014935284617734,0.00888186027383,-0.0166931161070389,0,251
2014-01-02,train,train,-0.0158971224911506,0.0094507833335829,-0.0167664761494335,0,251
2014-01-03,train,train,0.0038551694196163,0.0092114063614882,-0.0167664761494335,0,251
2014-01-06,train,train,0.0091941916853732,0.0092103743882602,-0.0167664761494335,0,251
2014-01-07,train,train,0.0289247872154518,0.011399111172243,-0.0167664761494335,1,252
2014-01-08,train,train,0.0073315122652171,0.0111968038167964,-0.0167664761494335,1,252
2014-01-09,train,train,-0.001893755345933,0.010865610398304,-0.0167664761494335,1,252
2014-01-10,train,train,0.0054957530002311,0.0106202635574849,-0.0167664761494335,1,252
2014-01-13,train,train,0.0072521723095159,0.0104488390905894,-0.0167664761494335,1,252
2014-01-14,train,train,0.0015905550610536,0.0101380143995115,-0.0167664761494335,0,253
2014-01-15,train,train,0.0136798562214902,0.0103846465409882,-0.0167664761494335,1,254
2014-01-16,train,train,-0.0066252306081218,0.0101982376708444,-0.0167664761494335,0,255
2014-01-17,train,train,0.0009751072118504,0.0098904427878657,-0.0167664761494335,0,255
2014-01-20,train,train,-0.0011090544984693,0.0095929873939496,-0.0157893703911897,0,255
2014-01-21,train,train,-0.0092929403913612,0.0095752497188894,-0.0157893703911897,0,255
2014-01-22,train,train,-0.0075301899156882,0.0094650149687323,-0.0157893703911897,0,255
2014-01-23,train,train,-0.0037522803334059,0.0092225860971234,-0.0157893703911897,0,255
2014-01-24,train,train,-0.0370303219520288,0.0127368525661553,-0.0229071302538771,1,256
2014-01-27,train,train,-0.0112599565964863,0.0126531010368108,-0.0229071302538771,1,256
2014-01-28,train,train,0.012292894589613,0.0126317783126668,-0.0229071302538771,1,256
2014-01-29,train,train,0.0017294915635649,0.0122542883271141,-0.0229071302538771,1,256
2014-01-30,train,train,0.0068779187471413,0.0119998280586573,-0.0229071302538771,1,256
2014-01-31,train,train,-0.0044556790955315,0.0116853457631017,-0.0229071302538771,1,256
2014-02-03,train,train,-0.0198320618606592,0.0123269261345132,-0.0242531687679461,1,256
2014-02-04,train,train,0.0029671364498398,0.0119734771630015,-0.0242531687679461,1,256
2014-02-05,train,train,0.0021199145872204,0.0116203247941686,-0.0242531687679461,1,256
2014-02-06,train,train,0.0192106863037717,0.0122095478834545,-0.0242531687679461,1,256
2014-02-07,train,train,0.0107602861167375,0.01212747712371,-0.0242531687679461,1,256
2014-02-10,train,train,-0.0089454431248643,0.0119604521848027,-0.0242531687679461,1,256
2014-02-11,train,train,0.0108101724191393,0.0118945727599165,-0.0242531687679461,1,256
2014-02-12,train,train,-0.0010311720817583,0.0115349819429517,-0.0242531687679461,1,256
2014-02-13,train,train,0.0017939422425106,0.0111922095068372,-0.0242531687679461,1,256
2014-02-14,train,train,0.003351028658536,0.0108822508705901,-0.0242531687679461,1,256
2014-02-17,train,train,-0.001402296716935,0.0105563235614854,-0.0242531687679461,0,257
2014-02-18,train,train,-0.0075292611969898,0.0103995767008583,-0.0242531687679461,0,257
2014-02-19,train,train,0.0011046322783649,0.0100863936355784,-0.0242531687679461,0,257
2014-02-20,train,train,0.0008351957913618,0.0097812611404727,-0.0242531687679461,0,257
2014-02-21,train,train,0.0008741594678654,0.0094857015879032,-0.0242531687679461,0,257
2014-02-24,train,train,0.012050891613135,0.0096588437122751,-0.0242531687679461,0,257
2014-02-25,train,train,0.0048347530517573,0.0094391819757305,-0.0242531687679461,0,257
2014-02-26,train,train,-0.0017785114809066,0.0091619895859994,-0.0242531687679461,0,257
2014-02-27,train,train,-0.0059053614238724,0.0089998848657256,-0.0242531687679461,0,257
2014-02-28,train,train,-0.0049213779414869,0.0088085895347164,-0.0242531687679461,0,257
2014-03-03,train,train,-0.023559475434289,0.0103072162866596,-0.026807286415659,1,258
2014-03-04,train,train,0.0247945032689078,0.0116940338919594,-0.026807286415659,1,258
2014-03-05,train,train,0.0087013160180344,0.0115363849178613,-0.026807286415659,1,258
2014-03-06,train,train,0.0086553521764643,0.0113841026713831,-0.026807286415659,1,258
2014-03-07,train,train,-0.0136604219286035,0.0115333582988948,-0.026807286415659,1,258
2014-03-10,train,train,0.002986371399805,0.0112059072492993,-0.026807286415659,1,258
2014-03-11,train,train,-0.0030749599205011,0.0108906078137938,-0.026807286415659,1,258
2014-03-12,train,train,-0.0091826194448158,0.0107957513973198,-0.026807286415659,1,258
2014-03-13,train,train,-0.011997796541197,0.010871622723835,-0.026807286415659,1,258
2014-03-14,train,train,-0.013996569278078,0.0110839923720564,-0.026807286415659,1,258
2014-03-17,train,train,0.0164758526433197,0.0114791470462329,-0.026807286415659,1,258
2014-03-18,train,train,0.0076300118140931,0.0112852821281299,-0.026807286415659,1,258
2014-03-19,train,train,0.0041598549196717,0.0109888307260582,-0.026807286415659,1,258
2014-03-20,train,train,-0.0013284386092789,0.0106590347419793,-0.026807286415659,1,258
2014-03-21,train,train,-0.0026623774977076,0.010354874000648,-0.026807286415659,1,258
2014-03-24,train,train,-0.0140239441574536,0.0106108562905649,-0.026807286415659,1,258
2014-03-25,train,train,0.0077775737317082,0.0104625185369016,-0.026807286415659,1,258
2014-03-26,train,train,0.0149321479836055,0.0107830690942406,-0.026807286415659,1,258
2014-03-27,train,train,0.005722811058867,0.0105481343530799,-0.026807286415659,1,258
2014-03-28,train,train,0.0126561662947834,0.0106863493648514,-0.026807286415659,1,258
2014-03-31,train,train,0.0011223956603003,0.0103644471779201,-0.026807286415659,1,258
2014-04-01,train,train,0.0117865328698696,0.0104552283959373,-0.026807286415659,1,258
2014-04-02,train,train,-0.0026125632493015,0.010156900214457,-0.026807286415659,0,259
2014-04-03,train,train,0.0141106685635261,0.0104364516329561,-0.026807286415659,1,260
2014-04-04,train,train,0.0087578159315645,0.0103434187636042,-0.026807286415659,0,261
2014-04-07,train,train,-0.0066718976989833,0.0101606095363647,-0.026807286415659,0,261
2014-04-08,train,train,-0.0119223786717247,0.0102748378952155,-0.026807286415659,1,262
2014-04-09,train,train,0.0004483704492513,0.0099624303415464,-0.026807286415659,0,263
2014-04-10,train,train,-0.0143221883233213,0.0102763087688954,-0.026807286415659,1,264
2014-04-11,train,train,-0.0127255671915179,0.0104394815110524,-0.026807286415659,1,264
2014-04-14,train,train,-0.0016868249859686,0.0101298830436697,-0.026807286415659,1,264
2014-04-15,train,train,-0.0083482207450778,0.0100319103876696,-0.026807286415659,1,264
2014-04-16,train,train,0.0161405839057313,0.0104991418408238,-0.026807286415659,1,264
2014-04-17,train,train,0.0023832372355002,0.0101960212736809,-0.026807286415659,1,264
2014-04-22,train,train,0.0140280313507038,0.0104655844862641,-0.0192379085394231,1,264
2014-04-23,train,train,-0.0012845653458059,0.0101516381736369,-0.0192379085394231,1,264
2014-04-24,train,train,0.0036003991079873,0.009881810794391,-0.0192379085394231,0,265
2014-04-25,train,train,-0.0150039856305191,0.0102614983598704,-0.0194651743084891,1,266
2014-04-28,train,train,0.0014253300458897,0.00995501590248,-0.0194651743084891,1,266
2014-04-29,train,train,0.0134830668996803,0.0102011659482035,-0.0194651743084891,1,266
2014-04-30,train,train,-0.0001912047858557,0.0098905082304615,-0.0176285497960431,0,267
2014-05-02,train,train,0.0014808817197838,0.009596061927348,-0.0176285497960431,0,267
2014-05-05,train,train,0.0002386466434816,0.0093039108645727,-0.0176285497960431,0,267
2014-05-06,train,train,0.0004199170851278,0.0090210626732587,-0.0176285497960431,0,267
2014-05-07,train,train,-0.0064704707937929,0.0088886903977566,-0.0176285497960431,0,267
2014-05-08,train,train,0.0168916724756516,0.0095597073129579,-0.0176285497960431,0,267
2014-05-09,train,train,-0.0098680116152058,0.0095784854162402,-0.0176285497960431,0,267
2014-05-12,train,train,0.0075804606689545,0.0094704985578475,-0.0176285497960431,0,267
2014-05-13,train,train,0.001909807204365,0.0091938982032439,-0.0176285497960431,0,267
2014-05-14,train,train,0.0025187594744991,0.0089351411448694,-0.0176285497960431,0,267
2014-05-15,train,train,-0.0237297780617966,0.0104322904701576,-0.0207644130422015,1,268
2014-05-16,train,train,0.0109099093937819,0.0104615625393795,-0.0207644130422015,1,268
2014-05-19,train,train,-0.0050899211018243,0.0102192011003206,-0.0207644130422015,1,268
2014-05-20,train,train,0.0027108046153078,0.00993010848686,-0.0207644130422015,1,268
2014-05-21,train,train,0.0073957854464993,0.0097965549980286,-0.0207644130422015,0,269
2014-05-22,train,train,-0.0010261061391124,0.0095014374737804,-0.0207644130422015,0,269
2014-05-23,train,train,0.0036339441101612,0.0092548910426766,-0.0207644130422015,0,269
2014-05-26,train,train,0.0121057033238917,0.0094502227961605,-0.0207644130422015,0,269
2014-05-27,train,train,0.002495150920223,0.0091826932285756,-0.0207644130422015,0,269
2014-05-28,train,train,0.0040053373073218,0.0089568469480642,-0.0207644130422015,0,269
2014-05-29,train,train,-0.0020845357462145,0.0086989837436691,-0.0176853173385456,0,269
2014-05-30,train,train,0.0059349982074241,0.0085583544741725,-0.0176853173385456,0,269
2014-06-02,train,train,0.0026542224345774,0.0083230642933469,-0.0176853173385456,0,269
2014-06-03,train,train,-0.0046935847762935,0.0081509986848515,-0.0176853173385456,0,269
2014-06-04,train,train,-0.0019599033950745,0.0079172549577429,-0.0176853173385456,0,269
2014-06-05,train,train,0.0111688384780874,0.0081490200440867,-0.0176853173385456,0,269
2014-06-06,train,train,0.0171283678466428,0.0089456690707619,-0.0176853173385456,0,269
2014-06-09,train,train,0.0089794679032599,0.0089477006010321,-0.0176853173385456,0,269
2014-06-10,train,train,-0.00094988901038,0.0086782372997568,-0.0176853173385456,0,269
2014-06-11,train,train,-0.0070719474571325,0.0085903341566684,-0.0176853173385456,0,269
2014-06-12,train,train,0.0012271265293663,0.0083340602852976,-0.0176853173385456,0,269
2014-06-13,train,train,0.0022700662560429,0.0080992814025101,-0.0176853173385456,0,269
2014-06-16,train,train,-0.0095380531057361,0.0081927361183974,-0.0176853173385456,0,269
2014-06-17,train,train,0.0045589000922007,0.0080212644765269,-0.0176853173385456,0,269
2014-06-18,train,train,0.0048531391465706,0.0078672371483772,-0.0176853173385456,0,269
2014-06-19,train,train,0.0067713031914535,0.0078058214136959,-0.0176853173385456,0,269
2014-06-20,train,train,-0.0029271270802323,0.007601913012038,-0.0176853173385456,0,269
2014-06-23,train,train,-0.0033043790228055,0.0074146390201829,-0.0176853173385456,0,269
2014-06-24,train,train,-0.0011158492378984,0.0071939534793425,-0.0176853173385456,0,269
2014-06-25,train,train,-0.0126130317332068,0.0076284403932482,-0.0176853173385456,0,269
2014-06-26,train,train,0.0020313480306581,0.0074127659583073,-0.0176853173385456,0,269
2014-06-27,train,train,-0.0026515820283089,0.00721623214972,-0.0176853173385456,0,269
2014-06-30,train,train,-0.0033267645140446,0.0070436927658897,-0.0176853173385456,0,269
2014-07-01,train,train,0.0076876704252568,0.0070839824892129,-0.0176853173385456,0,269
2014-07-02,train,train,0.0007628404673938,0.0068707172091236,-0.0176853173385456,0,269
2014-07-03,train,train,0.00667678539193,0.0068592359239114,-0.0176853173385456,0,269
2014-07-04,train,train,-0.0072942315777646,0.0068861106054788,-0.0176853173385456,0,269
2014-07-07,train,train,-0.0110423132410083,0.0072034275881268,-0.0176853173385456,0,269
2014-07-08,train,train,-0.0184827106988574,0.0083230188371169,-0.019072158130391,0,269
2014-07-09,train,train,0.0053928885302808,0.0081768746359,-0.019072158130391,0,269
2014-07-10,train,train,-0.020047286505531,0.0093254074364953,-0.0207532584220616,1,270
2014-07-11,train,train,0.0004935556333903,0.0090421262021185,-0.0207532584220616,1,270
2014-07-14,train,train,0.006384486156558,0.0089050627897131,-0.0207532584220616,1,270
2014-07-15,train,train,-0.0123707401233404,0.0091500954838385,-0.0207532584220616,1,270
2014-07-16,train,train,0.0182087377879171,0.0099294652641171,-0.0207532584220616,1,270
2014-07-17,train,train,-0.0117955809283876,0.010051207259415,-0.0207532584220616,1,270
2014-07-18,train,train,-0.0015471848725699,0.0097523734645064,-0.0207532584220616,1,270
2014-07-21,train,train,-0.0042838892700483,0.0095133255666154,-0.0207532584220616,1,270
2014-07-22,train,train,0.0157971528003423,0.010002307920279,-0.0207532584220616,1,270
2014-07-23,train,train,0.0009573146060237,0.0097004319998361,-0.0207532584220616,1,270
2014-07-24,train,train,0.0187368550819541,0.0104650208994616,-0.0207532584220616,1,270
2014-07-25,train,train,0.0025196292090036,0.0101649680059334,-0.0207532584220616,1,270
2014-07-28,train,train,-0.0007625736524723,0.0098570721414869,-0.0207532584220616,1,270
2014-07-29,train,train,0.0019650538194141,0.0095688998908505,-0.0207532584220616,1,270
2014-07-30,train,train,0.0033152549257208,0.0093128657956186,-0.0207532584220616,0,271
2014-07-31,train,train,-0.0212717350037242,0.0104247255969493,-0.0216829331903506,1,272
2014-08-01,train,train,-0.018208746649868,0.0110475298967205,-0.0216829331903506,1,272
2014-08-04,train,train,-0.0016943986237315,0.0107190158602161,-0.0216829331903506,1,272
2014-08-05,train,train,-0.0136597363589403,0.010917818774582,-0.0216829331903506,1,272
2014-08-06,train,train,-0.0104466699173011,0.0108901246792037,-0.0216829331903506,1,272
2014-08-07,train,train,-0.016492519390128,0.0113048360601519,-0.0199339107360375,1,272
2014-08-08,train,train,0.0025962163107603,0.0109788787949422,-0.0199339107360375,1,272
2014-08-11,train,train,0.0087396357131191,0.01085755528479,-0.0199339107360375,1,272
2014-08-12,train,train,0.0046978359426134,0.0105894993323177,-0.0199339107360375,1,272
2014-08-13,train,train,0.0060840824655727,0.0103744980557847,-0.0199339107360375,1,272
2014-08-14,train,train,-0.0008932758808512,0.0100608286846994,-0.0199339107360375,1,272
2014-08-15,train,train,-0.0070770569195139,0.0099071762612775,-0.0199339107360375,1,272
2014-08-18,train,train,0.0127531743235819,0.010100575246161,-0.0199339107360375,1,272
2014-08-19,train,train,0.0031918833881829,0.0098240322810434,-0.0199339107360375,0,273
2014-08-20,train,train,0.0033065598624968,0.0095591272578045,-0.0199339107360375,0,273
2014-08-21,train,train,0.0129189188587264,0.0097932735570772,-0.0199339107360375,0,273
2014-08-22,train,train,-0.005338030312653,0.0095845390396748,-0.0199339107360375,0,273
2014-08-25,train,train,0.0179237379608278,0.0102775098266153,-0.0199339107360375,1,274
2014-08-26,train,train,0.0127157839039012,0.0104398776505975,-0.0199339107360375,1,274
2014-08-27,train,train,0.0009693376528502,0.010124621453022,-0.0199339107360375,0,275
2014-08-28,train,train,-0.0106867848542256,0.0101592285250507,-0.0199339107360375,1,276
2014-08-29,train,train,0.0006153201429408,0.0098508906147338,-0.0199339107360375,0,277
2014-09-01,train,train,0.0016484256042288,0.0095593243258927,-0.0199339107360375,0,277
2014-09-02,train,train,0.0007906433445136,0.0092701320210362,-0.0199339107360375,0,277
2014-09-03,train,train,0.0121802776286171,0.0094699934853624,-0.0199339107360375,0,277
2014-09-04,train,train,0.0194029848221468,0.0103386884669451,-0.0199339107360375,1,278
2014-09-05,train,train,0.0043867958935534,0.0100811611015921,-0.0199339107360375,0,279
2014-09-08,train,train,-0.004161597810656,0.0098270623477791,-0.0199339107360375,0,279
2014-09-09,train,train,-0.0136936766816777,0.0101008857031277,-0.0199339107360375,0,279
2014-09-10,train,train,-0.0012608678565519,0.0097980409130341,-0.0199339107360375,0,279
2014-09-11,train,train,-0.0047195666455098,0.0095696378170109,-0.0199339107360375,0,279
2014-09-12,train,train,0.0002388578283913,0.0092782925722124,-0.0199339107360375,0,279
2014-09-15,train,train,-0.0043810649426075,0.0090594223918591,-0.0199339107360375,0,279
2014-09-16,train,train,-0.003937126312038,0.0088362211292773,-0.0199339107360375,0,279
2014-09-17,train,train,0.0100157290949842,0.0089113952539995,-0.0199339107360375,0,279
2014-09-18,train,train,0.0076352697949725,0.008840024216095,-0.0199339107360375,0,279
2014-09-19,train,train,0.0009912655422723,0.0085741601860004,-0.0199339107360375,0,279
2014-09-22,train,train,-0.0049203327480544,0.0083998708313031,-0.0199339107360375,0,279
2014-09-23,train,train,-0.0134349371720825,0.0087837470587837,-0.0199339107360375,0,279
2014-09-24,train,train,0.0050880947583571,0.0086068741216153,-0.0199339107360375,0,279
2014-09-25,train,train,-0.0068208078227571,0.0085102873264015,-0.0199339107360375,0,279
2014-09-26,train,train,0.0063140887002999,0.0083947337016817,-0.0199339107360375,0,279
2014-09-29,train,train,-0.0153596817051347,0.0089665182770016,-0.0199339107360375,0,279
2014-09-30,train,train,0.0129700016167311,0.0092556901162137,-0.0198425893863744,0,279
2014-10-01,train,train,-0.0067010660108899,0.0091226086563368,-0.0198425893863744,0,279
2014-10-02,train,train,-0.0316587944381097,0.0117628833748933,-0.0237130920305673,1,280
2014-10-03,train,train,0.0142480534594096,0.0119266056116898,-0.0237130920305673,1,280
2014-10-06,train,train,0.0073634011339747,0.0117030964580906,-0.0237130920305673,1,280
2014-10-07,train,train,-0.0204026943218578,0.0123984238853332,-0.0244444079212305,1,280
2014-10-08,train,train,-0.0088302561090278,0.0122137654033078,-0.0244444079212305,1,280
2014-10-09,train,train,-0.0063359085009056,0.0119429529681451,-0.0244444079212305,1,280
2014-10-10,train,train,-0.0120642980401214,0.0119502684193879,-0.0244444079212305,1,280
2014-10-13,train,train,0.0036188657649169,0.0116200753759674,-0.0244444079212305,1,280
2014-10-14,train,train,0.0017262098922838,0.0112740130687394,-0.0244444079212305,1,280
2014-10-15,train,train,-0.0365647148970349,0.0141313789477088,-0.0298317481129562,1,280
2014-10-16,train,train,-0.0173059723495911,0.0143416846794165,-0.0298317481129562,1,280
2014-10-17,train,train,0.0292584389399666,0.0156430898236061,-0.0298317481129562,1,280
2014-10-20,train,train,-0.0041867664078147,0.0152011718118328,-0.0298317481129562,1,280
2014-10-21,train,train,0.0236115160278886,0.0158322868952594,-0.0298317481129562,1,280
2014-10-22,train,train,0.0095874554835209,0.0155285797158878,-0.0298317481129562,1,280
2014-10-23,train,train,0.0081424389084732,0.0151870517018879,-0.0295420678856674,1,280
2014-10-24,train,train,0.0005417322431512,0.014724990847585,-0.0295420678856674,1,280
2014-10-27,train,train,-0.0140351238731616,0.0146845128030137,-0.0295420678856674,1,280
2014-10-28,train,train,0.0193886420974655,0.0150083972438491,-0.0295420678856674,1,280
2014-10-29,train,train,-0.0142426477982433,0.0149635573824447,-0.0295420678856674,1,280
2014-10-30,train,train,0.0015503898266407,0.0145126768406909,-0.0295420678856674,1,280
2014-10-31,train,train,0.0206453183927668,0.0149517380939377,-0.0295420678856674,1,280
2014-11-03,train,train,-0.0099174539974591,0.0146983862153445,-0.0295420678856674,1,280
2014-11-04,train,train,-0.0214341456451487,0.0151870128684857,-0.0298858849934311,1,280
2014-11-05,train,train,0.0119915611890672,0.0150144760368308,-0.0298858849934311,1,280
2014-11-06,train,train,-0.0014704537590702,0.0145615299771825,-0.0298858849934311,1,280
2014-11-07,train,train,-0.0132922774012735,0.0144885107678652,-0.0298858849934311,1,280
2014-11-10,train,train,0.0143831288580986,0.0144822094778122,-0.0298858849934311,1,280
2014-11-11,train,train,0.0063847017165638,0.0141278516710167,-0.0298858849934311,1,280
2014-11-12,train,train,-0.0177111682889931,0.0143680739905395,-0.0298858849934311,1,280
2014-11-13,train,train,-0.001665157696896,0.0139363346040159,-0.0298858849934311,1,280
2014-11-14,train,train,0.0007491588919499,0.0135130237625081,-0.0298858849934311,1,280
2014-11-17,train,train,0.0157406749090852,0.0136569335258451,-0.0298858849934311,1,280
2014-11-18,train,train,0.0119470241715057,0.0135604205879782,-0.0298858849934311,1,280
2014-11-19,train,train,-0.0053917912551165,0.0132134851915692,-0.0298858849934311,1,280
2014-11-20,train,train,-0.0162832495335275,0.0134174912847229,-0.0298858849934311,1,280
2014-11-21,train,train,0.0300649689615791,0.0149486276812529,-0.0298858849934311,1,280
2014-11-24,train,train,0.0115011989149124,0.0147644991777026,-0.0298858849934311,1,280
2014-11-25,train,train,0.0053509077495815,0.0143745936511245,-0.0298858849934311,1,280
2014-11-26,train,train,-0.0049281637106692,0.013988867499923,-0.0298858849934311,1,280
2014-11-27,train,train,0.0075416685114153,0.0136879404926652,-0.0298858849934311,1,280
2014-11-28,train,train,0.0040096832910365,0.0133072456068325,-0.0298858849934311,1,280
2014-12-01,train,train,-0.0091310811135303,0.0130942894820697,-0.0298858849934311,1,280
2014-12-02,train,train,0.0071329279410985,0.012815050201954,-0.0298858849934311,1,280
2014-12-03,train,train,0.0117180283599628,0.0127518905381351,-0.0298858849934311,1,280
2014-12-04,train,train,-0.0238197555410807,0.0136710246434199,-0.0306810882920751,1,280
2014-12-05,train,train,0.0260974149744624,0.0147155565308925,-0.0306810882920751,1,280
2014-12-08,train,train,-0.0087995161713791,0.0144291592570073,-0.0306810882920751,1,280
2014-12-09,train,train,-0.0323161771936857,0.0160738519701115,-0.0335132288429434,1,280
2014-12-10,train,train,-0.0062036572992751,0.0156580878769039,-0.0335132288429434,1,280
2014-12-11,train,train,0.0033510955933793,0.0152032550298859,-0.0335132288429434,1,280
2014-12-12,train,train,-0.0278778703320395,0.0162450350860971,-0.0335132288429434,1,280
2014-12-15,train,train,-0.0240522420485233,0.0168159958344803,-0.0335132288429434,1,280
2014-12-16,train,train,0.0178131346961477,0.0168774855654843,-0.0335132288429434,1,280
2014-12-17,train,train,-0.0032188967887659,0.0163823144172167,-0.0335132288429434,1,280
2014-12-18,train,train,0.0334459547576043,0.0178716346623227,-0.0335132288429434,1,280
2014-12-19,train,train,-0.0026692724335326,0.0173395244136853,-0.0335132288429434,1,280
2014-12-22,train,train,0.0007138212212101,0.0168122019058591,-0.0335132288429434,1,280
2014-12-23,train,train,0.0102357687391545,0.0164917367990414,-0.0335132288429434,1,280
2014-12-24,train,train,0.0003911938385514,0.0159896191839295,-0.0335132288429434,1,280
2014-12-29,train,train,-0.0083924328114168,0.0156382167160424,-0.0322529208075867,1,280
2014-12-30,train,train,-0.0111255336362857,0.0154047798639241,-0.0322529208075867,1,280
2014-12-31,train,train,2.9165754447248777e-05,0.0149354899194863,-0.0322529208075867,1,280
2015-01-02,train,train,0.0069121790275165,0.0145791433466263,-0.0322529208075867,1,280
2015-01-05,train,train,-0.0351488830464567,0.0165506789662237,-0.0346765917123924,1,280
2015-01-06,train,train,-0.0123036044992679,0.0163270388254847,-0.0346765917123924,1,280
2015-01-07,train,train,0.002054477768891,0.01583764874388,-0.0346765917123924,1,280
2015-01-08,train,train,0.0223537602082425,0.0163022294916158,-0.0346765917123924,1,280
2015-01-09,train,train,-0.0399367774360049,0.0185879987285304,-0.0372167917931655,2,281
2015-01-12,train,train,0.0080445266210092,0.0181291406150789,-0.0358006125587157,1,282
2015-01-13,train,train,0.0170520656200589,0.018066327008816,-0.0358006125587157,1,282
2015-01-14,train,train,-0.0121140304658622,0.0177655178742916,-0.0358006125587157,1,282
2015-01-15,train,train,0.01376829218155,0.017551374874837,-0.0358006125587157,1,282
2015-01-16,train,train,0.0056340309602948,0.017072558469337,-0.0358006125587157,1,282
2015-01-19,train,train,0.0117446786764639,0.0168006001726247,-0.0358006125587157,1,282
2015-01-20,train,train,0.0123672676164983,0.0165680872368738,-0.0358006125587157,1,282
2015-01-21,train,train,0.0049856030882094,0.0161097112977399,-0.0358006125587157,1,282
2015-01-22,train,train,0.0168190505256501,0.016153150090487,-0.0358006125587157,1,282
2015-01-23,train,train,0.0067229655847572,0.0157474029081078,-0.0358006125587157,1,282
2015-01-26,train,train,0.0107719700835614,0.0154939980901681,-0.0358006125587157,1,282
2015-01-27,train,train,-0.00912890273178,0.0151875063823599,-0.0358006125587157,1,282
2015-01-28,train,train,-0.0134881878123793,0.0150909443619374,-0.0358006125587157,1,282
2015-01-29,train,train,0.0048366876904085,0.0146791014200413,-0.0358006125587157,1,282
2015-01-30,train,train,-0.0099757332034132,0.0144401652541308,-0.0358006125587157,1,282
2015-02-02,train,train,-0.0072547541597978,0.0141125886246201,-0.0358006125587157,1,282
2015-02-03,train,train,0.0258159222212462,0.0150732530873232,-0.0358006125587157,1,282
2015-02-04,train,train,-0.0019267489264858,0.0146216798898748,-0.0358006125587157,1,282
2015-02-05,train,train,-0.0040069439375046,0.0142101811183725,-0.0358006125587157,1,282
2015-02-06,train,train,0.0035624994652237,0.0138048895945718,-0.0358006125587157,1,282
2015-02-09,train,train,-0.0198878875470877,0.0142433199212948,-0.0358006125587157,1,282
2015-02-10,train,train,0.0129596213951832,0.0141695779697182,-0.0358006125587157,1,282
2015-02-11,train,train,-0.0129693259293347,0.0141004442608453,-0.0358006125587157,1,282
2015-02-12,train,train,0.0188661966235097,0.0144308412490135,-0.0358006125587157,1,282
2015-02-13,train,train,0.0166469414479326,0.0145733135552361,-0.0358006125587157,1,282
2015-02-16,train,train,-0.0046665864825177,0.0141755141587317,-0.0358006125587157,1,282
2015-02-17,train,train,0.0007948576491906,0.0137450499266277,-0.0358006125587157,1,282
2015-02-18,train,train,0.0099799382836992,0.013548681254098,-0.0358006125587157,1,282
2015-02-19,train,train,0.0096797717426172,0.0133482072489525,-0.0358006125587157,1,282
2015-02-20,train,train,-0.0028546182318304,0.012960443251305,-0.0358006125587157,1,282
2015-02-23,train,train,0.0101329587965476,0.0128084079866481,-0.0358006125587157,1,282
2015-02-24,train,train,0.0067469595144964,0.0125277006671097,-0.0358006125587157,1,282
2015-02-25,train,train,-0.0013566082005445,0.012150601224343,-0.0358006125587157,0,283
2015-02-26,train,train,0.0081120923051525,0.0119468508821473,-0.0358006125587157,0,283
2015-02-27,train,train,0.0034770349105749,0.0116141722712559,-0.0358006125587157,0,283
2015-03-02,train,train,1.790913942313402e-05,0.0112603586504987,-0.0358006125587157,0,283
2015-03-03,train,train,-0.0147614554703406,0.0115005204394306,-0.0358006125587157,0,283
2015-03-04,train,train,0.0033172916317498,0.0111797369191453,-0.0358006125587157,0,283
2015-03-05,train,train,0.0065927973001001,0.0109587966994937,-0.0358006125587157,0,283
2015-03-06,train,train,-0.0029257847911283,0.010649090317648,-0.034321176938167,0,283
2015-03-09,train,train,-0.0034045987693558,0.0103583017278237,-0.034321176938167,0,283
2015-03-10,train,train,-0.0138458558161246,0.010599962886747,-0.034321176938167,0,283
2015-03-11,train,train,0.0109105010941245,0.0106188512776044,-0.0330459675103282,0,283
2015-03-12,train,train,-0.0009077055601116,0.0102977588858722,-0.0316578493431831,0,283
2015-03-13,train,train,0.001995865763039,0.009996010033804,-0.0316578493431831,0,283
2015-03-16,train,train,0.00730522210337,0.0098553021160657,-0.0316578493431831,0,283
2015-03-17,train,train,-0.0078219682713534,0.0097452733296341,-0.0316578493431831,0,283
2015-03-18,train,train,0.0019839043674099,0.009460881762577,-0.0316578493431831,0,283
2015-03-19,train,train,0.0037034562024763,0.0092174140610344,-0.0316578493431831,0,283
2015-03-20,train,train,0.0291972049193364,0.0114460335994747,-0.0316578493431831,1,284
2015-03-23,train,train,0.0029030843725061,0.0111201015275545,-0.0316578493431831,1,284
2015-03-24,train,train,0.0109847910427467,0.0111120293627807,-0.0316578493431831,1,284
2015-03-25,train,train,-0.0099462481069951,0.0110455527634472,-0.0316578493431831,1,284
2015-03-26,train,train,-0.0009512317642232,0.0107115952225262,-0.0316578493431831,1,284
2015-03-27,train,train,-0.0023075234334254,0.0104006468905699,-0.0316578493431831,0,285
2015-03-30,train,train,0.008860234608432,0.010314711524651,-0.0248620401511444,0,285
2015-03-31,train,train,-0.0006941379013452,0.0100019291665222,-0.0248620401511444,0,285
2015-04-01,train,train,0.0042181394565463,0.0097521194546361,-0.0248620401511444,0,285
2015-04-02,train,train,0.0055336129877005,0.009551693891028,-0.0248620401511444,0,285
2015-04-07,train,train,0.0082604503006669,0.0094791807223417,-0.0161650662778509,0,285
2015-04-08,train,train,-0.0064141223207347,0.0093237349300335,-0.0161650662778509,0,285
2015-04-09,train,train,0.0067635445332759,0.009190258056334,-0.0161650662778509,0,285
2015-04-10,train,train,0.0012519396071758,0.0089155613239039,-0.0161650662778509,0,285
2015-04-13,train,train,0.0099172720643182,0.0089788160026217,-0.0161650662778509,0,285
2015-04-14,train,train,-0.0137204363604666,0.0093315063647675,-0.0161650662778509,0,285
2015-04-15,train,train,0.0062768977698603,0.0091769470473765,-0.0161650662778509,0,285
2015-04-16,train,train,-0.0142541657109024,0.00955794172877,-0.0163011695761102,0,285
2015-04-17,train,train,-0.0219676203371091,0.0107157629537822,-0.0188723211181791,1,286
2015-04-20,train,train,0.0022159035375288,0.0104034866679402,-0.0188723211181791,1,286
2015-04-21,train,train,0.003306040659802,0.0101190106754398,-0.0188723211181791,1,286
2015-04-22,train,train,-0.0020243753466554,0.0098232683033364,-0.0188723211181791,0,287
2015-04-23,train,train,0.0023307468766738,0.0095411082694811,-0.0188723211181791,0,287
2015-04-24,train,train,0.0069425923060325,0.0094054642344241,-0.0188723211181791,0,287
2015-04-27,train,train,0.0116481285338987,0.0095548796914279,-0.0188723211181791,0,287
2015-04-28,train,train,-0.0027959560554774,0.0092890809329261,-0.0188723211181791,0,287
2015-04-29,train,train,-0.0199079105817648,0.0102415476041288,-0.0205878061553205,1,288
2015-04-30,train,train,0.0005359025207823,0.0099304164554507,-0.0205878061553205,1,288
2015-05-04,train,train,0.0038660048269138,0.0096743547753464,-0.0205878061553205,0,289
2015-05-05,train,train,-0.0278132373655783,0.0115927616323873,-0.0232295894281507,1,290
2015-05-06,train,train,0.0043089631986323,0.0112890488864324,-0.0232295894281507,1,290
2015-05-07,train,train,0.0014948345076542,0.0109512619860435,-0.0232295894281507,1,290
2015-05-08,train,train,0.0216244342189514,0.0118655509800063,-0.0232295894281507,1,290
2015-05-11,train,train,0.0018451399824177,0.0115129533373876,-0.0232295894281507,1,290
2015-05-12,train,train,-0.0108221506760123,0.0114726782222457,-0.0232295894281507,1,290
2015-05-13,train,train,0.0001766224649393,0.0111232583618932,-0.0232295894281507,1,290
2015-05-14,train,train,0.0065220215083872,0.0109020855740383,-0.0232295894281507,1,290
2015-05-15,train,train,-0.0071668271727216,0.0107147536777685,-0.0232295894281507,1,290
2015-05-18,train,train,0.0024446095933742,0.0104055829513093,-0.0232295894281507,1,290
2015-05-19,train,train,0.0133699278403006,0.0106068320148136,-0.0232295894281507,1,290
2015-05-20,train,train,0.0066227837938707,0.0104108725944499,-0.0232295894281507,1,290
2015-05-21,train,train,0.0018386938689504,0.0101037586964366,-0.0232295894281507,0,291
2015-05-22,train,train,-0.0035594808966506,0.0098346823875144,-0.0232295894281507,0,291
2015-05-25,train,train,-0.0202748298107408,0.0107508996104865,-0.0233518958378094,1,292
2015-05-26,train,train,-0.0072687055243965,0.0105743546700826,-0.0233518958378094,1,292
2015-05-27,train,train,0.016832177251324,0.0110502167195298,-0.0233518958378094,1,292
2015-05-28,train,train,-0.004234254354733,0.0107636697632404,-0.0233518958378094,1,292
2015-05-29,train,train,-0.0146195034830272,0.0110330859006528,-0.0233518958378094,1,292
2015-06-01,train,train,0.0018258195295147,0.0107063188089546,-0.0233518958378094,1,292
2015-06-02,train,train,0.002958825404247,0.010405432502256,-0.0233518958378094,1,292
2015-06-03,train,train,-0.0003372629875617,0.0100887793515782,-0.0233518958378094,1,292
2015-06-04,train,train,-0.0108417014059795,0.0101355320550589,-0.0233518958378094,1,292
2015-06-05,train,train,-0.0075737340294352,0.0100003478072363,-0.0233518958378094,1,292
2015-06-08,train,train,-0.0131671553361959,0.010218071132489,-0.0233518958378094,1,292
2015-06-09,train,train,0.0019034043734346,0.0099177525630063,-0.0233518958378094,1,292
2015-06-10,train,train,0.0144677122242541,0.0102478772810366,-0.0233518958378094,1,292
2015-06-11,train,train,0.0053203796844308,0.0100207901804371,-0.0233518958378094,1,292
2015-06-12,train,train,-0.0113759921378888,0.0101072277859561,-0.0233518958378094,1,292
2015-06-15,train,train,-0.0172275119186602,0.0106692980237983,-0.0233518958378094,1,292
2015-06-16,train,train,0.0026988581322044,0.0103653709636681,-0.0233518958378094,1,292
2015-06-17,train,train,-0.0053493870070123,0.0101346641178992,-0.0233518958378094,1,292
2015-06-18,train,train,0.0053953782297034,0.0099144005441665,-0.0233518958378094,1,292
2015-06-19,train,train,0.0066372466788193,0.0097488871400632,-0.0233518958378094,1,292
2015-06-22,train,train,0.0380011968222893,0.0132658889652028,-0.0233518958378094,1,292
2015-06-23,train,train,0.0030126316397398,0.0128829087708743,-0.0233518958378094,1,292
2015-06-24,train,train,-0.0070936992046753,0.0126107260773967,-0.0233518958378094,1,292
2015-06-25,train,train,-0.0011930920152979,0.0122300447906213,-0.0233518958378094,1,292
2015-06-26,train,train,0.0056347157372818,0.0119375272620491,-0.0233518958378094,1,292
2015-06-29,train,train,-0.0466560176985781,0.0162653411570012,-0.0321456251337551,2,293
2015-06-30,train,train,-0.0078064413159024,0.0158853415178125,-0.0321456251337551,1,294
2015-07-01,train,train,0.013099227082446,0.0157320950810353,-0.0321456251337551,1,294
2015-07-02,train,train,-0.0059840211369297,0.0153231001183978,-0.0321456251337551,1,294
2015-07-03,train,train,-0.0061592755130689,0.0149327075205701,-0.0321456251337551,1,294
2015-07-06,train,train,-0.0224870233036839,0.0154902092201759,-0.0323187594559467,1,294
2015-07-07,train,train,-0.0185870412126366,0.0156932620205663,-0.0323187594559467,1,294
2015-07-08,train,train,0.0081150498670488,0.0153444780470389,-0.0323187594559467,1,294
2015-07-09,train,train,0.0261267434880716,0.0161951298130452,-0.0323187594559467,1,294
2015-07-10,train,train,0.0303299821621497,0.0173706581613674,-0.0323187594559467,1,294
2015-07-13,train,train,0.0169004261359509,0.0173428037893571,-0.0323187594559467,1,294
2015-07-14,train,train,0.0030334412161624,0.0168308816945603,-0.0323187594559467,1,294
2015-07-15,train,train,0.0068514449583503,0.0164042190237862,-0.0323187594559467,1,294
2015-07-16,train,train,0.0153112768242542,0.0163407040715161,-0.0323187594559467,1,294
2015-07-17,train,train,-0.0026009370198036,0.0158557051367182,-0.0323187594559467,1,294
2015-07-20,train,train,0.0065460272828291,0.0154560735845444,-0.0323187594559467,1,294
2015-07-21,train,train,-0.0084729052210663,0.0151282585046961,-0.0323187594559467,1,294
2015-07-22,train,train,0.0022403648163692,0.0146776533251212,-0.0323187594559467,1,294
2015-07-23,train,train,-0.0036987817767617,0.0142593252260554,-0.0323187594559467,1,294
2015-07-24,train,train,-0.01165672341413,0.0141167066482762,-0.0323187594559467,1,294
2015-07-27,train,train,-0.0145985022739429,0.0141460771352491,-0.0323187594559467,1,294
2015-07-28,train,train,0.009554592168779,0.0139133828491899,-0.0298059569376675,1,294
2015-07-29,train,train,0.0027068687159157,0.0135058105000906,-0.0298059569376675,1,294
2015-07-30,train,train,-0.0101821159464365,0.0133297798682985,-0.0298059569376675,1,294
2015-07-31,train,train,0.0010828616480562,0.0129264227386384,-0.0298059569376675,1,294
2015-08-03,train,train,0.0075914117256539,0.0126698315872079,-0.0298059569376675,0,295
2015-08-04,train,train,-0.0102961696568066,0.0125400885593932,-0.0298059569376675,1,296
2015-08-05,train,train,0.0115025909158293,0.012480271138056,-0.0298059569376675,1,296
2015-08-06,train,train,-0.0022988784872569,0.0121131675525678,-0.0298059569376675,0,297
2015-08-07,train,train,-0.006722579325774,0.0118590338069619,-0.0298059569376675,0,297
2015-08-10,train,train,0.0118721474839369,0.0118598210364831,-0.0298059569376675,0,297
2015-08-11,train,train,-0.0141918832197192,0.0120125187481931,-0.0298059569376675,1,298
2015-08-12,train,train,-0.0247102770201925,0.0131254880937826,-0.0312844393408181,1,298
2015-08-13,train,train,0.006212302183877,0.012816290155246,-0.0312844393408181,1,298
2015-08-14,train,train,-0.0062858157457485,0.0125208843345116,-0.0312844393408181,1,298
2015-08-17,train,train,0.00192841260628,0.0121486344235855,-0.0312844393408181,1,298
2015-08-18,train,train,-0.00022014812375,0.0117786615185358,-0.0312844393408181,1,298
2015-08-19,train,train,-0.0106549450882935,0.0117142787412719,-0.0312844393408181,1,298
2015-08-20,train,train,-0.018288396464411,0.0122089636561377,-0.0312844393408181,1,298
2015-08-21,train,train,-0.0302343045789369,0.0139628813769147,-0.0338668664325691,1,298
2015-08-24,train,train,-0.0514485760084461,0.0184954505585253,-0.042779632761987,2,299
2015-08-25,train,train,0.0361151501475325,0.0199953753176031,-0.042779632761987,2,299
2015-08-26,train,train,-0.0130251758402606,0.0196470212598879,-0.042779632761987,2,299
2015-08-27,train,train,0.0301580486365717,0.0204307511261149,-0.042779632761987,2,299
2015-08-28,train,train,0.006074712771109,0.0198641582806244,-0.042779632761987,2,299
2015-08-31,train,train,-0.0091113518238513,0.0193879008938389,-0.042779632761987,2,299
2015-09-01,train,train,-0.0262904851485273,0.0198697920363011,-0.042779632761987,2,299
2015-09-02,train,train,-0.0054688592510176,0.019310997455397,-0.042779632761987,2,299
2015-09-03,train,train,0.0104202183730491,0.0188958885055858,-0.042779632761987,2,299
2015-09-04,train,train,-0.0222118051882526,0.0191110748953022,-0.042779632761987,2,299
2015-09-07,train,train,-0.0016710925689777,0.0185333954163037,-0.042779632761987,2,299
2015-09-08,train,train,0.0061815060131887,0.0180324763111756,-0.042779632761987,1,300
2015-09-09,train,train,0.0172431701677557,0.017986094763577,-0.042779632761987,1,300
2015-09-10,train,train,-0.0179732213399015,0.0179853226180042,-0.042779632761987,1,300
2015-09-11,train,train,-0.0123592271384609,0.0176982640284542,-0.042779632761987,1,300
2015-09-14,train,train,-0.0042708101776963,0.0171909634930116,-0.042779632761987,1,300
2015-09-15,train,train,0.0088403610796532,0.0168073374247706,-0.042779632761987,1,300
2015-09-16,train,train,0.0196673223868891,0.0169925162946421,-0.042779632761987,1,300
2015-09-17,train,train,0.0129262716512601,0.0167763578690486,-0.042779632761987,1,300
2015-09-18,train,train,-0.0260014919332247,0.0174678008723072,-0.042779632761987,1,300
2015-09-21,train,train,0.0009743828308935,0.0169373430203728,-0.0359911219119701,1,300
2015-09-22,train,train,-0.0315994671875217,0.0181541387255496,-0.0377607825916349,1,300
2015-09-23,train,train,-0.0079476328022966,0.0177084239762921,-0.0377607825916349,1,300
2015-09-24,train,train,-0.0195252296222641,0.0178226557630674,-0.0377607825916349,1,300
2015-09-25,train,train,0.0242530684095566,0.018272408559864,-0.0377607825916349,1,300
2015-09-28,train,train,-0.0132498417443069,0.0180105957169335,-0.0377607825916349,1,300
2015-09-29,train,train,-3.191434895910878e-05,0.0174619221652611,-0.0377607825916349,1,300
2015-09-30,train,train,0.0175167416313031,0.0174652161854919,-0.0377607825916349,1,300
2015-10-01,train,train,0.0007737067539205,0.0169342158705407,-0.0377607825916349,1,300
2015-10-02,train,train,0.0037869777799748,0.0164445151696068,-0.0377607825916349,1,300
2015-10-05,train,train,0.0375729970536349,0.0184092520453486,-0.0377607825916349,1,300
2015-10-06,train,train,0.0131511495593812,0.0181368048812632,-0.0377607825916349,1,300
2015-10-07,train,train,0.0065800365524274,0.0176579976974976,-0.0377607825916349,1,300
2015-10-08,train,train,0.001100692652977,0.0171221868107645,-0.0377607825916349,1,300
2015-10-09,train,train,0.0125325736917434,0.0168820333050286,-0.0377607825916349,1,300
2015-10-12,train,train,-0.0061490060260073,0.0164368939312706,-0.0377607825916349,1,300
2015-10-13,train,train,-0.0128772697542347,0.016245326643708,-0.0377607825916349,1,300
2015-10-14,train,train,-0.0077111143198117,0.0158632807621348,-0.0377607825916349,1,300
2015-10-15,train,train,0.0063657490762429,0.0154588622357571,-0.0377607825916349,1,300
2015-10-16,train,train,0.0127673677484082,0.0153107209849849,-0.0377607825916349,1,300
2015-10-19,train,train,-0.0023680678211077,0.0148556235536438,-0.0377607825916349,1,300
2015-10-20,train,train,-0.0105082565325641,0.0146312537199917,-0.0377607825916349,1,300
2015-10-21,train,train,0.0056174688037736,0.0142521060773251,-0.0377607825916349,1,300
2015-10-22,train,train,0.0202610465739561,0.014682158440682,-0.0377607825916349,1,300
2015-10-23,train,train,0.0106421812050281,0.014471599467118,-0.0377607825916349,1,300
2015-10-26,train,train,0.0001908890738951,0.0140308141597984,-0.0377607825916349,1,300
2015-10-27,train,train,-0.014990119840089,0.014090214434025,-0.0377607825916349,1,300
2015-10-28,train,train,0.0095930797723606,0.0138615917195728,-0.0377607825916349,1,300
2015-10-29,train,train,-0.0023728433694213,0.0134518743913059,-0.0377607825916349,1,300
2015-10-30,train,train,-0.0035167405863136,0.0130704933733271,-0.0377607825916349,1,300
2015-11-02,train,train,0.0055344801834941,0.0127446207262102,-0.0377607825916349,1,300
2015-11-03,train,train,0.0045011949039083,0.0124054617544623,-0.0377607825916349,0,301
2015-11-04,train,train,0.0007927725752684,0.0120291089346762,-0.0377607825916349,0,301
2015-11-05,train,train,-0.0040469277718401,0.0117047063833314,-0.0377607825916349,0,301
2015-11-06,train,train,0.0021068386315437,0.0113598621721375,-0.0377607825916349,0,301
2015-11-09,train,train,-0.0123206550191294,0.011419789527911,-0.0377607825916349,0,301
2015-11-10,train,train,0.0011227976628509,0.0110753120843424,-0.0377607825916349,0,301
2015-11-11,train,train,0.0039007901666749,0.010780341151147,-0.0377607825916349,0,301
2015-11-12,train,train,-0.0227287367545051,0.0118422353667853,-0.0377607825916349,1,302
2015-11-13,train,train,-0.0032187656954163,0.0115085122118161,-0.0364461761148317,1,302
2015-11-16,train,train,0.0012945950181333,0.0111624218118385,-0.0279638147564245,0,303
2015-11-17,train,train,0.0233607415410178,0.0122420233533455,-0.0279638147564245,1,304
2015-11-18,train,train,-0.0099589480707585,0.0121171756790677,-0.0279638147564245,1,304
2015-11-19,train,train,0.0090805428390965,0.0119567455917698,-0.0279638147564245,1,304
2015-11-20,train,train,-0.006238863311617,0.0116927902642094,-0.0279638147564245,1,304
2015-11-23,train,train,-0.0012543385119032,0.0113407436008036,-0.0279638147564245,1,304
2015-11-24,train,train,-0.0068539821863916,0.0111226948983914,-0.0267765652917505,1,304
2015-11-25,train,train,0.0019672257201686,0.0107946134676784,-0.0267765652917505,1,304
2015-11-26,train,train,0.0102143061754926,0.0107606775883488,-0.0267765652917505,0,305
2015-11-27,train,train,-0.0020926841774597,0.0104454492892725,-0.0267765652917505,0,305
2015-11-30,train,train,0.0073632321169829,0.0102865930917866,-0.0267765652917505,0,305
2015-12-01,train,train,-0.000741612860835,0.0099748762883533,-0.0267765652917505,0,305
2015-12-02,train,train,-0.0035905520431097,0.0097109109453405,-0.0267765652917505,0,305
2015-12-03,train,train,-0.0243809577986348,0.0111494192716823,-0.0273273056397937,1,306
2015-12-04,train,train,-0.0014079409660306,0.0108152630553235,-0.0273273056397937,1,306
2015-12-07,train,train,-0.0036081405338132,0.0105229672975449,-0.0273273056397937,1,306
2015-12-08,train,train,-0.020655276243805,0.0113880330392461,-0.0273273056397937,1,306
2015-12-09,train,train,-0.0001626232423173,0.0110411795335426,-0.0273273056397937,1,306
2015-12-10,train,train,-0.0057917243075263,0.0107984179855046,-0.0273273056397937,1,306
2015-12-11,train,train,-0.0152506532359539,0.0111159536962731,-0.0262363872468871,1,306
2015-12-14,train,train,-0.0212189375216892,0.0119651644182596,-0.0262363872468871,1,306
2015-12-15,train,train,0.0295840200931689,0.0136780153777881,-0.0227762106916097,1,306
2015-12-16,train,train,-6.174353487318464e-05,0.0132613365514323,-0.0227762106916097,1,306
2015-12-17,train,train,0.017101431810517,0.0135225294416658,-0.0227762106916097,1,306
2015-12-18,train,train,-0.0164735149447346,0.0137175025434202,-0.0227762106916097,1,306
2015-12-21,train,train,-0.0368224816963451,0.0160696419675011,-0.0279773920831616,1,306
2015-12-22,train,train,0.0053031163533611,0.0156341540215418,-0.0279773920831616,1,306
2015-12-23,train,train,0.0236570152457212,0.0162277671868717,-0.0279773920831616,1,306
2015-12-24,train,train,0.0043366502408771,0.0157692230093221,-0.0279773920831616,1,306
2015-12-28,train,train,-0.0135585969685617,0.0156453962482266,-0.0279773920831616,1,306
2015-12-29,train,train,0.0122668261750999,0.0154635125312068,-0.0279773920831616,1,306
2015-12-30,train,train,-0.0029514918844033,0.0150098529265027,-0.0279773920831616,1,306
2015-12-31,train,train,-0.0101845749044035,0.0147648731027982,-0.0279773920831616,1,306
2016-01-04,train,train,-0.0245009163556675,0.015522212574671,-0.0285681186168824,1,306
2016-01-05,train,train,0.0023594552655395,0.0150604369116398,-0.0285681186168824,1,306
2016-01-06,train,train,-0.0148713602159919,0.0150491593004972,-0.0285681186168824,1,306
2016-01-07,train,train,-0.0151289534608248,0.0150539588773792,-0.0285681186168824,1,306
2016-01-08,train,train,-0.0167073765448836,0.0151582506599431,-0.0285681186168824,1,306
2016-01-11,train,train,-0.0025962610336065,0.0147102224173111,-0.0285681186168824,1,306
2016-01-12,train,train,0.0032919514247757,0.0142848668738544,-0.0285681186168824,1,306
2016-01-13,train,train,0.0021400271211704,0.0138596089148388,-0.0285681186168824,1,306
2016-01-14,train,train,-0.0165671650646486,0.0140367977549262,-0.0285681186168824,1,306
2016-01-15,train,train,-0.0281706483596311,0.015258601360546,-0.0298313488038812,1,306
2016-01-18,train,train,-0.0087345903866752,0.0149476755619271,-0.0298313488038812,1,306
2016-01-19,train,train,0.010056436690533,0.0147001680111826,-0.0298313488038812,1,306
2016-01-20,train,train,-0.0324922143969521,0.0163240277801965,-0.0324951148176427,1,306
2016-01-21,train,train,0.0194677753548961,0.0165295222746041,-0.0324951148176427,1,306
2016-01-22,train,train,0.0324719911838395,0.0178912663865819,-0.0324951148176427,1,306
2016-01-25,train,train,-0.0179524731497996,0.0178949446959848,-0.0324951148176427,1,306
2016-01-26,train,train,0.0144612583048054,0.0177077096892148,-0.0324951148176427,1,306
2016-01-27,train,train,0.0055640203086786,0.0172222734507086,-0.0324951148176427,1,306
2016-01-28,train,train,-0.0173560804553086,0.0172303311740835,-0.0324951148176427,1,306
2016-01-29,train,train,0.0258770333613577,0.017867526548506,-0.0324951148176427,1,306
2016-02-01,train,train,-0.00310149839907,0.0173398602129036,-0.0324951148176427,1,306
2016-02-02,train,train,-0.0300071096275124,0.0183481907762784,-0.0331072685736031,1,306
2016-02-03,train,train,-0.0254360175100188,0.0188487717818203,-0.0331072685736031,2,307
2016-02-04,train,train,0.0183051568658922,0.0188165977768366,-0.0331072685736031,2,307
2016-02-05,train,train,0.0037012258332994,0.0182658817236311,-0.0331072685736031,1,308
2016-02-08,train,train,-0.0454185727176745,0.0209139832144865,-0.0382444229369905,2,309
2016-02-09,train,train,-0.0242383629453058,0.0211282016877484,-0.0382444229369905,2,309
2016-02-10,train,train,0.026894258383596,0.0215177814889198,-0.0382444229369905,2,309
2016-02-11,train,train,-0.050029350639277,0.0241952511976187,-0.0440901350177655,2,309
2016-02-12,train,train,0.0222769235910288,0.0240844607406051,-0.0440901350177655,2,309
2016-02-15,train,train,0.0321021554946203,0.0246392061044964,-0.0440901350177655,2,309
2016-02-16,train,train,-0.0050990671419331,0.023921226514444,-0.0440901350177655,2,309
2016-02-17,train,train,0.027549087591863,0.0241542689168326,-0.0440901350177655,2,309
2016-02-18,train,train,-0.0083432439062962,0.0235074364324369,-0.0440901350177655,2,309
2016-02-19,train,train,-0.0122745937089456,0.0229887697063314,-0.0440901350177655,2,309
2016-02-22,train,train,0.0232563018933028,0.0230049093742888,-0.0440901350177655,2,309
2016-02-23,train,train,-0.0143386890287335,0.0225789323083234,-0.0440901350177655,2,309
2016-02-24,train,train,-0.0311915854625905,0.0231860862017078,-0.0440901350177655,2,309
2016-02-25,train,train,0.0248821030287072,0.0232913301642417,-0.0440901350177655,2,309
2016-02-26,train,train,0.0161310279985188,0.0229248664342428,-0.0440901350177655,2,309
2016-02-29,train,train,0.0133489554024288,0.0224657118201574,-0.0440901350177655,2,309
2016-03-01,train,train,0.0175257830337326,0.0222003355692635,-0.0440901350177655,2,309
2016-03-02,train,train,0.0176690338424481,0.0219548466366806,-0.0440901350177655,2,309
2016-03-03,train,train,0.0002852012119439,0.0212861282006295,-0.0440901350177655,2,309
2016-03-04,train,train,0.0050743234004181,0.0206750628542101,-0.0440901350177655,1,310
2016-03-07,train,train,-0.0028184206178867,0.0200571019908352,-0.0440901350177655,1,310
2016-03-08,train,train,-0.0053060867765608,0.0194894682653823,-0.0440901350177655,1,310
2016-03-09,train,train,0.0023769339673178,0.0189047084023108,-0.0440901350177655,1,310
2016-03-10,train,train,0.0006618880966624,0.0183295118740508,-0.0440901350177655,0,311
2016-03-11,train,train,0.0362575946518818,0.0198667947944534,-0.0440901350177655,1,312
2016-03-14,train,train,0.0057149038874085,0.0193123735171823,-0.0440901350177655,1,312
2016-03-15,train,train,-0.0170320746592977,0.0191832009489326,-0.0440901350177655,1,312
2016-03-16,train,train,-0.0028410562781405,0.0186118183629336,-0.0426467125846345,1,312
2016-03-17,train,train,0.0017835667126357,0.0180501153021649,-0.0426467125846345,1,312
2016-03-18,train,train,0.0080200406057307,0.0176101540525691,-0.0426467125846345,1,312
2016-03-21,train,train,-0.0033310646947078,0.0170931633622897,-0.0426467125846345,1,312
2016-03-22,train,train,-0.0032199026653386,0.0165911942335861,-0.0426467125846345,1,312
2016-03-23,train,train,-0.0072437499084909,0.0161833240496195,-0.0426467125846345,1,312
2016-03-24,train,train,-0.0154996296383406,0.0161431189611189,-0.0426467125846345,1,312
2016-03-29,train,train,0.0021025026229691,0.0156598053449601,-0.0426467125846345,1,312
2016-03-30,train,train,0.0070029363516209,0.0152793390003694,-0.0426467125846345,1,312
2016-03-31,train,train,-0.0167227481589245,0.0153697666420192,-0.0426467125846345,1,312
2016-04-01,train,train,-0.0139450620406282,0.0152880289230279,-0.0426467125846345,1,312
2016-04-04,train,train,-0.00055812390516,0.0148229244343978,-0.0426467125846345,1,312
2016-04-05,train,train,-0.0247051185878692,0.0155934767299354,-0.0426467125846345,1,312
2016-04-06,train,train,0.001298609834758,0.0151217825928556,-0.0426467125846345,1,312
2016-04-07,train,train,-0.012665217982335,0.0149857490653907,-0.0426467125846345,1,312
2016-04-08,train,train,0.0161122304221098,0.0150557149514168,-0.0426467125846345,1,312
2016-04-11,train,train,0.0082717456879229,0.0147370073671678,-0.0426467125846345,1,312
2016-04-12,train,train,0.0057146990712472,0.0143564650976504,-0.0426467125846345,1,312
2016-04-13,train,train,0.0316028681891905,0.015926898045792,-0.0426467125846345,1,312
2016-04-14,train,train,0.004614801009372,0.0154830197242255,-0.0426467125846345,1,312
2016-04-15,train,train,-0.0011968588023991,0.0150142070737513,-0.042213169606514,1,312
2016-04-18,train,train,0.0034624875062883,0.0145815005535831,-0.042213169606514,1,312
2016-04-19,train,train,0.0100489042571681,0.0143499748256462,-0.042213169606514,1,312
2016-04-20,train,train,0.0194172903839534,0.0147033445446322,-0.042213169606514,1,312
2016-04-21,train,train,0.0054511673051317,0.014317819451634,-0.042213169606514,1,312
2016-04-22,train,train,0.0038632329221494,0.0139138575073651,-0.042213169606514,1,312
2016-04-25,train,train,-0.0101018583978796,0.0137150485772597,-0.042213169606514,1,312
2016-04-26,train,train,0.0155242945656608,0.0138302793657135,-0.042213169606514,1,312
2016-04-27,train,train,0.0053288403088405,0.0134723354336168,-0.042213169606514,1,312
2016-04-28,train,train,-0.0068381134218797,0.0131688716458155,-0.042213169606514,1,312
2016-04-29,train,train,-0.0265993339186625,0.0143340679324997,-0.042213169606514,1,312
2016-05-02,train,train,-0.0003990059210677,0.0138977381478933,-0.042213169606514,1,312
2016-05-03,train,train,-0.0289219543695087,0.0152232409414973,-0.042213169606514,1,312
2016-05-04,train,train,-0.0126988819930847,0.0150836977266705,-0.036714296823792,1,312
2016-05-05,train,train,0.0040476563870356,0.0146577580897162,-0.036714296823792,1,312
2016-05-06,train,train,0.0014603954624423,0.0142157252779465,-0.036714296823792,1,312
2016-05-09,train,train,-0.0047572612619892,0.0138318301952508,-0.0289042912502539,1,312
2016-05-10,train,train,0.0131225220929282,0.0137903005812782,-0.0289042912502539,1,312
2016-05-11,train,train,-0.0127645835333464,0.0137309184791647,-0.0289042912502539,1,312
2016-05-12,train,train,-9.243170346379104e-05,0.0133126386400956,-0.0289042912502539,1,312
2016-05-13,train,train,0.0067186671735949,0.0130115793055045,-0.0289042912502539,1,312
2016-05-16,train,train,-0.004527856146866,0.0126638545924703,-0.0289042912502539,1,312
2016-05-17,train,train,0.0019102236906263,0.0122869751209877,-0.0289042912502539,0,313
2016-05-18,train,train,0.0087445179188877,0.0121037005822339,-0.0289042912502539,0,313
2016-05-19,train,train,-0.0115073667579056,0.012068751513697,-0.0289042912502539,1,314
2016-05-20,train,train,0.0110628949232064,0.0120107758266615,-0.0267421356253468,1,314
2016-05-23,train,train,-0.006542728276103,0.0117546437376261,-0.0267421356253468,0,315
2016-05-24,train,train,0.0231519710054755,0.0127295787880395,-0.0267421356253468,1,316
2016-05-25,train,train,0.0229350461969544,0.0135602590755869,-0.0267421356253468,1,316
2016-05-26,train,train,-0.0050317998104484,0.0132048070483881,-0.0267421356253468,1,316
2016-05-27,train,train,0.0030901667605349,0.0128248922518095,-0.0267421356253468,1,316
2016-05-30,train,train,0.0010536095941636,0.0124368724036595,-0.0267421356253468,1,316
2016-05-31,train,train,-0.0091346484826193,0.0122638393518455,-0.0267421356253468,1,316
2016-06-01,train,train,-0.0130468536456056,0.0123122245639037,-0.0267421356253468,1,316
2016-06-02,train,train,0.0045874762717511,0.0119899173309038,-0.0267421356253468,1,316
2016-06-03,train,train,-0.0176024067891015,0.0123985206388477,-0.0267421356253468,1,316
2016-06-06,train,train,0.0024851404217499,0.012036214960068,-0.0267421356253468,1,316
2016-06-07,train,train,0.0080144994333505,0.0118335191046915,-0.0267421356253468,1,316
2016-06-08,train,train,-0.0071195185675755,0.0116048048934515,-0.0267421356253468,1,316
2016-06-09,train,train,-0.0070338114845491,0.0113824284341339,-0.0267421356253468,1,316
2016-06-10,train,train,-0.0323319337454286,0.0135833476292782,-0.0292844073445332,1,316
2016-06-13,train,train,-0.0222346968443614,0.0142513086232243,-0.0292844073445332,1,316
2016-06-14,train,train,-0.02155821968366,0.0147918632964769,-0.0292844073445332,1,316
2016-06-15,train,train,0.0151551367207888,0.0148139109196832,-0.0292844073445332,1,316
2016-06-16,train,train,-0.0061881415709639,0.0144423829439005,-0.0292844073445332,1,316
2016-06-17,train,train,0.0195756470008228,0.0148006701511256,-0.0292844073445332,1,316
2016-06-20,train,train,0.0335263611619145,0.0165335192948332,-0.0292844073445332,1,316
2016-06-21,train,train,0.0023333439990977,0.0160400278774494,-0.0292844073445332,1,316
2016-06-22,train,train,0.003995587270074,0.0155821509333198,-0.0292844073445332,1,316
2016-06-23,train,train,0.0208453403646403,0.0159470033216682,-0.0292844073445332,1,316
2016-06-24,train,train,-0.1318516236113468,0.035806976121724,-0.0643685039087613,2,317
2016-06-27,train,train,-0.0184283515803188,0.0350083906394007,-0.0643685039087613,2,317
2016-06-28,train,train,0.024483636341915,0.0344676526204297,-0.0643685039087613,2,317
2016-06-29,train,train,0.0339172687865319,0.0344348776656623,-0.0643685039087613,2,317
2016-06-30,train,train,0.0071303304681281,0.0334315068253476,-0.0643685039087613,2,317
2016-07-01,train,train,0.0128530614837756,0.0325655919809054,-0.0643685039087613,2,317
2016-07-04,train,train,-0.001573392969023,0.031575864962482,-0.0643685039087613,2,317
2016-07-05,train,train,-0.0230720911917967,0.0311312129021489,-0.0643685039087613,2,317
2016-07-06,train,train,-0.0176822998853017,0.0304920169143894,-0.0643685039087613,2,317
2016-07-07,train,train,0.0102922886147884,0.0296704091996179,-0.0643685039087613,2,317
2016-07-08,train,train,0.0219471089721963,0.0292645472659779,-0.0643685039087613,2,317
2016-07-11,train,train,0.0144565868103231,0.0285931543767727,-0.0643685039087613,2,317
2016-07-12,train,train,0.0239020599338354,0.0283335997841072,-0.0643685039087613,2,317
2016-07-13,train,train,-0.0037808994017314,0.027486051301334,-0.0643685039087613,2,317
2016-07-14,train,train,0.0092093323539018,0.0267440225716975,-0.0643685039087613,1,318
2016-07-15,train,train,-0.0024936418570545,0.0259364853767663,-0.0643685039087613,1,318
2016-07-18,train,train,-0.0007739026411853,0.0251470700638294,-0.0643685039087613,1,318
2016-07-19,train,train,-0.0046091928512946,0.0244071158548457,-0.0643685039087613,1,318
2016-07-20,train,train,0.0105858079559209,0.0238052184593111,-0.0643685039087613,1,318
2016-07-21,train,train,0.0009440600219069,0.0230811740451237,-0.0643685039087613,1,318
2016-07-22,train,train,0.0018972602950139,0.0223828536022742,-0.0643685039087613,0,319
2016-07-25,train,train,-0.0028179755585098,0.0217119567619523,-0.0643685039087613,0,319
2016-07-26,train,train,-0.0018090679653754,0.0210551866783725,-0.0624185495161907,0,319
2016-07-27,train,train,0.0117528402423575,0.0206157558222635,-0.0624185495161907,0,319
2016-07-28,train,train,-0.0212602886601763,0.0206549949714504,-0.0624185495161907,1,320
2016-07-29,train,train,0.0126566164198199,0.0202643155469488,-0.0624185495161907,1,320
2016-08-01,train,train,-0.0086313065423024,0.0197604125126163,-0.0624185495161907,1,320
2016-08-02,train,train,-0.0281246339761594,0.0203594000571287,-0.0641027304443116,1,320
2016-08-03,train,train,-0.0016685780678295,0.0197434016727398,-0.0641027304443116,1,320
2016-08-04,train,train,0.0146557971908016,0.0194756601560089,-0.0641027304443116,1,320
2016-08-05,train,train,0.0181867696753555,0.0194007415753903,-0.0641027304443116,1,320
2016-08-08,train,train,0.0027014101234429,0.0188213523492302,-0.0641027304443116,1,320
2016-08-09,train,train,0.0119459263160634,0.018481098866993,-0.0641027304443116,1,320
2016-08-10,train,train,-0.0007503910705637,0.0179190328873297,-0.0641027304443116,1,320
2016-08-11,train,train,0.0069741579935345,0.0174569346685865,-0.0641027304443116,1,320
2016-08-12,train,train,-0.000355543371803,0.0169253501767985,-0.0641027304443116,1,320
2016-08-15,train,train,0.0004816446442826,0.016410159925626,-0.0641027304443116,0,321
2016-08-16,train,train,-0.0114056944378738,0.0161536726410483,-0.0641027304443116,1,322
2016-08-17,train,train,-0.0157467226744438,0.0161295451859516,-0.0641027304443116,1,322
2016-08-18,train,train,0.0074073521125639,0.0157430818504664,-0.0641027304443116,1,322
2016-08-19,train,train,-0.0117055345591918,0.0155304578470965,-0.0641027304443116,1,322
2016-08-22,train,train,0.0020569547317066,0.0150657650801449,-0.0641027304443116,1,322
2016-08-23,train,train,0.0132444953536536,0.0149627417351728,-0.0641027304443116,1,322
2016-08-24,train,train,0.0086561084083748,0.0146610475269036,-0.0641027304443116,1,322
2016-08-25,train,train,-0.0064908950002371,0.0143030569734307,-0.0641027304443116,1,322
2016-08-26,train,train,0.0069529221525509,0.0139715203197669,-0.0641027304443116,1,322
2016-08-29,train,train,-0.0049895748200956,0.0136009164638284,-0.0641027304443116,0,323
2016-08-30,train,train,0.0079760906596516,0.0133305256561523,-0.0641027304443116,0,323
2016-08-31,train,train,0.0036086756599848,0.0129546166216648,-0.0641027304443116,0,323
2016-09-01,train,train,0.0052632906038823,0.0126259613489155,-0.0641027304443116,0,323
2016-09-02,train,train,0.0165353546273955,0.0128939940726089,-0.0610161162597676,0,323
2016-09-05,train,train,0.0049713366794985,0.0125603594478288,-0.0610161162597676,0,323
2016-09-06,train,train,-0.0060270622126076,0.0122668822618471,-0.0610161162597676,0,323
2016-09-07,train,train,0.012928016922571,0.0123075518968427,-0.0610161162597676,0,323
2016-09-08,train,train,0.0094721301105128,0.012156091419601,-0.0610161162597676,0,323
2016-09-09,train,train,-0.0083413380713753,0.0119615634569588,-0.0610161162597676,0,323
2016-09-12,train,train,-0.0177625401078775,0.012386473678162,-0.0610161162597676,1,324
2016-09-13,train,train,-0.0161905685108189,0.0126470279864964,-0.0610161162597676,1,324
2016-09-14,train,train,-0.0025019011540817,0.0122770537361712,-0.0610161162597676,1,324
2016-09-15,train,train,0.0020776811529852,0.0119139200548264,-0.0610161162597676,1,324
2016-09-16,train,train,-0.0100381284655077,0.0118097774320192,-0.0241523379427107,1,324
2016-09-19,train,train,0.0094646024117046,0.011682350548708,-0.0241523379427107,1,324
2016-09-20,train,train,-0.0033790478185165,0.0113566611876869,-0.0241523379427107,1,324
2016-09-21,train,train,0.0083006555552984,0.0111968469262941,-0.0241523379427107,0,325
2016-09-22,train,train,0.0199403429164052,0.0119039596253868,-0.0241523379427107,1,326
2016-09-23,train,train,-0.0125350945884104,0.0119427683247014,-0.0241523379427107,1,326
2016-09-26,train,train,-0.0127973481613321,0.011995760065114,-0.0241523379427107,1,326
2016-09-27,train,train,-0.0026667519115802,0.0116486504760368,-0.0223824875814044,1,326
2016-09-28,train,train,0.0059901942378169,0.011388702299143,-0.0223824875814044,1,326
2016-09-29,train,train,0.0063751564165072,0.011151634176886,-0.0223824875814044,1,326
2016-09-30,train,train,-0.0019230436435163,0.0108221667856986,-0.0223824875814044,1,326
2016-10-03,train,train,-0.0031716165141008,0.010521201707979,-0.0223824875814044,0,327
2016-10-04,train,train,0.0019862786358642,0.0102122799817836,-0.0223824875814044,0,327
2016-10-05,train,train,0.0010599699853236,0.0099045764605532,-0.0223824875814044,0,327
2016-10-06,train,train,-0.0023836429369988,0.0096205770092149,-0.0223824875814044,0,327
2016-10-07,train,train,-0.0153153242887796,0.0100536421935063,-0.0223824875814044,0,327
2016-10-10,train,train,0.0089116470353278,0.0099888049959283,-0.0223824875814044,0,327
2016-10-11,train,train,-0.0009542912754084,0.0096873263619113,-0.0223824875814044,0,327
2016-10-12,train,train,-0.000771036964866,0.0093941100908879,-0.0223824875814044,0,327
2016-10-13,train,train,-0.00899675384825,0.0093707438831769,-0.0223824875814044,0,327
2016-10-14,train,train,0.018324027079281,0.0101335279430604,-0.0223824875814044,0,327
2016-10-17,train,train,-0.0031070692442006,0.00985425380309,-0.0223824875814044,0,327
2016-10-18,train,train,0.0141544575313569,0.0101637030168728,-0.0223824875814044,0,327
2016-10-19,train,train,0.009519903893933,0.0101262293912029,-0.0223824875814044,0,327
2016-10-20,train,train,0.0123369214061217,0.0102722961488226,-0.0206925808649519,0,327
2016-10-21,train,train,0.0043168283545992,0.0100153364647201,-0.0206925808649519,0,327
2016-10-24,train,train,0.0126444147745966,0.0101922235126091,-0.0206925808649519,0,327
2016-10-25,train,train,-0.0083352427593028,0.0100904465329595,-0.0165666104310467,0,327
2016-10-26,train,train,0.0036694858381377,0.0098242552969383,-0.0165666104310467,0,327
2016-10-27,train,train,0.0026020417637014,0.0095462699465004,-0.0165666104310467,0,327
2016-10-28,train,train,0.0004456460518899,0.0092560958142288,-0.0165666104310467,0,327
2016-10-31,train,train,-0.0063234079236508,0.0091068062681154,-0.0165666104310467,0,327
2016-11-01,train,train,-0.0112847226317634,0.009251950230802,-0.0165666104310467,0,327
2016-11-02,train,train,-0.0186785451976058,0.0100695556570676,-0.017543884605434,1,328
2016-11-03,train,train,0.0007322582285438,0.0097644439774998,-0.017543884605434,0,329
2016-11-04,train,train,-0.009993663939841,0.0097783487028688,-0.017543884605434,0,329
2016-11-07,train,train,0.0143647107657479,0.0101123603612915,-0.017543884605434,1,330
2016-11-08,train,train,0.0020385759041429,0.0098170051265668,-0.017543884605434,0,331
2016-11-09,train,train,-0.0039801605364746,0.0095677413713741,-0.017543884605434,0,331
2016-11-10,train,train,-0.0163892827593589,0.0101077044779963,-0.0176101226882807,1,332
2016-11-11,train,train,-0.0135205105593018,0.010344273815628,-0.0176101226882807,1,332
2016-11-14,train,train,0.0021968627900629,0.0100435717298891,-0.0176101226882807,1,332
2016-11-15,train,train,0.0033322503651413,0.0097717535098661,-0.0176101226882807,1,332
2016-11-16,train,train,-0.0056101650666239,0.0095732112575986,-0.0176101226882807,0,333
2016-11-17,train,train,0.0091608971835012,0.0095489744783435,-0.0176101226882807,0,333
2016-11-18,train,train,-0.0109683535044069,0.0096400324423018,-0.0176101226882807,0,333
2016-11-21,train,train,-0.0009631073985941,0.0093493350838969,-0.0176101226882807,0,333
2016-11-22,train,train,0.0042743234013663,0.0091247823509767,-0.0176101226882807,0,333
2016-11-23,train,train,-0.0027779403245445,0.0088729347412419,-0.0176101226882807,0,333
2016-11-24,train,train,0.0034365912289163,0.0086437169217575,-0.0176101226882807,0,333
2016-11-25,train,train,0.0019848369888292,0.008394485473357,-0.0176101226882807,0,333
2016-11-28,train,train,-0.0063723519860142,0.0082870836468976,-0.0176101226882807,0,333
2016-11-29,train,train,0.0055188579304549,0.0081475565429047,-0.0176101226882807,0,333
2016-11-30,train,train,0.0024430955124394,0.0079219845937501,-0.0176101226882807,0,333
2016-12-01,train,train,-0.0021892688030652,0.0076993469452234,-0.0176101226882807,0,333
2016-12-02,train,train,-0.0071891381956838,0.0076696916013451,-0.0176101226882807,0,333
2016-12-05,train,train,0.0066699244007866,0.007613408736886,-0.0170861321559278,0,333
2016-12-06,train,train,0.0260408392179093,0.0097556994351804,-0.0167943840819147,1,334
2016-12-07,train,train,0.0075167501575183,0.0096360439578302,-0.0167943840819147,1,334
2016-12-08,train,train,0.0204361509053872,0.0105990715818636,-0.0167943840819147,1,334
2016-12-09,train,train,0.0026425588678311,0.010296547301684,-0.0167943840819147,1,334
2016-12-12,train,train,0.0018305497866086,0.0099929379016855,-0.0167943840819147,1,334
2016-12-13,train,train,0.0156501476970835,0.0104193525139021,-0.0167943840819147,1,334
2016-12-14,train,train,-0.0121727906068661,0.010532793659326,-0.0167943840819147,1,334
2016-12-15,train,train,0.0131903516758898,0.0107108580596402,-0.0167943840819147,1,334
2016-12-16,train,train,0.0076785636103367,0.0105535184606089,-0.0167943840819147,1,334
2016-12-19,train,train,-0.0081175527085391,0.0104234268119013,-0.0167943840819147,1,334
2016-12-20,train,train,0.00759691169919,0.0102757842014513,-0.0167943840819147,1,334
2016-12-21,train,train,-0.0038552726384327,0.0100073984693579,-0.0167943840819147,1,334
2016-12-22,train,train,-0.0040737800545751,0.0097537112789451,-0.0167943840819147,0,335
2016-12-23,train,train,0.0036468720449943,0.0094986720773481,-0.0167943840819147,0,335
2016-12-27,train,train,0.000949559580664,0.0092122410282649,-0.0167943840819147,0,335
2016-12-28,train,train,-0.0033864005601165,0.0089700347938171,-0.0167943840819147,0,335
2016-12-29,train,train,-0.0019066823739076,0.0087093030152045,-0.0167943840819147,0,335
2016-12-30,train,train,0.002676775876158,0.008469400758937,-0.0167943840819147,0,335
2017-01-03,train,train,0.0151328935153471,0.0090092825591921,-0.0161961128387554,0,335
2017-01-04,train,train,-0.0033548374825953,0.0087733937543894,-0.0161961128387554,0,335
2017-01-05,train,train,0.0026700105994236,0.008531226704727,-0.0161961128387554,0,335
2017-01-06,train,train,0.0029151829421513,0.0083020971349035,-0.0161961128387554,0,335
2017-01-09,train,train,-0.0024305288707078,0.0080711694358755,-0.0161961128387554,0,335
2017-01-10,train,train,-0.0043072366227761,0.0078960931313106,-0.0161961128387554,0,335
2017-01-11,train,train,-0.0046022362096251,0.0077381021072212,-0.0161961128387554,0,335
2017-01-12,train,train,-0.0001274679795518,0.0075024333155066,-0.0161961128387554,0,335
2017-01-13,train,train,0.0110154101558452,0.0077582002402938,-0.0161961128387554,0,335
2017-01-16,train,train,-0.0107391116940414,0.0079685633528894,-0.0161961128387554,0,335
2017-01-17,train,train,-0.0016059231696512,0.0077358167731714,-0.0161961128387554,0,335
2017-01-18,train,train,-0.0009264841423988,0.0075035852664684,-0.0161961128387554,0,335
2017-01-19,train,train,-0.0007567783462334,0.0072773571540781,-0.0161961128387554,0,335
2017-01-20,train,train,0.0001066143590977,0.0070557078678489,-0.0161961128387554,0,335
2017-01-23,train,train,-0.0080600072459209,0.0071199617775447,-0.0161961128387554,0,335
2017-01-24,train,train,0.008816704943534,0.0072329994839317,-0.0161961128387554,0,335
2017-01-25,train,train,0.0171207529280727,0.0081709556045746,-0.0161961128387554,0,335
2017-01-26,train,train,-0.0038295933141035,0.0079773799996928,-0.0161961128387554,0,335
2017-01-27,train,train,-0.0009149962599121,0.007737603585689,-0.0140275279751756,0,335
2017-01-30,train,train,-0.0151390944793744,0.0083683815396788,-0.0150162959326783,0,335
2017-01-31,train,train,-0.004936653334156,0.008203063682949,-0.0150162959326783,0,335
2017-02-01,train,train,0.0016732396240007,0.0079637191317679,-0.0150162959326783,0,335
2017-02-02,train,train,0.0080696150331867,0.007970112563329,-0.0150162959326783,0,335
2017-02-03,train,train,0.0059674250504327,0.0078643462741513,-0.0150162959326783,0,335
2017-02-06,train,train,-0.0112010087785967,0.0081033833452493,-0.0136107985485141,0,335
2017-02-07,train,train,-0.0027609928242185,0.0078855765308685,-0.012837631288279,0,335
2017-02-08,train,train,-0.0001928927051039,0.0076454961020508,-0.012837631288279,0,335
2017-02-09,train,train,0.0115836347175115,0.0079370794127191,-0.012837631288279,0,335
2017-02-10,train,train,-0.0064093734413811,0.0078538016210142,-0.012837631288279,0,335
2017-02-13,train,train,0.0112395288223711,0.0080969678520447,-0.012837631288279,0,335
2017-02-14,train,train,0.0027482563330931,0.0078791122511084,-0.012837631288279,0,335
2017-02-15,train,train,0.0077405072502728,0.007870864782419,-0.012837631288279,0,335
2017-02-16,train,train,-0.0030722341512199,0.0076681027013552,-0.012837631288279,0,335
2017-02-17,train,train,-0.0057098439698931,0.0075649157421515,-0.012837631288279,0,335
2017-02-20,train,train,0.002764488408187,0.0073656511554811,-0.012837631288279,0,335
2017-02-21,train,train,0.0036044791984244,0.0071956364656018,-0.012837631288279,0,335
2017-02-22,train,train,-0.0088033895044531,0.007302091008911,-0.012837631288279,0,335
2017-02-23,train,train,0.0017079268710685,0.0070919899864628,-0.012837631288279,0,335
2017-02-24,train,train,-0.004211818164078,0.0069529063983948,-0.012837631288279,0,335
2017-02-27,train,train,0.0011417613012333,0.006746891882481,-0.012837631288279,0,335
2017-02-28,train,train,0.009590100339819,0.0069503610367464,-0.012837631288279,0,335
2017-03-01,train,train,0.0203042143835972,0.0083752453535857,-0.012837631288279,0,335
2017-03-02,train,train,-0.0036471081905699,0.008169096310977,-0.012837631288279,0,335
2017-03-03,train,train,0.0084553015970457,0.0081865507982029,-0.012837631288279,0,335
2017-03-06,train,train,0.0005713129522505,0.0079383890710035,-0.012837631288279,0,335
2017-03-07,train,train,-0.0002447657426253,0.0076967872775721,-0.012837631288279,0,335
2017-03-08,train,train,0.004966355370403,0.0075608189683613,-0.012837631288279,0,335
2017-03-09,train,train,0.0149029039444304,0.0081891279891455,-0.012837631288279,0,335
2017-03-10,train,train,0.0007998080574699,0.0079420708738325,-0.0123597383173374,0,335
2017-03-13,train,train,-0.0010498793193139,0.0077044166018062,-0.0123597383173374,0,335
2017-03-14,train,train,-0.0091253114256351,0.007796975797104,-0.0123597383173374,0,335
2017-03-15,train,train,0.0078539632016738,0.0078004067819686,-0.0123597383173374,0,335
2017-03-16,train,train,0.0183418341115279,0.0087966435599506,-0.0123597383173374,0,335
2017-03-17,train,train,0.0076223125640445,0.0087306391847911,-0.0123597383173374,0,335
2017-03-20,train,train,-0.0031085182257453,0.0084988463966645,-0.0123597383173374,0,335
2017-03-21,train,train,-0.0002055830433167,0.0082400911726093,-0.0123597383173374,0,335
2017-03-22,train,train,0.0017023871493246,0.0079999402311086,-0.0123597383173374,0,335
2017-03-23,train,train,0.0093023590720055,0.0080840048328475,-0.0123597383173374,0,335
2017-03-24,train,train,-0.0015023531041536,0.0078463679483074,-0.0123597383173374,0,335
2017-03-27,train,train,-0.0006306913803016,0.0076089044466627,-0.0123597383173374,0,335
2017-03-28,train,train,0.0083221071693843,0.0076535710181627,-0.0123597383173374,0,335
2017-03-29,train,train,-0.0020620331471029,0.007437582887756,-0.0123597383173374,0,335
2017-03-30,train,train,0.0036874695789678,0.0072673534916953,-0.0123597383173374,0,335
2017-03-31,train,train,0.0054627136789802,0.0071718920523925,-0.0123597383173374,0,335
2017-04-03,train,train,-0.0132385290000946,0.007672378541214,-0.0131928774193552,0,335
2017-04-04,train,train,0.0034709038906062,0.007487075487797,-0.0131928774193552,0,335
2017-04-05,train,train,0.003997327523122,0.0073247279156292,-0.0131928774193552,0,335
2017-04-06,train,train,0.0111082696275197,0.0076050088719724,-0.0131928774193552,0,335
2017-04-07,train,train,0.0009596786342288,0.0073770759336658,-0.0131928774193552,0,335
2017-04-10,train,train,-0.0087090844923681,0.007463703071058,-0.0131928774193552,0,335
2017-04-11,train,train,-0.0020524022381479,0.0072537709515654,-0.0131928774193552,0,335
2017-04-12,train,train,-0.0053713699291058,0.0071548066592764,-0.0131928774193552,0,335
2017-04-13,train,train,-0.0033258653412573,0.0069845161355543,-0.0131928774193552,0,335
2017-04-18,train,train,-0.0059832927952177,0.0069285240325301,-0.0131928774193552,0,335
2017-04-19,train,train,0.0102545925152534,0.0071717207567236,-0.0131928774193552,0,335
2017-04-20,train,train,0.0002121406311074,0.0069534354181596,-0.0131928774193552,0,335
2017-04-21,train,train,0.0004337453982553,0.0067424429083142,-0.0131928774193552,0,335
2017-04-24,train,train,0.0368754886213534,0.0111499329080213,-0.0131928774193552,1,336
2017-04-25,train,train,0.0015127502437671,0.0108166098395096,-0.0131928774193552,1,336
2017-04-26,train,train,-0.0018285312453287,0.010496652661962,-0.0111882830681087,1,336
2017-04-27,train,train,-0.0074135542673399,0.0103376293845354,-0.0111882830681087,1,336
2017-04-28,train,train,0.0029812976255318,0.0100492723391502,-0.0111882830681087,1,336
2017-05-02,train,train,0.0097047118148098,0.0100289325433036,-0.0111882830681087,1,336
2017-05-03,train,train,0.0015422235249232,0.0097307464197098,-0.0111882830681087,1,336
2017-05-04,train,train,0.0161011434925188,0.0102255068156847,-0.0103890766433942,1,336
2017-05-05,train,train,0.0110619094763652,0.0102776106530242,-0.0103890766433942,1,336
2017-05-08,train,train,-0.0035175560942795,0.0100016956534195,-0.0103890766433942,1,336
2017-05-09,train,train,-0.0042536569860026,0.0097528199436003,-0.0103890766433942,0,337
2017-05-10,train,train,-0.0013041471351218,0.0094611043238172,-0.0103890766433942,0,337
2017-05-11,train,train,-0.0158386420888263,0.0099595933811406,-0.0127341608381853,1,338
2017-05-12,train,train,0.0032722663892372,0.0096893938890896,-0.0127341608381853,1,338
2017-05-15,train,train,0.0055639916251033,0.0094925640830023,-0.0127341608381853,0,339
2017-05-16,train,train,0.0022425133798166,0.009219760217773,-0.0127341608381853,0,339
2017-05-17,train,train,-0.0180357950656226,0.0099710146917846,-0.0157043220515145,1,340
2017-05-18,train,train,-0.0094266655624954,0.0099391945026942,-0.0157043220515145,1,340
2017-05-19,train,train,0.013987021383479,0.0102273426730288,-0.0157043220515145,1,340
2017-05-22,train,train,-0.0038837153493737,0.0099613061672333,-0.0157043220515145,1,340
2017-05-23,train,train,0.0113221947653308,0.0100481584871141,-0.0157043220515145,1,340
2017-05-24,train,train,-0.0008155733882108,0.0097440992010718,-0.0157043220515145,1,340
2017-05-25,train,train,0.0027740613048771,0.0094716601529669,-0.0157043220515145,0,341
2017-05-26,train,train,-0.0030675010570726,0.0092138037234473,-0.0157043220515145,0,341
2017-05-29,train,train,-0.0018542331095806,0.0089446531031918,-0.0157043220515145,0,341
2017-05-30,train,train,-0.0006525106497852,0.0086736356965887,-0.0157043220515145,0,341
2017-05-31,train,train,0.0002849311565821,0.0084096914313873,-0.0157043220515145,0,341
2017-06-01,train,train,9.19075410783518e-05,0.0081535294316416,-0.0157043220515145,0,341
2017-06-02,train,train,0.0022858140460996,0.0079249439374855,-0.0157043220515145,0,341
2017-06-05,train,train,-0.0019458116280802,0.0076982870303119,-0.0157043220515145,0,341
2017-06-06,train,train,-0.0004594659166549,0.0074646146815974,-0.0157043220515145,0,341
2017-06-07,train,train,-0.0007355848558763,0.0072394550284429,-0.0157043220515145,0,341
2017-06-08,train,train,0.0074593849408926,0.0072528388913653,-0.0157043220515145,0,341
2017-06-09,train,train,0.0022980937903142,0.0070543834435902,-0.0157043220515145,0,341
2017-06-12,train,train,-0.0124561695983613,0.0074891812561078,-0.0157043220515145,0,341
2017-06-13,train,train,0.0036547918654234,0.0073160109314024,-0.0157043220515145,0,341
2017-06-14,train,train,-0.0098163405643431,0.0074896066329285,-0.0157043220515145,0,341
2017-06-15,train,train,-0.0070965399651415,0.0074666061790921,-0.0157043220515145,0,341
2017-06-16,train,train,0.0055735063194065,0.0073667519114726,-0.0157043220515145,0,341
2017-06-19,train,train,0.0082839009618374,0.0074249762700231,-0.0157043220515145,0,341
2017-06-20,train,train,-0.0095208666632574,0.0075671177059005,-0.0157043220515145,0,341
2017-06-21,train,train,-0.0005025796512492,0.0073376255921658,-0.0157043220515145,0,341
2017-06-22,train,train,-0.002871698228716,0.0071487833520094,-0.0157043220515145,0,341
2017-06-23,train,train,-0.0074131539696425,0.0071649206775642,-0.0157043220515145,0,341
2017-06-26,train,train,0.0061704675929191,0.0071091773951531,-0.0157043220515145,0,341
2017-06-27,train,train,-0.0045631711451087,0.0069826449784865,-0.0157043220515145,0,341
2017-06-28,train,train,0.0051333380345351,0.0068857069792764,-0.0157043220515145,0,341
2017-06-29,train,train,-0.0161633172986325,0.0077616591353888,-0.0166792514843604,0,341
2017-06-30,train,train,-0.0082572229666647,0.007792281774243,-0.0166792514843604,0,341
2017-07-03,train,train,0.0151746434059942,0.0084197781493453,-0.0166792514843604,0,341
2017-07-04,train,train,-0.003542602206512,0.0082092695206551,-0.0166792514843604,0,341
2017-07-05,train,train,-0.0040872482931381,0.0080219022442047,-0.0166792514843604,0,341
2017-07-06,train,train,-0.0023974151669283,0.007799661316211,-0.0166792514843604,0,341
2017-07-07,train,train,-0.000914899225988,0.0075653721709091,-0.0166792514843604,0,341
2017-07-10,train,train,0.0019716074358957,0.0073507821945818,-0.0166792514843604,0,341
2017-07-11,train,train,-0.0057637971015138,0.0072653451646494,-0.0166792514843604,0,341
2017-07-12,train,train,0.0105953804218293,0.0075069202151616,-0.0166792514843604,0,341
2017-07-13,train,train,0.0092277196854573,0.0076211330316034,-0.0166792514843604,0,341
2017-07-14,train,train,-0.0003002989128461,0.0073893287469496,-0.0166792514843604,0,341
2017-07-17,train,train,-0.0003660339093866,0.0071647810448077,-0.0166792514843604,0,341
2017-07-18,train,train,-0.0119667076996776,0.0075396397636097,-0.0166792514843604,0,341
2017-07-19,train,train,0.0060248195799867,0.0074574328530258,-0.0166792514843604,0,341
2017-07-20,train,train,-0.0022029901106758,0.007250358363392,-0.0166792514843604,0,341
2017-07-21,train,train,-0.0131675063086785,0.0077341210203292,-0.0166792514843604,0,341
2017-07-24,train,train,0.0019067984177759,0.0075130408685188,-0.0166792514843604,0,341
2017-07-25,train,train,0.0073343920494981,0.0075024419031843,-0.0166792514843604,0,341
2017-07-26,train,train,0.0049292000835637,0.0073734155754199,-0.0166792514843604,0,341
2017-07-27,train,train,0.0026441550305735,0.0071780718276231,-0.0166792514843604,0,341
2017-07-28,train,train,-0.0063673226547467,0.0071320263684415,-0.0166792514843604,0,341
2017-07-31,train,train,-0.0032226409658095,0.0069596678800505,-0.0166792514843604,0,341
2017-08-01,train,train,0.0080137371460861,0.0070273720097462,-0.0166792514843604,0,341
2017-08-02,train,train,-0.0069002863921314,0.007019811753827,-0.0166792514843604,0,341
2017-08-03,train,train,0.0033422828198364,0.0068550231875964,-0.0157888728909778,0,341
2017-08-04,train,train,0.0103078391163233,0.007109638187926,-0.0157888728909778,0,341
2017-08-07,train,train,0.0016967141524699,0.0069055679120789,-0.0157888728909778,0,341
2017-08-08,train,train,0.0054364386977943,0.0068263422152663,-0.0157888728909778,0,341
2017-08-09,train,train,-0.0130049317538025,0.0073451144410958,-0.0141119184537045,0,341
2017-08-10,train,train,-0.0138745929990032,0.0078907492443307,-0.014401805535438,0,341
2017-08-11,train,train,-0.0161196190117146,0.0086092168774902,-0.0153858431031167,1,342
2017-08-14,train,train,0.0171908340810468,0.009348956354223,-0.0153858431031167,1,342
2017-08-15,train,train,0.0019386049416478,0.0090765795961674,-0.0153858431031167,1,342
2017-08-16,train,train,0.0059736126108576,0.0089208902130396,-0.0153858431031167,0,343
2017-08-17,train,train,-0.0095769288314743,0.0089616069547881,-0.0153858431031167,1,344
2017-08-18,train,train,-0.0055786034278813,0.0087953979007043,-0.0153858431031167,0,345
2017-08-21,train,train,-0.0024583182568055,0.0085486889343873,-0.0153858431031167,0,345
2017-08-22,train,train,0.0047760908675849,0.0083704205501054,-0.0153858431031167,0,345
2017-08-23,train,train,-0.0069115893911273,0.0082901331623311,-0.0153858431031167,0,345
2017-08-24,train,train,0.0018652158049494,0.0080505571967518,-0.0153858431031167,0,345
2017-08-25,train,train,-0.0011689863835465,0.0078105553360422,-0.0153858431031167,0,345
2017-08-28,train,train,-0.0057582280843147,0.0077028513953077,-0.0153858431031167,0,345
2017-08-29,train,train,-0.0091121348556339,0.0077945971376805,-0.0153858431031167,0,345
2017-08-30,train,train,0.0052059179767893,0.0076639738246733,-0.0153858431031167,0,345
2017-08-31,train,train,0.0052275039167893,0.0075400207513085,-0.0153858431031167,0,345
2017-09-01,train,train,0.0025212134567226,0.0073363607593966,-0.0153858431031167,0,345
2017-09-04,train,train,-0.0080024739637749,0.0073780236657893,-0.0153858431031167,0,345
2017-09-05,train,train,-0.0062087444832533,0.0073131408918241,-0.0153858431031167,0,345
2017-09-06,train,train,-0.0048053153061406,0.0071873897370976,-0.0153858431031167,0,345
2017-09-07,train,train,-0.0006022550902934,0.0069699942346165,-0.0153858431031167,0,345
2017-09-08,train,train,0.0004640172637504,0.006758615921475,-0.0153858431031167,0,345
2017-09-11,train,train,0.0188738362201443,0.0080194424646271,-0.0153858431031167,0,345
2017-09-12,train,train,0.0013166871290672,0.0077818243295905,-0.0153858431031167,0,345
2017-09-13,train,train,0.0033611340133883,0.0075895464827727,-0.0153858431031167,0,345
2017-09-14,train,train,-0.0009550785076391,0.0073620563270504,-0.0153858431031167,0,345
2017-09-15,train,train,-0.0042265429119453,0.00721246843044,-0.0153858431031167,0,345
2017-09-18,train,train,0.0020333278247243,0.0070104624762605,-0.0153858431031167,0,345
2017-09-19,train,train,0.0038616049001959,0.006862398168826,-0.0153858431031167,0,345
2017-09-20,train,train,-0.0083501882100133,0.0069606391012905,-0.0153858431031167,0,345
2017-09-21,train,train,0.0004760179716943,0.0067495972089505,-0.0143872394397987,0,345
2017-09-22,train,train,0.0007766236678086,0.0065467417387103,-0.0143872394397987,0,345
2017-09-25,train,train,-0.0086251539750766,0.0066896812043173,-0.0143872394397987,0,345
2017-09-26,train,train,-0.0026365064095897,0.0065179593816885,-0.0143872394397987,0,345
2017-09-27,train,train,0.0174434251130857,0.0076283125009277,-0.0143872394397987,0,345
2017-09-28,train,train,-0.0039039146146713,0.0074574872091221,-0.0143872394397987,0,345
2017-09-29,train,train,0.0051183115117203,0.0073381942812675,-0.0143872394397987,0,345
2017-10-02,train,train,-0.0121917083431597,0.0077159843656224,-0.0143872394397987,0,345
2017-10-03,train,train,0.000175477709473,0.0074810478806307,-0.0143872394397987,0,345
2017-10-04,train,train,-0.0289401876426369,0.0101420008083323,-0.0196447998844515,1,346
2017-10-05,train,train,0.0247589206918568,0.011552870587087,-0.0196447998844515,1,346
2017-10-06,train,train,-0.0028627381079488,0.0112228519478047,-0.0196447998844515,1,346
2017-10-09,train,train,0.004945778022067,0.0109481918464382,-0.0196447998844515,1,346
2017-10-10,train,train,-0.0091961406549094,0.0108510492857015,-0.0196447998844515,1,346
2017-10-11,train,train,0.0133298662520184,0.0110155197073258,-0.0196447998844515,1,346
2017-10-12,train,train,-0.0002432580936646,0.010680108820941,-0.0196447998844515,1,346
2017-10-13,train,train,-0.0017434968339099,0.0103635528576885,-0.0196447998844515,1,346
2017-10-16,train,train,-0.0074953243758479,0.0102141973455582,-0.0196447998844515,1,346
2017-10-17,train,train,0.0034708404918883,0.0099394588279431,-0.0196447998844515,1,346
2017-10-18,train,train,0.0055246634353062,0.0097312170692693,-0.0196447998844515,0,347
2017-10-19,train,train,-0.007415476308847,0.009608025179167,-0.0196447998844515,0,347
2017-10-20,train,train,0.0024681646472045,0.0093349241655431,-0.0196447998844515,0,347
2017-10-23,train,train,-0.0060144904817069,0.009169667735045,-0.0196447998844515,0,347
2017-10-24,train,train,0.0043501404984303,0.0089539522742878,-0.0196447998844515,0,347
2017-10-25,train,train,-0.0051476503104347,0.0087722724463802,-0.0196447998844515,0,347
2017-10-26,train,train,0.0189751612928892,0.0096922135142897,-0.0196447998844515,0,347
2017-10-27,train,train,-0.0146313256463822,0.0100571966296982,-0.0198970441002445,1,348
2017-10-30,train,train,0.0240765378045305,0.0113955759909137,-0.0198970441002445,1,348
2017-10-31,train,train,0.0073917215829824,0.0111957963500783,-0.0198970441002445,1,348
2017-11-01,train,train,-0.0015976841023924,0.0108617797909524,-0.0198970441002445,1,348
2017-11-02,train,train,-0.0046650747033874,0.0105927022016483,-0.0198970441002445,1,348
2017-11-03,train,train,-0.0096082525794508,0.0105362294296711,-0.0185877405440595,1,348
2017-11-06,train,train,-0.0039952849687111,0.0102620242095729,-0.0185877405440595,1,348
2017-11-07,train,train,-0.0083515323322949,0.0101575330648259,-0.0185877405440595,1,348
2017-11-08,train,train,-0.0001955091516061,0.0098482101274775,-0.0185877405440595,1,348
2017-11-09,train,train,-0.0086010787365462,0.0097778689640427,-0.0185877405440595,1,348
2017-11-10,train,train,-0.0047840254266653,0.0095521480383361,-0.0185877405440595,0,349
2017-11-13,train,train,-0.0042496865206651,0.0093194694242187,-0.0185877405440595,0,349
2017-11-14,train,train,-0.0059380520764132,0.0091518843674809,-0.0185877405440595,0,349
2017-11-15,train,train,0.002349495847641,0.0088917251459704,-0.0185877405440595,0,349
2017-11-16,train,train,0.0074418381417334,0.0088114622397681,-0.0185877405440595,0,349
2017-11-17,train,train,-0.0077914133977065,0.0087536119492884,-0.0185877405440595,0,349
2017-11-20,train,train,0.001507255669997,0.0084949683936131,-0.0185877405440595,0,349
2017-11-21,train,train,-0.0032069330741578,0.0082735532821457,-0.0185877405440595,0,349
2017-11-22,train,train,0.0020492526601336,0.0080371978366628,-0.0185877405440595,0,349
2017-11-23,train,train,0.0018855392137082,0.0078060279021602,-0.0185877405440595,0,349
2017-11-24,train,train,0.002061126523259,0.0075850459369366,-0.0185877405440595,0,349
2017-11-27,train,train,0.0009543968951089,0.0073576897841317,-0.0185877405440595,0,349
2017-11-28,train,train,0.0080466381218903,0.0074008355018757,-0.0185877405440595,0,349
2017-11-29,train,train,0.0120811970187281,0.0077616585497298,-0.0185877405440595,0,349
2017-11-30,train,train,-0.0055374940458915,0.0076464745637801,-0.0185877405440595,0,349
2017-12-01,train,train,-0.0124163991672258,0.0080131440119379,-0.0186626374854149,0,349
2017-12-04,train,train,0.0121812926340932,0.0083223122840313,-0.0186626374854149,0,349
2017-12-05,train,train,0.0002644670547573,0.0080690411708669,-0.0186626374854149,0,349
2017-12-06,train,train,-0.0026770698399203,0.0078506599765742,-0.0186626374854149,0,349
2017-12-07,train,train,0.0076883196273722,0.0078410143390556,-0.0186626374854149,0,349
2017-12-08,train,train,0.0056841247907801,0.0077285944382914,-0.0186626374854149,0,349
2017-12-11,train,train,-0.0013766939104743,0.0075007345533275,-0.0186626374854149,0,349
2017-12-12,train,train,-0.0018063034899877,0.0072856792165857,-0.0186626374854149,0,349
2017-12-13,train,train,-0.0027057367741137,0.0070947526410452,-0.0186626374854149,0,349
2017-12-14,train,train,-0.0082204308878852,0.007167280737791,-0.0186626374854149,0,349
2017-12-15,train,train,-0.0025679885488099,0.0069773485146623,-0.0186626374854149,0,349
2017-12-18,train,train,0.0091887399077324,0.0071294014631576,-0.0186626374854149,0,349
2017-12-19,train,train,-0.000957087049375,0.0069161856717924,-0.0186626374854149,0,349
2017-12-20,train,train,-0.0026024483306603,0.0067357234971998,-0.0186626374854149,0,349
2017-12-21,train,train,0.0094480029828605,0.0069284672468544,-0.0186626374854149,0,349
2017-12-22,train,train,-0.0119689040924,0.0073293054785344,-0.0186626374854149,0,349
2017-12-27,train,train,-0.0016513140229385,0.0071175280786208,-0.0186626374854149,0,349
2017-12-28,train,train,-0.0071181580948187,0.0071175658811652,-0.0186626374854149,0,349
2017-12-29,train,train,-0.0048864594175991,0.0070037710247234,-0.0130055429686693,0,349
2018-01-02,train,train,0.0034984102420011,0.0068442656659447,-0.0130055429686693,0,349
2018-01-03,train,train,0.0036543946209297,0.0066958651538391,-0.0130055429686693,0,349
2018-01-04,train,train,0.0194226861785817,0.0080485388644395,-0.0130055429686693,0,349
2018-01-05,train,train,0.0093603821881905,0.0081332185796146,-0.0130055429686693,0,349
2018-01-08,train,train,-0.0012494114506687,0.007891384639868,-0.0130055429686693,0,349
2018-01-09,train,train,0.002698656502691,0.0076794843093436,-0.0130055429686693,0,349
2018-01-10,train,train,0.0001726034015022,0.0074456563188251,-0.0130055429686693,0,349
2018-01-11,train,train,0.0006614797015466,0.0072206497949084,-0.0130055429686693,0,349
2018-01-12,train,train,0.0026031898313914,0.0070296594719064,-0.0130055429686693,0,349
2018-01-15,train,train,0.0004586618604531,0.0068164336566594,-0.0130055429686693,0,349
2018-01-16,train,train,0.0050696895092379,0.0067244365437638,-0.0130055429686693,0,349
2018-01-17,train,train,-0.0043630249016652,0.0066065969453867,-0.0130055429686693,0,349
2018-01-18,train,train,-0.0040081187476909,0.0064801386374522,-0.0130055429686693,0,349
2018-01-19,train,train,0.0044758449497888,0.0063776685580106,-0.0130055429686693,0,349
2018-01-22,train,train,0.0099224589815771,0.0066439061098236,-0.0130055429686693,0,349
2018-01-23,train,train,0.0024063993493625,0.0064684190156559,-0.0130055429686693,0,349
2018-01-24,train,train,-0.0043924973209921,0.0063629914231648,-0.0113311852796922,0,349
2018-01-25,train,train,0.0030531592875263,0.0062143146973977,-0.0113311852796922,0,349
2018-01-26,train,train,9.49340385870406e-06,0.0060250020859979,-0.0113311852796922,0,349
2018-01-29,train,train,-0.0037634937570608,0.0059137504380611,-0.0113311852796922,0,349
2018-01-30,train,train,-0.0121427940256451,0.0064591752100405,-0.0121760324284236,0,349
2018-01-31,train,train,0.0022318150299961,0.0062862188659041,-0.0121760324284236,0,349
2018-02-01,train,train,-0.0050358611016045,0.0062182914529897,-0.0121760324284236,0,349
2018-02-02,train,train,-0.0182244714490268,0.007501666565134,-0.0142612215472992,0,349
2018-02-05,train,train,-0.0144707954701195,0.0080909045521168,-0.0150372220287907,1,350
2018-02-06,train,train,-0.0256121071816777,0.0100445893067024,-0.0194357913669413,1,350
2018-02-07,train,train,0.0168701864037878,0.0105790519063768,-0.0194357913669413,1,350
2018-02-08,train,train,-0.0223592498117797,0.0116274469257993,-0.0220652761474947,1,350
2018-02-09,train,train,-0.0120336367065975,0.0116522176187507,-0.0220652761474947,1,350
2018-02-12,train,train,0.0135494358365696,0.011774674415796,-0.0220652761474947,1,350
2018-02-13,train,train,-0.0123985374809006,0.0118130353441458,-0.0220652761474947,1,350
2018-02-14,train,train,0.0036717404719631,0.0114884218448455,-0.0220652761474947,1,350
2018-02-15,train,train,0.0029586173341833,0.0111619895756905,-0.0220652761474947,1,350
2018-02-16,train,train,0.0119916737285795,0.0112135019034785,-0.0220652761474947,1,350
2018-02-19,train,train,-0.0026376447386619,0.0108910742183221,-0.0220652761474947,1,350
2018-02-20,train,train,0.0090450185852132,0.0107892219109476,-0.0220652761474947,1,350
2018-02-21,train,train,-0.0073027822877704,0.0106123846813808,-0.0220652761474947,1,350
2018-02-22,train,train,0.0054011030740601,0.0103737968446016,-0.0220652761474947,1,350
2018-02-23,train,train,-0.0054926665260303,0.0101473584961138,-0.0220652761474947,0,351
2018-02-26,train,train,0.008111659990579,0.0100368666948356,-0.0220652761474947,0,351
2018-02-27,train,train,-0.0002222127656421,0.0097312555293599,-0.0220652761474947,0,351
2018-02-28,train,train,-0.0060688001287547,0.0095511943874681,-0.0220652761474947,0,351
2018-03-01,train,train,-0.0103888485101296,0.0096035142409201,-0.0220652761474947,0,351
2018-03-02,train,train,-0.0215372350512647,0.0107016347465342,-0.023169530681574,1,352
2018-03-05,train,train,0.0062441902862345,0.0104877491299695,-0.023169530681574,1,352
2018-03-06,train,train,-0.000417153360116,0.0101687634410452,-0.023169530681574,1,352
2018-03-07,train,train,0.0013030268812444,0.009864147082639,-0.023169530681574,0,353
2018-03-08,train,train,0.0048739168604038,0.0096378741297854,-0.023169530681574,0,353
2018-03-09,train,train,0.0041277521161191,0.0093988084845378,-0.023169530681574,0,353
2018-03-12,train,train,0.00426509809801,0.0091721757822458,-0.023169530681574,0,353
2018-03-13,train,train,-0.0036870566124033,0.0089384978186145,-0.023169530681574,0,353
2018-03-14,train,train,-0.0003302541056682,0.0086665727207837,-0.023169530681574,0,353
2018-03-15,train,train,-0.000443903504907,0.0084032575100644,-0.023169530681574,0,353
2018-03-16,train,train,0.0078991425392351,0.0083738664752273,-0.023169530681574,0,353
2018-03-19,train,train,-0.0099769057920024,0.0084786001386543,-0.023169530681574,0,353
2018-03-20,train,train,0.0018091881379401,0.0082322445539249,-0.023169530681574,0,353
2018-03-21,train,train,-0.0052504165921756,0.0080844091828266,-0.023169530681574,0,353
2018-03-22,train,train,-0.0150120762918145,0.0086578263785274,-0.023169530681574,0,353
2018-03-23,train,train,-0.009989308059533,0.0087434350615291,-0.023169530681574,0,353
2018-03-26,train,train,-0.0012889684514286,0.0084829525316833,-0.023169530681574,0,353
2018-03-27,train,train,0.0098225744185544,0.0085692375814881,-0.023169530681574,0,353
2018-03-28,train,train,0.008555636129868,0.0085684221032527,-0.023169530681574,0,353
2018-03-29,train,train,0.0047402272685973,0.0083881446800003,-0.023169530681574,0,353
2018-04-03,train,train,-0.0053055770669977,0.0082357915092049,-0.023169530681574,0,353
2018-04-04,train,train,-0.0038084289041016,0.0080392048063948,-0.023169530681574,0,353
2018-04-05,train,train,0.0236427569614601,0.009710297754875,-0.023169530681574,1,354
2018-04-06,train,train,-0.0059824604619472,0.0095278475811569,-0.023169530681574,0,355
2018-04-09,train,train,0.0061774351381613,0.0093607013119287,-0.023169530681574,0,355
2018-04-10,train,train,0.0021224120710059,0.0090904149128642,-0.023169530681574,0,355
2018-04-11,train,train,-0.0028411496026272,0.008840918083243,-0.023169530681574,0,355
2018-04-12,train,train,0.0011497522592855,0.0085762135244407,-0.023169530681574,0,355
2018-04-13,train,train,0.0020805063172128,0.008330549952071,-0.023169530681574,0,355
2018-04-16,train,train,-0.0001228864764979,0.0080768239314027,-0.023169530681574,0,355
2018-04-17,train,train,0.003863140343495,0.0078877380108976,-0.023169530681574,0,355
2018-04-18,train,train,0.00543197209058,0.0077623324793786,-0.023169530681574,0,355
2018-04-19,train,train,0.0010849210372473,0.0075305511357811,-0.023169530681574,0,355
2018-04-20,train,train,0.0016403437373898,0.0073121879105166,-0.023169530681574,0,355
2018-04-23,train,train,0.003816971474357,0.0071508155332483,-0.023169530681574,0,355
2018-04-24,train,train,-0.0038978922400776,0.0069984088804548,-0.023169530681574,0,355
2018-04-25,train,train,-0.0025733133555934,0.0068144243883186,-0.023169530681574,0,355
2018-04-26,train,train,0.004483725382865,0.0066974939013038,-0.023169530681574,0,355
2018-04-27,train,train,0.0023301337181866,0.0065184975625676,-0.023169530681574,0,355
2018-04-30,train,train,0.0055460022340372,0.0064642749238877,-0.023169530681574,0,355
2018-05-02,train,train,0.0107926786920262,0.006802099240313,-0.023169530681574,0,355
2018-05-03,train,train,-0.0049782825581435,0.0067066712059177,-0.023169530681574,0,355
2018-05-04,train,train,0.0064836776574739,0.0066935010945237,-0.0196361870516196,0,355
2018-05-07,train,train,0.0036355467309062,0.0065504054447189,-0.0196361870516196,0,355
2018-05-08,train,train,0.0026785400573051,0.0063846548388386,-0.0163159496079932,0,355
2018-05-09,train,train,0.0052086836232126,0.0063202698891458,-0.0163159496079932,0,355
2018-05-10,train,train,0.0024818912968449,0.0061578120991067,-0.0163159496079932,0,355
2018-05-11,train,train,0.0024174669391053,0.0059995149504882,-0.0156460532844029,0,355
2018-05-14,train,train,-0.0013249992983552,0.0058257931864341,-0.0156460532844029,0,355
2018-05-15,train,train,-0.004905870145001,0.0057747318542779,-0.0156460532844029,0,355
2018-05-16,train,train,-0.0095085625043877,0.0060639460719464,-0.0156460532844029,0,355
2018-05-17,train,train,0.0103703703573749,0.0064045164006827,-0.0156460532844029,0,355
2018-05-18,train,train,-0.010231878254149,0.0066961362339397,-0.0156460532844029,0,355
2018-05-21,train,train,-0.0045493529282213,0.0065870890960729,-0.0156460532844029,0,355
2018-05-22,train,train,0.0071565494165279,0.0066226377046535,-0.0156460532844029,0,355
2018-05-23,train,train,-0.0112876555081617,0.006990882660246,-0.0159456556170803,0,355
2018-05-24,train,train,-0.0028969602199269,0.0068149568346482,-0.0159456556170803,0,355
2018-05-25,train,train,-0.0171021951148022,0.0078234342282221,-0.0178838354859604,0,355
2018-05-28,train,train,-0.0063396593444114,0.0077424306630482,-0.0178838354859604,0,355
2018-05-29,train,train,-0.0252117849243212,0.0097204199786839,-0.0212837383634627,1,356
2018-05-30,train,train,0.0047046992476196,0.0094944943198103,-0.0191086854436459,1,356
2018-05-31,train,train,-0.010582463368963,0.009563263506926,-0.0191086854436459,1,356
2018-06-01,train,train,0.017478847028803,0.0102127006210946,-0.0191086854436459,1,356
2018-06-04,train,train,0.0121655772390962,0.0103402792472526,-0.0191086854436459,1,356
2018-06-05,train,train,-0.0065751535633054,0.0101538195315535,-0.0191086854436459,1,356
2018-06-06,train,train,0.0108019551960862,0.0101938698332915,-0.0191086854436459,1,356
2018-06-07,train,train,0.0038123642159846,0.0099273425700096,-0.0191086854436459,1,356
2018-06-08,train,train,-0.0084494938173615,0.0098449296299345,-0.0191086854436459,1,356
2018-06-11,train,train,0.0154752997246909,0.0102701691878665,-0.0191086854436459,1,356
2018-06-12,train,train,0.0016252796764669,0.0099652538693283,-0.0191086854436459,1,356
2018-06-13,train,train,-0.0015444807117941,0.009669076110958,-0.0191086854436459,1,356
2018-06-14,train,train,0.0059023363924693,0.0094853479304937,-0.0191086854436459,1,356
2018-06-15,train,train,-0.0107731679754217,0.0095675067146236,-0.0191086854436459,1,356
2018-06-18,train,train,-0.0083178812073376,0.0094971670785066,-0.0191086854436459,1,356
2018-06-19,train,train,-0.0014340737768523,0.0092145431586103,-0.017867211849095,0,357
2018-06-20,train,train,0.0034281126945894,0.0089732076028245,-0.017867211849095,0,357
2018-06-21,train,train,-0.0089068139227736,0.0089692378415158,-0.017867211849095,0,357
2018-06-22,train,train,0.0092335815831043,0.0089853177763131,-0.017867211849095,0,357
2018-06-25,train,train,-0.0179499120004469,0.0097582652074165,-0.0200879640131901,1,358
2018-06-26,train,train,0.002025416989097,0.009473988299843,-0.0200879640131901,1,358
2018-06-27,train,train,0.0021972665090293,0.0092011274229809,-0.0200879640131901,0,359
2018-06-28,train,train,-0.0072320615704077,0.0090950131377687,-0.0200879640131901,0,359
2018-06-29,train,train,0.0035083027046621,0.0088597177951482,-0.0200879640131901,0,359
2018-07-02,train,train,-0.0067150443271002,0.0087458808969698,-0.0200879640131901,0,359
2018-07-03,train,train,0.0106769854709457,0.0088736062471213,-0.0200879640131901,0,359
2018-07-04,train,train,0.0099493680525811,0.0089418023931395,-0.0200879640131901,0,359
2018-07-05,train,train,0.0110785739695442,0.0090841933217869,-0.0200879640131901,0,359
2018-07-06,train,train,0.0039248861083369,0.008859768510912,-0.0200879640131901,0,359
2018-07-09,train,train,0.0022186374570705,0.0086070383589761,-0.0200879640131901,0,359
2018-07-10,train,train,-0.0038049727919725,0.0083967203020567,-0.0200879640131901,0,359
2018-07-11,train,train,-0.0158695674561167,0.009021375027997,-0.0200879640131901,0,359
2018-07-12,train,train,0.0034665724936167,0.0087876687718206,-0.0200879640131901,0,359
2018-07-13,train,train,-0.0033432757306426,0.0085592280407349,-0.0200879640131901,0,359
2018-07-16,train,train,-0.0018403963596981,0.0083107150775221,-0.0200879640131901,0,359
2018-07-17,train,train,0.000257250599476,0.0080577836075451,-0.0200879640131901,0,359
2018-07-18,train,train,0.0034715279536707,0.0078584536930651,-0.0200879640131901,0,359
2018-07-19,train,train,-0.0032967157055981,0.0076617280587279,-0.0200879640131901,0,359
2018-07-20,train,train,0.000380563046056,0.0074289058365997,-0.0200879640131901,0,359
2018-07-23,train,train,0.0001336498289118,0.0072026658363364,-0.0200879640131901,0,359
2018-07-24,train,train,0.0048207201222425,0.0070823761542827,-0.0200879640131901,0,359
2018-07-25,train,train,-0.0071882917843292,0.0070887757192555,-0.0200879640131901,0,359
2018-07-26,train,train,0.0078941022235247,0.0071396573952087,-0.0200879640131901,0,359
2018-07-27,train,train,0.0089476203887526,0.0072608415417894,-0.0200879640131901,0,359
2018-07-30,train,train,-0.001399531842878,0.0070479892213333,-0.0200879640131901,0,359
2018-07-31,train,train,0.001683220110857,0.0068457064454068,-0.0200879640131901,0,359
2018-08-01,train,train,-0.0072598580807726,0.006871259512903,-0.0200879640131901,0,359
2018-08-02,train,train,-0.0103706132042988,0.00712981991007,-0.0200879640131901,0,359
2018-08-03,train,train,0.0042802420913009,0.0069916736461764,-0.0200879640131901,0,359
2018-08-06,train,train,-0.0017571857443672,0.0067923304142667,-0.0200879640131901,0,359
2018-08-07,train,train,0.005139618851485,0.006704666153172,-0.0200879640131901,0,359
2018-08-08,train,train,-0.0026332318233381,0.0065323372480366,-0.0200879640131901,0,359
2018-08-09,train,train,0.0007691637826664,0.0063361376959656,-0.0200879640131901,0,359
2018-08-10,train,train,-0.0157571447058412,0.0072550051002705,-0.0200879640131901,0,359
2018-08-13,train,train,-0.0074950533800165,0.0072696315295076,-0.0200879640131901,0,359
2018-08-14,train,train,-0.0024583611133818,0.0070738463640476,-0.0200879640131901,0,359
2018-08-15,train,train,-0.0127239431177348,0.0075333171941066,-0.0200879640131901,0,359
2018-08-16,train,train,0.0043159580040532,0.0073799366853494,-0.0200879640131901,0,359
2018-08-17,train,train,-0.0010719817030854,0.007159930602826,-0.0196770881269616,0,359
2018-08-20,train,train,0.0054326171850986,0.0070682055453868,-0.0196770881269616,0,359
2018-08-21,train,train,0.0084554172228403,0.0071590224666965,-0.0165255413874682,0,359
2018-08-22,train,train,0.0032620520106083,0.0069867707502923,-0.0165255413874682,0,359
2018-08-23,train,train,-0.001347475396467,0.0067819620304715,-0.0165255413874682,0,359
2018-08-24,train,train,0.0023177363105472,0.0065998198869443,-0.0165255413874682,0,359
2018-08-27,train,train,0.0073041739644915,0.006644187130561,-0.0165255413874682,0,359
2018-08-28,train,train,-0.0055329711676267,0.0065828060479452,-0.0165255413874682,0,359
2018-08-29,train,train,-0.0038589951936281,0.0064518870085611,-0.0165255413874682,0,359
2018-08-30,train,train,-0.0107055555666089,0.0067827553702275,-0.0165255413874682,0,359
2018-08-31,train,train,-0.0072615034779202,0.0068124290934438,-0.0165255413874682,0,359
2018-09-03,train,train,-0.00245004180645,0.0066321038166791,-0.0165255413874682,0,359
2018-09-04,train,train,2.135143435116961e-05,0.0064300653438454,-0.0165255413874682,0,359
2018-09-05,train,train,-0.00803105374133,0.0065371909378816,-0.0165255413874682,0,359
2018-09-06,train,train,-0.0100054437468935,0.0067953887093497,-0.0165255413874682,0,359
2018-09-07,train,train,-0.004080550083192,0.0066637618945588,-0.0165255413874682,0,359
2018-09-10,train,train,0.0108014941708288,0.0069815267536176,-0.0165255413874682,0,359
2018-09-11,train,train,0.0014335628200846,0.0067779435675091,-0.0165255413874682,0,359
2018-09-12,train,train,0.002442077286141,0.0065986295813878,-0.0165255413874682,0,359
2018-09-13,train,train,0.0024039924246608,0.0064246516159162,-0.0165255413874682,0,359
2018-09-14,train,train,0.0038620614881762,0.0063003579754683,-0.0165255413874682,0,359
2018-09-17,train,train,0.0041875410463325,0.0061939462366724,-0.0147835517598975,0,359
2018-09-18,train,train,0.0045512664973358,0.0061078566934406,-0.0147835517598975,0,359
2018-09-19,train,train,0.0040984756783508,0.0060062807757807,-0.0147835517598975,0,359
2018-09-20,train,train,0.0102151271726835,0.0063381238250217,-0.0147835517598975,0,359
2018-09-21,train,train,0.0006988797784997,0.006147423100838,-0.0147835517598975,0,359
2018-09-24,train,train,-0.0081243992613564,0.0062836067616735,-0.0147835517598975,0,359
2018-09-25,train,train,-0.0020203933870339,0.0061122508509984,-0.0147835517598975,0,359
2018-09-26,train,train,0.0032810566886576,0.0059802971345285,-0.0147835517598975,0,359
2018-09-27,train,train,0.0002834508545697,0.0057985288868326,-0.0147835517598975,0,359
2018-09-28,train,train,-0.0146222403914578,0.0066658949781917,-0.0154163175178052,0,359
2018-10-01,train,train,0.001893979615394,0.0064794549180989,-0.0154163175178052,0,359
2018-10-02,train,train,-0.010848469787933,0.0068209745401898,-0.0154163175178052,0,359
2018-10-03,train,train,0.0059571400215087,0.0067722524385461,-0.0143677760716779,0,359
2018-10-04,train,train,-0.0049904374757638,0.0066787623762102,-0.0143677760716779,0,359
2018-10-05,train,train,-0.00652719924716,0.0066697657129719,-0.0143677760716779,0,359
2018-10-08,train,train,-0.0059285815166826,0.0066276325270775,-0.0143677760716779,0,359
2018-10-09,train,train,0.0066414978969356,0.0066284652671668,-0.0143677760716779,0,359
2018-10-10,train,train,-0.0105952777823339,0.0069307974553614,-0.0143677760716779,0,359
2018-10-11,train,train,-0.017060751641297,0.0079131505078047,-0.0158133789128653,0,359
2018-10-12,train,train,-0.0118260428634257,0.0082007433376539,-0.0158133789128653,1,360
2018-10-15,train,train,0.002434710086481,0.00797325081789,-0.0158133789128653,0,361
2018-10-16,train,train,0.0167796625958581,0.0087551007703244,-0.0158133789128653,1,362
2018-10-17,train,train,-0.0085769037478528,0.0087445113529927,-0.0158133789128653,1,362
2018-10-18,train,train,-0.0120314293321142,0.0089757343755751,-0.0158133789128653,1,362
2018-10-19,train,train,0.0002811879771125,0.0087025699150731,-0.0158133789128653,1,362
2018-10-22,train,train,-0.0096731129829341,0.0087638340140585,-0.0158133789128653,1,362
2018-10-23,train,train,-0.0091715953150076,0.0087888332027492,-0.0158133789128653,1,362
2018-10-24,train,train,-0.0055965002279082,0.0086306559779579,-0.0158133789128653,1,362
2018-10-25,train,train,0.0123465200431551,0.008897478445258,-0.0158133789128653,1,362
2018-10-26,train,train,-0.0062572771306288,0.0087615310504597,-0.0158133789128653,0,363
2018-10-29,train,train,0.0103467047673432,0.0088646386694458,-0.0158133789128653,0,363
2018-10-30,train,train,-0.0017133185228307,0.0086048263920363,-0.0158133789128653,0,363
2018-10-31,train,train,0.0098760540290587,0.0086863480009698,-0.0158133789128653,0,363
2018-11-01,train,train,0.0068690067272659,0.0085881591917866,-0.0158133789128653,0,363
2018-11-02,train,train,0.0042568173717175,0.0083915623845282,-0.0148023117168298,0,363
2018-11-05,train,train,0.0019662847996021,0.008150165437156,-0.0148023117168298,0,363
2018-11-06,train,train,-0.0024222554542018,0.0079241229257853,-0.0148023117168298,0,363
2018-11-07,train,train,0.0197177687386575,0.0090747807100915,-0.0145714737882896,0,363
2018-11-08,train,train,0.0009920588204398,0.008801681491753,-0.0145714737882896,0,363
2018-11-09,train,train,-0.0046090794427234,0.0086079055557023,-0.0145714737882896,0,363
2018-11-12,train,train,-0.0064246753328892,0.0084927535558569,-0.0145714737882896,0,363
2018-11-13,train,train,0.0075844642862361,0.0084410128002178,-0.0145714737882896,0,363
2018-11-14,train,train,-0.0042516808787472,0.0082498644040685,-0.0145714737882896,0,363
2018-11-15,train,train,-0.0036413052358106,0.0080481173670372,-0.0145714737882896,0,363
2018-11-16,train,train,-0.0018422420164671,0.0078159767721778,-0.0145714737882896,0,363
2018-11-19,train,train,-0.0055915244521904,0.0077006514056277,-0.0145714737882896,0,363
2018-11-20,train,train,-0.0156441808138871,0.0083920470534305,-0.0157757242822139,0,363
2018-11-21,train,train,0.0105570154865269,0.0085374411319282,-0.0157757242822139,0,363
2018-11-22,train,train,-0.0060894600888988,0.008410678835072,-0.0157757242822139,0,363
2018-11-23,train,train,0.0011782595407738,0.0081595615747079,-0.0157757242822139,0,363
2018-11-26,train,train,0.0193809892726202,0.0092261098571981,-0.0157757242822139,0,363
2018-11-27,train,train,-0.0006162345599788,0.0089463188861809,-0.0157757242822139,0,363
2018-11-28,train,train,0.0018803946668945,0.0086859989271609,-0.0157757242822139,0,363
2018-11-29,train,train,-0.0004175242418665,0.0084220093986194,-0.0157757242822139,0,363
2018-11-30,train,train,-0.0023877734963158,0.0081863615549272,-0.0157757242822139,0,363
2018-12-03,train,train,0.0112177916145691,0.0083991580232774,-0.0157757242822139,0,363
2018-12-04,train,train,-0.012926826168914,0.0087372349320632,-0.0157757242822139,0,363
2018-12-05,train,train,-0.0054775253480051,0.0085766610542135,-0.0157757242822139,0,363
2018-12-06,train,train,-0.0278697649473379,0.010758670728381,-0.0201915658008406,1,364
2018-12-07,train,train,0.0058020640582134,0.0105272927636385,-0.0201915658008406,1,364
2018-12-10,train,train,-0.017796813164334,0.0110985608474184,-0.0209091099176563,1,364
2018-12-11,train,train,0.0086804603580183,0.0109685182788034,-0.0209091099176563,1,364
2018-12-12,train,train,0.0134064272213584,0.0111298619528273,-0.0209091099176563,1,364
2018-12-13,train,train,0.0082003432875859,0.0109761621373642,-0.0209091099176563,1,364
2018-12-14,train,train,-0.0045137392925787,0.0106990652719687,-0.0209091099176563,1,364
2018-12-17,train,train,-0.0083170460103407,0.0105712909851401,-0.0209091099176563,1,364
2018-12-18,train,train,-0.0127562151300213,0.0107149579081561,-0.0209091099176563,1,364
2018-12-19,train,train,0.0078191809870807,0.0105636205475995,-0.0209091099176563,1,364
2018-12-20,train,train,-0.0198789903176816,0.0113404201726513,-0.0218485228097845,1,364
2018-12-21,train,train,-0.0046288780177465,0.0110532534854191,-0.0218485228097845,1,364
2018-12-24,train,train,-0.0089451097032333,0.0109382287008604,-0.0218485228097845,1,364
2018-12-27,train,train,-0.0138562837600946,0.0111348979458279,-0.0218485228097845,1,364
2018-12-28,train,train,0.0153998630169007,0.0114357396780672,-0.0218485228097845,1,364
2018-12-31,train,train,0.0054246086576227,0.0111666985367543,-0.0218485228097845,1,364
2019-01-02,train,train,0.0011819390774548,0.0108303862182784,-0.0218485228097845,1,364
2019-01-03,train,train,-0.003127716069465,0.0105283610389994,-0.0218485228097845,1,364
2019-01-04,train,train,0.0248548525026541,0.0118853449496929,-0.0218485228097845,1,364
2019-01-07,train,train,0.0043964648908285,0.0115734814689002,-0.0218485228097845,1,364
2019-01-08,train,train,0.008057421377626,0.0113931587923506,-0.0218485228097845,1,364
2019-01-09,train,train,-0.0026823999127528,0.0110656016279807,-0.0218485228097845,1,364
2019-01-10,train,train,0.0037555977732951,0.0107678669152207,-0.0218485228097845,1,364
2019-01-11,train,train,0.0022893795752309,0.0104548847894197,-0.0218485228097845,1,364
2019-01-14,train,train,-0.0066118001206615,0.0102649546054804,-0.0218485228097845,0,365
2019-01-15,train,train,0.0035656312876837,0.0099904934341703,-0.0218485228097845,0,365
2019-01-16,train,train,0.0070485335421855,0.0098388145129598,-0.0218485228097845,0,365
2019-01-17,train,train,-0.0004601893301618,0.0095397505843904,-0.0218485228097845,0,365
2019-01-18,train,train,0.0178559294414696,0.0102311526092009,-0.0218485228097845,0,365
2019-01-21,train,train,-0.0016884503933663,0.0099280887674237,-0.0218485228097845,0,365
2019-01-22,train,train,-0.0018019500283516,0.0096357537958218,-0.0218485228097845,0,365
2019-01-23,train,train,0.0100516422582497,0.0096612119770836,-0.0218485228097845,0,365
2019-01-24,train,train,0.002319649544297,0.0093841100960441,-0.0218485228097845,0,365
2019-01-25,train,train,0.0038396350389744,0.0091467151913103,-0.0218485228097845,0,365
2019-01-28,train,train,-0.0134594855853273,0.0094610845042621,-0.0218485228097845,0,365
2019-01-29,train,train,0.0062370434291126,0.0092992169262352,-0.0218485228097845,0,365
2019-01-30,train,train,-0.0052334413421091,0.009106604406231,-0.0218485228097845,0,365
2019-01-31,train,train,-0.0016327939691851,0.0088382345607954,-0.0218485228097845,0,365
2019-02-01,train,train,-0.0041269805344257,0.0086284091721726,-0.0218485228097845,0,365
2019-02-04,train,train,-0.0049126163144988,0.0084516570029252,-0.0218485228097845,0,365
2019-02-05,train,train,0.0129296659803256,0.00878494459124,-0.0218485228097845,0,365
2019-02-06,train,train,0.0009784466625956,0.00852069116065,-0.0218485228097845,0,365
2019-02-07,train,train,-0.0180279600002719,0.0093673095224911,-0.0219255717550971,0,365
2019-02-08,train,train,-0.0091598891417656,0.0093549939911317,-0.0219255717550971,0,365
2019-02-11,train,train,0.0089473637232809,0.0093310383599825,-0.0219255717550971,0,365
2019-02-12,train,train,0.005212123605023,0.0091364191131635,-0.0219255717550971,0,365
2019-02-13,train,train,-7.784016591282253e-05,0.0088581075012771,-0.0219255717550971,0,365
2019-02-14,train,train,-0.0033343277827952,0.0086270023124906,-0.0219255717550971,0,365
2019-02-15,train,train,0.0188878182540975,0.0095584852079042,-0.0219255717550971,0,365
2019-02-18,train,train,0.0035341504550832,0.0093076406391679,-0.0219255717550971,0,365
2019-02-19,train,train,-0.0020883140524855,0.009038578823395,-0.0219255717550971,0,365
2019-02-20,train,train,0.0048805030681418,0.0088443943449967,-0.0219255717550971,0,365
2019-02-21,train,train,0.0010995451916756,0.0085791871775672,-0.0219255717550971,0,365
2019-02-22,train,train,0.0014567908516612,0.0083254813581678,-0.0219255717550971,0,365
2019-02-25,train,train,-3.257171227710876e-05,0.0080718575996776,-0.0219255717550971,0,365
2019-02-26,train,train,0.002484920099702,0.0078495911789735,-0.0219255717550971,0,365
2019-02-27,train,train,-0.0016812286332231,0.007621594882925,-0.0219255717550971,0,365
2019-02-28,train,train,0.0071392558909144,0.0075935185866909,-0.0219255717550971,0,365
2019-03-01,train,train,-0.0010784346262202,0.007366927061497,-0.0219255717550971,0,365
2019-03-04,train,train,-0.0008528286173353,0.0071455550147406,-0.0219255717550971,0,365
2019-03-05,train,train,-0.0001727626502839,0.006928001868978,-0.0185679211607625,0,365
2019-03-06,train,train,0.0041498530782784,0.0067934272747301,-0.0185679211607625,0,365
2019-03-07,train,train,-0.0050467366029087,0.0067014765469389,-0.0172544113593493,0,365
2019-03-08,train,train,-0.0131237829293755,0.007249084172312,-0.0172544113593493,0,365
2019-03-11,train,train,0.0046555048221554,0.0071201609227583,-0.0172544113593493,0,365
2019-03-12,train,train,-0.0011127324735973,0.0069086308691002,-0.0172544113593493,0,365
2019-03-13,train,train,0.0033779397656481,0.006749078328185,-0.0172544113593493,0,365
2019-03-14,train,train,0.0018584012276969,0.0065592891452172,-0.0172544113593493,0,365
2019-03-15,train,train,0.0142736781513616,0.0072572095824256,-0.0172544113593493,0,365
2019-03-18,train,train,0.0071354731253396,0.007249963039299,-0.0172544113593493,0,365
2019-03-19,train,train,0.0088036584862627,0.0073524492784033,-0.0151145764485646,0,365
2019-03-20,train,train,-0.0091757080204784,0.0074743974224434,-0.0151145764485646,0,365
2019-03-21,train,train,-0.005330162298751,0.007363372707311,-0.0151145764485646,0,365
2019-03-22,train,train,-0.016836745742582,0.0082446748026339,-0.0161080637760604,0,365
2019-03-25,train,train,-0.0021219531198657,0.008010389750049,-0.0161080637760604,0,365
2019-03-26,train,train,0.0003484418430941,0.0077668299848722,-0.0161080637760604,0,365
2019-03-27,train,train,0.0050834608193969,0.0076324782061409,-0.0161080637760604,0,365
2019-03-28,train,train,-0.005998539395041,0.0075444276552708,-0.0161080637760604,0,365
2019-03-29,train,train,0.0071246143754355,0.0075198998082951,-0.0161080637760604,0,365
2019-04-01,train,train,0.0109139379120141,0.0077654878780426,-0.0161080637760604,0,365
2019-04-02,train,train,0.0023308827844409,0.0075505373807613,-0.0161080637760604,0,365
2019-04-03,train,train,0.0131875899711158,0.0080015454512709,-0.0161080637760604,0,365
2019-04-04,train,train,0.0048680623437377,0.0078488934055177,-0.0161080637760604,0,365
2019-04-05,train,train,-0.0024994032691563,0.0076343723403971,-0.0161080637760604,0,365
2019-04-08,train,train,-0.0076630741656227,0.0076360974921737,-0.0161080637760604,0,365
2019-04-09,train,train,-0.0031732154322945,0.0074441617114466,-0.0161080637760604,0,365
2019-04-10,train,train,-0.0001381719971575,0.0072174619126841,-0.0161080637760604,0,365
2019-04-11,train,train,0.0041269521937521,0.0070702302040283,-0.0161080637760604,0,365
2019-04-12,train,train,0.0024426078580222,0.0068809044331803,-0.0161080637760604,0,365
2019-04-15,train,train,0.003015947994518,0.0067120631409266,-0.0161080637760604,0,365
2019-04-16,train,train,2.1079404317468604e-05,0.00650758870641,-0.0161080637760604,0,365
2019-04-17,train,train,0.0055126642933092,0.0064522210270674,-0.0161080637760604,0,365
2019-04-18,train,train,0.0033557515258646,0.0063094334856153,-0.0161080637760604,0,365
2019-04-23,train,train,-0.0057250569666689,0.0062759055514831,-0.0161080637760604,0,365
2019-04-24,train,train,-0.0074590837106552,0.0063531131620507,-0.0159961628907431,0,365
2019-04-25,train,train,0.004726324713907,0.0062674247308531,-0.0159961628907431,0,365
2019-04-26,train,train,0.0005050512164027,0.0060777529231918,-0.0159961628907431,0,365
2019-04-29,train,train,0.0011775302253741,0.0058996551090334,-0.0159961628907431,0,365
2019-04-30,train,train,0.0055951501920273,0.0058818293856157,-0.0159961628907431,0,365
2019-05-02,train,train,-0.0160518503443665,0.0069267507443879,-0.0169721853624068,0,365
2019-05-03,train,train,-0.0009136050547534,0.006719461568768,-0.0169721853624068,0,365
2019-05-06,train,train,-0.0083882129582143,0.0068310922220127,-0.0169721853624068,0,365
2019-05-07,train,train,-0.0103307905868422,0.0070899580914033,-0.015337459672108,0,365
2019-05-08,train,train,-0.0008774310686239,0.0068773285882234,-0.015337459672108,0,365
2019-05-09,train,train,-0.01438714528942,0.0075418291265783,-0.0157585804587894,0,365
2019-05-10,train,train,0.0024488203936994,0.0073366367403102,-0.0157585804587894,0,365
2019-05-13,train,train,-0.0077845612663044,0.0073642805477687,-0.0157585804587894,0,365
2019-05-14,train,train,0.0088916651597118,0.0074647419825347,-0.0157585804587894,0,365
2019-05-15,train,train,0.0054084604254458,0.0073575890850389,-0.0157585804587894,0,365
2019-05-16,train,train,0.013765429881385,0.0078902023868077,-0.0157585804587894,0,365
2019-05-17,train,train,-0.002604357391576,0.0076763882606264,-0.0157585804587894,0,365
2019-05-20,train,train,-0.0087013844513814,0.0077417159600733,-0.0157585804587894,0,365
2019-05-21,train,train,0.0042735399747182,0.0075785159946389,-0.0157585804587894,0,365
2019-05-22,train,train,-0.0007470415678719,0.0073499220857357,-0.0157585804587894,0,365
2019-05-23,train,train,-0.0128857016231344,0.0077937508149561,-0.0157585804587894,0,365
2019-05-24,train,train,0.0066270608415437,0.0077287175380876,-0.0157585804587894,0,365
2019-05-27,train,train,0.0045457944898898,0.0075755491648585,-0.0157585804587894,0,365
2019-05-28,train,train,-0.0026727871624172,0.0073738887917551,-0.0157585804587894,0,365
2019-05-29,train,train,-0.0121825038342911,0.0077470372232701,-0.0157585804587894,0,365
2019-05-30,train,train,0.0084766966631302,0.0077927436614797,-0.0157585804587894,0,365
2019-05-31,train,train,-0.0169147970004184,0.0086168360783435,-0.0166011310291222,0,365
2019-06-03,train,train,0.0020635287041653,0.0083696093817904,-0.0166011310291222,0,365
2019-06-04,train,train,0.010451883173131,0.0085089277375834,-0.0166011310291222,0,365
2019-06-05,train,train,0.0036019538867754,0.0082967574676471,-0.0166011310291222,0,365
2019-06-06,train,train,0.0020415401571155,0.0080595338935405,-0.0166011310291222,0,365
2019-06-07,train,train,0.0072696135779561,0.0080143345500814,-0.0166011310291222,0,365
2019-06-10,train,train,0.0062600718671465,0.0079200438616652,-0.0166011310291222,0,365
2019-06-11,train,train,-0.0012919759879717,0.0076852860195095,-0.0166011310291222,0,365
2019-06-12,train,train,-0.0047082374043757,0.0075398842097824,-0.0166011310291222,0,365
2019-06-13,train,train,0.0009304117991395,0.0073137406728752,-0.0166011310291222,0,365
2019-06-14,train,train,-0.0057370749043812,0.0072288447334117,-0.0166011310291222,0,365
2019-06-17,train,train,-0.0068209737026669,0.0072050236185689,-0.0166011310291222,0,365
2019-06-18,train,train,0.0118657634908432,0.0075660692579916,-0.0166011310291222,0,365
2019-06-19,train,train,-0.0010285894398177,0.0073399018760378,-0.0157845975447349,0,365
2019-06-20,train,train,-0.0024621015026637,0.0071418083568125,-0.0157845975447349,0,365
2019-06-21,train,train,0.0020286944925259,0.0069420484793576,-0.0157845975447349,0,365
2019-06-24,train,train,-0.0037677308527596,0.0067935456582771,-0.0157845975447349,0,365
2019-06-25,train,train,-0.0035636111295441,0.0066441768723738,-0.0157845975447349,0,365
2019-06-26,train,train,-0.0002619848066996,0.0064420881160568,-0.0157845975447349,0,365
2019-06-27,train,train,-0.0010489463884959,0.0062511188317688,-0.0157845975447349,0,365
2019-06-28,train,train,0.0055596276640904,0.0062118004665121,-0.0157845975447349,0,365
2019-07-01,train,train,0.0071276238769146,0.0062705229814952,-0.0157845975447349,0,365
2019-07-02,train,train,0.0018225282575855,0.0060958664280604,-0.0157845975447349,0,365
2019-07-03,train,train,0.0120906369822151,0.0066106748835782,-0.0157845975447349,0,365
2019-07-04,train,train,0.0007022579470577,0.0064115950468539,-0.0157845975447349,0,365
2019-07-05,train,train,-0.0070452896027279,0.0064513722817188,-0.0157845975447349,0,365
2019-07-08,train,train,-0.0054028718527564,0.0063933131875208,-0.0157845975447349,0,365
2019-07-09,train,train,-0.0011638599426267,0.0062050995560802,-0.0157845975447349,0,365
2019-07-10,train,train,-0.0022669870790541,0.0060416403977571,-0.0157845975447349,0,365
2019-07-11,train,train,0.0029567946966168,0.0059021938011843,-0.0157845975447349,0,365
2019-07-12,train,train,0.0013891181198412,0.0057324965866354,-0.0157845975447349,0,365
2019-07-15,train,train,0.0032658073782994,0.0056151363259291,-0.0157845975447349,0,365
2019-07-16,train,train,0.005721726800878,0.0056215887484123,-0.0157845975447349,0,365
2019-07-17,train,train,-0.00995645345904,0.0059710955763428,-0.0157845975447349,0,365
2019-07-18,train,train,-0.0063209626787646,0.0059926636473351,-0.0157845975447349,0,365
2019-07-19,train,train,-0.0060012785681291,0.0059931808917989,-0.0157845975447349,0,365
2019-07-22,train,train,-0.0007636086331559,0.0058136141993077,-0.0157845975447349,0,365
2019-07-23,train,train,0.0128057018679126,0.0064505335806179,-0.0157845975447349,0,365
2019-07-24,train,train,0.005168977292236,0.0063809027606647,-0.0157845975447349,0,365
2019-07-25,train,train,-0.0042750503824263,0.006274514179196,-0.0147292146376576,0,365
2019-07-26,train,train,-0.0069564415537168,0.0063175059350389,-0.0147292146376576,0,365
2019-07-29,train,train,-0.0010953489440155,0.006130922909599,-0.0147292146376576,0,365
2019-07-30,train,train,-0.0251415045724273,0.0085591260015239,-0.0188144822874219,1,366
2019-07-31,train,train,-0.0017373829062105,0.0083092857453052,-0.0188144822874219,1,366
2019-08-01,train,train,0.0074629085663262,0.008260948860601,-0.0183140010653267,1,366
2019-08-02,train,train,-0.0156785275945995,0.0088824350920732,-0.019244943055815,1,366
2019-08-05,train,train,-0.0136240611170402,0.009235837615195,-0.019244943055815,1,366
2019-08-06,train,train,-0.0089033697642459,0.0092162277671794,-0.019244943055815,1,366
2019-08-07,train,train,0.0053537393933193,0.0090311834512777,-0.019244943055815,1,366
2019-08-08,train,train,0.013954208333409,0.0093995603020314,-0.019244943055815,1,366
2019-08-09,train,train,-0.0126173408413958,0.0096230175742181,-0.019244943055815,1,366
2019-08-12,train,train,-0.0093379684340236,0.0096061531566063,-0.019244943055815,1,366
2019-08-13,train,train,0.0021528625590522,0.0093284284202633,-0.019244943055815,1,366
2019-08-14,train,train,-0.0200263887141785,0.0102889152431313,-0.0206942300956747,1,366
2019-08-15,train,train,-0.0004342519030659,0.0099760405347231,-0.0206942300956747,1,366
2019-08-16,train,train,0.0176160078217163,0.0105910115456409,-0.0206942300956747,1,366
2019-08-19,train,train,0.0072283120512322,0.0104198974914777,-0.0206942300956747,1,366
2019-08-20,train,train,-0.0132554561474334,0.0106114200260626,-0.0206942300956747,1,366
2019-08-21,train,train,0.009607597805873,0.0105538835035884,-0.0206942300956747,1,366
2019-08-22,train,train,0.0017109288634833,0.0102409485030162,-0.0206942300956747,1,366
2019-08-23,train,train,-0.0077048376506798,0.0101067440880011,-0.0202821402937351,1,366
2019-08-26,train,train,0.0034278652247226,0.0098347605510584,-0.0202821402937351,1,366
2019-08-27,train,train,0.0057100233427562,0.0096371897452185,-0.0202821402937351,1,366
2019-08-28,train,train,0.0020827678334743,0.0093575197528573,-0.0202821402937351,0,367
2019-08-29,train,train,0.0053815899306585,0.0091677192354758,-0.0202821402937351,0,367
2019-08-30,train,train,0.0021128393669323,0.0089034879026767,-0.0202821402937351,0,367
2019-09-02,train,train,0.0002949342352384,0.0086325540945487,-0.0202821402937351,0,367
2019-09-03,train,train,-0.000714883644656,0.0083714033650945,-0.0202821402937351,0,367
2019-09-04,train,train,0.0053662475893205,0.0082221266977858,-0.0202821402937351,0,367
2019-09-05,train,train,0.0152502591321687,0.0088034873546949,-0.0202821402937351,0,367
2019-09-06,train,train,-0.0002892303738988,0.0085355916889556,-0.0202821402937351,0,367
2019-09-09,train,train,0.0022776902845264,0.0082943485780179,-0.0202821402937351,0,367
2019-09-10,train,train,0.007474337864326,0.0082474474126394,-0.0202821402937351,0,367
2019-09-11,train,train,-0.0020620256964394,0.0080121334545278,-0.0202821402937351,0,367
2019-09-12,train,train,0.0025135121031615,0.0077924123433721,-0.0202821402937351,0,367
2019-09-13,train,train,0.0061031995181649,0.0077015148758476,-0.0202821402937351,0,367
2019-09-16,train,train,-0.0094449147440607,0.0078170912986406,-0.0202821402937351,0,367
2019-09-17,train,train,-0.005294570932163,0.0076891124501042,-0.0202821402937351,0,367
2019-09-18,train,train,0.0030494758470937,0.0074922000394175,-0.0202821402937351,0,367
2019-09-19,train,train,0.0114820202274327,0.0077894341935085,-0.0202821402937351,0,367
2019-09-20,train,train,0.0046956133232994,0.0076392208385813,-0.0202821402937351,0,367
2019-09-23,train,train,-0.0093474398026261,0.0077523358525803,-0.0202821402937351,0,367
2019-09-24,train,train,0.0027016111712212,0.007545244242313,-0.0202821402937351,0,367
2019-09-25,train,train,-0.0036147363362988,0.0073687751466879,-0.0202821402937351,0,367
2019-09-26,train,train,0.0048751554833006,0.007243406987867,-0.0202821402937351,0,367
2019-09-27,train,train,0.0059408287343748,0.0071719268587624,-0.0202821402937351,0,367
2019-09-30,train,train,0.0065658695311255,0.0071370148757991,-0.0202821402937351,0,367
2019-10-01,train,train,-0.0085494362577876,0.0072295459108227,-0.0202821402937351,0,367
2019-10-02,train,train,-0.0280689722602565,0.009818471686414,-0.0244122885156207,1,368
2019-10-03,train,train,-0.00112268735754,0.0095233328564986,-0.0244122885156207,1,368
2019-10-04,train,train,0.0066726187313548,0.0093767620753631,-0.0244122885156207,1,368
2019-10-07,train,train,0.0091414903440313,0.009362812490886,-0.0244122885156207,1,368
2019-10-08,train,train,-0.0115658371062468,0.0095093973286016,-0.0244122885156207,1,368
2019-10-09,train,train,0.0057774844233233,0.0093276834678138,-0.0244122885156207,1,368
2019-10-10,train,train,0.0124336405200405,0.0095425920555203,-0.0244122885156207,1,368
2019-10-11,train,train,0.0184353429536224,0.0102951013369881,-0.0244122885156207,1,368
2019-10-14,train,train,-0.0029480974657985,0.0100075592212384,-0.0244122885156207,1,368
2019-10-15,train,train,0.0117833936995267,0.0101228982558001,-0.0244122885156207,1,368
2019-10-16,train,train,0.0032653193168348,0.0098470515163625,-0.0244122885156207,1,368
2019-10-17,train,train,-0.0049875623184045,0.0096249210295328,-0.0244122885156207,1,368
2019-10-18,train,train,-0.0010926947727465,0.0093355448393353,-0.0244122885156207,0,369
2019-10-21,train,train,0.0077407619566969,0.0092476168465514,-0.0244122885156207,0,369
2019-10-22,train,train,-0.0023532138504736,0.0089844070046802,-0.0212579628563448,0,369
2019-10-23,train,train,0.0005115644642441,0.008711607025358,-0.0212579628563448,0,369
2019-10-24,train,train,0.000724277305556,0.0084480794150701,-0.0212579628563448,0,369
2019-10-25,train,train,0.004080378695558,0.0082514733516555,-0.0205731406971584,0,369
2019-10-28,train,train,0.0002968536281299,0.0080004306789878,-0.0204502723739561,0,369
2019-10-29,train,train,-0.0034938937058816,0.0078037757002627,-0.0204502723739561,0,369
2019-10-30,train,train,-0.0123739429033211,0.0081505734796816,-0.0204502723739561,0,369
2019-10-31,train,train,-0.0029123092528824,0.0079344079726148,-0.0204502723739561,0,369
2019-11-01,train,train,0.0075865958025058,0.007913970320615,-0.0204502723739561,0,369
2019-11-04,train,train,0.0094322618146291,0.0080131844130672,-0.0204502723739561,0,369
2019-11-05,train,train,-0.0009030880537311,0.0077722191846037,-0.0204502723739561,0,369
2019-11-06,train,train,-0.0010102997839458,0.0075395086000029,-0.0178994571036703,0,369
2019-11-07,train,train,0.0051894621368492,0.0074195262362184,-0.0178994571036703,0,369
2019-11-08,train,train,-0.0056896931130529,0.0073272616889927,-0.0178994571036703,0,369
2019-11-11,train,train,-0.000553736558156,0.0071053385195916,-0.0178994571036703,0,369
2019-11-12,train,train,-0.008750944182965,0.0072146674763924,-0.0173362507566081,0,369
2019-11-13,train,train,-0.0121291126689929,0.0075996883906807,-0.0175240092775235,0,369
2019-11-14,train,train,-0.0023084098206809,0.0073898358013784,-0.0175240092775235,0,369
2019-11-15,train,train,0.0095581979349738,0.0075375487823895,-0.0175240092775235,0,369
2019-11-18,train,train,-0.0003672247039849,0.0073084782538556,-0.0175240092775235,0,369
2019-11-19,train,train,0.0001296303222432,0.0070859037084258,-0.0175240092775235,0,369
2019-11-20,train,train,-0.0036570811688266,0.0069281948618454,-0.0175240092775235,0,369
2019-11-21,train,train,-0.0012365252487701,0.0067239594497981,-0.0175240092775235,0,369
2019-11-22,train,train,0.0044074851796434,0.00660791104496,-0.0175240092775235,0,369
2019-11-25,train,train,0.007020389245837,0.0066333830723999,-0.0175240092775235,0,369
2019-11-26,train,train,0.0005255556939987,0.0064325917990604,-0.0175240092775235,0,369
2019-11-27,train,train,0.00405623465843,0.0063152771431184,-0.0175240092775235,0,369
2019-11-28,train,train,-0.0003952841165148,0.0061236538800536,-0.0175240092775235,0,369
2019-11-29,train,train,-0.0007482230053521,0.0059399308827695,-0.0175240092775235,0,369
2019-12-02,train,train,-0.0211480785474248,0.0077459851364069,-0.0205303312370008,0,369
2019-12-03,train,train,-0.0022523089966438,0.0075302484911464,-0.0205303312370008,0,369
2019-12-04,train,train,0.0146798180530772,0.0081383159979442,-0.0205303312370008,0,369
2019-12-05,train,train,-0.002959829079989,0.007923628672295,-0.0205303312370008,0,369
2019-12-06,train,train,0.0149577632976086,0.0085112242849233,-0.0205303312370008,0,369
2019-12-09,train,train,-0.0029994297255034,0.0082845806906123,-0.0205303312370008,0,369
2019-12-10,train,train,-0.0035875535944183,0.0080801270431646,-0.0205303312370008,0,369
2019-12-11,train,train,0.0076308928895134,0.0080538796507728,-0.0205303312370008,0,369
2019-12-12,train,train,0.0080590012548357,0.0080541870388581,-0.0205303312370008,0,369
2019-12-13,train,train,0.0100042021769476,0.0081843006297014,-0.0205303312370008,0,369
2019-12-16,train,train,0.0121491405895717,0.0084746626607436,-0.0205303312370008,0,369
2019-12-17,train,train,-0.0067058234601845,0.0083790689743758,-0.0205303312370008,0,369
2019-12-18,train,train,0.0006133180356833,0.0081251977579306,-0.0205303312370008,0,369
2019-12-19,train,train,-0.0004781547338879,0.007878542137104,-0.0205303312370008,0,369
2019-12-20,train,train,0.006043734838112,0.0077806647840246,-0.0205303312370008,0,369
2019-12-23,train,train,-0.0016447181065084,0.0075543845329366,-0.0205303312370008,0,369
2019-12-24,train,train,0.000227746994393,0.0073244599973507,-0.0205303312370008,0,369
2019-12-27,train,train,0.0039974845176705,0.0071685175835568,-0.0152170447065796,0,369
2019-12-30,train,train,-0.0091027333108028,0.0072990390400842,-0.0152170447065796,0,369
2019-12-31,train,train,-0.0066172954582741,0.0072599399863276,-0.0152170447065796,0,369
