date,sample_split_robust,ret_1d,regime,regime_t_plus_1,regime_pred,proba_0,proba_1,proba_2
2020-01-02,test,0.0147608755945953,0,0,0,0.9706112379014249,0.029374849158313024,1.391294026182745e-05
2020-01-03,test,-0.0046127962303675,0,0,0,0.9755890661548207,0.024397020904917674,1.391294026182745e-05
2020-01-06,test,-0.0047485964019479,0,0,0,0.9772708286651011,0.022715258394637353,1.391294026182745e-05
2020-01-07,test,-0.0022001902156519,0,0,0,0.9781170707402691,0.021869016319469126,1.391294026182745e-05
2020-01-08,test,0.0012102098183916,0,0,0,0.9785891425859671,0.021396944473771093,1.391294026182745e-05
2020-01-09,test,-0.0010014589783746,0,0,0,0.9785614579918795,0.021424629067858653,1.391294026182745e-05
2020-01-10,test,-0.0008561759153297,0,0,0,0.9785078568842355,0.021478230175502856,1.391294026182745e-05
2020-01-13,test,-0.003107021591943,0,0,0,0.9784787539297776,0.021507333129960723,1.391294026182745e-05
2020-01-14,test,-0.0016359506776465,0,0,0,0.9782310432019342,0.021755043857804118,1.391294026182745e-05
2020-01-15,test,-0.0017436568887293,0,0,0,0.9774311345346598,0.022554952525078574,1.391294026182745e-05
2020-01-16,test,0.0063717640527732,0,0,0,0.9775933413865214,0.022392745673216974,1.391294026182745e-05
2020-01-17,test,0.0113017652485275,0,0,0,0.9787279772982027,0.02125810976153544,1.391294026182745e-05
2020-01-20,test,-0.0023267729334861,0,0,0,0.978425582654092,0.021560504405646268,1.391294026182745e-05
2020-01-21,test,-0.0049299274178027,0,0,0,0.9779659280507963,0.0220201590089422,1.391294026182745e-05
2020-01-22,test,-0.0039196932514991,0,0,0,0.9774311345346598,0.022554952525078574,1.391294026182745e-05
2020-01-23,test,-0.0057825026513456,0,0,0,0.9767947897519276,0.023191297307810804,1.391294026182745e-05
2020-01-24,test,0.0045596368402053,0,0,0,0.9774588191287473,0.02252726793099101,1.391294026182745e-05
2020-01-27,test,-0.0206787900587004,0,0,0,0.8922894495791491,0.10753400754747998,0.00017654287337095885
2020-01-28,test,0.012509156577517,0,0,0,0.964641225871678,0.03534486118806036,1.391294026182745e-05
2020-01-29,test,0.0065682887742628,0,0,0,0.9660079745075519,0.03397811255218656,1.391294026182745e-05
2020-01-30,test,-0.0072327515420597,0,0,0,0.966281278889182,0.0337048081705567,1.391294026182745e-05
2020-01-31,test,-0.0116738206553066,0,0,0,0.9450642102416745,0.05490181483093225,3.39749273930572e-05
2020-02-03,test,0.0039205917855259,0,1,0,0.9593866441632004,0.04059944289653828,1.391294026182745e-05
2020-02-04,test,0.0166814841059737,1,1,0,0.9107502587402677,0.08917111877548059,7.862248425202195e-05
2020-02-05,test,0.0160681661160497,1,1,0,0.8147244189115085,0.18508686148978,0.0001887195987127342
2020-02-06,test,0.0095755274224307,1,0,0,0.7815224896394937,0.21800296524315155,0.000474545117356146
2020-02-07,test,-3.0557548351383464e-05,0,0,0,0.8018951871087704,0.19762215037197486,0.00048266251925567526
2020-02-10,test,0.0005095022273565,0,0,0,0.8487296556971763,0.15095452447738705,0.0003158198254372506
2020-02-11,test,0.0067618880993952,0,0,0,0.8229136349710988,0.17679279654765787,0.0002935684812435293
2020-02-12,test,0.0058317050962113,0,0,0,0.8203138457111523,0.17934761312415715,0.00033854116469080644
2020-02-13,test,-0.0030831538097104,0,0,0,0.8484296784419965,0.15111732228117142,0.00045299927683269315
2020-02-14,test,0.0047315684223185,0,0,0,0.9046339311489041,0.09507887929078426,0.0002871895603120322
2020-02-17,test,0.0065469367061616,0,0,0,0.8872541064217127,0.11235483029295619,0.00039106328533117143
2020-02-18,test,-0.0016377465838605,0,0,0,0.8833420644539928,0.1159326918723372,0.0007252436736699769
2020-02-19,test,0.0077453976622639,0,0,0,0.8845081019769911,0.11480643039924596,0.0006854676237626446
2020-02-20,test,-0.0152491250801685,0,0,0,0.6732486716243885,0.3255162047059964,0.0012351236696153038
2020-02-21,test,-0.0045213128558438,0,1,0,0.7570567264868923,0.24238831019686186,0.0005549633162463424
2020-02-24,test,-0.0415864186231376,1,1,1,0.1452611854830132,0.7801063354110116,0.07463247910597533
2020-02-25,test,-0.0248434332841993,1,1,1,0.10200184014480511,0.8641383026952952,0.03385985715989994
2020-02-26,test,0.0071091879792029,1,2,1,0.11297356256571094,0.8540171111508758,0.033009326283413694
2020-02-27,test,-0.0361624755023053,2,2,1,0.049497113837525815,0.7863236409764938,0.16417924518598104
2020-02-28,test,-0.0296705601649108,2,2,1,0.04232582481354774,0.770920960584213,0.18675321460223926
2020-03-02,test,0.0020956341855391,2,2,1,0.05044763443657654,0.8209621269815884,0.12859023858183463
2020-03-03,test,0.0079871912770919,2,1,1,0.052009621078934296,0.8186845713917548,0.1293058075293106
2020-03-04,test,0.0111052505500594,1,2,1,0.050258907788142765,0.811541687258323,0.1381994049535339
2020-03-05,test,-0.0258071504042098,2,2,1,0.031795916603237676,0.7079374647740505,0.2602666186227125
2020-03-06,test,-0.0360444207809346,2,2,2,0.006745383845797331,0.3567133386811046,0.636541277473098
2020-03-09,test,-0.0829730837942952,2,2,2,0.001526109605980568,0.04266163184787555,0.9558122585461444
2020-03-10,test,-0.0325931201138926,2,2,2,0.0014696186546991502,0.03945421501902436,0.9590761663262769
2020-03-11,test,-0.0033696187476549,2,2,2,0.0015481846932644476,0.04157654456031777,0.9568752707464183
2020-03-12,test,-0.1515117593801165,2,2,2,0.002199200563815552,0.04247125691245661,0.9553295425237284
2020-03-13,test,0.0366693970214195,2,2,2,0.00223802365682569,0.0440730945674381,0.953688881775737
2020-03-16,test,-0.082076050293511,2,2,2,0.002199200563815552,0.042434549586023794,0.9553662498501612
2020-03-17,test,0.0621029460499834,2,2,2,0.002180701936935676,0.04376284961808901,0.9540564484449761
2020-03-18,test,-0.0350298001660484,2,2,2,0.0021418788439255382,0.04216101196310752,0.9556971091929675
2020-03-19,test,0.0190999135282642,2,2,2,0.0021916473541785764,0.04403534129832941,0.9537730113474928
2020-03-20,test,0.0073993065187884,2,2,2,0.0022180355873799144,0.04446180120407877,0.953320163208542
2020-03-23,test,-0.0336323345583839,2,2,2,0.0021379287408431493,0.04228851466548778,0.9555735565936695
2020-03-24,test,0.0752777926450962,2,2,2,0.0021767518338532865,0.04389035232046927,0.9539328958456782
2020-03-25,test,0.0329612629880853,2,2,2,0.0021767518338532865,0.04361597744208673,0.9542072707240606
2020-03-26,test,0.0129943000630146,2,2,2,0.0022036002138539055,0.044247634029206645,0.9535487657569401
2020-03-27,test,-0.0369745170049737,2,2,2,0.0021379287408431493,0.04210581061712857,0.9557562606420288
2020-03-30,test,-0.0175628502921135,2,2,2,0.0021424922075652577,0.04256224305667535,0.9552952647357598
2020-03-31,test,0.0186687759698497,2,2,2,0.0021876972510961874,0.04398013995235046,0.9538321627965541
2020-04-01,test,-0.0308296898045648,2,2,2,0.0021379287408431493,0.04228851466548778,0.9555735565936695
2020-04-02,test,-0.0008058395064884,2,2,2,0.0022180355873799144,0.04446180120407877,0.953320163208542
2020-04-03,test,0.0011401902903188,2,2,2,0.0022180355873799144,0.04446180120407877,0.953320163208542
2020-04-06,test,0.0391382688375898,2,2,2,0.0021767518338532865,0.04382538405063525,0.9539978641155121
2020-04-07,test,0.0227796619845333,2,2,2,0.0024763397956187017,0.05384967625368691,0.9436739839506949
2020-04-08,test,-0.0071952317781066,2,2,2,0.0025131639881188546,0.05308492593983993,0.9444019100720417
2020-04-09,test,0.0169447649942433,2,2,2,0.005642567452859208,0.12639460950052933,0.867962823046612
2020-04-14,test,0.0053599766492884,2,2,2,0.0055523437850031635,0.12955963412592336,0.8648880220890741
2020-04-15,test,-0.0385907028505371,2,2,2,0.005544401879790351,0.1351269139035705,0.8593286842166394
2020-04-16,test,-0.0111889217928081,2,2,2,0.005386942090592287,0.12998840288353156,0.8646246550258764
2020-04-17,test,0.016482264258936,2,2,2,0.005538427863994423,0.13961673462631685,0.8548448375096892
2020-04-20,test,-0.0064637032170844,2,2,2,0.0055358321406152764,0.1399632028183042,0.8545009650410811
2020-04-21,test,-0.0292006874344365,2,2,2,0.004923256172738769,0.11892054485476006,0.8761561989725011
2020-04-22,test,0.0127147817602074,2,2,2,0.0055358321406152764,0.1402426852930841,0.8542214825663013
2020-04-23,test,0.0039654887665285,2,2,2,0.005036412715939796,0.11435405929758588,0.8806095279864742
2020-04-24,test,-0.0198503716523133,2,2,2,0.003213701905782282,0.08735457782800596,0.9094317202662119
2020-04-27,test,0.0176690577841985,2,2,2,0.003629618716985016,0.09166683779257839,0.9047035434904366
2020-04-28,test,0.0154187249868749,2,2,2,0.00564801464952571,0.1343526352327539,0.8599993501177202
2020-04-29,test,0.0315745654678681,2,2,2,0.005842943853475378,0.15053872839694682,0.8436183277495782
2020-04-30,test,-0.0190877723411843,2,2,2,0.005605805768601932,0.13747561097359468,0.8569185832578032
2020-05-04,test,-0.0366335952004083,2,2,2,0.005555438623739082,0.13191706190029254,0.8625274994759682
2020-05-05,test,0.0110872740896876,2,2,2,0.005650126069468865,0.1366126599853697,0.8577372139451617
2020-05-06,test,-0.0113270057319,2,2,2,0.005328844084140432,0.12437549656248624,0.8702956593533733
2020-05-07,test,0.008834120484553,2,2,2,0.0054532071352453295,0.1276829602607041,0.8668638326040503
2020-05-08,test,0.0077253892153827,2,2,2,0.004884654004177249,0.16472576043881149,0.8303895855570115
2020-05-11,test,-0.0164845690925274,2,1,2,0.00502326618870042,0.12445370338571671,0.870523030425583
2020-05-12,test,0.0134725775785494,1,1,2,0.005055331379549868,0.15441376626397862,0.8405309023564722
2020-05-13,test,-0.0196063189098508,1,1,2,0.004167660562898363,0.10590552340941536,0.889926816027687
2020-05-14,test,-0.0130228454552651,1,1,2,0.01297167038170985,0.3056934133729356,0.6813349162453544
2020-05-15,test,-0.0108599347437522,1,2,2,0.012998366344740107,0.30682246980209205,0.6801791638531678
2020-05-18,test,0.0459406746056845,2,2,2,0.007133541746365017,0.13762093644449427,0.8552455218091412
2020-05-19,test,-0.0254263209422986,2,2,2,0.016249171312132906,0.22661753343590663,0.7571332952519606
2020-05-20,test,0.011209277117172,2,2,2,0.019649433622901582,0.25069132318892706,0.7296592431881719
2020-05-21,test,0.0003739799685283,2,2,2,0.019711389880888816,0.24944886440117836,0.7308397457179332
2020-05-22,test,0.0017035633189225,2,2,2,0.01971376647528488,0.2516505203610875,0.7286357131636279
2020-05-25,test,0.0235065096814116,2,2,2,0.017471346512507653,0.22425766116283904,0.7582709923246546
2020-05-26,test,0.0212262907048346,2,2,2,0.017537797449345967,0.22729730472570936,0.7551648978249458
2020-05-27,test,0.0240659499834511,2,2,2,0.01760434863817119,0.2323334526611383,0.7500621987006917
2020-05-28,test,0.0068895994770707,2,2,2,0.01651268890860956,0.2359650906362706,0.7475222204551205
2020-05-29,test,-0.0178209675262197,2,2,2,0.015507275700977935,0.22748512527770334,0.7570075990213192
2020-06-01,test,0.0174471216442566,2,2,2,0.03223077035731464,0.47111535693635137,0.49665387270633393
2020-06-02,test,0.025525182953784,2,2,2,0.025801338948664602,0.4248100978051855,0.5493885632461498
2020-06-03,test,0.0290418900369891,2,2,2,0.02665389818252108,0.40052589546044204,0.5728202063570365
2020-06-04,test,-0.0078456683946043,2,2,2,0.03336093786383101,0.39510064067030265,0.5715384214658663
2020-06-05,test,0.0396181577645608,2,2,2,0.02954596834324226,0.3019158900350304,0.6685381416217279
2020-06-08,test,0.0029805902968029,2,2,2,0.028192005082163327,0.30761413193049647,0.664193862987341
2020-06-09,test,-0.0183794307230473,2,2,2,0.014085936410451982,0.30240210066523543,0.6835119629243133
2020-06-10,test,-0.0114685685115559,2,2,2,0.013350683692518742,0.306262521471264,0.6803867948362182
2020-06-11,test,-0.0516648806343936,2,2,2,0.0007246446842093541,0.10206065233389051,0.8972147029819
2020-06-12,test,0.0020177754127122,2,2,2,0.000816423255823962,0.09958227192187515,0.8996013048223009
2020-06-15,test,-0.0045904960524856,2,2,2,0.0010364894570951211,0.10896526075131714,0.8899982497915877
2020-06-16,test,0.0319927528297794,2,2,2,0.0008691395050879415,0.10599928287930531,0.8931315776156067
2020-06-17,test,-0.0022171251736093,2,2,2,0.0009581622354071996,0.11017015124053386,0.8888716865240589
2020-06-18,test,-0.0119041815844276,2,2,2,0.0008266272110181415,0.10306131466516649,0.8961120581238154
2020-06-19,test,0.0032422820771559,2,1,2,0.0009211093569051807,0.10117434670168587,0.8979045439414088
2020-06-22,test,-0.0092819720984426,1,1,2,0.0012491422080382493,0.07447335679350582,0.9242775009984558
2020-06-23,test,0.0125406242248689,1,2,2,0.0015621857028845793,0.09245408901340291,0.9059837252837123
2020-06-24,test,-0.0331999281974285,2,2,2,0.0008767137238123303,0.05790350051847118,0.941219785757716
2020-06-25,test,0.0103416986760582,2,1,2,0.0008972916720401507,0.09401243875698573,0.9050902695709738
2020-06-26,test,-0.0127210259066193,1,1,2,0.0012583449248246565,0.08139068300869681,0.9173509720664781
2020-06-29,test,0.0137933491543384,1,1,2,0.0014271672923080116,0.12888669766249503,0.8696861350451964
2020-06-30,test,-0.0064372110099897,1,1,2,0.0027467079319972547,0.19179140106481143,0.8054618910031915
2020-07-01,test,-0.0005532962840731,1,2,2,0.003467161411857236,0.23287506733496477,0.7636577712531779
2020-07-02,test,0.036837004216666,2,1,2,0.0010890904752556066,0.11130026999520495,0.8876106395295393
2020-07-03,test,-0.0127634881078352,1,2,2,0.0014944437430581704,0.10559856533250124,0.8929069909244401
2020-07-06,test,0.0204155828015401,2,1,2,0.0014006500377729443,0.12511132201191943,0.8734880279503074
2020-07-07,test,-0.0145034790904271,1,1,2,0.0022628561199532996,0.14850197118684708,0.8492351726931996
2020-07-08,test,-0.0163807154864193,1,1,2,0.0027141136135421908,0.16455657407473423,0.8327293123117232
2020-07-09,test,-0.0122913251773548,1,1,1,0.03284435439825838,0.69166767513451,0.2754879704672316
2020-07-10,test,0.0115676788324117,1,1,1,0.03295128666060871,0.7369944511496132,0.23005426218977798
2020-07-13,test,0.014347927814437,1,1,1,0.028304090723477136,0.6987400262066633,0.27295588306986046
2020-07-14,test,-0.0101361460074383,1,1,1,0.03756904967216401,0.7698729724647382,0.19255797786309797
2020-07-15,test,0.0182759469340477,1,1,1,0.03824769557294647,0.7862336132938123,0.17551869113324153
2020-07-16,test,-0.0017243211655186,1,1,1,0.03900596847662957,0.8370347233547892,0.12395930816858138
2020-07-17,test,-0.0045994131063909,1,1,1,0.05102923716425431,0.8797600013643632,0.06921076147138287
2020-07-20,test,0.0050407788393976,1,1,1,0.046197707014260445,0.887811358971096,0.06599093401464418
2020-07-21,test,0.0022040416335913,1,1,1,0.04660766481090243,0.8897594438639179,0.06363289132518016
2020-07-22,test,-0.0140281383057583,1,1,1,0.09778157504487812,0.842118346968075,0.06010007798704753
2020-07-23,test,-0.0007039181762741,1,1,1,0.07862237534187025,0.8595602512783285,0.06181737337980204
2020-07-24,test,-0.0122892778603472,1,1,1,0.07600538616852952,0.8629941615778031,0.061000452253667986
2020-07-27,test,-0.0171587371084016,1,1,1,0.060864327062720915,0.8760792580663415,0.06305641487093795
2020-07-28,test,0.0105154336055609,1,1,1,0.06124833709992385,0.875963362668201,0.06278830023187565
2020-07-29,test,-0.0055629866502441,1,1,1,0.08342974394726924,0.8541692094906563,0.06240104656207482
2020-07-30,test,-0.0295174629631714,1,1,1,0.044724516907285246,0.8265402496187912,0.1287352334739236
2020-07-31,test,-0.0171836713857945,1,1,1,0.04856759410401156,0.8561207034557978,0.09531170244019095
2020-08-03,test,0.0140916683633466,1,1,1,0.050442424113152584,0.8542773335943527,0.09528024229249513
2020-08-04,test,0.0066587984963182,1,1,1,0.05241555581353162,0.8719078575645492,0.07567658662191953
2020-08-05,test,0.0025744571662878,1,1,1,0.054738530046366994,0.8799389431677025,0.06532252678593058
2020-08-06,test,-0.0116878927248292,1,1,1,0.05263872435250157,0.8837419667380562,0.06361930890944256
2020-08-07,test,-0.0010640912101958,1,1,1,0.057539972106277676,0.877395443895136,0.06506458399858629
2020-08-10,test,0.0147670420802308,1,1,1,0.055376178615062534,0.8801790475409945,0.06444477384394319
2020-08-11,test,0.0292811648155601,1,1,1,0.04620965055150843,0.8825602009575951,0.07123014849089702
2020-08-12,test,0.004464446441229,1,1,1,0.047045616927271876,0.8885337789469921,0.06442060412573675
2020-08-13,test,-0.0062558207662173,1,1,1,0.05353493722807472,0.8835768662459247,0.06288819652600121
2020-08-14,test,-0.0133568847661806,1,1,1,0.05275341060468285,0.8836768195510467,0.06356976984427073
2020-08-17,test,-0.0090140886490996,1,1,1,0.05289216651303052,0.8820649751214851,0.06504285836548486
2020-08-18,test,-0.0065942528723081,1,1,1,0.05126877893045774,0.8712934402555104,0.07743778081403221
2020-08-19,test,0.0071864114666629,1,1,1,0.05471879239142354,0.8818850868147269,0.0633961207938497
2020-08-20,test,-0.0143390972689558,1,1,1,0.0515021273376838,0.8784215438510595,0.07007632881125701
2020-08-21,test,-0.0016027748053115,1,1,1,0.054900902113453456,0.8807424261220982,0.0643566717644485
2020-08-24,test,0.0180259221506306,1,1,1,0.056452556703795315,0.8805087691915993,0.06303867410460566
2020-08-25,test,-9.849767020453108e-05,1,1,1,0.05787402542776182,0.8786769507478417,0.06344902382439675
2020-08-26,test,0.0020518154051704,1,1,1,0.05733470985436668,0.8779711906295956,0.06469409951603809
2020-08-27,test,-0.0045448911743558,1,1,1,0.11775011506826916,0.82488457620021,0.0573653087315211
2020-08-28,test,0.00594780947404,1,1,1,0.19372783063384538,0.7470587278963445,0.05921344146981032
2020-08-31,test,-0.023188417108097,1,1,1,0.054455328741663964,0.869131768051898,0.076412903206438
2020-09-01,test,-0.0018095273987163,1,1,1,0.06855362855726317,0.8708989390791053,0.060547432363631824
2020-09-02,test,0.0057332210761089,1,1,1,0.08599688155443103,0.8537439829314479,0.06025913551412119
2020-09-03,test,0.0012997449100983,1,1,1,0.09745750330527705,0.8576646869604994,0.044877809734223485
2020-09-04,test,-0.0023292599626337,1,1,1,0.10329992361214185,0.8528028963056512,0.04389718008220688
2020-09-07,test,0.0129351356459261,1,1,1,0.10431135799793448,0.8516937421163059,0.0439948998857597
2020-09-08,test,-0.0179119750831811,1,1,1,0.10477715865191525,0.8508583436184192,0.04436449772966519
2020-09-09,test,0.0094305756635799,1,1,1,0.10888858402396945,0.8478974641429493,0.04321395183308105
2020-09-10,test,-0.003095516324094,1,1,1,0.11707444526565035,0.8402845261045288,0.04264102862982053
2020-09-11,test,-0.0080330932369536,1,1,1,0.13385866437053584,0.8259237530563679,0.040217582573095594
2020-09-14,test,0.0011371430051824,1,1,1,0.16042643976047874,0.8040559888425995,0.03551757139692156
2020-09-15,test,0.0121398923921907,1,1,1,0.14576058026029123,0.8174675722501187,0.036771847489589594
2020-09-16,test,0.0105749007240592,1,1,1,0.14468909263196125,0.8217051425285534,0.03360576483948499
2020-09-17,test,-0.0034654693236646,1,1,1,0.20312660635762556,0.766690806895189,0.03018258674718562
2020-09-18,test,-0.0223183337036489,1,1,1,0.09872146556119966,0.8583786083171496,0.042899926121650535
2020-09-21,test,-0.0348733419896188,1,1,1,0.04062626742199921,0.8160528938589179,0.14332083871908324
2020-09-22,test,-0.0065512617059983,1,1,1,0.05033310147490587,0.8800153005732656,0.06965159795182874
2020-09-23,test,0.0008419427284075,1,1,1,0.05084830135992499,0.879882150759821,0.06926954788025413
2020-09-24,test,-0.0016243976754149,1,1,1,0.048379233023278734,0.88281503632214,0.06880573065458102
2020-09-25,test,-0.0022755343332569,1,1,1,0.0546025192255095,0.881612836632689,0.0637846441418015
2020-09-28,test,0.0243234986842326,1,1,1,0.05322890004213217,0.8840532100195546,0.06271788993831334
2020-09-29,test,-0.0115364959545887,1,1,1,0.04958123147834371,0.8953939632491122,0.05502480527254414
2020-09-30,test,0.0004467543307275,1,1,1,0.050995582331449976,0.8942087994910568,0.054795618177492976
2020-10-01,test,0.002097090496456,1,1,1,0.058397283612726406,0.8907188881721797,0.05088382821509392
2020-10-02,test,0.0035297702745957,1,1,1,0.06713208371265829,0.8804811523536378,0.052386763933703825
2020-10-05,test,0.0122717032418512,1,1,1,0.06856473340537546,0.8794042653795375,0.05203100121508698
2020-10-06,test,0.0142734496149345,1,1,1,0.06793137068284161,0.882084083416686,0.04998454590047256
2020-10-07,test,-0.0037699786970993,1,1,1,0.07147526045266216,0.879276379951945,0.04924835959539264
2020-10-08,test,0.0118968967663411,1,1,1,0.07446929102216984,0.875812037724376,0.0497186712534544
2020-10-09,test,-0.0060098868074232,1,1,1,0.0770552447111459,0.8731572024185219,0.04978755287033231
2020-10-12,test,1.440057214551064e-05,1,1,1,0.0881710559857981,0.8627293153258321,0.04909962868836999
2020-10-13,test,-0.0109647716714911,1,0,1,0.08151294594395364,0.8705152648337544,0.04797178922229204
2020-10-14,test,0.0060035710801837,0,1,1,0.1066761414553981,0.8500151211755256,0.043308737369076394
2020-10-15,test,-0.0145342086470728,1,1,1,0.07843633399727151,0.8735724190861534,0.04799124691657531
2020-10-16,test,0.0048147593286932,1,0,1,0.11833576914391276,0.841584021428885,0.04008020942720247
2020-10-19,test,0.0015317400934771,0,0,0,0.5173980978404931,0.457331042648427,0.02527085951107984
2020-10-20,test,0.0097334743976078,0,1,0,0.5319010949263236,0.4447137016435705,0.023385203430105913
2020-10-21,test,-0.0168577384757683,1,1,1,0.2020080674461928,0.7631059542843238,0.034885978269483205
2020-10-22,test,-0.0021898587152023,1,1,1,0.24597437016668386,0.7179809667399507,0.036044663093365154
2020-10-23,test,0.0141419164298304,1,1,1,0.285404477350255,0.6777686766780302,0.036826845971714726
2020-10-26,test,-0.0140978064232025,1,1,1,0.21716129368199819,0.7414338588660099,0.041404847451992154
2020-10-27,test,-0.0216543165958278,1,1,1,0.10092547902837173,0.8570147930123826,0.04205972795924538
2020-10-28,test,-0.0269563708036652,1,1,1,0.06310374803199974,0.8883659948487523,0.04853025711924779
2020-10-29,test,-0.0097159118323929,1,1,1,0.06302064400044192,0.8892429576998625,0.04773639829969538
2020-10-30,test,0.006281175909806,1,1,1,0.06554917151116534,0.8866973151997699,0.04775351328906471
2020-11-02,test,0.0204642738529696,1,1,1,0.0614463119968548,0.8877982188520543,0.05075546915109097
2020-11-03,test,0.0248940662505058,1,1,1,0.06240937468391603,0.8838547295016781,0.053735895814406076
2020-11-04,test,0.0044777559853933,1,1,1,0.06316036387751386,0.8880284675638432,0.04881116855864295
2020-11-05,test,0.0207652658593849,1,1,1,0.0652965245235054,0.8845527732659755,0.050150702210519475
2020-11-06,test,-0.0078002356533091,1,2,1,0.0647179118320533,0.8856634611126797,0.04961862705526754
2020-11-09,test,0.0822526544466921,2,2,2,0.024433302613855082,0.34395793375203726,0.631608763634108
2020-11-10,test,0.0332247718528856,2,2,2,0.02305471986473811,0.3665135188164694,0.6104317613187927
2020-11-11,test,0.0106159993011362,2,2,2,0.02553486114148674,0.375195008454925,0.5992701304035885
2020-11-12,test,-0.0087244758448933,2,2,2,0.02493077070701607,0.3757835093374451,0.599285719955539
2020-11-13,test,0.0074405643933125,2,2,2,0.025744821047084098,0.3727954809203862,0.6014596980325297
2020-11-16,test,0.0256832479729818,2,2,2,0.024165430479759626,0.36675258899233965,0.609081980527901
2020-11-17,test,-0.0065199679007472,2,2,2,0.025127048214834205,0.3787979651317667,0.596074986653399
2020-11-18,test,0.0059312550127596,2,1,2,0.02606023125537711,0.37677434641454144,0.5971654223300814
2020-11-19,test,-0.0064480830837678,1,1,2,0.024728437179721938,0.3862751478462445,0.5889964149740335
2020-11-20,test,0.0059969260553903,1,1,2,0.025527869187027936,0.40232170655978167,0.57215042425319
2020-11-23,test,0.0004135938737899,1,1,2,0.028007946615639174,0.4584676377739041,0.5135244156104566
2020-11-24,test,0.0200944465729192,1,1,2,0.02660031967960114,0.4527474871455697,0.520652193174829
2020-11-25,test,0.0026367603359816,1,1,1,0.05877498674421939,0.47696077381558816,0.46426423944019246
2020-11-26,test,-0.0073881937091455,1,1,1,0.05871256255980667,0.4979664837484856,0.44332095369170776
2020-11-27,test,0.0105675743761656,1,1,1,0.05922139525209385,0.5091200436582692,0.4316585610896368
2020-11-30,test,-0.0139912646854908,1,1,1,0.06201897692485259,0.5264183047863782,0.4115627182887691
2020-12-01,test,0.00788030783351,1,1,1,0.09265321611324374,0.6282506153887,0.2790961684980562
2020-12-02,test,0.009779072883345,1,1,1,0.10841116057127827,0.6836662827004781,0.20792255672824309
2020-12-03,test,-0.0024479638781215,1,1,1,0.11205600642215198,0.6957660856400989,0.1921779079377488
2020-12-04,test,0.0147912584300914,1,1,1,0.10991552559079769,0.6941558772005827,0.1959285972086193
2020-12-07,test,-0.0056994197416299,1,1,1,0.17454810683347688,0.763691339291798,0.061760553874724844
2020-12-08,test,-0.0058170703409576,1,0,1,0.21285158264584686,0.7325019565219615,0.054646460832191136
2020-12-09,test,0.0009354604775692,0,0,1,0.2200424720219529,0.7253555854312652,0.054601942546781315
2020-12-10,test,-0.0064565083052676,0,1,1,0.2324396744953133,0.7144683409569211,0.053091984547765404
2020-12-11,test,-0.0146751507476617,1,1,1,0.19872738133601814,0.7451470210825654,0.05612559758141633
2020-12-14,test,0.0095903212226327,1,0,1,0.4186327897554728,0.5430147496379806,0.0383524606065463
2020-12-15,test,0.0014239191595033,0,0,0,0.49176675843228557,0.47511952242455935,0.03311371914315476
2020-12-16,test,-0.0015835973848253,0,0,0,0.4869688270246526,0.4793732056258495,0.03365796734949757
2020-12-17,test,0.0017062531285769,0,0,0,0.5024136585023415,0.4663438801112916,0.031242461386366518
2020-12-18,test,-0.0143293705385206,0,1,1,0.322742268994672,0.6359444312521435,0.041313299753183486
2020-12-21,test,-0.03129047511721,1,1,1,0.06200393941621569,0.8199781423880488,0.11801791819573584
2020-12-22,test,0.0183673938173995,1,1,1,0.07347639052859879,0.8771837660763949,0.04933984339500625
2020-12-23,test,0.0174169372036785,1,1,1,0.060826105249374464,0.8869217401440529,0.052252154606572745
2020-12-24,test,0.0046833163079646,1,1,1,0.06656722307617746,0.8836867483277987,0.04974602859602425
2020-12-28,test,0.0054220119664999,1,1,1,0.07165545753841654,0.8799049471490024,0.04843959531258108
2020-12-29,test,0.0023514079254054,1,1,1,0.0770398709207887,0.8753121331322912,0.04764799594692024
2020-12-30,test,-0.0024985808640523,1,1,1,0.07411249837020188,0.8781945522005437,0.047692949429254373
2020-12-31,test,-0.0099457572687184,1,1,1,0.07215807064299062,0.878322038417446,0.04951989093956343
2021-01-04,test,0.0031534258562526,1,0,1,0.07450398364156029,0.8773183353775815,0.04817768098085805
2021-01-05,test,-0.0009511875089005,0,1,1,0.10648499405202021,0.8498533189232658,0.04366168702471355
2021-01-06,test,0.0314833149963947,1,1,1,0.05757981624985569,0.8799738739728143,0.06244630977733003
2021-01-07,test,0.0042423329295163,1,1,1,0.06450118498036175,0.8847720983572519,0.050726716662386435
2021-01-08,test,0.0026081999630999,1,1,1,0.06560807813849953,0.8839048117583923,0.05048711010310845
2021-01-11,test,-0.0059886365516977,1,1,1,0.0666069038484813,0.8824139305466334,0.05097916560488552
2021-01-12,test,-0.0013888921978028,1,1,1,0.07657579822628954,0.8759213402847396,0.04750286148897075
2021-01-13,test,0.0018195035545821,1,0,1,0.09291629142601276,0.8606468337228684,0.046436874851118574
2021-01-14,test,0.0013506777384324,0,1,1,0.1055431286740335,0.8497293479385858,0.04472752338738057
2021-01-15,test,-0.0170695389275313,1,1,1,0.07971414945601335,0.8718774981782796,0.048408352365707
2021-01-18,test,0.0028874167059891,1,1,1,0.09457014429573031,0.8586486081275898,0.046781247576679806
2021-01-19,test,-0.0067463105717455,1,0,1,0.10231934198033656,0.8514529472505046,0.046227710769158874
2021-01-20,test,0.0006217860844281,0,1,1,0.2530813891411293,0.7080887196570438,0.03882989120182628
2021-01-21,test,-0.0100452282482707,1,1,1,0.27606848145511226,0.6838763602483244,0.040055158296562976
2021-01-22,test,-0.0106075438800713,1,1,1,0.3638159290442296,0.6076626916313912,0.028521379324378846
2021-01-25,test,-0.0174603053980165,1,1,1,0.16636391294851205,0.8041482997077882,0.02948778734369938
2021-01-26,test,0.0085234719224527,1,1,1,0.16365434273102983,0.8060136960819193,0.03033196118705051
2021-01-27,test,-0.0141869295205548,1,1,1,0.14958648158619428,0.8184533076500047,0.03196021076380062
2021-01-28,test,0.0101107979012053,1,1,1,0.1685336152078135,0.7969497451848385,0.03451663960734743
2021-01-29,test,-0.0223081271348153,1,1,1,0.09745644344996147,0.8585777945324972,0.043965762017541224
2021-02-01,test,0.0052328455389059,1,1,1,0.11008647765926173,0.8525112882832035,0.03740223405753451
2021-02-02,test,0.0193921546442005,1,1,1,0.0858270650258087,0.8675399341816308,0.04663300079256056
2021-02-03,test,0.0077551211449654,1,1,1,0.10754664055845911,0.8637326540845648,0.028720705356975358
2021-02-04,test,0.0136100733201,1,1,1,0.11325775054450656,0.8581448758854177,0.028597373570075676
2021-02-05,test,0.0112749440462135,1,1,1,0.10320923574345629,0.8669560130190511,0.029834751237492546
2021-02-08,test,0.0005232911315792,1,1,1,0.1092818045696218,0.8618213604527305,0.028896834977647605
2021-02-09,test,-0.0144610363180087,1,1,1,0.1844597821399582,0.7772826077267668,0.03825761013327508
2021-02-10,test,-0.0044042155849432,1,1,1,0.15431954215081586,0.8111769512168712,0.03450350663231285
2021-02-11,test,-0.003452751947517,1,1,1,0.11173193304826311,0.8570298484508911,0.031238218500845575
2021-02-12,test,0.0021624733130437,1,1,1,0.1436965475657453,0.8297463841766283,0.02655706825762627
2021-02-15,test,0.0182678758438622,1,1,1,0.11546440440465978,0.8528092645665147,0.03172633102882536
2021-02-16,test,-0.0060890565573689,1,1,1,0.11515556473641923,0.8550636883148484,0.02978074694873238
2021-02-17,test,-0.0038092006512739,1,1,1,0.13570091071373086,0.8372001193901576,0.027098969896111956
2021-02-18,test,-0.0079848264256864,1,1,1,0.13662410944079423,0.8379871823552107,0.025388708203995518
2021-02-19,test,0.0115364301446587,1,1,1,0.1642657264216244,0.8105415924813579,0.025192681097017677
2021-02-22,test,-0.0048451135294895,1,1,1,0.22300431991559616,0.7570005081850177,0.019995171899385943
2021-02-23,test,0.0170985406198608,1,1,1,0.18337230015564007,0.7922057243323183,0.024421975512041248
2021-02-24,test,0.0021184269623731,1,1,1,0.23364235083667834,0.7466695940995318,0.019688055063789497
2021-02-25,test,0.005811680273105,1,1,1,0.2721578846683435,0.7104999749989188,0.017342140332737562
2021-02-26,test,-0.0112194766575434,1,1,1,0.3666530607890477,0.6119883073930423,0.021358631817909653
2021-03-01,test,0.0184428152005568,1,1,1,0.30540190551972485,0.666669683875511,0.027928410604763407
2021-03-02,test,-0.0026652267156799,1,1,1,0.35167940701914246,0.6249936560117255,0.023326936969131247
2021-03-03,test,-0.003176489550878,1,1,1,0.38185654543666414,0.5969337269765416,0.021209727586793563
2021-03-04,test,0.002961070489549,1,0,0,0.547182463595057,0.43921304399427685,0.013604492410666346
2021-03-05,test,-0.0080766022544971,0,1,0,0.5207074416241291,0.4655816433245487,0.013710915051321288
2021-03-08,test,0.0188159744720022,1,1,1,0.3155167145769069,0.658112338288322,0.026370947134770596
2021-03-09,test,0.0061627520534573,1,1,1,0.46374611566574775,0.5180751011324733,0.018178783201778372
2021-03-10,test,0.0033839158690198,1,0,0,0.5599607476130511,0.42650175018959546,0.013537502197353248
2021-03-11,test,0.00792141211612,0,0,0,0.5910039394050052,0.39693628735428527,0.012059773240708926
2021-03-12,test,0.0059753622316077,0,0,0,0.6656428892323142,0.3260354073585208,0.008321703409164934
2021-03-15,test,-0.0010532016979761,0,0,0,0.8331304052628387,0.1637048501642664,0.0031647445728946845
2021-03-16,test,0.0025790420794928,0,0,0,0.8521017753317448,0.1452502160347621,0.0026480086334923765
2021-03-17,test,-0.0067450589098001,0,0,0,0.8796946024130794,0.12014990520802912,0.0001554923788912815
2021-03-18,test,0.0029144777040249,0,0,0,0.9044813056238102,0.09541594384708305,0.0001027505291059757
2021-03-19,test,-0.0153762449405627,0,1,0,0.7939410650885523,0.2057464415296428,0.00031249338180568413
2021-03-22,test,-0.0177595021930517,1,1,1,0.38132370111015823,0.6139248382887971,0.004751460601043604
2021-03-23,test,0.0055934608100608,1,0,0,0.5772439536606088,0.41969536227403054,0.003060684065361213
2021-03-24,test,0.0063443708855085,0,0,0,0.6311724281289353,0.3670446631448235,0.0017829087262420979
2021-03-25,test,-0.0040586051150395,0,0,0,0.7377909860125118,0.26083181141512796,0.0013772025723608277
2021-03-26,test,0.0104923801625344,0,0,0,0.7490486475654864,0.2497919631643861,0.0011593892701283444
2021-03-29,test,-0.0007181257858666,0,0,0,0.8451729913660015,0.1543809281599816,0.0004460804740168988
2021-03-30,test,0.0120676570681467,0,0,0,0.7839443921956373,0.21518806463186688,0.0008675431724959277
2021-03-31,test,-0.0017700171302941,0,0,0,0.8057496854881276,0.1935891778175836,0.000661136694288364
2021-04-01,test,-0.0002798049488634,0,0,0,0.8173740104214622,0.18180064736373244,0.0008253422148049403
2021-04-06,test,0.0066232336315358,0,0,0,0.8532215181197894,0.14623375706577896,0.0005447248144308657
2021-04-07,test,-0.0043174647788214,0,0,0,0.8749545931683157,0.12434846469164793,0.0006969421400356456
2021-04-08,test,0.0046880207476131,0,0,0,0.8875060059886491,0.11224302434067446,0.00025096967067602093
2021-04-09,test,-0.0083703901526353,0,0,0,0.8871017771830415,0.11255760095274284,0.0003406218642153009
2021-04-12,test,-0.0038834321544337,0,0,0,0.9108220095416708,0.08900484735278451,0.00017314310554455032
2021-04-13,test,-0.0008793683587832,0,0,0,0.9162815945200211,0.08362189508562934,9.651039434937139e-05
2021-04-14,test,0.0073977935477919,0,0,0,0.917103701526298,0.08276758951872563,0.00012870895497643054
2021-04-15,test,-0.0019581336384908,0,0,0,0.9284313509438444,0.07153070008246937,3.794897368614538e-05
2021-04-16,test,0.0048763725095029,0,0,0,0.9172413879332857,0.08250764239603812,0.00025096967067602093
2021-04-19,test,0.0113018176719406,0,1,0,0.9128000251179301,0.08694900521139355,0.00025096967067602093
2021-04-20,test,-0.0293542622825525,1,1,1,0.286089512460886,0.695640399946499,0.018270087592615468
2021-04-21,test,0.0071145481690819,1,1,0,0.5470582263277103,0.4427532751269766,0.010188498545312782
2021-04-22,test,0.0159522732508012,1,1,1,0.4384610686662842,0.5527205173669479,0.008818413966768081
2021-04-23,test,-0.0044225035449018,1,1,1,0.4021612867495579,0.5890104128187312,0.008828300431710625
2021-04-26,test,0.0096188243422997,1,1,1,0.4443412830420805,0.5490787984864577,0.006579918471461471
2021-04-27,test,0.0062777064390118,1,1,0,0.5276201512218516,0.46694509580059185,0.005434752977556724
2021-04-28,test,0.0048870775644255,1,0,0,0.5770978968576836,0.4184053630188977,0.004496740123419407
2021-04-29,test,0.0026784166316492,0,0,0,0.6482712414122246,0.3476424932294548,0.0040862653583205585
2021-04-30,test,-0.0009298222962093,0,0,0,0.6912013994113387,0.3059307017533452,0.0028678988353166342
2021-05-03,test,0.008888367025649,0,0,0,0.678941584302921,0.3185925653049147,0.0024658503921650954
2021-05-04,test,-0.0071428249359958,0,0,0,0.6710656709776179,0.3257433569410591,0.0031909720813234985
2021-05-05,test,0.0154400042858756,0,0,0,0.6188368254399125,0.37907795821671564,0.002085216343372863
2021-05-06,test,0.0016045006924112,0,0,0,0.6653919097152234,0.33282432010372986,0.0017837701810478317
2021-05-07,test,0.0085359745772442,0,0,0,0.6734940703509962,0.32486220336575866,0.0016437262832460335
2021-05-10,test,0.0093498754993236,0,1,0,0.669431656348398,0.3288657109962125,0.0017026326553902873
2021-05-11,test,-0.0173293484660136,1,0,1,0.46571318392658434,0.5301126525207465,0.004174163552669267
2021-05-12,test,0.0022784242672449,0,0,0,0.6004745667614382,0.39712996292288805,0.0023954703156744217
2021-05-13,test,-0.0046178150367257,0,1,0,0.6218164890829921,0.37594745180445005,0.002236059112558323
2021-05-14,test,0.0198108728427124,1,1,1,0.4095839442476278,0.5817546194960129,0.008661436256359014
2021-05-17,test,0.0010928246696507,1,0,1,0.48396766248459705,0.510762113902421,0.0052702236129820584
2021-05-18,test,0.0030863222786498,0,1,0,0.7999991287819006,0.1983689028274905,0.0016319683906085073
2021-05-19,test,-0.0124025333603358,1,0,0,0.6280621266162231,0.3677064281756887,0.004231445208088953
2021-05-20,test,0.0058917026019704,0,0,0,0.7939466932785858,0.2031547974574764,0.00289850926393786
2021-05-21,test,0.0086970093816244,0,0,0,0.7719065781435249,0.22551482110916524,0.002578600747309496
2021-05-24,test,0.0001629593420049,0,0,0,0.8143299593407927,0.18466870841876298,0.001001332240444011
2021-05-25,test,0.0003475790760148,0,0,0,0.8234400251264321,0.1756725429664489,0.000887431907118746
2021-05-26,test,-0.0012821973669382,0,0,0,0.849670572205659,0.14972025598903357,0.0006091718053069056
2021-05-27,test,-0.001175083772271,0,0,0,0.867383362131738,0.1321470315865385,0.0004696062817230882
2021-05-28,test,0.0041823567549555,0,0,0,0.872963575439006,0.12638118821596583,0.0006552363450277351
2021-05-31,test,-0.008240090029134,0,0,0,0.8738912614840793,0.12449254464020716,0.0016161938757142888
2021-06-01,test,0.0044496167319708,0,0,0,0.8730837613781939,0.126261002276778,0.0006552363450277351
2021-06-02,test,-0.0009798371868534,0,0,0,0.8782916806636394,0.12101707808467956,0.0006912412516807151
2021-06-03,test,-0.0041804999418068,0,0,0,0.8956429496530075,0.10340599942583302,0.0009510509211593211
2021-06-04,test,-0.0059351252742655,0,0,0,0.9289895663353668,0.07044218770635748,0.0005682459582760322
2021-06-07,test,0.0082512214423616,0,0,0,0.9298291699414554,0.07004855656962844,0.00012227348891640758
2021-06-08,test,-0.0010918700914981,0,0,0,0.9483615978374874,0.05152471330016381,0.00011368886234893793
2021-06-09,test,0.000273079310115,0,0,0,0.9480699150561335,0.05181639608151769,0.00011368886234893793
2021-06-10,test,-0.0024384842401361,0,0,0,0.9484386349635687,0.05144767617408239,0.00011368886234893793
2021-06-11,test,0.0077650177574028,0,0,0,0.9450457055658221,0.054865473945635276,8.882048854248947e-05
2021-06-14,test,0.0082332174829468,0,0,0,0.9483741703005735,0.0515121408370776,0.00011368886234893793
2021-06-15,test,-0.0054451257165912,0,0,0,0.9458472710780502,0.05406390843340714,8.882048854248947e-05
2021-06-16,test,-0.0030922993242007,0,0,0,0.9552244913633533,0.044723646722698567,5.1861913947972835e-05
2021-06-17,test,-0.0006848321003887,0,0,0,0.9554769486248383,0.04447118946121351,5.1861913947972835e-05
2021-06-18,test,-0.0181390078782816,0,0,0,0.8495824040745522,0.15009909580563913,0.0003185001198088463
2021-06-21,test,0.0023338398038948,0,0,0,0.9326676213198071,0.06724355819165051,8.882048854248947e-05
2021-06-22,test,0.0001767036044364,0,0,0,0.9330173521693244,0.06689382734213327,8.882048854248947e-05
2021-06-23,test,-0.0110178262327282,0,0,0,0.9042799377621235,0.0952792886291516,0.0004407736087252539
2021-06-24,test,0.0133126743066972,0,0,0,0.9285293274130958,0.07133448615772588,0.00013618642917823502
2021-06-25,test,0.0023006533392593,0,1,0,0.9316503736479986,0.0682134399228232,0.00013618642917823502
2021-06-28,test,-0.0201353710254029,1,0,0,0.6139599270201664,0.38146197948719696,0.004578093492636358
2021-06-29,test,0.0001569835413155,0,1,0,0.7704847549623821,0.22674551678584798,0.0027697282517694074
2021-06-30,test,-0.0105884871588313,1,1,0,0.657141504358114,0.3363523888604408,0.006506106781444656
2021-07-01,test,0.012515961323394,1,0,0,0.6898170730910721,0.30505975584192907,0.005123171066998826
2021-07-02,test,-0.0027690975741992,0,0,0,0.7430403826605283,0.25288499991944285,0.004074617420028613
2021-07-05,test,0.004346459318293,0,0,0,0.7752105227271788,0.22191202363607251,0.0028774536367479745
2021-07-06,test,-0.0096142284424592,0,0,0,0.6774121812689153,0.3149230197377262,0.007664798993357991
2021-07-07,test,-0.0007112275854787,0,1,0,0.7360248120824596,0.25876599999039973,0.005209187927140139
2021-07-08,test,-0.0233549679545499,1,1,1,0.30677766619984936,0.6824694566239742,0.010752877176176451
2021-07-09,test,0.0145182079933223,1,1,1,0.2498456293445869,0.7362034539998079,0.013950916655605708
2021-07-12,test,0.0045586280944614,1,1,1,0.33939445516486616,0.6502656658686445,0.010339878966489401
2021-07-13,test,-0.0139225491465167,1,1,1,0.2076522298462368,0.7825322346783885,0.009815535475375198
2021-07-14,test,-0.0042067474571287,1,1,1,0.32280915197407517,0.6706409531346317,0.00654989489129317
2021-07-15,test,-0.0152807761363928,1,1,1,0.18099725039671444,0.8076494642051489,0.011353285398137198
2021-07-16,test,-0.0024422674292159,1,1,1,0.2845110778535778,0.7078204779719856,0.007668444174436791
2021-07-19,test,-0.0243349956968327,1,1,1,0.11480117095078815,0.8632368145122705,0.02196201453694085
2021-07-20,test,0.00675882739186,1,1,1,0.13394746502248583,0.8450396836727881,0.021012851304725775
2021-07-21,test,0.0246984489561832,1,1,1,0.10997884820681222,0.8656629793812308,0.024358172411956903
2021-07-22,test,0.0063762439465251,1,1,1,0.11408654359408803,0.8636227469972002,0.022290709408711504
2021-07-23,test,0.0110042509165035,1,1,1,0.11621489442492958,0.8616117073046332,0.022173398270437034
2021-07-26,test,0.0066314755273788,1,1,1,0.1474200210026677,0.8317005997788955,0.020879379218436838
2021-07-27,test,-0.0086984935110185,1,1,1,0.14235023801601704,0.8372513633131214,0.020398398670861566
2021-07-28,test,0.0039580384522231,1,1,1,0.166079485504816,0.8145017459384641,0.019418768556720006
2021-07-29,test,0.0060045396589734,1,1,1,0.1701712674832557,0.8118017636669583,0.0180269688497862
2021-07-30,test,-0.0126676312397216,1,1,1,0.14020186314853242,0.8410792306537987,0.018718906197668965
2021-08-02,test,0.0095214776756607,1,1,1,0.16724175901839103,0.8142505549047151,0.018507686076894275
2021-08-03,test,0.0016084889957982,1,0,1,0.20001309671196565,0.7837423359694294,0.016244567318605442
2021-08-04,test,0.0022886186701959,0,0,1,0.23746928470195944,0.7481395768092113,0.014391138488830196
2021-08-05,test,0.0049462485732884,0,0,1,0.36354534900555774,0.6270699309027801,0.00938472009166247
2021-08-06,test,0.0047980674024751,0,0,1,0.4237343560329437,0.5701397434555975,0.006125900511458669
2021-08-09,test,-0.0014764367752142,0,0,0,0.5230536815989277,0.4727892168716102,0.004157101529462664
2021-08-10,test,0.0037264095997495,0,0,0,0.6100654906786346,0.3868104887065501,0.003124020614816091
2021-08-11,test,0.0085931342575481,0,0,0,0.6203533341547112,0.37689841262789675,0.0027482532173928667
2021-08-12,test,0.0004010633071863,0,0,0,0.6558096391408742,0.3416209915176096,0.0025693693415167165
2021-08-13,test,0.0022692247257487,0,0,0,0.6947573562298228,0.3023971831023638,0.0028454606678136405
2021-08-16,test,-0.0081667936177378,0,0,0,0.9105115899830301,0.08865917219386134,0.0008292378231085634
2021-08-17,test,-0.0068456188975816,0,0,0,0.9200887853247329,0.07944191035719508,0.00046930431807167336
2021-08-18,test,0.0117180734897704,0,0,0,0.9218295997866961,0.07776186898821202,0.0004085312250916093
2021-08-19,test,-0.0076095349971922,0,0,0,0.9226620366074806,0.07679895695559538,0.0005390064369234877
2021-08-20,test,0.0014704208486334,0,0,0,0.9331857594107217,0.06652280077017608,0.0002914398191022153
2021-08-23,test,0.005904912917676,0,0,0,0.9374574050811483,0.06209710511916571,0.000445489799686126
2021-08-24,test,-0.0021767410906993,0,0,0,0.9384508812798734,0.06129463747561878,0.0002544812445076986
2021-08-25,test,0.0032132997915181,0,0,0,0.9398056368243913,0.05978583195051719,0.0004085312250916093
2021-08-26,test,-0.0094796141957115,0,0,0,0.9254950796047154,0.07390889339663527,0.0005960269986492341
2021-08-27,test,0.0033118374301073,0,0,0,0.9422898045334327,0.05745571422205952,0.0002544812445076986
2021-08-30,test,-0.0061045156039575,0,0,0,0.9384234273121729,0.06128513286872475,0.0002914398191022153
2021-08-31,test,-0.0024048989828849,0,0,0,0.9393269564780587,0.06038160370283903,0.0002914398191022153
2021-09-01,test,0.0162465263659659,0,0,0,0.9358021814973869,0.06375232870292702,0.000445489799686126
2021-09-02,test,-0.0011238709633448,0,0,0,0.9399692462127033,0.05958526398761033,0.000445489799686126
2021-09-03,test,-0.0131576856548417,0,0,0,0.9066574268555525,0.09280002836569266,0.0005425447787545776
2021-09-06,test,0.0020623804821612,0,0,0,0.9342616694219884,0.06545323502107103,0.00028509555694055267
2021-09-07,test,0.0013725976960981,0,0,0,0.9345963425106845,0.06511856193237497,0.00028509555694055267
2021-09-08,test,-0.0062932790739502,0,0,0,0.9251554307768889,0.07436460066729389,0.00047996855581706175
2021-09-09,test,-0.0043199725173483,0,0,0,0.9268604304764622,0.07285447396659721,0.00028509555694055267
2021-09-10,test,-0.0120372292549964,0,0,0,0.8805377018775048,0.11771054580787105,0.0017517523146233123
2021-09-13,test,0.0137969237138972,0,0,0,0.9278683883393795,0.07193658222828382,0.00019502943233634404
2021-09-14,test,-0.0041031434037643,0,0,0,0.9294093404494586,0.07039563011820468,0.00019502943233634404
2021-09-15,test,-0.0166063287823077,0,0,0,0.7919144381742359,0.20623739496728488,0.0018481668584788623
2021-09-16,test,0.0113190494488018,0,0,0,0.8751484414426434,0.12417727734713,0.0006742812102260433
2021-09-17,test,0.003109555670757,0,0,0,0.8932862700450926,0.10637681046590544,0.0003369194890014454
2021-09-20,test,-0.0121152352331677,0,0,0,0.8082339154232602,0.19064712807662748,0.0011189565001117315
2021-09-21,test,0.0115557309095078,0,0,0,0.8329695749450515,0.16633018329926838,0.0007002417556797986
2021-09-22,test,0.005966676336156,0,0,0,0.8222366991665201,0.17686975196614857,0.0008935488673311074
2021-09-23,test,0.007746584963594,0,0,0,0.8542791793278537,0.14480890468867547,0.0009119159834709978
2021-09-24,test,-0.0004282570487988,0,0,0,0.8712685522596917,0.1279921781876191,0.0007392695526890848
2021-09-27,test,0.0145226071332386,0,1,0,0.7584177975375022,0.24019076210291446,0.0013914403595842763
2021-09-28,test,-0.0262783575083469,1,1,1,0.1638967625647928,0.8191803960940647,0.016922841341142195
2021-09-29,test,0.0124655976095338,1,1,1,0.19793611152522841,0.7859413617533578,0.016122526721413556
2021-09-30,test,-0.0094028748270219,1,1,1,0.1724418485746402,0.8123460642397589,0.015212087185601431
2021-10-01,test,0.0003637453691569,1,1,1,0.23191826334091611,0.7563124892690588,0.011769247390026109
2021-10-04,test,-0.0008867848824456,1,1,1,0.27570753711174917,0.7143152357019061,0.00997722718634552
2021-10-05,test,0.0153171260296266,1,1,1,0.22935652335367118,0.7567291398426835,0.013914336803646489
2021-10-06,test,-0.0172184734833799,1,1,1,0.1597202832708756,0.8236568698418213,0.016622846887302953
2021-10-07,test,0.0211758870254942,1,1,1,0.21331711690467656,0.7670537082026998,0.019629174892623773
2021-10-08,test,-0.0008706208647486,1,1,1,0.23530537223543954,0.7458296556073948,0.01886497215716569
2021-10-11,test,-0.0062731246379499,1,1,1,0.203173847328754,0.7815895950155471,0.015236557655699149
2021-10-12,test,0.0041380038543302,1,1,1,0.24165815495678747,0.7444797091363157,0.013862135906897145
2021-10-13,test,-0.0061176685116148,1,1,1,0.26170939784287683,0.7270051608602713,0.011285441296852048
2021-10-14,test,0.0048970814482621,1,1,1,0.268758128169312,0.7206918733941843,0.010549998436503921
2021-10-15,test,0.0080348607692788,1,1,1,0.30829755965881167,0.682830190948004,0.008872249393183963
2021-10-18,test,-0.0068031266680821,1,0,1,0.33516554170946244,0.657920751268696,0.00691370702184083
2021-10-19,test,0.0067252982185533,0,0,1,0.43819562096604686,0.5576890146150072,0.004115364418945367
2021-10-20,test,0.0023981743353372,0,0,0,0.5619996767378461,0.4359582904898459,0.0020420327723087864
2021-10-21,test,-0.0081950982677452,0,0,0,0.5269908796525875,0.4706829569944369,0.0023261633529759406
2021-10-22,test,-0.0042462727617747,0,0,0,0.5734269399263582,0.4236657612004453,0.00290729887319726
2021-10-25,test,0.0016267188595099,0,0,0,0.6091643689928146,0.38940502009461253,0.0014306109125738003
2021-10-26,test,0.0090054137675565,0,0,0,0.8598989703878367,0.13965918759423931,0.00044184201792449003
2021-10-27,test,-0.0032602642271005,0,0,0,0.8989894383683711,0.10059619895172404,0.00041436267990513825
2021-10-28,test,0.0059450896191035,0,0,0,0.9254830617946277,0.07441611704959518,0.00010082115577701267
2021-10-29,test,0.0035281249443352,0,0,0,0.9424093870611966,0.057518800950167696,7.181198863543839e-05
2021-11-01,test,0.0136951001384409,0,0,0,0.8971654937584932,0.10260419281388261,0.00023031342762409605
2021-11-02,test,-0.0084097338845418,0,0,0,0.9111683053299554,0.08857179898029792,0.00025989568974627925
2021-11-03,test,-0.0082596770542689,0,0,0,0.9274263003311684,0.07241212357421256,0.0001615760946184825
2021-11-04,test,0.0009519082792639,0,0,0,0.9450244992811176,0.05492363880493371,5.1861913947972835e-05
2021-11-05,test,0.0100385233471636,0,0,0,0.9440093563902814,0.05593878169576958,5.1861913947972835e-05
2021-11-08,test,-0.0065709255087423,0,0,0,0.9452012872307008,0.05474685085535033,5.1861913947972835e-05
2021-11-09,test,0.0004519622790154,0,0,0,0.955957607365054,0.04399053072099755,5.1861913947972835e-05
2021-11-10,test,0.0073448774034919,0,0,0,0.9586506923830538,0.04129744570299782,5.1861913947972835e-05
2021-11-11,test,-0.0054403566644981,0,0,0,0.9602571719063192,0.03969096617973229,5.1861913947972835e-05
2021-11-12,test,-0.0012546516392994,0,0,0,0.9603869000160626,0.039561238069988826,5.1861913947972835e-05
2021-11-15,test,0.0016395228963475,0,0,0,0.9631835773623351,0.036764560723716644,5.1861913947972835e-05
2021-11-16,test,-0.0061204761890002,0,0,0,0.9587302706375621,0.04121786744848982,5.1861913947972835e-05
2021-11-17,test,-0.0051903012409505,0,0,0,0.9546683769676481,0.045279761118403934,5.1861913947972835e-05
2021-11-18,test,-0.0100802338026817,0,0,0,0.9450878797674095,0.054750544137971764,0.0001615760946184825
2021-11-19,test,-0.0169914145030792,0,0,0,0.8636566706134576,0.1362197022656093,0.00012362712093233713
2021-11-22,test,0.0077498591954257,0,0,0,0.9411584641432911,0.058789673942760336,5.1861913947972835e-05
2021-11-23,test,-0.0007031135349529,0,0,0,0.9372106539325891,0.06273748415346259,5.1861913947972835e-05
2021-11-24,test,-0.0026238986704885,0,0,0,0.9384383161098548,0.061509821976196866,5.1861913947972835e-05
2021-11-25,test,0.0055465085045502,0,2,0,0.94033841225695,0.059609725829101706,5.1861913947972835e-05
2021-11-26,test,-0.0508356195882538,2,1,1,0.04351066893207354,0.7819516184700764,0.17453771259785028
2021-11-29,test,0.0062285537950737,1,1,1,0.05558097290139281,0.8474275474184593,0.09699147968014739
2021-11-30,test,-0.0179119229150839,1,1,1,0.048662820806620384,0.8393375249452069,0.11199965424817225
2021-12-01,test,0.017604303238006,1,1,1,0.055912191540654924,0.856591550356644,0.08749625810270048
2021-12-02,test,-0.0181221679650384,1,1,1,0.04841062722496903,0.8444985808815075,0.10709079189352315
2021-12-03,test,-0.0071452151506198,1,1,1,0.04901217289479334,0.8329548294982997,0.1180329976069065
2021-12-06,test,0.0237401290745892,1,1,1,0.05025298268116866,0.853499235506423,0.09624778181240777
2021-12-07,test,0.0140949911381525,1,1,1,0.05472214869445685,0.8556706427963835,0.08960720850915924
2021-12-08,test,-0.0095199784033745,1,1,1,0.05079172152844637,0.8447347020496716,0.10447357642188175
2021-12-09,test,-0.0093377596666871,1,1,1,0.049556132598458036,0.8454427475701395,0.10500111983140223
2021-12-10,test,-0.0047016655450288,1,1,1,0.0503963690645182,0.8378553367733229,0.11174829416215845
2021-12-13,test,-0.004495628731251,1,1,1,0.050294329954325104,0.8318039509045925,0.11790171914108177
2021-12-14,test,0.0066821559722873,1,1,1,0.05188719056203355,0.8458424916173871,0.10227031782057878
2021-12-15,test,-0.0124299795955151,1,1,1,0.047545401770372114,0.8383026282634339,0.11415196996619374
2021-12-16,test,0.012608993230865,1,1,1,0.051876890221444164,0.8575770248256079,0.09054608495294734
2021-12-17,test,-0.0081958320479744,1,1,1,0.054986056987687895,0.866468702601618,0.07854524041069405
2021-12-20,test,-0.008360471405154,1,1,1,0.05200394017041826,0.8426223090030822,0.10537375082649915
2021-12-21,test,0.017450891256937,1,1,1,0.07214664207020158,0.8734658572714268,0.05438750065837163
2021-12-22,test,0.0085002365044563,1,1,1,0.07568666012022973,0.8669494128709646,0.05736392700880535
2021-12-23,test,0.0122896237589797,1,1,1,0.0816946826390734,0.8580106829867846,0.06029463437414209
2021-12-27,test,0.0067962666284264,1,1,1,0.20983133432280504,0.7476003068214867,0.0425683588557081
2021-12-28,test,0.007717764753727,1,1,1,0.22377471233474538,0.7386033866113995,0.03762190105385502
2021-12-29,test,-0.0017509127299829,1,0,1,0.2664784890570672,0.697513370385799,0.03600814055713353
2021-12-30,test,0.00461247223211,0,0,1,0.29261896288146405,0.677988666312709,0.02939237080582637
2022-01-03,test,0.0054249507152798,0,0,1,0.3283585727237674,0.6416273695250505,0.030014057751181607
2022-01-04,test,0.0039414084600105,0,0,1,0.3692655139758879,0.6043685780822485,0.026365907941863116
2022-01-05,test,-0.0005686147687188,0,0,0,0.6752924439114473,0.31278124081296604,0.011926315275586154
2022-01-06,test,-0.0001023183437852,0,0,0,0.7283809157323794,0.26116568411092805,0.010453400156691987
2022-01-07,test,-0.0043440083261861,0,0,0,0.7874152286970207,0.20684295952892226,0.005741811774055843
2022-01-10,test,-0.0051435115498085,0,0,0,0.8162625929861586,0.179384581725056,0.0043528252887848635
2022-01-11,test,0.005611943835801,0,0,0,0.8385587902970365,0.1568941196811571,0.004547090021805834
2022-01-12,test,0.0016431875868104,0,0,0,0.8399157919685879,0.1557673024119009,0.004316905619510861
2022-01-13,test,0.0052993875635606,0,0,0,0.8400819315440866,0.15560116283640218,0.004316905619510861
2022-01-14,test,-0.0011689825997127,0,0,0,0.8568758271302618,0.13843784008456245,0.0046863327851754
2022-01-17,test,0.0036384330904691,0,0,0,0.864268813603098,0.13214658303853435,0.0035846033583671437
2022-01-18,test,-0.0064812502004813,0,0,0,0.8620803475924377,0.13488225611007124,0.003037396297490532
2022-01-19,test,-0.0007631611169816,0,0,0,0.8718569184441083,0.1245584781975237,0.0035846033583671437
2022-01-20,test,0.0045139755148432,0,0,0,0.8681855827656906,0.12715150725062255,0.00466290998368628
2022-01-21,test,-0.0136957262198962,0,1,0,0.8238222453585197,0.1719475968976193,0.004230157743861206
2022-01-24,test,-0.0323651788354013,1,1,1,0.35565051966013883,0.5699714512716774,0.07437802906818336
2022-01-25,test,0.0073029975499981,1,1,1,0.41938493889314715,0.554033682849941,0.026581378256911835
2022-01-26,test,0.0164568231188098,1,1,1,0.2805678217879036,0.6877652425533703,0.031666935658725796
2022-01-27,test,0.0099041342099778,1,1,1,0.21864953511097826,0.7447001047157298,0.03665036017329174
2022-01-28,test,-0.0111113764488816,1,1,1,0.20601774786875515,0.7585496620768035,0.03543259005444138
2022-01-31,test,0.0003483794663274,1,1,1,0.2469036238417613,0.7207694318183487,0.03232694433988986
2022-02-01,test,0.0131378677495255,1,1,1,0.20067296387117356,0.7647286355008244,0.03459840062800215
2022-02-02,test,-0.0015481742893102,1,1,1,0.21525887521591103,0.7514937509039319,0.033247373880157395
2022-02-03,test,-0.0027352026391488,1,1,1,0.2521493489547454,0.7178016442678898,0.030049006777365286
2022-02-04,test,-0.0115867171367735,1,1,1,0.2360470576669565,0.733405003143222,0.030547939189822102
2022-02-07,test,-0.0036039173947038,1,1,1,0.2758661412441405,0.6977054562313935,0.026428402524466696
2022-02-08,test,0.013485867791724,1,1,1,0.2474638229839378,0.7223134510286459,0.030222725987416748
2022-02-09,test,0.019611470529046,1,1,1,0.16779094356540866,0.7942997727814837,0.03790928365310808
2022-02-10,test,0.0044888927967025,1,1,1,0.18712790900149967,0.7760979741560913,0.03677411684240952
2022-02-11,test,-0.0099637888718762,1,1,1,0.17920169244660378,0.783312646293681,0.03748566125971545
2022-02-14,test,-0.0258247258946033,1,1,1,0.08164431088552114,0.8603438362195628,0.058011852894916255
2022-02-15,test,0.0166788350280674,1,1,1,0.08350340567238898,0.8687653882763666,0.04773120605124463
2022-02-16,test,0.0021999407444569,1,1,1,0.09130761284250298,0.8621195647950829,0.04657282236241427
2022-02-17,test,-0.0075941825860166,1,1,1,0.10953810808444532,0.8453828568656807,0.04507903504987403
2022-02-18,test,-0.0093968759784771,1,1,1,0.11944582549135177,0.8353174476296081,0.045236726879040026
2022-02-21,test,-0.0118392622442688,1,1,1,0.1476084421143105,0.816214480350787,0.03617707753490188
2022-02-22,test,0.0005063925699444,1,1,1,0.12204124141914155,0.8490485352824322,0.028910223298426484
2022-02-23,test,-0.0062717557249683,1,1,1,0.13583632656193437,0.837330877280779,0.026832796157287012
2022-02-24,test,-0.0290428998890852,1,1,1,0.06488828786449016,0.8696252545881277,0.06548645754738198
2022-02-25,test,0.03453719223452,1,1,1,0.06131091186300175,0.8882662994364628,0.05042278870053583
2022-02-28,test,-0.0008722741770908,1,2,1,0.0644416696910169,0.8966716870903131,0.03888664321867067
2022-03-01,test,-0.0349220114223071,2,1,1,0.0390337698213177,0.795058825336758,0.1659074048419252
2022-03-02,test,0.0160883225753846,1,2,1,0.048880530787422355,0.8753006692323616,0.07581879998021626
2022-03-03,test,-0.0379169247771007,2,2,2,0.008927885845894178,0.3110301308146249,0.6800419833394813
2022-03-04,test,-0.0369345902368816,2,2,2,0.0030609129644193346,0.13106277557963128,0.8658763114559497
2022-03-07,test,-0.0099313958965171,2,2,2,0.003255269202631448,0.13636776286002283,0.8603769679373459
2022-03-08,test,0.0179937191660797,2,2,2,0.003101117296643543,0.1245476427813665,0.8723512399219903
2022-03-09,test,0.0476307625815811,2,2,2,0.0014400217768674672,0.052444169921041256,0.9461158083020911
2022-03-10,test,-0.0115572974563175,2,2,2,0.0012657005600818804,0.05247252319642275,0.9462617762434951
2022-03-11,test,0.0089814306948111,2,2,2,0.001711739134423549,0.06531305384083279,0.9329752070247432
2022-03-14,test,0.0112724046744497,2,2,2,0.0022824887804415864,0.08186750913977271,0.9158500020797853
2022-03-15,test,0.0002063348114543,2,2,2,0.0027548717679696834,0.11011862965044833,0.8871264985815819
2022-03-16,test,0.017368809183604,2,1,2,0.00377783688235158,0.14413663821056386,0.8520855249070849
2022-03-17,test,0.0037635651769974,1,1,2,0.005406927807556036,0.17880367933882496,0.8157893928536191
2022-03-18,test,0.0006654477482061,1,1,2,0.006980171664029458,0.23709550493298825,0.7559243234029823
2022-03-21,test,-0.0033795179834357,1,1,2,0.010296909017912442,0.3484652724354111,0.641237818546676
2022-03-22,test,0.0116139815702961,1,1,1,0.019267414096762338,0.5836575703103236,0.39707501559291447
2022-03-23,test,-0.0188877613738525,1,1,1,0.015340420902934394,0.5275012523653871,0.4571583267316784
2022-03-24,test,-0.002801670904061,1,1,1,0.022655138311955668,0.6729398575805213,0.3044050041075239
2022-03-25,test,0.0030656986083381,1,1,1,0.023735906052468794,0.6914570850311933,0.28480700891633837
2022-03-28,test,0.0041925771020963,1,1,1,0.023976936430374008,0.6970509494244967,0.2789721141451296
2022-03-29,test,0.0293303803051588,1,1,1,0.024971089230280765,0.6676891283848462,0.30733978238487397
2022-03-30,test,-0.0074569826720448,1,1,1,0.025001343434220644,0.6866140499022227,0.2883846066635572
2022-03-31,test,-0.0124150649799046,1,1,1,0.03538976754399109,0.8298151248400326,0.13479510761597674
2022-04-01,test,0.0069150406076108,1,1,1,0.10689229157845775,0.8481327115501671,0.04497499687137574
2022-04-04,test,0.0020088243561076,1,1,1,0.08199061135389112,0.8761970450699899,0.04181234357611932
2022-04-05,test,0.011957609166744,1,1,1,0.08202773262105595,0.8771918506578025,0.040780416721141924
2022-04-06,test,-0.0165098047894295,1,1,1,0.08926577910202248,0.8705775041814284,0.040156716716549266
2022-04-07,test,-0.0017344726906502,1,1,1,0.10348194406136411,0.8585965409707944,0.037921514967841345
2022-04-08,test,0.0162826160129418,1,1,1,0.08432509111471742,0.8777485198405234,0.03792638904475893
2022-04-11,test,-0.0024896635751358,1,1,1,0.08548284228623512,0.8767414430448478,0.037775714668917174
2022-04-12,test,-0.0008157082547501,1,1,1,0.08609941216303002,0.8762083129636616,0.03769227487330811
2022-04-13,test,0.0046290229251591,1,1,1,0.10717498384519583,0.8580656384519797,0.03475937770282432
2022-04-14,test,0.0093782675055558,1,0,1,0.10808432360913185,0.8572723738291281,0.03464330256173992
2022-04-19,test,-0.0005749439588034,0,0,1,0.10988847213457427,0.8552673819281614,0.03484414593726428
2022-04-20,test,0.008646659649455,0,0,1,0.11497102911303365,0.848275854075294,0.036753116811672176
2022-04-21,test,0.0051296010905621,0,1,1,0.14196993146386655,0.8242610850353927,0.03376898350074045
2022-04-22,test,-0.0185842343266142,1,1,1,0.11171788997828712,0.8517543076716018,0.0365278023501109
2022-04-25,test,-0.0090208598023982,1,1,1,0.12047018431020874,0.8432452153444855,0.036284600345305645
2022-04-26,test,-0.0159049555411544,1,1,1,0.07844000344293722,0.8802934319899732,0.0412665645670899
2022-04-27,test,0.0045398660021133,1,1,1,0.09757124754149314,0.8638270592969876,0.03860169316151946
2022-04-28,test,0.0040612418703018,1,1,1,0.19474930601136062,0.7741051269644481,0.031145567024191266
2022-04-29,test,0.0084228754618973,1,1,1,0.20836177599529185,0.761039648602725,0.030598575401983356
2022-05-02,test,-0.0174150643542348,1,1,1,0.14844207770012746,0.8166856184930296,0.03487230380684246
2022-05-03,test,0.0181137787323364,1,1,1,0.10955085415060856,0.8517194217178001,0.03872972413159127
2022-05-04,test,-0.0104970560532179,1,1,1,0.10544327075203495,0.8575250102664821,0.03703171898148289
2022-05-05,test,-0.0077708128680286,1,1,1,0.1261950391664235,0.8378511084365949,0.035953852396981276
2022-05-06,test,-0.0134515618668684,1,1,1,0.12216318964489555,0.8415368584563726,0.036299951898731704
2022-05-09,test,-0.0222106914778632,1,1,1,0.06250331756188895,0.8809926754592078,0.05650400697890313
2022-05-10,test,0.0,1,1,1,0.08736032517939117,0.8590155680854884,0.05362410673512022
2022-05-11,test,0.0210804699099965,1,1,1,0.07308780598166012,0.8835832357271546,0.04332895829118558
2022-05-12,test,-0.0135894077897294,1,1,1,0.06547592516694543,0.8874621562651058,0.04706191856794921
2022-05-13,test,0.01665234461909,1,1,1,0.07136794832634004,0.8848852876470866,0.0437467640265739
2022-05-16,test,0.0018692520474182,1,1,1,0.07131399783777294,0.883451341562475,0.045234660599752737
2022-05-17,test,0.0144986909000267,1,1,1,0.11367146160200493,0.8388312871320371,0.047497251265958766
2022-05-18,test,8.260867841705886e-05,1,1,1,0.11981690977568658,0.8309701466065679,0.049212943617746294
2022-05-19,test,-0.0083401408651805,1,1,1,0.13131650979222606,0.820790997300533,0.04789249290724177
2022-05-20,test,0.0092952328478188,1,1,1,0.1604654399603646,0.7985287730289429,0.041005787010693184
2022-05-23,test,0.0165167201656892,1,1,1,0.12900514102798377,0.8215075927765614,0.04948726619545532
2022-05-24,test,0.0006258782872211,1,1,1,0.18032532103798962,0.7774843726776115,0.04219030628439952
2022-05-25,test,0.014835190149688,1,1,1,0.1803002258954672,0.7773324465196272,0.04236732758490627
2022-05-26,test,0.0145732772814434,1,1,1,0.16194306618951382,0.7948824852827863,0.04317444852770026
2022-05-27,test,0.0050273701092848,1,1,1,0.20001286053990697,0.7619892096498547,0.03799792981023865
2022-05-30,test,-0.0003134507514671,1,1,1,0.13854043777724365,0.8303326866368466,0.031126875585909663
2022-05-31,test,-0.0089190184894072,1,1,1,0.15308512249229136,0.8231751412286951,0.023739736279013317
2022-06-01,test,-0.0118532646960249,1,1,1,0.14228073345727177,0.8326534201465332,0.025065846396194937
2022-06-02,test,-0.0003545289377688,1,1,1,0.16274574231574077,0.8145641295437536,0.022690128140505705
2022-06-03,test,-0.0022096197456425,1,1,1,0.19791529619605416,0.782002922925192,0.020081780878753938
2022-06-06,test,0.0126986920888146,1,0,1,0.2860899718135619,0.6919083176371765,0.022001710549260766
2022-06-07,test,0.000599596674033,0,0,1,0.30402155579891355,0.6746360198944433,0.021342424306642516
2022-06-08,test,0.0001244704004203,0,1,1,0.486964277565829,0.5000564287274349,0.012979293706735654
2022-06-09,test,-0.0149827054964647,1,1,1,0.3329486824761412,0.6527444983775119,0.014306819146347065
2022-06-10,test,-0.0374975913967121,1,1,1,0.05340501145664593,0.8324295622771305,0.11416542626622371
2022-06-13,test,-0.0250165166966879,1,1,1,0.05866937943786814,0.8898099753363596,0.051520645225772314
2022-06-14,test,-0.0143881943868413,1,1,1,0.05495039997119702,0.898871207412574,0.046178392616229004
2022-06-15,test,0.0133367687642424,1,1,1,0.05958025613842095,0.8979092664181832,0.042510477443395686
2022-06-16,test,-0.0118873342991461,1,1,1,0.05573220139682244,0.9031190174265751,0.04114878117660273
2022-06-17,test,0.0083580127433966,1,1,1,0.05885851659960745,0.9006258515115367,0.040515631888855735
2022-06-20,test,0.0170526224563957,1,1,1,0.059486789375544434,0.90156031165127,0.03895289897318564
2022-06-21,test,-0.0061011703660329,1,1,1,0.0585765796718839,0.9010458075314265,0.04037761279668971
2022-06-22,test,-0.0110128345467843,1,1,1,0.05431012753821572,0.9007699050693557,0.04491996739242875
2022-06-23,test,-0.0047994776372308,1,1,1,0.05222456216866432,0.8969891513416266,0.05078628648970855
2022-06-24,test,0.0168438845010749,1,1,1,0.05551222711598774,0.8994035878396677,0.045084185044344666
2022-06-27,test,-0.0001819648656454,1,1,1,0.05654544397932673,0.898616743236633,0.04483781278404047
2022-06-28,test,0.0090459481699033,1,1,1,0.05820497767021016,0.8986858118167653,0.04310921051302477
2022-06-29,test,-0.0156920611114516,1,1,1,0.05418178616358785,0.8991177672059303,0.046700446630482055
2022-06-30,test,-0.0109660887117983,1,1,1,0.051912059258428615,0.9012357802636077,0.04685216047796375
2022-07-01,test,0.0095116971631833,1,1,1,0.06057295820973289,0.8972842660052096,0.04214277578505766
2022-07-04,test,-0.0017505672952028,1,1,1,0.06532169164892021,0.8918127380395106,0.04286557031156915
2022-07-05,test,-0.0251111010936339,1,1,1,0.04834450948234355,0.8886651357191216,0.06299035479853432
2022-07-06,test,-0.0013577830458495,1,1,1,0.0505829736647195,0.8874384603872181,0.06197856594806173
2022-07-07,test,0.0216421637453763,1,1,1,0.05353904010504194,0.897100753296659,0.049360206598299136
2022-07-08,test,-0.0027369146433039,1,1,1,0.06389664960601882,0.8981230835875654,0.03798026680641564
2022-07-11,test,-0.0043425399193348,1,1,1,0.06629195504120927,0.8961591487783852,0.03754889618040553
2022-07-12,test,-0.0062687258300061,1,1,1,0.0782745679104531,0.8863114813728837,0.03541395071666313
2022-07-13,test,-0.0087596070831057,1,1,1,0.0800464993634116,0.88085119971836,0.039102300918228285
2022-07-14,test,-0.0178553622649334,1,1,1,0.06521007296474698,0.887911146665646,0.046878780369606736
2022-07-15,test,0.0179812212542368,1,1,1,0.06549156319421481,0.8962154299215986,0.038293006884186416
2022-07-18,test,0.0021623234665069,1,1,1,0.07417509026151393,0.8901018347134058,0.035723075025080264
2022-07-19,test,0.0201396643102745,1,1,1,0.06896436037644108,0.8941429923602258,0.036892647263333585
2022-07-20,test,-0.0119105277407246,1,1,1,0.0643263410774479,0.8986630629465349,0.037010595976017455
2022-07-21,test,-0.0020197128016538,1,1,1,0.07204871027459096,0.8918918668855307,0.03605942283987843
2022-07-22,test,0.0048430342644658,1,1,1,0.07909338447572387,0.8862940812400215,0.03461253428425464
2022-07-25,test,0.0042138722825744,1,1,1,0.08493021427137049,0.8810570260159196,0.03401275971270987
2022-07-26,test,-0.0019807869958798,1,1,1,0.09163448872270502,0.8753371744412713,0.03302833683602343
2022-07-27,test,0.0067679404548404,1,0,1,0.10400917807891735,0.8642486052971262,0.03174221662395601
2022-07-28,test,-0.0048737550251382,0,0,1,0.11788423787071485,0.8522403116104679,0.029875450518817064
2022-07-29,test,0.0087802858925473,0,0,1,0.13197804492442863,0.839549636044181,0.02847231903139039
2022-08-01,test,-0.0087555245675614,0,0,1,0.14231156024646605,0.8309960662187463,0.026692373534787536
2022-08-02,test,0.0014583866986663,0,0,1,0.2959374791935489,0.6746452583470369,0.029417262459413982
2022-08-03,test,0.0055668836803589,0,0,1,0.3326757879066358,0.638301864757414,0.02902234733595007
2022-08-04,test,0.0023308317844686,0,0,0,0.6629739559223736,0.3280322446551916,0.008993799422434409
2022-08-05,test,0.0008451050839477,0,0,0,0.6987953472325845,0.2930404622324157,0.008164190534999309
2022-08-08,test,0.0127126799512658,0,0,0,0.6244720968335156,0.36517079274086744,0.01035711042561679
2022-08-09,test,0.0047515091079526,0,0,0,0.6706059852562942,0.3231737679656529,0.00622024677805303
2022-08-10,test,0.0049085186893028,0,0,0,0.6964372757023303,0.29858788338845565,0.004974840909213667
2022-08-11,test,0.003251125883106,0,0,0,0.8439392871440059,0.15336032710315647,0.002700385752837241
2022-08-12,test,0.0024314557699052,0,0,0,0.8503201376642882,0.146237396523121,0.0034424658125903613
2022-08-15,test,0.0031614665263194,0,0,0,0.8551881885572706,0.1403309173518345,0.004480894090894389
2022-08-16,test,0.0100243935113948,0,0,0,0.8546768180839728,0.14189096019683936,0.003432221719187447
2022-08-17,test,-0.0090992484694464,0,0,0,0.8492645159440401,0.1466096695802078,0.00412581447575173
2022-08-18,test,-0.0005336464309158,0,0,0,0.8606416462604355,0.13272537622270436,0.006632977516859659
2022-08-19,test,-0.0109970095790053,0,0,0,0.8225398031941665,0.16933884964108364,0.008121347164749637
2022-08-22,test,-0.0064128388219619,0,0,0,0.8167757279773169,0.17214068408580527,0.011083587936877356
2022-08-23,test,-0.0070861718693778,0,0,0,0.8070401230565927,0.18155869093538163,0.01140118600802542
2022-08-24,test,-0.0032752866288321,0,0,0,0.8249314353999478,0.16561394483723219,0.00945461976281951
2022-08-25,test,-0.0014524275407011,0,0,0,0.8272908814790398,0.16326648344923708,0.009442635071723014
2022-08-26,test,-0.015211302613199,0,0,0,0.7411807087056872,0.24656206747601286,0.012257223818299965
2022-08-29,test,-0.0092565901784624,0,0,0,0.7351053562626609,0.24632136770285462,0.018573276034484398
2022-08-30,test,-0.0012273841545709,0,0,0,0.7511122880682944,0.22933402148642687,0.01955369044527833
2022-08-31,test,-0.0118115955567881,0,0,0,0.7141998048259526,0.2663949842247024,0.0194052109493446
2022-09-01,test,-0.0102090596999264,0,0,0,0.7051926330127497,0.2741364930896385,0.020670873897611432
2022-09-02,test,0.0160377805257254,0,0,0,0.8485790450373458,0.1498312229228339,0.0015897320398194034
2022-09-05,test,-0.0088003655388167,0,0,0,0.7859171869436172,0.21042585621316115,0.0036569568432213285
2022-09-06,test,-0.0026106515970499,0,0,0,0.7998828672423803,0.19710222850631837,0.003014904251300711
2022-09-07,test,0.0017453972676868,0,0,0,0.8163871663680509,0.1808621505261838,0.002750683105764733
2022-09-08,test,0.0077222296893708,0,0,0,0.815169880991922,0.1822758615621647,0.0025542574459127046
2022-09-09,test,0.0145834588149064,0,1,0,0.7888680384041231,0.2090211026462392,0.002110858949637365
2022-09-12,test,0.0198682488542941,1,1,1,0.4700252762408763,0.5223282375484452,0.007646486210678242
2022-09-13,test,-0.0160290554455272,1,1,1,0.2738857426301993,0.7119487874201341,0.01416546994966631
2022-09-14,test,-0.0010421974556658,1,1,1,0.36258598882332216,0.6286783640141249,0.00873564716255234
2022-09-15,test,0.0037048201625145,1,1,1,0.4951362421812609,0.4997827632946884,0.005080994524050316
2022-09-16,test,-0.0125450990584125,1,1,1,0.4011186821943641,0.5878458172162898,0.011035500589344993
2022-09-19,test,0.0010639696823798,1,1,0,0.5820168350246132,0.4154220836302579,0.0025610813451289248
2022-09-20,test,-0.0151393064958662,1,1,1,0.27786085588686693,0.7121590647482141,0.00998007936491872
2022-09-21,test,-0.0001143074222765,1,1,1,0.3946827714007118,0.6009999755175724,0.0043172530817153195
2022-09-22,test,-0.012462693508272,1,1,1,0.37466457184642116,0.6204613409121097,0.0048740872414682656
2022-09-23,test,-0.0249000627240994,1,1,1,0.11127282062889744,0.8614966379517736,0.02723054141932897
2022-09-26,test,-0.0099391223711162,1,1,1,0.1227214332662629,0.8511135752349501,0.026164991498787146
2022-09-27,test,-0.0083990013563958,1,1,1,0.13512821684583096,0.8426262948094662,0.0222454883447028
2022-09-28,test,-0.0004701804784618,1,1,1,0.14630219254675392,0.8331961988788633,0.020501608574382973
2022-09-29,test,-0.0192784702352984,1,1,1,0.10923664956800948,0.8605657564327622,0.030197593999228108
2022-09-30,test,0.0090953326587421,1,1,1,0.1303743469768532,0.8408353720102009,0.02879028101294602
2022-10-03,test,0.0128400820721817,1,1,1,0.1294822074721472,0.8470746558981254,0.023443136629727374
2022-10-04,test,0.0309552107917103,1,1,1,0.11269322565555721,0.8540410050224019,0.03326576932204115
2022-10-05,test,-0.015278691519137,1,1,1,0.08272991988305858,0.8855753944766184,0.03169468564032304
2022-10-06,test,-0.0091180546482845,1,1,1,0.10155986950251683,0.8730902831407196,0.02534984735676361
2022-10-07,test,-0.0099278572059083,1,1,1,0.10601035511111477,0.8661929309693319,0.027796713919553264
2022-10-10,test,-0.0031514197414027,1,1,1,0.1124239043838123,0.8575094199726638,0.030066675643523628
2022-10-11,test,-0.0077999634469334,1,1,1,0.1058367951810128,0.8552897402738726,0.03887346454511446
2022-10-12,test,-0.0129713530688154,1,1,1,0.09922774518249006,0.8580623040079398,0.04270995080956996
2022-10-13,test,0.0120056620517282,1,1,1,0.10867566890113198,0.858453528780114,0.03287080231875395
2022-10-14,test,0.0045753266240175,1,1,1,0.11208085895501867,0.8572713462545973,0.030647794790383806
2022-10-17,test,0.0233751970018647,1,1,1,0.09464483087851942,0.8711062403183899,0.03424892880309022
2022-10-18,test,0.0071464278435937,1,1,1,0.11514338722692112,0.8555259250371785,0.02933068773590043
2022-10-19,test,-0.0036459256583585,1,1,1,0.11228953676802987,0.857655886875956,0.030054576356013617
2022-10-20,test,0.007985307034774,1,1,1,0.12708714782515984,0.8448667516041282,0.028046100570712346
2022-10-21,test,-0.0130087159948096,1,1,1,0.1832751818089423,0.774347561769323,0.04237725642173471
2022-10-24,test,0.0177200243440582,1,1,1,0.15671485230794774,0.7979265580757381,0.04535858961631414
2022-10-25,test,0.0147850119557945,1,1,1,0.1505359801301508,0.8215775820017371,0.027886437868111957
2022-10-26,test,0.0096646496499741,1,1,1,0.22278711394213244,0.7418299333505152,0.03538295270735233
2022-10-27,test,0.0063957865868449,1,1,1,0.24099065412380397,0.7273679682259901,0.031641377650205894
2022-10-28,test,-0.000580908440325,1,1,1,0.24593846500115527,0.7206140702575239,0.03344746474132073
2022-10-31,test,0.0050400157087496,1,1,1,0.2474775382989577,0.7167051744091133,0.03581728729192884
2022-11-01,test,0.0053273291985832,1,0,1,0.28683776515056175,0.6827364707380706,0.03042576411136677
2022-11-02,test,-0.0038077029594293,0,1,1,0.321569430026937,0.649022862177759,0.02940770779530371
2022-11-03,test,-0.0125905619406212,1,1,1,0.2915904989725345,0.6745058460124486,0.0339036550150164
2022-11-04,test,0.0093350234564072,1,0,1,0.31662358014355174,0.6493975799803747,0.033978839876073114
2022-11-07,test,0.0024645858907221,0,0,1,0.34079081765060737,0.6299969005391178,0.029212281810274104
2022-11-08,test,0.0045861417033704,0,0,1,0.36048781410017333,0.6208735074291011,0.018638678470724708
2022-11-09,test,0.0051748010342741,0,0,0,0.6146026985154179,0.37802596315048714,0.007371338334094615
2022-11-10,test,0.0114756530168664,0,0,0,0.5887178650241143,0.4045349422184275,0.006747192757457743
2022-11-11,test,0.0,0,0,0,0.6869187232843091,0.3095238387486813,0.0035574379670094136
2022-11-14,test,0.004085946442782,0,0,0,0.7770885941343217,0.22068466761199285,0.002226738253684732
2022-11-15,test,0.0026780861471021,0,0,0,0.7852270248828332,0.2126681246938862,0.002104850423279821
2022-11-16,test,-0.0106816324628635,0,0,0,0.7668939988935408,0.23074071446858652,0.00236528663787233
2022-11-17,test,-0.0075207058272282,0,0,0,0.8307306921072711,0.16609605538414748,0.003173252508580649
2022-11-18,test,0.0107740918359255,0,0,0,0.8340329058845255,0.16403061288570212,0.0019364812297715836
2022-11-21,test,0.0074282464541663,0,0,0,0.8460385551564549,0.15201310144000116,0.0019483434035432233
2022-11-22,test,0.0165445292083483,0,0,0,0.7715298781977679,0.2249254365390137,0.0035446852632179003
2022-11-23,test,0.0007444910034914,0,0,0,0.8442553819687773,0.15372231268734293,0.002022305343879215
2022-11-24,test,0.0068064613226982,0,0,0,0.8474682325940723,0.15075234877319385,0.0017794186327332246
2022-11-25,test,0.0033919116258533,0,0,0,0.8641934964896354,0.13378419816648482,0.002022305343879215
2022-11-28,test,-0.0111590800803207,0,0,0,0.8483800560994885,0.1495775765695009,0.0020423673310104445
2022-11-29,test,-0.0001322398457243,0,0,0,0.8611138346026294,0.13686386005349102,0.002022305343879215
2022-11-30,test,0.0049265724378146,0,0,0,0.8706529739160551,0.12760748579822653,0.0017395402857181162
2022-12-01,test,0.0053306341980597,0,0,0,0.8694573553501301,0.12880310436415102,0.0017395402857181162
2022-12-02,test,-0.0030137042255255,0,0,0,0.883155018468341,0.11486255453479449,0.0019824269968641063
2022-12-05,test,-0.0014922971106352,0,0,0,0.9219754998260186,0.07764617042549417,0.0003783297484876636
2022-12-06,test,-0.0045742169027617,0,0,0,0.9393145038639775,0.06063363422207452,5.1861913947972835e-05
2022-12-07,test,-0.0049812873301671,0,0,0,0.9393460259200873,0.060602112165964825,5.1861913947972835e-05
2022-12-08,test,-0.007907644748441,0,0,0,0.9346274538272333,0.065161156140455,0.0002113900323115258
2022-12-09,test,0.0077508500326318,0,0,0,0.9400873478777507,0.05979091428347713,0.00012173783877224584
2022-12-12,test,-0.003662032194134,0,0,0,0.9395652326992618,0.06031302946196578,0.00012173783877224584
2022-12-13,test,0.008295877013074,0,0,0,0.942475711877749,0.057402550283478966,0.00012173783877224584
2022-12-14,test,0.0039428170716239,0,0,0,0.9477957938730595,0.05215234421299266,5.1861913947972835e-05
2022-12-15,test,-0.0171059588884363,0,0,0,0.8612878534929037,0.13851864346133977,0.00019350304575661015
2022-12-16,test,-0.0130181072154002,0,0,0,0.8829879487145452,0.11697807635806201,3.39749273930572e-05
2022-12-19,test,0.0029908762954398,0,0,0,0.9221052567645276,0.07788083029521069,1.391294026182745e-05
2022-12-20,test,0.0059307110025533,0,0,0,0.9307686634649869,0.06921742359475164,1.391294026182745e-05
2022-12-21,test,0.0142048919955272,0,0,0,0.9041806106928557,0.09580547636688232,1.391294026182745e-05
2022-12-22,test,-0.0036442018778599,0,0,0,0.9141272005508179,0.08585888650892,1.391294026182745e-05
2022-12-23,test,-0.0003627306573386,0,0,0,0.929783204564606,0.0702028824951323,1.391294026182745e-05
2022-12-27,test,0.000120924838983,0,0,0,0.9351038576351013,0.06488222942463705,1.391294026182745e-05
2022-12-28,test,-0.0014035806485054,0,0,0,0.9459879019132136,0.053998185146524734,1.391294026182745e-05
2022-12-29,test,0.0072149105735847,0,0,0,0.9468561760912163,0.05312991096852203,1.391294026182745e-05
2022-12-30,test,-0.01078127832674,0,0,0,0.9298027318726351,0.07016329319997193,3.39749273930572e-05
2023-01-02,test,0.016941459674937,0,0,0,0.8953364315879643,0.1046006962299448,6.287218209086729e-05
2023-01-03,test,0.0033041157439466,0,0,0,0.9161096329128811,0.08383542087039209,5.4946216726795675e-05
2023-01-04,test,0.019154621932565,0,0,0,0.7546312705655807,0.24473827411932964,0.0006304553150911507
2023-01-05,test,0.0055686859795425,0,0,0,0.7588654851098443,0.24071853119346415,0.00041598369669292
2023-01-06,test,0.0108039209990971,0,0,0,0.7188685901782222,0.2802874794925318,0.0008439303292465391
2023-01-09,test,-0.0007127177526346,0,0,0,0.7614709834874184,0.2379392416752239,0.0005897748373581154
2023-01-10,test,0.0020450619605236,0,0,0,0.8241273020614136,0.1751902451897906,0.0006824527487954066
2023-01-11,test,0.0015596779783085,0,0,0,0.8530442599377328,0.14656822340941958,0.0003875166528473153
2023-01-12,test,0.0115983399342999,0,0,0,0.8002491902807397,0.1994236060843041,0.0003272036349562104
2023-01-13,test,0.0060532304369482,0,0,0,0.9230204985309183,0.07694563845413241,3.3863014949293e-05
2023-01-16,test,-0.0011942439856271,0,0,0,0.9570054614146971,0.04298062564504081,1.391294026182745e-05
2023-01-17,test,0.0021733286993823,0,0,0,0.9575905167282318,0.042395570331506094,1.391294026182745e-05
2023-01-18,test,0.0048137588078931,0,0,0,0.9639077779862788,0.03607830907345952,1.391294026182745e-05
2023-01-19,test,-0.0158185670440604,0,0,0,0.8222054171049153,0.17779458289508485,0.0
2023-01-20,test,0.014126875816317,0,0,0,0.8181776279321087,0.18137039644038455,0.0004519756275066684
2023-01-23,test,0.0028998989486906,0,0,0,0.8738384349580818,0.1260797531641801,8.18118777375068e-05
2023-01-24,test,0.0025682269915074,0,0,0,0.8944433831239148,0.10550446824077048,5.214863531452469e-05
2023-01-25,test,-0.0010711101505177,0,0,0,0.9062198671941861,0.09374793424518699,3.219856062705914e-05
2023-01-26,test,0.0086811168222381,0,0,0,0.9120253979143292,0.08794240352504375,3.219856062705914e-05
2023-01-27,test,0.00271892940441,0,0,0,0.919250040398757,0.08060958245396051,0.00014037714728254802
2023-01-30,test,-0.0012038313527609,0,0,0,0.9275039205254653,0.07246388091390799,3.219856062705914e-05
2023-01-31,test,-0.0016921478384466,0,0,0,0.9499130338059184,0.050054767633455045,3.219856062705914e-05
2023-02-01,test,0.0070703203468923,0,0,0,0.957264805011361,0.04270299642801227,3.219856062705914e-05
2023-02-02,test,0.0143610088599777,0,0,0,0.9441265619519359,0.055841239487437286,3.219856062705914e-05
2023-02-03,test,-0.0004443803187568,0,0,0,0.9632710036385707,0.03672899636142984,0.0
2023-02-06,test,-0.0072233261688725,0,0,0,0.9608333439832825,0.03916665601671788,0.0
2023-02-07,test,0.001440157670042,0,0,0,0.9668992576928911,0.033100742307109306,0.0
2023-02-08,test,0.0059674425556233,0,0,0,0.9674476686178984,0.032552331382102076,0.0
2023-02-09,test,0.0017541416330445,0,0,0,0.9693330323433347,0.0306669676566657,0.0
2023-02-10,test,-0.0137358832447484,0,0,0,0.8857116758242676,0.11428832417573223,0.0
2023-02-13,test,0.0101376832551264,0,0,0,0.9338765828585434,0.06609121858082946,3.219856062705914e-05
2023-02-14,test,0.005727180579961,0,0,0,0.934159678867289,0.06580812257208382,3.219856062705914e-05
2023-02-15,test,0.0034055005835248,0,0,0,0.9407656375174198,0.05920216392195303,3.219856062705914e-05
2023-02-16,test,0.0034904799865291,0,0,0,0.9722630704467348,0.02772301661300355,1.391294026182745e-05
2023-02-17,test,0.0006109436128532,0,0,0,0.9731040774661336,0.02688200959360463,1.391294026182745e-05
2023-02-20,test,-0.0055549044334181,0,0,0,0.9736712691130937,0.02631481794664465,1.391294026182745e-05
2023-02-21,test,-0.0031510915857118,0,0,0,0.9768864400076417,0.023099647052096585,1.391294026182745e-05
2023-02-22,test,-0.008618807955736,0,0,0,0.9734403384566273,0.02652568661597982,3.39749273930572e-05
2023-02-23,test,0.0064006363481077,0,0,0,0.9772789933707824,0.02270709368895583,1.391294026182745e-05
2023-02-24,test,-0.003265824713739,0,0,0,0.9766259747585208,0.02336011230121727,1.391294026182745e-05
2023-02-27,test,0.0121843184062354,0,0,0,0.9767900895966314,0.02319599746310665,1.391294026182745e-05
2023-02-28,test,0.0085841818917543,0,0,0,0.976128836259762,0.023857250799976113,1.391294026182745e-05
2023-03-01,test,-0.0076612335456625,0,0,0,0.9757386995975621,0.024247387462176,1.391294026182745e-05
2023-03-02,test,0.0004717819753169,0,0,0,0.9749406608586043,0.025045426201133685,1.391294026182745e-05
2023-03-03,test,0.0145707168324561,0,0,0,0.9676551868341452,0.032330900225592686,1.391294026182745e-05
2023-03-06,test,0.0049327436970358,0,0,0,0.9736244670037656,0.02636162005597239,1.391294026182745e-05
2023-03-07,test,-0.0105592213235389,0,0,0,0.961723972835385,0.03824205223722199,3.39749273930572e-05
2023-03-08,test,0.0058271521101055,0,0,0,0.9719115961089131,0.028074490950825107,1.391294026182745e-05
2023-03-09,test,-0.0045421998976076,0,0,0,0.9728016188496829,0.027184468210055202,1.391294026182745e-05
2023-03-10,test,-0.0147745595845385,0,1,0,0.9133701633607025,0.08659586171190395,3.39749273930572e-05
2023-03-13,test,-0.0357526996096709,1,1,1,0.15936664488356805,0.784590895182111,0.056042459934321026
2023-03-14,test,0.0220895072258524,1,2,1,0.1654781251858122,0.8124976447027629,0.02202423011142511
2023-03-15,test,-0.0446438870731427,2,2,1,0.04894086366285388,0.7720067902015101,0.17905234613563625
2023-03-16,test,0.0148564530823146,2,2,1,0.06537826866356149,0.8520494062326973,0.08257232510374102
2023-03-17,test,-0.0194106313607413,2,2,1,0.05554665089528831,0.8252823822427313,0.11917096686198
2023-03-20,test,0.0129670475886942,2,2,1,0.06384643780971788,0.8495670660007747,0.08658649618950692
2023-03-21,test,0.02419251567933,2,2,1,0.04805057609708272,0.809611702124163,0.14233772177875426
2023-03-22,test,-0.0044411448681237,2,1,1,0.05588266744508164,0.8455829747976217,0.09853435775729652
2023-03-23,test,-0.0043716793984768,1,1,1,0.05526447180917185,0.8402485316375254,0.10448699655330274
2023-03-24,test,-0.0199865907047042,1,1,1,0.03986483052626995,0.7913784464307431,0.16875672304298647
2023-03-27,test,0.0128373059954417,1,1,1,0.04004208767899332,0.7990643862530593,0.160893526067947
2023-03-28,test,0.0042800446916025,1,1,1,0.04043048601675693,0.801968303588572,0.1576012103946709
2023-03-29,test,0.0140330241364798,1,1,1,0.04469234055711039,0.7997729068810808,0.15553475256180865
2023-03-30,test,0.0149254229318869,1,1,1,0.043701748967336945,0.8078836639704272,0.14841458706223545
2023-03-31,test,0.0027549846231698,1,1,1,0.045070074160902404,0.8048682722238913,0.1500616536152059
2023-04-03,test,-0.0081675294875349,1,1,1,0.04070358306640777,0.7997569888304614,0.15953942810313035
2023-04-04,test,0.0028134107805612,1,1,1,0.04572545399710606,0.8077103189948935,0.14656422700800012
2023-04-05,test,0.0077449339639618,1,1,1,0.04483613449815343,0.8068293432812279,0.14833452222061844
2023-04-06,test,0.006215402989813,1,1,1,0.045081416591808046,0.8110416853788652,0.1438768980293264
2023-04-11,test,-0.0080431279288928,1,0,1,0.04515670057604393,0.8165654388809248,0.1382778605430311
2023-04-12,test,0.0044285137652882,0,0,1,0.09011520002892977,0.8495777704428649,0.06030702952820519
2023-04-13,test,0.0033676194611981,0,0,1,0.09373314276768631,0.847440618293665,0.05882623893864861
2023-04-14,test,0.0056660219937555,0,0,1,0.1839450625337434,0.7869170672922837,0.02913787017397265
2023-04-17,test,0.0016647222355276,0,0,1,0.21890508487278584,0.7532906419086884,0.027804273218525334
2023-04-18,test,0.0046169727046616,0,0,1,0.3323605421393031,0.646151594157769,0.02148786370292696
2023-04-19,test,0.0077074515312688,0,0,1,0.45747327931128207,0.5269124307042469,0.015614289984470694
2023-04-20,test,-0.0046342433561177,0,0,0,0.5746443143804785,0.41256025896298304,0.012795426656537814
2023-04-21,test,-0.0037421697130378,0,0,0,0.5909762071238529,0.3977252121547083,0.011298580721438174
2023-04-24,test,-0.0009774964916042,0,0,0,0.6194194769099032,0.37130431773602735,0.009276205354068444
2023-04-25,test,-0.012419526124411,0,0,0,0.7088788017255129,0.28253030399351475,0.008590894280972051
2023-04-26,test,0.0003659481987674,0,0,0,0.7621417409075096,0.2320069270177666,0.005851332074723139
2023-04-27,test,0.0022462474346839,0,0,0,0.793941305025132,0.20170647921113244,0.004352215763734554
2023-04-28,test,-0.0079329147965665,0,0,0,0.7797200630716427,0.2153538934786747,0.004926043449681698
2023-05-02,test,-0.0173556722301439,0,0,0,0.6549019877500285,0.3330040659606047,0.012093946289366048
2023-05-03,test,-0.0005837207268118,0,0,0,0.7180395797197997,0.2737236245428117,0.008236795737387292
2023-05-04,test,-0.0036534299224534,0,0,0,0.7437049062678187,0.25052705775748835,0.005768035974692025
2023-05-05,test,0.0114014503965432,0,0,0,0.7339781890243922,0.2600483495461887,0.005973461429418259
2023-05-08,test,0.0069722376026575,0,0,0,0.7603585242312774,0.23454320948056515,0.00509826628815662
2023-05-09,test,-0.0030552209880875,0,0,0,0.7684088667960083,0.2267811829534641,0.0048099502505265365
2023-05-10,test,-0.0016892908092893,0,0,0,0.7710300298335939,0.22407210723102547,0.004897862935379604
2023-05-11,test,0.0016456895215768,0,0,0,0.7802944853127999,0.21480765175181943,0.004897862935379604
2023-05-12,test,0.0055709635168114,0,0,0,0.7883818773312977,0.2067960798702899,0.0048220427984111795
2023-05-15,test,-0.0035365970235941,0,0,0,0.7939780213818349,0.2011341706617585,0.004887807956405141
2023-05-16,test,-0.0010982074795782,0,0,0,0.7994771248432512,0.195600657049965,0.0049222181067825575
2023-05-17,test,0.0021952102224181,0,0,0,0.7988486813307704,0.19622910056244564,0.0049222181067825575
2023-05-18,test,0.0001628249107901,0,0,0,0.7987800333989656,0.19644221890474942,0.004777747696283675
2023-05-19,test,0.0041593586428915,0,0,0,0.8026745314033682,0.19259133848307267,0.004734130113558112
2023-05-22,test,0.0057661895545802,0,0,0,0.7651123573489054,0.23008969477329488,0.004797947877799244
2023-05-23,test,-0.0040921874896597,0,0,0,0.7971973576480119,0.19795901260427792,0.004843629747709017
2023-05-24,test,-0.01123150082876,0,0,0,0.7910913950080907,0.20406714061179845,0.004841464380110228
2023-05-25,test,-0.0051861635789739,0,0,0,0.8024700350762403,0.19083851646639968,0.006691448457359078
2023-05-26,test,0.0081935438285086,0,0,0,0.8036459274992945,0.1896626240433451,0.006691448457359078
2023-05-29,test,-0.0011975267573537,0,0,0,0.8054852258862487,0.1881048534020631,0.006409920711687041
2023-05-30,test,-0.0013734343046311,0,0,0,0.8141190887960186,0.17966585050915207,0.006215060694828441
2023-05-31,test,-0.01287774246717,0,0,0,0.7929059839287504,0.2000766922773302,0.007017323793919142
2023-06-01,test,0.01287774246717,0,0,0,0.8060967224184479,0.18673850539095088,0.007164772190600195
2023-06-02,test,0.0162082452299635,0,0,0,0.8051398566887292,0.18979648247031408,0.005063660840955505
2023-06-05,test,-0.0030312384763801,0,0,0,0.8035011734253548,0.19019326082847562,0.006305565746168551
2023-06-06,test,0.0023333680118554,0,0,0,0.8117350875169858,0.18360493538268607,0.004659977100327091
2023-06-07,test,0.0052489061438953,0,0,0,0.8194031255144648,0.17631787715174882,0.004278997333785234
2023-06-08,test,-0.002299699961451,0,0,0,0.8709105210532103,0.1261648196536118,0.0029246592931777278
2023-06-09,test,-0.0030673135776569,0,0,0,0.9089644895085757,0.08928798038053251,0.0017475301108914219
2023-06-12,test,0.0037203868583444,0,0,0,0.97083957944847,0.02914650761126794,1.391294026182745e-05
2023-06-13,test,-0.0011457478166813,0,0,0,0.9721225026756478,0.02786358438408981,1.391294026182745e-05
2023-06-14,test,0.0105614291994169,0,0,0,0.9736671695123819,0.026318917547356487,1.391294026182745e-05
2023-06-15,test,-0.0002120486067251,0,0,0,0.9742355748324014,0.02575051222733672,1.391294026182745e-05
2023-06-16,test,0.0067844362963238,0,0,0,0.9759068723383933,0.02407921472134485,1.391294026182745e-05
2023-06-19,test,-0.0066677418753393,0,0,0,0.974211647195268,0.02577443986447003,1.391294026182745e-05
2023-06-20,test,0.0008371704130635,0,0,0,0.9753012359606879,0.02468485109905026,1.391294026182745e-05
2023-06-21,test,-0.000360179915881,0,0,0,0.9779129102791632,0.022073176780575014,1.391294026182745e-05
2023-06-22,test,-0.0076272708166795,0,0,0,0.9772768957699408,0.022709191289797453,1.391294026182745e-05
2023-06-23,test,-0.0106171406733998,0,0,0,0.9736484189700982,0.02631760610250889,3.39749273930572e-05
2023-06-26,test,0.000884604573256,0,0,0,0.9771886199139664,0.022797467145771827,1.391294026182745e-05
2023-06-27,test,0.0127499450431092,0,0,0,0.9757698313973502,0.024216255662388095,1.391294026182745e-05
2023-06-28,test,0.0093566860549111,0,0,0,0.9772537686036706,0.022732318456067768,1.391294026182745e-05
2023-06-29,test,0.0030855079098819,0,0,0,0.978051638399174,0.021934448660564262,1.391294026182745e-05
2023-06-30,test,0.0086267408586391,0,0,0,0.9777204439415556,0.022265643118182767,1.391294026182745e-05
2023-07-03,test,0.0053852239236243,0,0,0,0.9781140310618979,0.021872055997840353,1.391294026182745e-05
2023-07-04,test,-0.0058648145029868,0,0,0,0.9778816162888768,0.022104470770861487,1.391294026182745e-05
2023-07-05,test,-0.0107054433365902,0,1,0,0.9732243217690781,0.026741703303529093,3.39749273930572e-05
2023-07-06,test,-0.0214484371151886,1,1,0,0.745464335695623,0.25415502164451553,0.0003806426598611655
2023-07-07,test,-0.0039064025432989,1,0,0,0.8775233135958426,0.12229111560368275,0.00018557080047400547
2023-07-10,test,0.0004432658578783,0,0,0,0.9068515657818365,0.09304148590194145,0.00010694831622198354
2023-07-11,test,0.0084158071774689,0,0,0,0.908796557026099,0.0910964946576788,0.00010694831622198354
2023-07-12,test,0.0130533546307798,0,0,0,0.8666147831275584,0.13301286700321666,0.0003723498692242163
2023-07-13,test,0.0026409767398669,0,0,0,0.8954991945269051,0.10432131734348105,0.000179488129613716
2023-07-14,test,-0.0042713381665329,0,0,0,0.92413591059824,0.07576637348878736,9.77159129726816e-05
2023-07-17,test,-3.176519663569529e-05,0,0,0,0.8987422400544292,0.10108898948739477,0.0001687704581755524
2023-07-18,test,0.0018736616234754,0,0,0,0.9002536346721693,0.09957759486965467,0.0001687704581755524
2023-07-19,test,-0.0004125760338835,0,0,0,0.9102436290300852,0.08964942265369252,0.00010694831622198354
2023-07-20,test,0.0071476111862701,0,0,0,0.9239308345340935,0.07603696690527918,3.219856062705914e-05
2023-07-21,test,0.0054371429143165,0,0,0,0.9277383179547334,0.07212130489798414,0.00014037714728254802
2023-07-24,test,-0.0029296385065642,0,0,0,0.9322405617847725,0.0677272396546004,3.219856062705914e-05
2023-07-25,test,-0.0025494623112604,0,0,0,0.9312792731325831,0.06868852830678987,3.219856062705914e-05
2023-07-26,test,0.0085043482742847,0,0,0,0.9318528692261044,0.06811493221326843,3.219856062705914e-05
2023-07-27,test,0.0097641841258725,0,0,0,0.9386526824922031,0.06131511894716972,3.219856062705914e-05
2023-07-28,test,-0.0009907828584015,0,0,0,0.9408129148851145,0.059154886554258164,3.219856062705914e-05
2023-07-31,test,-0.0045118835407825,0,0,0,0.9555152741487442,0.04445252729062906,3.219856062705914e-05
2023-08-01,test,-0.0144796418905785,0,1,0,0.8016767184895491,0.19775996764615014,0.000563313864300431
2023-08-02,test,-0.0185013656760043,1,0,0,0.7031199045944151,0.2945926951327874,0.002287400272797358
2023-08-03,test,-0.0023181828348979,0,0,0,0.9366442590315576,0.0630987771547102,0.00025696381373204076
2023-08-04,test,0.0065648578520865,0,0,0,0.9298260538716584,0.06985516017265542,0.00031878595568560957
2023-08-07,test,-0.0010467007149886,0,0,0,0.9407464650408212,0.05899657114544643,0.00025696381373204076
2023-08-08,test,-0.0060877560921854,0,0,0,0.9497330890233506,0.050139053634335906,0.0001278573423136464
2023-08-09,test,0.0056389537814405,0,0,0,0.9536889899158878,0.0461831527417988,0.0001278573423136464
2023-08-10,test,0.0156765086956539,0,0,0,0.9399898014950365,0.05995163708430023,5.856142066322601e-05
2023-08-11,test,-0.0071714077711673,0,0,0,0.9404512441943704,0.0594457602343982,0.00010299557123134578
2023-08-14,test,-0.0004983270220644,0,0,0,0.9493420839244681,0.05055492050430067,0.00010299557123134578
2023-08-15,test,-0.0087447086356849,0,0,0,0.9383961951722192,0.06160380482778103,0.0
2023-08-16,test,0.0003208899375058,0,0,0,0.9523248946803686,0.04767510531963157,0.0
2023-08-17,test,-0.0077838114770856,0,0,0,0.9546251782358687,0.04536090882386982,1.391294026182745e-05
2023-08-18,test,-0.0011107486520312,0,0,0,0.9583003532586828,0.04168573380105545,1.391294026182745e-05
2023-08-21,test,-0.0005289000015363,0,0,0,0.958339262103375,0.04164682495636345,1.391294026182745e-05
2023-08-22,test,0.005512286884201,0,0,0,0.9556363321854735,0.04430964329988554,5.402451464156844e-05
2023-08-23,test,0.0001717277249616,0,0,0,0.9565894936155988,0.04335648186975991,5.402451464156844e-05
2023-08-24,test,0.0009764420911602,0,0,0,0.9479169359208355,0.052010967374651614,7.209670451358535e-05
2023-08-25,test,0.0015216997371158,0,0,0,0.9447643614846182,0.055112318079090374,0.00012332043629198882
2023-08-28,test,0.0160605946993766,0,0,0,0.9281151933072457,0.07157410907343335,0.000310697619320931
2023-08-29,test,0.0095537566707768,0,0,0,0.9600805721855747,0.0399194278144256,0.0
2023-08-30,test,-0.0031465752763765,0,0,0,0.9743188959229883,0.025667191136749798,1.391294026182745e-05
2023-08-31,test,-0.0047435906496014,0,0,0,0.9745794491057526,0.02540663795398547,1.391294026182745e-05
2023-09-01,test,-0.0059403283278615,0,0,0,0.9746742466379089,0.02531184042182899,1.391294026182745e-05
2023-09-04,test,-0.003530161858558,0,0,0,0.9757158016880434,0.02427028537169475,1.391294026182745e-05
2023-09-05,test,-0.0025839462854382,0,0,0,0.9758559894802926,0.024130097579445522,1.391294026182745e-05
2023-09-06,test,-0.00829663140732,0,0,0,0.972955851790544,0.027010173282063028,3.39749273930572e-05
2023-09-07,test,-0.0004725403894448,0,0,0,0.9740643005968355,0.025921786462902843,1.391294026182745e-05
2023-09-08,test,0.0058474897555671,0,0,0,0.975225092282834,0.024760994776904223,1.391294026182745e-05
2023-09-11,test,0.0075108159199687,0,0,0,0.9754004286576861,0.0245856584020523,1.391294026182745e-05
2023-09-12,test,0.0021386512218029,0,0,0,0.9760565047383494,0.023929582321388795,1.391294026182745e-05
2023-09-13,test,-0.0033158515775313,0,0,0,0.9764174714245819,0.023568615635156057,1.391294026182745e-05
2023-09-14,test,0.0131662403592823,0,0,0,0.9746868145742954,0.02529927248544263,1.391294026182745e-05
2023-09-15,test,7.332387080306101e-05,0,0,0,0.9761100011168998,0.02387608594283827,1.391294026182745e-05
2023-09-18,test,-0.0071039913123483,0,0,0,0.9759820200853437,0.024004066974394313,1.391294026182745e-05
2023-09-19,test,0.0047451164456428,0,0,0,0.9767036455675605,0.023282441492177564,1.391294026182745e-05
2023-09-20,test,0.0123716812282166,0,0,0,0.9762592772730349,0.02372680978670327,1.391294026182745e-05
2023-09-21,test,-0.0100965616800612,0,0,0,0.9715803579270591,0.028385667145547928,3.39749273930572e-05
2023-09-22,test,-0.0049237027555888,0,0,0,0.9755080309544171,0.02447805610532099,1.391294026182745e-05
2023-09-25,test,-0.0122830853925037,0,0,0,0.9654298890168489,0.034536136055758004,3.39749273930572e-05
2023-09-26,test,-0.0020369772761847,0,0,0,0.972675293857033,0.02731079320270536,1.391294026182745e-05
2023-09-27,test,-0.0037435599517115,0,0,0,0.9736291826687017,0.026356904391036565,1.391294026182745e-05
2023-09-28,test,0.0101179956686185,0,0,0,0.9758746292021827,0.02411145785755577,1.391294026182745e-05
2023-09-29,test,0.0001273092609365,0,0,0,0.9770362769332596,0.022949810126478842,1.391294026182745e-05
2023-10-02,test,-0.0116286582703662,0,0,0,0.9667505435689733,0.033215481503633744,3.39749273930572e-05
2023-10-03,test,-0.0166088916262361,0,0,0,0.8777565452059845,0.12220947986662234,3.39749273930572e-05
2023-10-04,test,-0.0068533481917545,0,0,0,0.9554617799099645,0.044524307149773984,1.391294026182745e-05
2023-10-05,test,0.0060019897963351,0,0,0,0.9556679931003565,0.044318093959382125,1.391294026182745e-05
2023-10-06,test,0.0084921389327547,0,0,0,0.9571381346719484,0.04284795238779006,1.391294026182745e-05
2023-10-09,test,-0.0091912913589622,0,1,0,0.9445167283330252,0.055449296739581745,3.39749273930572e-05
2023-10-10,test,0.0217049508881631,1,1,0,0.6852229247384548,0.31424906891843757,0.0005280063431086101
2023-10-11,test,0.0008871911069572,1,0,0,0.7465790170151744,0.2530465231812544,0.00037445980357254103
2023-10-12,test,-0.0026101713665208,0,1,0,0.8278746402348556,0.17181805689870652,0.0003073028664387669
2023-10-13,test,-0.0111046606603855,1,0,0,0.7207261515931527,0.2787414207369714,0.0005324276698770219
2023-10-16,test,0.00585306409085,0,0,0,0.7848687274624324,0.2147568127339961,0.00037445980357254103
2023-10-17,test,0.0012267984132275,0,0,0,0.835772816071388,0.16399003067459145,0.00023715325402132162
2023-10-18,test,-0.0092701087141388,0,0,0,0.8460648703574469,0.15283369810024108,0.0011014315423124883
2023-10-19,test,-0.0071789181241014,0,0,0,0.8751981877863415,0.12344350562753803,0.001358306586120818
2023-10-20,test,-0.0129514185649567,0,0,0,0.7048926960829441,0.2929851035308207,0.00212220038623614
2023-10-23,test,-0.0037281991302126,0,0,0,0.8349507186045291,0.16359956249483495,0.0014497189006363255
2023-10-24,test,-0.0021924071622638,0,0,0,0.8857564998964026,0.11382048877044726,0.00042301133315050164
2023-10-25,test,0.0010021937963135,0,0,0,0.9020904499612868,0.09770791911729028,0.00020163092142331415
2023-10-26,test,-0.0024515825511631,0,0,0,0.8829037194452695,0.1165681184168735,0.0005281621378579568
2023-10-27,test,-0.0049773328085812,0,0,0,0.8649202774648004,0.13406414543455328,0.001015577100646768
2023-10-30,test,0.0106625501199189,0,0,0,0.9146539047078618,0.08518424042062302,0.0001618548715159818
2023-10-31,test,0.0003770591048797,0,0,0,0.9567195531100517,0.043266533949686825,1.391294026182745e-05
2023-11-01,test,0.0063784473572732,0,0,0,0.9652111462182668,0.03477494084147161,1.391294026182745e-05
2023-11-02,test,0.0202239063008083,0,0,0,0.8445807894038116,0.1553135386511738,0.00010567194501545272
2023-11-03,test,0.0036110265535653,0,0,0,0.8971919289402999,0.10268433962592478,0.00012373143377570229
2023-11-06,test,-0.00565410286469,0,0,0,0.9264850413453654,0.07342023638800103,9.472226663412802e-05
2023-11-07,test,-0.0006061036106858,0,0,0,0.9686187029786849,0.031367384081053086,1.391294026182745e-05
2023-11-08,test,0.0051728181736417,0,0,0,0.969468729080638,0.0305173579791001,1.391294026182745e-05
2023-11-09,test,0.0129918238741976,0,0,0,0.9511645614605153,0.04880157552453535,3.3863014949293e-05
2023-11-10,test,-0.0035682178471498,0,0,0,0.971311996789282,0.02867409027045599,1.391294026182745e-05
2023-11-13,test,0.0095575608476978,0,0,0,0.9708196419313255,0.029166445128412283,1.391294026182745e-05
2023-11-14,test,0.0169351293233868,0,0,0,0.8757812503528176,0.12413245466360283,8.629498357998728e-05
2023-11-15,test,0.0018065194515364,0,0,0,0.9310054810281563,0.06896065595689425,3.3863014949293e-05
2023-11-16,test,0.0027657005631423,0,0,0,0.9539787544194072,0.0460073326403304,1.391294026182745e-05
2023-11-17,test,0.0096764318619895,0,0,0,0.9530750099734075,0.04691107708633003,1.391294026182745e-05
2023-11-20,test,0.0079182071052735,0,0,0,0.954133434615192,0.045852652444545595,1.391294026182745e-05
2023-11-21,test,-0.00116950156975,0,0,0,0.972401965674271,0.027584121385466776,1.391294026182745e-05
2023-11-22,test,0.006076680456076,0,0,0,0.972401965674271,0.027584121385466776,1.391294026182745e-05
2023-11-23,test,0.0018288996622898,0,0,0,0.9734712258194468,0.026514861240291072,1.391294026182745e-05
2023-11-24,test,0.0033762535536242,0,0,0,0.9747423739164522,0.025243713143285624,1.391294026182745e-05
2023-11-27,test,-0.0002918617468684,0,0,0,0.9763912579834556,0.023594829076282478,1.391294026182745e-05
2023-11-28,test,0.006750524017366,0,0,0,0.9765289950329706,0.023457092026767483,1.391294026182745e-05
2023-11-29,test,0.0059004675076431,0,0,0,0.976468415966902,0.023517671092836062,1.391294026182745e-05
2023-11-30,test,-0.0004373001247777,0,0,0,0.9772775306668453,0.022708556392892643,1.391294026182745e-05
2023-12-01,test,0.0081786296151646,0,0,0,0.9773052152609328,0.022680871798805083,1.391294026182745e-05
2023-12-04,test,0.0036911126277134,0,0,0,0.9773052152609328,0.022680871798805083,1.391294026182745e-05
2023-12-05,test,0.0058874116738824,0,0,0,0.9773052152609328,0.022680871798805083,1.391294026182745e-05
2023-12-06,test,0.0019222037728879,0,0,0,0.9773417878196198,0.022644299240118182,1.391294026182745e-05
2023-12-07,test,-0.0109880601843818,0,0,0,0.9722961423065453,0.027669882766061756,3.39749273930572e-05
2023-12-08,test,0.0075997095315253,0,0,0,0.97243450578115,0.027551581278588255,1.391294026182745e-05
2023-12-11,test,-0.0024876260430595,0,0,0,0.9765112868885442,0.02347480017119383,1.391294026182745e-05
2023-12-12,test,-0.0078064062210341,0,0,0,0.9759081994506968,0.024077887609041258,1.391294026182745e-05
2023-12-13,test,-0.0022360444399722,0,0,0,0.9768223420044759,0.023163745055262207,1.391294026182745e-05
2023-12-14,test,0.007460201629428,0,0,0,0.9767894475324949,0.023196639527243223,1.391294026182745e-05
2023-12-15,test,-0.0075097269313538,0,0,0,0.9760678220502781,0.02391826500945997,1.391294026182745e-05
2023-12-18,test,-0.0040395299464994,0,0,0,0.9769888150797563,0.022997271979981738,1.391294026182745e-05
2023-12-19,test,0.0051384728551759,0,0,0,0.9769378514570126,0.02304823560272545,1.391294026182745e-05
2023-12-20,test,-0.000564160731661,0,0,0,0.9769467394216119,0.02303934763812611,1.391294026182745e-05
2023-12-21,test,0.0003266276421268,0,0,0,0.9772675256519888,0.02271856140774925,1.391294026182745e-05
2023-12-22,test,0.0007519302561493,0,0,0,0.9772065303780754,0.022779556681662625,1.391294026182745e-05
2023-12-27,test,0.0009785076142093,0,0,0,0.9774661064843169,0.02251998057542132,1.391294026182745e-05
2023-12-28,test,-0.0035233220706839,0,0,0,0.9775893724020489,0.022396714657689384,1.391294026182745e-05
2023-12-29,test,0.0015751120702083,0,0,0,0.9776989156047767,0.022287171454961566,1.391294026182745e-05
2024-01-02,test,0.0078879539621563,0,0,0,0.977984100815933,0.022001986243805127,1.391294026182745e-05
2024-01-03,test,-0.0127203137168069,0,0,0,0.9686205234964459,0.03134550157616118,3.39749273930572e-05
2024-01-04,test,0.0127498534796316,0,0,0,0.9760841398612569,0.02390194719848155,1.391294026182745e-05
2024-01-05,test,-0.0017595206050566,0,0,0,0.9765287765097935,0.023457310549944856,1.391294026182745e-05
2024-01-08,test,0.0043684267078966,0,0,0,0.9767425426159905,0.023243544443747727,1.391294026182745e-05
2024-01-09,test,-0.0146727183005486,0,0,0,0.9232309024784585,0.07673512259414857,3.39749273930572e-05
2024-01-10,test,0.0006756764553941,0,0,0,0.9740532314787883,0.025932855580950195,1.391294026182745e-05
2024-01-11,test,-0.0061976303151083,0,0,0,0.9736286861195744,0.02635740094016426,1.391294026182745e-05
2024-01-12,test,0.0089454084060826,0,0,0,0.9749625046172179,0.025023582442520724,1.391294026182745e-05
2024-01-15,test,-0.0017747060076404,0,0,0,0.9751005695451983,0.024885517514540417,1.391294026182745e-05
2024-01-16,test,-0.0082508346350632,0,0,0,0.9726338006176296,0.027332224454977922,3.39749273930572e-05
2024-01-17,test,-0.0127179686526005,0,0,0,0.961718604568549,0.03824742050405872,3.39749273930572e-05
2024-01-18,test,0.0012659447659923,0,0,0,0.9715930115776655,0.028393075482073208,1.391294026182745e-05
2024-01-19,test,-0.0022291357588983,0,0,0,0.9725304382339305,0.027455648825808095,1.391294026182745e-05
2024-01-22,test,0.0110762347655081,0,0,0,0.9721712709256456,0.027814816134093024,1.391294026182745e-05
2024-01-23,test,-0.0109849056796071,0,0,0,0.9624863338931965,0.037479691179410995,3.39749273930572e-05
2024-01-24,test,0.0115766578935419,0,0,0,0.9608208766616577,0.03916521039808095,1.391294026182745e-05
2024-01-25,test,-0.0057716259030966,0,0,0,0.9599667507806542,0.04001933627908477,1.391294026182745e-05
2024-01-26,test,0.0020147893087917,0,0,0,0.9630132242362397,0.036972862823499035,1.391294026182745e-05
2024-01-29,test,-0.0046704114325721,0,0,0,0.9622822351964329,0.03770385186330614,1.391294026182745e-05
2024-01-30,test,0.0149529121655686,0,0,0,0.932007332516641,0.06795767134132075,3.4996142039330115e-05
2024-01-31,test,0.0038177101223021,0,0,0,0.9623316429027712,0.03765444415696761,1.391294026182745e-05
2024-02-01,test,-0.0063409674771716,0,0,0,0.9677132806059591,0.03227280645377936,1.391294026182745e-05
2024-02-02,test,0.0048315288369286,0,0,0,0.9698526176940737,0.03013346936566477,1.391294026182745e-05
2024-02-05,test,-0.0121178655660995,0,0,0,0.9438598770391696,0.056106148033437775,3.39749273930572e-05
2024-02-06,test,0.0061872708244614,0,0,0,0.9699732508073863,0.030012836252352078,1.391294026182745e-05
2024-02-07,test,-0.0083119459308128,0,0,0,0.9620001837123945,0.03796584136021268,3.39749273930572e-05
2024-02-08,test,-0.0014929996569304,0,0,0,0.970759710437546,0.029226376622192466,1.391294026182745e-05
2024-02-09,test,-0.0008888780758975,0,0,0,0.9724320251285674,0.02755406193117119,1.391294026182745e-05
2024-02-12,test,0.0088627165705905,0,0,0,0.9713479766027046,0.028638110457033992,1.391294026182745e-05
2024-02-13,test,-0.0059567735257556,0,0,0,0.9729415127866502,0.027044574273088515,1.391294026182745e-05
2024-02-14,test,-0.0008870861634035,0,0,0,0.9761837963965662,0.023802290663172184,1.391294026182745e-05
2024-02-15,test,0.0010784368662912,0,0,0,0.9762114809906537,0.023774606069084624,1.391294026182745e-05
2024-02-16,test,-0.0041284032511992,0,0,0,0.9760631998344045,0.023922887225333932,1.391294026182745e-05
2024-02-19,test,0.0058896670197813,0,0,0,0.9769699155382607,0.023016171521477804,1.391294026182745e-05
2024-02-20,test,0.0093480529231795,0,0,0,0.9779500136586672,0.022036073401071,1.391294026182745e-05
2024-02-21,test,0.0068502257075073,0,0,0,0.9779500136586672,0.022036073401071,1.391294026182745e-05
2024-02-22,test,0.0031314890571518,0,0,0,0.9778382128109615,0.022147874248776747,1.391294026182745e-05
2024-02-23,test,-0.0008190415860315,0,0,0,0.9777495329429606,0.022236554116777683,1.391294026182745e-05
2024-02-26,test,0.000769725357457,0,0,0,0.9775688409779558,0.022417246081782454,1.391294026182745e-05
2024-02-27,test,-0.0024294247340883,0,0,0,0.9777119419136104,0.02227414514612792,1.391294026182745e-05
2024-02-28,test,-0.0044791771242069,0,0,0,0.9771492885412097,0.022836798518528652,1.391294026182745e-05
2024-02-29,test,-0.0067065664406097,0,0,0,0.9764623322022765,0.023523754857461884,1.391294026182745e-05
2024-03-01,test,0.0063192067778533,0,0,0,0.9768728492123093,0.023113237847429014,1.391294026182745e-05
2024-03-04,test,0.0005065543702645,0,0,0,0.9782337250452631,0.021752362014475127,1.391294026182745e-05
2024-03-05,test,0.0046861967534148,0,0,0,0.9784580106267444,0.0215280764329938,1.391294026182745e-05
2024-03-06,test,0.0078861690375335,0,0,0,0.9786265288362521,0.021359558223486258,1.391294026182745e-05
2024-03-07,test,0.0119317698044574,0,0,0,0.9787729775450128,0.021213109514725402,1.391294026182745e-05
2024-03-08,test,-0.0013478025820936,0,0,0,0.9787452929509253,0.021240794108812962,1.391294026182745e-05
2024-03-11,test,0.0019387928968652,0,0,0,0.9787729775450128,0.021213109514725402,1.391294026182745e-05
2024-03-12,test,0.0061020140024309,0,0,0,0.9787729775450128,0.021213109514725402,1.391294026182745e-05
2024-03-13,test,0.0163826595652666,0,0,0,0.9698322784160088,0.0301538086437292,1.391294026182745e-05
2024-03-14,test,-0.0066505399274413,0,0,0,0.9782055717347101,0.02178051532502809,1.391294026182745e-05
2024-03-15,test,0.0101858194275587,0,0,0,0.9782078539908483,0.021778233068889832,1.391294026182745e-05
2024-03-18,test,-0.0001132548177934,0,0,0,0.9782569486634659,0.021729138396272194,1.391294026182745e-05
2024-03-19,test,0.0098319602082518,0,0,0,0.9781400928603878,0.02184599419935014,1.391294026182745e-05
2024-03-20,test,0.0047636751431188,0,0,0,0.9781400928603878,0.02184599419935014,1.391294026182745e-05
2024-03-21,test,0.0106383982050557,0,0,0,0.9774442319108708,0.022541855148867463,1.391294026182745e-05
2024-03-22,test,0.0069415927601288,0,0,0,0.9778799048410393,0.02210618221869892,1.391294026182745e-05
2024-03-25,test,0.0008220905163925,0,0,0,0.9782429916181131,0.021743095441624907,1.391294026182745e-05
2024-03-26,test,0.0035818796607032,0,0,0,0.9782429916181131,0.021743095441624907,1.391294026182745e-05
2024-03-27,test,0.0108403441115125,0,0,0,0.9782243556227396,0.02176173143699853,1.391294026182745e-05
2024-03-28,test,-0.003308428304241,0,0,0,0.9784753930117035,0.021510694048034563,1.391294026182745e-05
2024-04-02,test,-0.0089795710448425,0,0,0,0.974846069267259,0.02511995580534787,3.39749273930572e-05
2024-04-03,test,0.0051527244556639,0,0,0,0.9774097822903546,0.02257630476938352,1.391294026182745e-05
2024-04-04,test,0.0052976714466065,0,0,0,0.9779589835814312,0.022027103478306952,1.391294026182745e-05
2024-04-05,test,-0.015895384636642,0,0,0,0.8781362181008837,0.12186378189911631,0.0
2024-04-08,test,-0.0003848482579025,0,0,0,0.9670734625661119,0.032926537433888514,0.0
2024-04-09,test,-0.0088182352875811,0,0,0,0.9612861714974144,0.03871382850258621,0.0
2024-04-10,test,-0.0037978833107968,0,0,0,0.9719908314230373,0.027995255636701175,1.391294026182745e-05
2024-04-11,test,-0.0116875416929808,0,0,0,0.9456729651251391,0.054293059947468324,3.39749273930572e-05
2024-04-12,test,0.003393379238749,0,0,0,0.9727949768828382,0.027191110176900332,1.391294026182745e-05
2024-04-15,test,0.0001123084332523,0,0,0,0.9680283298107194,0.03197167018928104,0.0
2024-04-16,test,-0.0151128590199888,0,0,0,0.8620623470470519,0.137937652952948,0.0
2024-04-17,test,0.010113125023888,0,0,0,0.9551144295803076,0.044885570419692815,0.0
2024-04-18,test,0.0122530828435954,0,0,0,0.950850852590712,0.0491491474092885,0.0
2024-04-19,test,-0.0033031735819152,0,0,0,0.954173523771827,0.04581256328791165,1.391294026182745e-05
2024-04-22,test,0.0148663629494283,0,1,0,0.8955738773070961,0.10431250406661305,0.00011361862629135205
2024-04-23,test,0.0168631477462388,1,0,0,0.7491853738220219,0.250318058511082,0.000496567666897524
2024-04-24,test,-0.0043071282985995,0,0,0,0.7875609590706415,0.2122269381443899,0.0002121027849699183
2024-04-25,test,-0.0040069662112483,0,0,0,0.8175360724322162,0.18228348343082262,0.0001804441369621152
2024-04-26,test,0.0154395604426736,0,0,0,0.716708947971801,0.2828196440609518,0.0004714079672481285
2024-04-29,test,-0.0048347736640632,0,1,0,0.7531779941320947,0.24653141271931772,0.0002905931485882738
2024-04-30,test,-0.0224465964757938,1,1,1,0.23785536538913526,0.7545160318186239,0.007628602792241671
2024-05-02,test,0.0016201131257957,1,1,1,0.3180778578617459,0.6765306749755725,0.0053914671626817635
2024-05-03,test,-0.0015924929407647,1,1,1,0.3997015948327697,0.5974013784698632,0.002897026697367323
2024-05-06,test,0.0057688224695011,1,1,0,0.5580118523895771,0.4411334917470105,0.0008546558634130554
2024-05-07,test,0.014855934331712,1,1,1,0.40405939658863765,0.5926771776076469,0.0032634258037148424
2024-05-08,test,0.0064855793031086,1,1,1,0.45467605359530966,0.5429405075230513,0.002383438881638866
2024-05-09,test,-0.0092690776661908,1,1,1,0.4583571914564451,0.539963779970885,0.001679028572670116
2024-05-10,test,0.0050010387502174,1,0,0,0.5909292756734804,0.40828428029907465,0.0007864440274452133
2024-05-13,test,0.0041783729217416,0,0,0,0.6491002178214522,0.3501562066621907,0.0007435755163572445
2024-05-14,test,0.0077976935503373,0,0,0,0.6524609408783285,0.346745176510132,0.0007938826115396168
2024-05-15,test,0.010928297038047,0,0,0,0.6661220177704873,0.33328535028616657,0.0005926319433463234
2024-05-16,test,-0.0056040849950639,0,0,0,0.6731432735001118,0.326409941770298,0.0004467847295908536
2024-05-17,test,0.0025103111803719,0,0,0,0.7255170280136835,0.2739530574286211,0.0005299145576954342
2024-05-20,test,0.0010411348249191,0,0,0,0.7854877270857501,0.21397025376467174,0.0005420191495778358
2024-05-21,test,-0.0004057094660808,0,0,0,0.8696746922489058,0.12969697198821503,0.0006283357628786417
2024-05-22,test,-0.0005206862593472,0,0,0,0.9145798603806337,0.08532937963807524,9.075998129028514e-05
2024-05-23,test,-0.0015812999645633,0,0,0,0.9181927562869598,0.08171648373174918,9.075998129028514e-05
2024-05-24,test,-0.0057720000567781,0,0,0,0.9189668688915867,0.08094237112712241,9.075998129028514e-05
2024-05-27,test,0.0070443106348755,0,0,0,0.9154599412719737,0.08444929874673524,9.075998129028514e-05
2024-05-28,test,-0.0043802472530194,0,0,0,0.9159100846915476,0.08399915532716157,9.075998129028514e-05
2024-05-29,test,-0.0116766688698555,0,0,0,0.9597223399181364,0.040154032960931174,0.00012362712093233713
2024-05-30,test,0.017177668385959,0,0,0,0.9331607726146026,0.06683922738539677,0.0
2024-05-31,test,-0.0014298371535014,0,0,0,0.9672436156753697,0.03274247138436801,1.391294026182745e-05
2024-06-03,test,0.0066199927197111,0,0,0,0.9681749052452306,0.03181118181450695,1.391294026182745e-05
2024-06-04,test,-0.0097692326643452,0,0,0,0.9582062477942346,0.04167012508483286,0.00012362712093233713
2024-06-05,test,0.0058923043113844,0,0,0,0.9684300840514337,0.031556003008303815,1.391294026182745e-05
2024-06-06,test,0.0079747752066454,0,0,0,0.9684255533191062,0.03156053374063147,1.391294026182745e-05
2024-06-07,test,-0.0034224533234974,0,0,0,0.9697771540823718,0.03020893297736596,1.391294026182745e-05
2024-06-10,test,-0.0041912006282699,0,0,0,0.970605487615071,0.029380599444666783,1.391294026182745e-05
2024-06-11,test,-0.0161280390080834,0,0,0,0.8746864530773738,0.12518991980169394,0.00012362712093233713
2024-06-12,test,0.006235308652096,0,0,0,0.959948701986153,0.04003738507358518,1.391294026182745e-05
2024-06-13,test,-0.0160728450553123,0,0,0,0.7968468702264541,0.2029888630135183,0.00016426676002820648
2024-06-14,test,-0.0066913359089391,0,0,0,0.8928647472937205,0.10706151134431502,7.374136196440142e-05
2024-06-17,test,-0.002988349874588,0,0,0,0.9141602361201994,0.08580590086485099,3.3863014949293e-05
2024-06-18,test,0.0098243139950782,0,0,0,0.9110709936774899,0.08855623000577109,0.0003727763167383604
2024-06-19,test,-0.0010214928852064,0,0,0,0.9279623624581899,0.07169387039221296,0.0003437671495967861
2024-06-20,test,0.0093712776657885,0,0,0,0.9084851198983709,0.09105442536619444,0.00046045473543506344
2024-06-21,test,-0.0115534427808022,0,0,0,0.846112815752209,0.153064495735588,0.0008226885122035925
2024-06-24,test,0.0125922479912122,0,0,0,0.8088119576581336,0.19088298359205033,0.0003050587498166776
2024-06-25,test,-0.0047731658295821,0,0,0,0.8268950185872124,0.17277660215858995,0.00032837925419802164
2024-06-26,test,-0.0079822350440771,0,0,0,0.8417760868114889,0.15766193573365306,0.0005619774548585717
2024-06-27,test,-0.0071877299715676,0,0,0,0.9137826943440573,0.08615443347385168,6.287218209086729e-05
2024-06-28,test,-0.0007124671113176,0,0,0,0.9391738691640314,0.060812217895707135,1.391294026182745e-05
2024-07-01,test,0.0102997454894692,0,0,0,0.9076669407285278,0.09193258300481652,0.00040047626665599257
2024-07-02,test,-0.013127317261052,0,0,0,0.8515906676429419,0.1478272809649793,0.0005820513920792266
2024-07-03,test,0.0131092113439982,0,0,0,0.794474178764411,0.20500080535598997,0.0005250158795997137
2024-07-04,test,0.0008588308828026,0,0,0,0.8706593610878834,0.1286845402301554,0.0006560986819606217
2024-07-05,test,-0.0038750788711148,0,0,0,0.8805431387422494,0.11880076257578998,0.0006560986819606217
2024-07-08,test,-0.0001270449116102,0,0,0,0.8971994663464834,0.10213155328961243,0.0006689803639050256
2024-07-09,test,-0.0112496392324013,0,0,0,0.8849558502931159,0.11495346566243222,9.068404445226363e-05
2024-07-10,test,0.0157305622624824,0,0,0,0.7849023229285681,0.21478204287538552,0.00031563419604697804
2024-07-11,test,0.0088483773077399,0,0,0,0.8627994885795656,0.13663951052283502,0.0005610008975995491
2024-07-12,test,0.0071898127601103,0,0,0,0.8801447091926327,0.1193259485577756,0.0005293422495917461
2024-07-15,test,-0.0096099277763028,0,0,0,0.854850860253903,0.14437879322743732,0.0007703465186601641
2024-07-16,test,-0.0047226120562098,0,0,0,0.900930827662369,0.09853993238514737,0.0005292399524839701
2024-07-17,test,0.0013245986684367,0,0,0,0.9156000798710481,0.0838996893436098,0.0005002307853423958
2024-07-18,test,0.0038017728423509,0,0,0,0.9331271416522031,0.06657941483539792,0.00029344351239920765
2024-07-19,test,-0.0053969098837968,0,0,0,0.9598832279063828,0.040102859153355125,1.391294026182745e-05
2024-07-22,test,0.0050649242769541,0,0,0,0.9649524643531965,0.035033622706541714,1.391294026182745e-05
2024-07-23,test,0.0061638099672735,0,0,0,0.9662511790218342,0.033734908037903785,1.391294026182745e-05
2024-07-24,test,-0.0002319590748535,0,0,0,0.9724144405447517,0.02757164651498655,1.391294026182745e-05
2024-07-25,test,-0.0057703566629903,0,0,0,0.9733654448935501,0.026620642166188122,1.391294026182745e-05
2024-07-26,test,0.0018197599311757,0,0,0,0.9743251672303805,0.025660919829357698,1.391294026182745e-05
2024-07-29,test,-0.0043171161182453,0,0,0,0.9754321412044853,0.024553945855252786,1.391294026182745e-05
2024-07-30,test,0.0075984493930577,0,0,0,0.9768359782499022,0.02315010880983591,1.391294026182745e-05
2024-07-31,test,-0.0123588858450568,0,0,0,0.9675162324082648,0.03244979266434221,3.39749273930572e-05
2024-08-01,test,-0.0192256766579086,0,1,0,0.8241263439371819,0.17584399282039512,2.9663242422982107e-05
2024-08-02,test,-0.0168534417943616,1,1,0,0.6041688363182348,0.39342395957816656,0.002407204103599449
2024-08-05,test,-0.0236545388871615,1,1,1,0.15656635803605318,0.828189533665145,0.015244108298801457
2024-08-06,test,-0.0031613890149488,1,1,1,0.19460468008815202,0.7916195314463866,0.013775788465461599
2024-08-07,test,0.0198677298964853,1,1,1,0.14863317759893754,0.8360857162827614,0.015281106118301007
2024-08-08,test,-0.0038757906436933,1,1,1,0.1773403056682522,0.8081365330761862,0.014523161255561658
2024-08-09,test,0.007595630130211,1,1,1,0.17638531940613153,0.8103064245142478,0.013308256079620665
2024-08-12,test,0.0007235427868629,1,1,1,0.19630721480571434,0.7929186622734572,0.010774122920828617
2024-08-13,test,0.0072625129107586,1,1,1,0.24373185067663672,0.7474691605010152,0.008798988822348391
2024-08-14,test,0.0027192331791321,1,1,1,0.3882501339832197,0.6069296961857694,0.004820169831010598
2024-08-15,test,0.0122559936015587,1,0,1,0.31069001863917106,0.6830284194743527,0.00628156188647613
2024-08-16,test,0.0058712974542226,0,1,1,0.39174740764351546,0.603997931835848,0.004254660520636672
2024-08-19,test,0.0138582317199497,1,0,1,0.273278853813472,0.719263536499088,0.007457609687440856
2024-08-20,test,-0.0013249210323699,0,0,1,0.39392995992260194,0.6018707265142702,0.004199313563127841
2024-08-21,test,0.0024411985171008,0,0,0,0.5222110190869964,0.47538980485746357,0.002399176055540409
2024-08-22,test,0.0037177575868108,0,0,0,0.5904344724397057,0.4074635434342581,0.002101984126036931
2024-08-23,test,0.0108584142746661,0,0,0,0.5658745111317539,0.4307117836733573,0.0034137051948893923
2024-08-26,test,-0.0011177993670246,0,0,0,0.5910685771170753,0.405808030795918,0.00312339208700788
2024-08-27,test,0.0054355040398246,0,0,0,0.6069669887107739,0.3899207856486126,0.003112225640614479
2024-08-28,test,0.0004501197651419,0,0,0,0.6646161114598003,0.3331919241266344,0.0021919644135654916
2024-08-29,test,0.0023445499032698,0,0,0,0.7098691402515613,0.28843585026732094,0.0016950094811178055
2024-08-30,test,0.0038049105678709,0,0,0,0.8336339272903792,0.1638580801304066,0.002507992579213694
2024-09-02,test,-0.0005790698915124,0,0,0,0.9582444756397871,0.04170366244626439,5.1861913947972835e-05
2024-09-03,test,-0.0102406336627183,0,0,0,0.946493206665908,0.05334521723947347,0.0001615760946184825
2024-09-04,test,-0.0058062238141075,0,0,0,0.9593505901016146,0.04059754798443728,5.1861913947972835e-05
2024-09-05,test,0.0053007237733571,0,0,0,0.9623037681368928,0.037644369949158915,5.1861913947972835e-05
2024-09-06,test,-0.0089546852792289,0,0,0,0.9544364197640435,0.045402004141338055,0.0001615760946184825
2024-09-09,test,0.0088925735075598,0,0,0,0.959670867973823,0.04027727011222888,5.1861913947972835e-05
2024-09-10,test,-0.0061664975896667,0,0,0,0.9619174737732096,0.03803066431284213,5.1861913947972835e-05
2024-09-11,test,0.0067075287344119,0,0,0,0.9614121390356428,0.03853599905040904,5.1861913947972835e-05
2024-09-12,test,0.0106971580210758,0,0,0,0.9606928118115639,0.03925532627448794,5.1861913947972835e-05
2024-09-13,test,0.0122056926382547,0,0,0,0.9579777425000393,0.041970395586012295,5.1861913947972835e-05
2024-09-16,test,0.0035292153254039,0,0,0,0.9602890145395588,0.03965912354649294,5.1861913947972835e-05
2024-09-17,test,0.0105136070536153,0,0,0,0.9592930711363412,0.04065506694971043,5.1861913947972835e-05
2024-09-18,test,-0.0015991208203316,0,0,0,0.9596197103934936,0.04032842769255822,5.1861913947972835e-05
2024-09-19,test,0.007961531291286,0,0,0,0.9568155909633533,0.043132547122698706,5.1861913947972835e-05
2024-09-20,test,-0.0021078061217634,0,0,0,0.9586348759336273,0.04131326215242469,5.1861913947972835e-05
2024-09-23,test,0.0037875470367367,0,0,0,0.9614420857774295,0.03850605230862252,5.1861913947972835e-05
2024-09-24,test,0.0033086363299726,0,0,0,0.9605882911177972,0.03935984696825473,5.1861913947972835e-05
2024-09-25,test,-0.0037580359899385,0,0,0,0.9608651024027065,0.039083035683345375,5.1861913947972835e-05
2024-09-26,test,0.0135268583149318,0,0,0,0.9568315049208559,0.043116633165195935,5.1861913947972835e-05
2024-09-27,test,0.0012290569248831,0,0,0,0.9602503495737632,0.03969778851228864,5.1861913947972835e-05
2024-09-30,test,-0.0075990992889505,0,0,0,0.9567987441174971,0.04305974177501554,0.00014151410748725277
2024-10-01,test,-0.0173076832893272,0,0,0,0.8714188531783073,0.1284575197007609,0.00012362712093233713
2024-10-02,test,-0.0054717634338598,0,0,0,0.9488840199859222,0.051064118100129625,5.1861913947972835e-05
2024-10-03,test,0.0007060673608454,0,0,0,0.9527705505806348,0.04717758750541719,5.1861913947972835e-05
2024-10-04,test,0.0035399651153322,0,0,0,0.9523671860690777,0.047580952016974334,5.1861913947972835e-05
2024-10-07,test,0.0049878661290509,0,0,0,0.9539983864678852,0.04594975161816683,5.1861913947972835e-05
2024-10-08,test,0.001466830255007,0,0,0,0.9365435968075858,0.06335989279806473,9.651039434937139e-05
2024-10-09,test,0.0005792934820017,0,0,0,0.9369014642189103,0.06300202538674013,9.651039434937139e-05
2024-10-10,test,-0.0072484357993239,0,0,0,0.9508540425589277,0.04909409552712386,5.1861913947972835e-05
2024-10-11,test,0.0054156453964576,0,0,0,0.952577663201454,0.04737047488459793,5.1861913947972835e-05
2024-10-14,test,0.011107062876986,0,0,0,0.9540998061984391,0.0458483318876127,5.1861913947972835e-05
2024-10-15,test,0.006669169774064,0,0,0,0.9538412586881758,0.046106879397875944,5.1861913947972835e-05
2024-10-16,test,0.0055586114491684,0,0,0,0.9558071151658444,0.044141022920207496,5.1861913947972835e-05
2024-10-17,test,-0.0077151483522654,0,0,0,0.9493365706791074,0.05052191521340542,0.00014151410748725277
2024-10-18,test,0.0017373446035467,0,0,0,0.9547631565624868,0.04518498152356545,5.1861913947972835e-05
2024-10-21,test,-0.0070773269434535,0,0,0,0.9521862573964529,0.04776188068959889,5.1861913947972835e-05
2024-10-22,test,-0.0007095957965548,0,0,0,0.9530760556505496,0.04687208243550257,5.1861913947972835e-05
2024-10-23,test,0.0027428607462977,0,0,0,0.9536087604797241,0.046339377606327906,5.1861913947972835e-05
2024-10-24,test,-0.002143041581625,0,0,0,0.951018791176239,0.04892934690981294,5.1861913947972835e-05
2024-10-25,test,-0.00230842810517,0,0,0,0.9672835233064532,0.03270256375328516,1.391294026182745e-05
2024-10-28,test,0.0077161852708749,0,0,0,0.9746571827454733,0.025328904314265144,1.391294026182745e-05
2024-10-29,test,-0.0091733476069048,0,0,0,0.9767128988358815,0.023253126236725583,3.39749273930572e-05
2024-10-30,test,-0.0068310585240722,0,0,0,0.978534579185798,0.021451507873940238,1.391294026182745e-05
2024-10-31,test,-0.0036258904536268,0,0,0,0.9787122531151203,0.021273833944617824,1.391294026182745e-05
2024-11-01,test,0.0144927942332257,0,0,0,0.975373970177252,0.024612116882486098,1.391294026182745e-05
2024-11-04,test,-0.0032053673404031,0,0,0,0.9786796102434003,0.02130647681633776,1.391294026182745e-05
2024-11-05,test,0.002884467703649,0,1,0,0.9787072948374879,0.0212787922222502,1.391294026182745e-05
2024-11-06,test,-0.0294778369150433,1,1,1,0.45148734571798504,0.5417723927285039,0.006740261553511032
2024-11-07,test,0.0064859112614317,1,1,0,0.5683533018449465,0.42613411751969377,0.005512580635360145
2024-11-08,test,-0.0016002287524606,1,1,0,0.6507630739554233,0.34302880822412796,0.006208117820448682
2024-11-11,test,0.0039483738614011,1,1,0,0.6949111854012053,0.29921894748775546,0.0058698671110389
2024-11-12,test,-0.0186864562712464,1,1,1,0.2857339618670851,0.7041959049689817,0.010070133163933475
2024-11-13,test,-0.0004833104387013,1,1,1,0.44490699111786564,0.5457056631533274,0.009387345728807051
2024-11-14,test,0.0128553037151296,1,1,1,0.43506316134383743,0.5605570205983926,0.004379818057769997
2024-11-15,test,0.0096373475850214,1,1,1,0.45223547918627754,0.5437612860642911,0.0040032347494316145
2024-11-18,test,0.0033374759097001,1,1,0,0.5196985701101701,0.47725294887247705,0.0030484810173529745
2024-11-19,test,-0.0074280245708243,1,1,0,0.5030312044994562,0.4934833816193546,0.003485413881189284
2024-11-20,test,9.488429558269306e-05,1,0,0,0.5468807339967184,0.4502044181512779,0.0029148478520040154
2024-11-21,test,0.0019137115236205,0,0,0,0.6052023102736381,0.39211324741421927,0.0026844423121428363
2024-11-22,test,0.0038592823856707,0,0,0,0.6190841499553217,0.37825045399763724,0.0026653960470414836
2024-11-25,test,0.004724354201975,0,0,0,0.6173119215716227,0.38002716164129074,0.0026609167870868026
2024-11-26,test,-0.0080498180713267,0,0,0,0.6136416060406719,0.38346093874317433,0.002897455216154254
2024-11-27,test,-0.0033107525027961,0,0,0,0.6311396162235788,0.3663952107573095,0.0024651730191119774
2024-11-28,test,0.0026993893099392,0,0,0,0.6331674258258659,0.3642000286517184,0.002632545522416089
2024-11-29,test,0.002623420508684,0,0,0,0.6608350770483341,0.3360802336648146,0.0030846892868513355
2024-12-02,test,0.0080422737451855,0,0,0,0.6651310563432116,0.33210158762178116,0.002767356035007401
2024-12-03,test,0.0117160384515691,0,0,0,0.6462767318029722,0.3512840713076802,0.0024391968893476422
2024-12-04,test,0.0048728947180805,0,0,0,0.8657048641285876,0.13324084317373164,0.0010542926976798341
2024-12-05,test,0.0155594202256772,0,0,0,0.8597132574392572,0.1392324498630621,0.0010542926976798341
2024-12-06,test,-0.0038610088133262,0,0,0,0.8776265475746614,0.12202563046627675,0.0003478219590607156
2024-12-09,test,-0.005024197252435,0,0,0,0.9110271665021141,0.08825393384452905,0.0007188996533564953
2024-12-10,test,-0.0038370151759558,0,0,0,0.9476714778171823,0.05225179189506292,7.673028775442129e-05
2024-12-11,test,-0.0148351851668631,0,0,0,0.877450031667776,0.12220659983860868,0.0003433684936152948
2024-12-12,test,-0.0020803180119027,0,0,0,0.9417784934953158,0.05814477621692931,7.673028775442129e-05
2024-12-13,test,-0.0010800910718334,0,0,0,0.9410531692619598,0.05887010045028538,7.673028775442129e-05
2024-12-16,test,0.0022523777093891,0,0,0,0.9433073075845618,0.056615962127683654,7.673028775442129e-05
2024-12-17,test,-0.0163056167183831,0,0,0,0.8371220642135235,0.1624872079549498,0.0003907278315268925
2024-12-18,test,0.0025683700449709,0,0,0,0.9227395370288893,0.07709941477085021,0.00016104820026053565
2024-12-19,test,-0.015439767021989,0,0,0,0.7629493761104178,0.2359240197707779,0.001126604118804454
2024-12-20,test,0.0023922109114493,0,0,0,0.8592129108034512,0.14018272819556232,0.0006043610009859495
2024-12-23,test,-0.0027594314654121,0,0,0,0.8881099458374737,0.11151420561112894,0.0003758485513971904
2024-12-24,test,0.0033348665833169,0,0,0,0.8748992828725385,0.12459490177783354,0.000505815349627293
2024-12-27,test,0.005016134379491,0,0,0,0.8584975223346624,0.14085166806640204,0.0006508095989348494
2024-12-30,test,0.0004508501268116,0,0,0,0.8598751019151909,0.13947408848587367,0.0006508095989348494
2024-12-31,test,0.0050320613712926,0,0,0,0.8658391100205263,0.1335100803805381,0.0006508095989348494
2025-01-02,test,0.0070385939587593,0,0,0,0.8660987599274679,0.13325043047359647,0.0006508095989348494
2025-01-03,test,-0.0021690885543347,0,0,0,0.8779107011028057,0.12150488797089505,0.0005844109262984839
2025-01-06,test,0.0133507458125454,0,0,0,0.8801487272560213,0.11934545739435086,0.000505815349627293
2025-01-07,test,0.0003133090250234,0,0,0,0.8774583493947626,0.1219572396789381,0.0005844109262984839
2025-01-08,test,-0.001169062500788,0,0,0,0.8508587062258853,0.14841188859850807,0.0007294051756060403
2025-01-09,test,0.0085410899954188,0,0,0,0.8414495585233349,0.15711975016913934,0.001430691307525302
2025-01-10,test,-0.0151059521075009,0,0,0,0.7001471716694465,0.29686540732767697,0.0029874210028767376
2025-01-13,test,-0.0027938037569729,0,0,0,0.8326705986610726,0.1658689064951146,0.001460494843812231
2025-01-14,test,0.0054521122069116,0,0,0,0.8372679435504766,0.16127156160571068,0.001460494843812231
2025-01-15,test,0.0123804269657362,0,0,0,0.8385448060531842,0.16002517000805627,0.0014300239387588752
2025-01-16,test,-0.0048780708950322,0,0,0,0.832469369236283,0.16568428259185825,0.001846348171858122
2025-01-17,test,0.0063729235201292,0,0,0,0.897864884929654,0.10169549302008071,0.00043962205026458094
2025-01-20,test,0.0022883429746893,0,0,0,0.9033390534451695,0.09622132450456515,0.00043962205026458094
2025-01-21,test,-0.0013572302154647,0,0,0,0.9443528093279756,0.05557046038427011,7.673028775442129e-05
2025-01-22,test,-0.003754729860667,0,0,0,0.9469399729446298,0.05298329676761568,7.673028775442129e-05
2025-01-23,test,0.0091144881921349,0,0,0,0.94451982028882,0.05540344942342556,7.673028775442129e-05
2025-01-24,test,-0.0007425005467503,0,0,0,0.9463087496846619,0.05361452002758362,7.673028775442129e-05
2025-01-27,test,0.0012093564339541,0,0,0,0.9418915727089302,0.057941703003932706,0.00016672428713721514
2025-01-28,test,0.0130098837799396,0,0,0,0.9394735048540799,0.06035977085878321,0.00016672428713721514
2025-01-29,test,0.0108262935064028,0,0,0,0.9394595817862209,0.06037369392664203,0.00016672428713721514
2025-01-30,test,0.0107747397736107,0,0,0,0.9354182964209738,0.06441497929188914,0.00016672428713721514
2025-01-31,test,-0.0040905492017746,0,0,0,0.939514312499581,0.060318963213282076,0.00016672428713721514
2025-02-03,test,-0.0132740566112556,0,0,0,0.933989657939016,0.06588671494005184,0.00012362712093233713
2025-02-04,test,0.0135892664847893,0,0,0,0.9432381563744978,0.05672798061055226,3.3863014949293e-05
2025-02-05,test,0.0131598591701831,0,0,0,0.9159790121390292,0.08384036392432757,0.0001806239366424156
2025-02-06,test,0.015379605822326,0,0,0,0.8312729513572791,0.16843463413952225,0.0002924145031985452
2025-02-07,test,-0.0033123377526787,0,0,0,0.883920805306591,0.11604185895165815,3.733574175094745e-05
2025-02-10,test,0.0015670252016127,0,0,0,0.934224673156184,0.06576141390355371,1.391294026182745e-05
2025-02-11,test,0.0051798135725873,0,0,0,0.9382923525509288,0.061693734508808475,1.391294026182745e-05
2025-02-12,test,0.0106439220088768,0,0,0,0.9354034957517358,0.06458259130800188,1.391294026182745e-05
2025-02-13,test,0.0019189108925907,0,0,0,0.9516550764768106,0.04833101058292728,1.391294026182745e-05
2025-02-14,test,0.0015217033065855,0,0,0,0.9675357056193881,0.032450381440349695,1.391294026182745e-05
2025-02-17,test,0.0046895418931386,0,0,0,0.9681519832596442,0.03183410380009359,1.391294026182745e-05
2025-02-18,test,0.0097092591888289,0,0,0,0.9656862793955905,0.03429980766414759,1.391294026182745e-05
2025-02-19,test,-0.0164539841841152,0,0,0,0.7266857426651661,0.27209330275778304,0.0012209545770507679
2025-02-20,test,0.0029115320897738,0,0,0,0.8884986051145018,0.11127282208606673,0.0002285727994306294
2025-02-21,test,-0.0011651339213749,0,0,0,0.9111847331990625,0.08878306824031015,3.219856062705914e-05
2025-02-24,test,0.0046909867849792,0,0,0,0.8983762445455686,0.10156620408889593,5.755136553531437e-05
2025-02-25,test,0.0079526332773127,0,0,0,0.8984986224367164,0.10144382619774817,5.755136553531437e-05
2025-02-26,test,0.0162733240078672,0,0,0,0.8470725262238334,0.15243789245183553,0.0004895813243304534
2025-02-27,test,-0.0046161277887446,0,0,0,0.8972098682295399,0.10254047576925199,0.0002496560012081321
2025-02-28,test,0.0057630699106681,0,0,0,0.9010473953716167,0.09855709688916335,0.0003955077392194757
2025-03-03,test,0.00193109483921,0,1,0,0.9208661572624048,0.07910164417696795,3.219856062705914e-05
2025-03-04,test,-0.0258603316421878,1,1,1,0.39430750527309943,0.5996597124103331,0.0060327823165674845
2025-03-05,test,0.0138920078432552,1,1,1,0.4019235888840072,0.5909746001182568,0.0071018109977361655
2025-03-06,test,0.0015275292149305,1,1,1,0.49290216911297585,0.5001583041299817,0.006939526757042558
2025-03-07,test,0.0017288256850274,1,1,0,0.5623473182944275,0.43294510486814936,0.004707576837423495
2025-03-10,test,-0.0132424668332776,1,1,1,0.42318845997110865,0.5714591077680147,0.0053524322608760645
2025-03-11,test,-0.0158247054694325,1,1,1,0.25554395814333836,0.7345911553348572,0.009864886521805217
2025-03-12,test,-0.0057084340973252,1,1,1,0.28896359236625957,0.7017607095372881,0.009275698096452767
2025-03-13,test,0.001350213066586,1,1,1,0.4098092328803664,0.5850814198153238,0.0051093473043096055
2025-03-14,test,0.0142414573266921,1,1,1,0.2936084113927021,0.6972355319860276,0.009156056621270739
2025-03-17,test,0.0108595305497163,1,1,1,0.2997293318912562,0.6910859538576807,0.00918471425106332
2025-03-18,test,0.0156595743871882,1,1,1,0.26278551824022006,0.7245699809176059,0.012644500842174368
2025-03-19,test,0.0039905753744964,1,1,1,0.3822710230062942,0.6113262000792719,0.006402776914434062
2025-03-20,test,-0.0076213802052093,1,1,1,0.34932641935641673,0.6442184878383977,0.006455092805185057
2025-03-21,test,0.0032937880302927,1,0,1,0.46650328584669737,0.5298008651081574,0.003695849045145152
2025-03-24,test,-0.0020170131212625,0,1,0,0.5702416338366716,0.427753015645849,0.0020053505174803025
2025-03-25,test,0.0120116637146863,1,0,0,0.525838333572744,0.4716129393453045,0.0025487270819517386
2025-03-26,test,-0.0038712072104306,0,0,0,0.5582386110511575,0.43969548059300084,0.0020659083558423243
2025-03-27,test,-0.000714999658633,0,0,0,0.6224139611584122,0.3759779804391639,0.0016080584024246879
2025-03-28,test,-0.008476800048681,0,0,0,0.5862811333687723,0.4118376971342652,0.0018811694969631356
2025-03-31,test,-0.0131521189126983,0,0,1,0.47743129779009974,0.5203367107392032,0.0022319914706972256
2025-04-01,test,0.0122275404742088,0,0,0,0.7237942237095092,0.27439084393576024,0.0018149323547309677
2025-04-02,test,0.0039929347628103,0,0,0,0.8184173281351241,0.17870128227603024,0.0028813895888456986
2025-04-03,test,-0.0119814252264854,0,2,0,0.6772559033999087,0.32082351647329965,0.0019205801267921498
2025-04-04,test,-0.0600808612737825,2,2,1,0.041040656268097456,0.7373751019780342,0.22158424175386846
2025-04-07,test,-0.0525736937228119,2,2,2,0.005111447403074564,0.13880345199943991,0.8560851005974863
2025-04-08,test,0.0234629956768462,2,2,2,0.0034610610547037702,0.11506256948719563,0.8814763694581006
2025-04-09,test,-0.0224623082470999,2,2,2,0.0026812997397204744,0.0952176062284582,0.9021010940318216
2025-04-10,test,0.0423208381615996,2,2,2,0.003486461169037516,0.09745465160016865,0.8990588872307932
2025-04-11,test,-0.0017565232639095,2,2,2,0.002704597399797001,0.08973169097185024,0.9075637116283523
2025-04-14,test,0.0260138711921377,2,2,2,0.003751572847000781,0.09761028765867354,0.8986381394943249
2025-04-15,test,0.0211470822745123,2,2,2,0.0037803237906664723,0.10125220526770846,0.8949674709416243
2025-04-16,test,0.0048641769953544,2,2,2,0.004431003015141242,0.13376427458890294,0.8618047223959556
2025-04-17,test,-0.0018638455934593,2,2,2,0.005132628507182516,0.12879065404560158,0.8660767174472157
2025-04-22,test,0.0071426921976012,2,1,2,0.006254439540949904,0.18065222316455176,0.8130933372944988
2025-04-23,test,0.0150810252718587,1,1,2,0.0073859469738385385,0.22758748771225373,0.7650265653139078
2025-04-24,test,-0.0021676232054837,1,1,2,0.008616551559247697,0.25625818274357354,0.7351252656971792
2025-04-25,test,0.0132355133078401,1,1,2,0.00994910745355512,0.3195291581001443,0.6705217344463004
2025-04-28,test,0.007519210620308,1,1,2,0.012124007204230694,0.3584885874115422,0.6293874053842266
2025-04-29,test,-0.0066509747279448,1,1,2,0.017029476844252607,0.43016389776549335,0.5528066253902539
2025-04-30,test,-0.0059352247493617,1,1,1,0.024292307177877236,0.5884928062014524,0.3872148866206709
2025-05-02,test,0.0118874309838265,1,1,1,0.03190988239065308,0.6665984088156485,0.3014917087936994
2025-05-05,test,0.0052883933692371,1,0,1,0.034956205211207,0.6892319275689712,0.2758118672198226
2025-05-06,test,0.0009021077965837,0,0,1,0.036895002314112524,0.6935546612561192,0.26955033642976894
2025-05-07,test,-0.0036874308630776,0,0,1,0.03958130872633965,0.7460873851399168,0.21433130613374377
2025-05-08,test,0.000630346359395,0,0,1,0.09957651830803006,0.8565226840007005,0.04390079769126922
2025-05-09,test,0.0048219017917717,0,0,1,0.09974266965467216,0.8566466907949996,0.04361063955032813
2025-05-12,test,0.0074386545928103,0,0,1,0.15557206628865097,0.80270802444962,0.041719909261729
2025-05-13,test,0.0082992124020865,0,0,0,0.5358615276936245,0.44293346576874176,0.021205006537633436
2025-05-14,test,0.0051504923064013,0,0,0,0.5367768823325444,0.44197733286312296,0.021245784804332358
2025-05-15,test,0.0064817441471038,0,0,0,0.5411367144824099,0.43788994645726104,0.020973339060328663
2025-05-16,test,0.0095947328630021,0,0,0,0.5417114053993062,0.43745728415198676,0.020831310448706772
2025-05-19,test,0.0024499808089842,0,0,0,0.5450446704814829,0.4349390832411204,0.02001624627739659
2025-05-20,test,0.0157907179065983,0,0,0,0.5389609828923264,0.44005797453756756,0.02098104257010557
2025-05-21,test,-0.0011037534737966,0,0,0,0.5507516823955987,0.42956629117243283,0.019682026431968393
2025-05-22,test,-0.0024562284597485,0,0,0,0.5959334846327504,0.38697207056365107,0.01709444480359807
2025-05-23,test,-0.0118691012945101,0,0,0,0.5858077502408454,0.3960483800094458,0.01814386974970842
2025-05-26,test,0.008296400597549,0,0,0,0.6085113514909049,0.3756866397365585,0.015802008772536125
2025-05-27,test,0.0012860027596689,0,0,0,0.6447354532847102,0.34083851287985056,0.01442603383543861
2025-05-28,test,-0.0098305889514568,0,0,0,0.6380175403126007,0.3462760734924269,0.01570638619497152
2025-05-29,test,0.0011340602297735,0,0,0,0.675277899249886,0.31165616919013944,0.013065931559973718
2025-05-30,test,0.0025187206393034,0,0,0,0.6900318759345232,0.2986750981768038,0.011293025888672292
2025-06-02,test,0.0035690116794792,0,0,0,0.7024239743064442,0.28668172364085454,0.01089430205270073
2025-06-03,test,-0.0052521308362805,0,0,0,0.7238340390284035,0.2663693406760698,0.009796620295526411
2025-06-04,test,-0.0019200058148226,0,0,0,0.7534913488408472,0.23770325846512017,0.00880539269403229
2025-06-05,test,0.0072355299325917,0,0,0,0.7663856411208417,0.225253002673453,0.008361356205704827
2025-06-06,test,0.0030859362631379,0,0,0,0.7884294320076595,0.20388647332219825,0.007684094670141784
2025-06-09,test,0.0002596728582062,0,0,0,0.7918511528084105,0.20163178515118074,0.00651706204040805
2025-06-10,test,-0.0021213671667697,0,0,0,0.7919621589507926,0.20029674017554214,0.007741100873664434
2025-06-11,test,-0.0061364600076112,0,0,0,0.7859303880745045,0.20596681237858924,0.00810279954690529
2025-06-12,test,-0.0032030087086813,0,0,0,0.7886280912696599,0.20337530248978786,0.007996606240551351
2025-06-13,test,-0.0127361696762129,0,0,0,0.7566355640711213,0.23491379488722075,0.00845064104165792
2025-06-16,test,0.0142893364342425,0,0,0,0.7616732192671786,0.229493301182543,0.00883347955027786
2025-06-17,test,-0.0142102210522791,0,0,0,0.7204948257877376,0.26810455201074507,0.011400622201516785
2025-06-18,test,0.0008263008304637,0,0,0,0.7556169616972058,0.23354759639374595,0.010835441909047635
2025-06-19,test,-0.0128886529345572,0,0,0,0.7205844753373609,0.2670648880090503,0.012350636653588055
2025-06-20,test,0.0076390043093862,0,0,0,0.756740727047702,0.2321703619301744,0.011088911022122987
2025-06-23,test,-0.000787254072709,0,0,0,0.7580063455339804,0.23100773641836095,0.010985918047657918
2025-06-24,test,0.0140416821267977,0,1,0,0.7555060195542873,0.23551002475682378,0.008983955688888145
2025-06-25,test,-0.0160380218812457,1,0,0,0.6017394002051735,0.38166183452803526,0.01659876526679012
2025-06-26,test,0.00026786514504,0,0,0,0.6670249855877436,0.31882324283020413,0.014151771582051408
2025-06-27,test,0.0110494384806323,0,0,0,0.6398193768834848,0.34813154316080014,0.012049079955713958
2025-06-30,test,0.0016380299221762,0,0,0,0.6745766755093621,0.3127403292297254,0.01268299526091133
2025-07-01,test,-0.0003216663685761,0,0,0,0.6714987406554676,0.3170111304202203,0.01149012892431094
2025-07-02,test,0.0040810001523715,0,0,0,0.6899821764263113,0.30341930563118447,0.006598517942503297
2025-07-03,test,0.0097990886837043,0,0,0,0.7981354241389507,0.20060916051688382,0.0012554153441653975
2025-07-04,test,-0.0149101450367791,0,0,0,0.5708788734497395,0.4273830888492123,0.0017380377010482713
2025-07-07,test,0.0072590543582603,0,0,0,0.6918347130356711,0.30761851841811816,0.0005467685462116933
2025-07-08,test,0.0003338882791453,0,0,0,0.7029738754644503,0.2963280773714127,0.0006980471641381111
2025-07-09,test,0.0123458196523444,0,0,0,0.6639668851345271,0.33553393416347677,0.0004991807019971637
2025-07-10,test,-0.0079448777709299,0,0,0,0.6635705033706248,0.3360109883398126,0.00041850828956394416
2025-07-11,test,-0.0094065100268197,0,0,0,0.6923636948477935,0.3072241807280479,0.0004121244241601709
2025-07-14,test,0.0019111871306572,0,0,0,0.8040528385033766,0.19522879223339357,0.0007183692632305239
2025-07-15,test,-0.0115584058669618,0,0,0,0.7559752806477548,0.24315394287986541,0.0008707764723809992
2025-07-16,test,0.000792495815689,0,0,0,0.8685882332666063,0.13070053711192073,0.0007112296214733246
2025-07-17,test,0.0078048476141215,0,0,0,0.8846277736699342,0.11443263541159977,0.0009395909184658537
2025-07-18,test,-0.0003930887895239,0,0,0,0.8974213930786309,0.10189618005195898,0.0006824268694094564
2025-07-21,test,0.0030334956614443,0,0,0,0.9226291883993284,0.07681220853096804,0.0005586030697028515
2025-07-22,test,0.0007124283420341,0,0,0,0.932727377456195,0.0672101083781506,6.251416565386376e-05
2025-07-23,test,0.0018784035248506,0,0,0,0.9547179984984894,0.04524980294088374,3.219856062705914e-05
2025-07-24,test,0.0133173090425288,0,0,0,0.9468793727235518,0.053088428715820944,3.219856062705914e-05
2025-07-25,test,-0.0013476755188922,0,0,0,0.9539660485732768,0.046001752866096285,3.219856062705914e-05
2025-07-28,test,-0.0012017648375994,0,0,0,0.9604249310511946,0.03957506894880578,0.0
2025-07-29,test,0.0089261615181237,0,0,0,0.9598120264524589,0.0401879735475413,0.0
2025-07-30,test,0.0022903846498622,0,0,0,0.9635018912345499,0.03649810876545032,0.0
2025-07-31,test,0.0011398026675722,0,0,0,0.9638011524829802,0.03619884751702017,0.0
2025-08-01,test,-0.0189532139456026,0,1,0,0.7685377487098495,0.23078393242740247,0.0006783188627479662
2025-08-04,test,0.0181957978720008,1,0,0,0.7872375414893774,0.21166036367476157,0.001102094835860703
2025-08-05,test,0.0014864688580678,0,0,0,0.8280267321668947,0.1710058193750918,0.0009674484580129974
2025-08-06,test,0.0089206758714329,0,0,0,0.8267699417394068,0.1721716925078756,0.0010583657527171834
2025-08-07,test,0.0105587008660236,0,0,0,0.7973795109172254,0.20133585745122984,0.0012846316315446645
2025-08-08,test,0.0090799447815847,0,0,0,0.7961937078637037,0.2012706171056894,0.002535675030606691
2025-08-11,test,0.0020888931872681,0,0,0,0.8666212112432898,0.13143399241959122,0.0019447963371180626
2025-08-12,test,0.0002086232392164,0,0,0,0.8538971262531213,0.14412020509578422,0.0019826686510940566
2025-08-13,test,0.0107702722571647,0,0,0,0.8444306083701266,0.15355705973635586,0.0020123318935170386
2025-08-14,test,0.0123404030228461,0,0,0,0.7933262658693961,0.20424628716325124,0.002427446967352145
2025-08-15,test,0.0046451161038157,0,0,0,0.840208079218208,0.15777958888827454,0.0020123318935170386
2025-08-18,test,-0.0016705486017529,0,0,0,0.8597633221597131,0.13826897919707587,0.0019676986432109115
2025-08-19,test,0.0034101657550918,0,0,0,0.8665382567512055,0.13149404460558348,0.0019676986432109115
2025-08-20,test,-0.0007648211758376,0,0,0,0.904060034988727,0.09480911816237156,0.0011308468489014821
2025-08-21,test,0.0007648211758376,0,0,0,0.9054564468353596,0.09341270631573896,0.0011308468489014821
2025-08-22,test,0.0060585321233572,0,0,0,0.8713263059725256,0.12670599538426336,0.0019676986432109115
2025-08-25,test,-0.0085643026167746,0,0,0,0.8842725470174209,0.1133560372237701,0.002371415758808952
2025-08-26,test,-0.0096233198526663,0,0,0,0.8726912859317202,0.12614665895434443,0.0011620551139354652
2025-08-27,test,-0.006529469812485,0,0,0,0.9100020451749689,0.08959704435559077,0.00040091046944026545
2025-08-28,test,0.0033563433899015,0,0,0,0.9196651950064184,0.0799338945241411,0.00040091046944026545
2025-08-29,test,-0.009037931435731,0,0,0,0.9660541698880902,0.0338222029909773,0.00012362712093233713
2025-09-01,test,0.000241041795964,0,0,0,0.9727661204161747,0.027219966643563256,1.391294026182745e-05
2025-09-02,test,-0.0158688638583214,0,0,0,0.8974018609023597,0.10247451197670812,0.00012362712093233713
2025-09-03,test,0.0057775538163654,0,0,0,0.9617333495782188,0.03825273748151949,1.391294026182745e-05
2025-09-04,test,0.0086778998119488,0,0,0,0.9602515406000078,0.03973454645973031,1.391294026182745e-05
2025-09-05,test,-0.0045281383969741,0,0,0,0.9623371515832397,0.03764893547649866,1.391294026182745e-05
2025-09-08,test,0.0101363742573357,0,0,0,0.9620205495237615,0.03796553753597684,1.391294026182745e-05
2025-09-09,test,0.0014454223936591,0,0,0,0.9627640183875504,0.037222068672187976,1.391294026182745e-05
2025-09-10,test,0.0128037889589869,0,0,0,0.9592095748510361,0.04077651220870205,1.391294026182745e-05
2025-09-11,test,0.0067979229754932,0,0,0,0.958470474028543,0.04151561303119543,1.391294026182745e-05
2025-09-12,test,-0.0008553590606233,0,0,0,0.9603588272341947,0.039627259825543715,1.391294026182745e-05
2025-09-15,test,0.0056606062966811,0,0,0,0.9607922893898142,0.03919379766992429,1.391294026182745e-05
2025-09-16,test,-0.0151712298520506,0,0,0,0.8826561162540925,0.11722025662497597,0.00012362712093233713
2025-09-17,test,-0.0023835609492247,0,0,0,0.954113045601843,0.045873041457895496,1.391294026182745e-05
2025-09-18,test,0.0031812606859477,0,0,0,0.9536603401790473,0.04598238777678627,0.0003572720441667784
2025-09-19,test,0.0056051876801075,0,0,0,0.954928030693621,0.04505805636611771,1.391294026182745e-05
2025-09-22,test,-0.0117457778294934,0,0,0,0.9325083339836252,0.06702467979153802,0.00046698622483728813
2025-09-23,test,0.0050065212077699,0,0,0,0.9467870442045073,0.053212955795493316,0.0
2025-09-24,test,0.0023984233247338,0,0,0,0.9410885438486866,0.05885390478577829,5.755136553531437e-05
2025-09-25,test,-0.0026953364166262,0,0,0,0.9485412483321881,0.051426553107184775,3.219856062705914e-05
2025-09-26,test,0.0128968183241698,0,0,0,0.9267126631321387,0.07291177920332907,0.0003755576645320101
2025-09-29,test,-0.0022239497419223,0,0,0,0.9418782620791906,0.057746180256277056,0.0003755576645320101
2025-09-30,test,0.0103082105397552,0,0,0,0.9619926089716658,0.037993478088072505,1.391294026182745e-05
2025-10-01,test,0.0041142907406553,0,0,0,0.9648761560470397,0.03510993101269871,1.391294026182745e-05
2025-10-02,test,-0.0027452641294821,0,0,0,0.9697794624301034,0.030206624629635012,1.391294026182745e-05
2025-10-03,test,0.0057204593789291,0,0,0,0.9586838222873746,0.04131617771262599,0.0
2025-10-06,test,-0.0018238780104708,0,0,0,0.9667265226200081,0.03325956443973011,1.391294026182745e-05
2025-10-07,test,-0.0019109825512586,0,0,0,0.9685678880929115,0.03141819896682689,1.391294026182745e-05
2025-10-08,test,0.009697134220681,0,0,0,0.9684614869298183,0.031524600129919936,1.391294026182745e-05
2025-10-09,test,-0.0059815104670995,0,0,0,0.9714849665584442,0.02850112050129425,1.391294026182745e-05
2025-10-10,test,-0.006973323346297,0,0,0,0.9708365291311678,0.029149557928570657,1.391294026182745e-05
2025-10-13,test,0.0041975302019604,0,0,0,0.9715581546133846,0.028427932446353915,1.391294026182745e-05
2025-10-14,test,0.0028784896031755,0,0,0,0.9753647542998777,0.0246213327598605,1.391294026182745e-05
2025-10-15,test,-0.0010335232723459,0,0,0,0.9751774953659028,0.024808591693835345,1.391294026182745e-05
2025-10-16,test,0.0048372569388086,0,0,0,0.9753802313529788,0.024605855706759362,1.391294026182745e-05
2025-10-17,test,-0.0028610983261224,0,0,0,0.9755121210987785,0.024473965960959645,1.391294026182745e-05
2025-10-20,test,0.0144580652051586,0,0,0,0.9718782695595778,0.02810781750016023,1.391294026182745e-05
2025-10-21,test,-0.0038739989357824,0,0,0,0.9763573934616311,0.023628693598107164,1.391294026182745e-05
2025-10-22,test,0.0009192138744261,0,0,0,0.9763850780557186,0.023601009004019603,1.391294026182745e-05
2025-10-23,test,0.0006714799233148,0,0,0,0.9764983318061449,0.023487755253593513,1.391294026182745e-05
2025-10-24,test,0.0043786296692108,0,0,0,0.9775253859542797,0.022460701105458687,1.391294026182745e-05
2025-10-27,test,0.0087064450804144,0,0,0,0.9779436071513617,0.02204247990837645,1.391294026182745e-05
2025-10-28,test,0.0054102580396353,0,0,0,0.9779436071513617,0.02204247990837645,1.391294026182745e-05
2025-10-29,test,0.0039147250046321,0,0,0,0.9779436071513617,0.02204247990837645,1.391294026182745e-05
2025-10-30,test,-0.0068219240838047,0,0,0,0.9774788186858109,0.02250726837392745,1.391294026182745e-05
2025-10-31,test,-0.000480168341567,0,0,0,0.9777966804073825,0.022189406652355814,1.391294026182745e-05
2025-11-03,test,0.0002744275392405,0,0,0,0.9777966804073825,0.022189406652355814,1.391294026182745e-05
2025-11-04,test,-3.738982257989776e-05,0,0,0,0.9777966804073825,0.022189406652355814,1.391294026182745e-05
2025-11-05,test,0.0038587497307631,0,0,0,0.9779436071513617,0.02204247990837645,1.391294026182745e-05
2025-11-06,test,0.0012167474674647,0,0,0,0.9779264496967656,0.02205963736297274,1.391294026182745e-05
2025-11-07,test,-0.0135294796724229,0,0,0,0.9498015975647381,0.050164427507869064,3.39749273930572e-05
2025-11-10,test,0.0175232312076315,0,0,0,0.9630431085363272,0.03695689146367326,0.0
2025-11-11,test,0.0126678109323538,0,0,0,0.9708101121732674,0.029175974886471324,1.391294026182745e-05
2025-11-12,test,0.0137558745587507,0,0,0,0.9645867608623787,0.03539932619735957,1.391294026182745e-05
2025-11-13,test,-0.0023137513948931,0,0,0,0.9685439404621873,0.03144214659755134,1.391294026182745e-05
2025-11-14,test,-0.0140632202657224,0,1,0,0.8596897226687595,0.14031027733124124,0.0
2025-11-17,test,-0.0106586971687275,1,1,0,0.8972675287592077,0.10256510616913075,0.000167365071661996
2025-11-18,test,-0.0216010857481435,1,1,1,0.37212810902208726,0.6247126773296516,0.0031592136482612543
2025-11-19,test,0.0039285720716094,1,1,0,0.5872759196752866,0.4117815512631028,0.0009425290616112596
2025-11-20,test,0.0062488414921496,1,1,0,0.6357382225997054,0.36362882077691294,0.0006329566233821695
2025-11-21,test,-0.010499674960281,1,1,0,0.5356833348239854,0.463506577773847,0.0008100874021674367
2025-11-24,test,0.0091791012542971,1,1,0,0.601319426973478,0.397984771514333,0.000695801512189247
2025-11-25,test,0.0107822653609613,1,1,0,0.5825020048612408,0.416666460067224,0.0008315350715357564
2025-11-26,test,0.0135500946329869,1,1,1,0.456781371185013,0.5407723612967774,0.0024462675182092284
2025-11-27,test,4.2795432259624e-05,1,1,0,0.6005601892172647,0.39868662445773284,0.0007531863250029119
2025-11-28,test,0.0005987648796461,1,0,0,0.6624836335046352,0.3367788069877529,0.000737559507612248
2025-12-01,test,0.0010622755669149,0,0,0,0.7027435116259697,0.296716941025316,0.0005395473487144766
2025-12-02,test,0.0051183456914983,0,0,0,0.7470782624043342,0.2522984131616028,0.0006233244340628223
2025-12-03,test,0.0068121074446986,0,0,0,0.7451478761768723,0.25411287474978694,0.0007392490733405355
2025-12-04,test,0.0096543980486722,0,0,0,0.7441379101243636,0.25512284080229564,0.0007392490733405355
2025-12-05,test,-0.0034753698078949,0,0,0,0.7718101825711736,0.22785528046483355,0.0003345369639929983
2025-12-08,test,0.0014190854252433,0,0,0,0.8071168239607567,0.1926027650551383,0.00028041098410560244
2025-12-09,test,0.0013335118307999,0,0,0,0.8706918871630688,0.12860821041351905,0.0006999024234119318
2025-12-10,test,0.0016717918930893,0,0,0,0.8788419048642817,0.12062364001269968,0.0005344551230185265
2025-12-11,test,0.0071629498872597,0,0,0,0.8784748257891231,0.12125409279968351,0.0002710814111933109
2025-12-12,test,-0.0016954250116831,0,0,0,0.914949370349841,0.08394513560616569,0.0011054940439932269
2025-12-15,test,0.011033927089411,0,0,0,0.8660921470401448,0.13199835717119415,0.001909495788660747
2025-12-16,test,-0.0070370364709109,0,0,0,0.9716741482306714,0.02831193882906667,1.391294026182745e-05
2025-12-17,test,0.0009627159737787,0,0,0,0.9736853674788456,0.026300719580892605,1.391294026182745e-05
2025-12-18,test,0.0114116784448237,0,0,0,0.9715252386018403,0.028460848457897727,1.391294026182745e-05
2025-12-19,test,0.0021690135988237,0,0,0,0.9743050776675064,0.02568100939223149,1.391294026182745e-05
2025-12-22,test,-0.0006875349685263,0,0,0,0.9751039491365137,0.024882137923224214,1.391294026182745e-05
2025-12-23,test,0.0014443918020279,0,0,0,0.9753066851235898,0.024679401936148235,1.391294026182745e-05
2025-12-24,test,-0.0005763463158284,0,0,0,0.9755490496675261,0.024437037392211963,1.391294026182745e-05
2025-12-29,test,0.0013326307502604,0,0,0,0.9748273170862907,0.025158769973447393,1.391294026182745e-05
2025-12-30,test,0.0092096963897338,0,0,0,0.9748273170862907,0.025158769973447393,1.391294026182745e-05
2025-12-31,test,-0.0027175976926126,0,0,0,0.9751778950776558,0.02480819198208221,1.391294026182745e-05
2026-01-02,test,0.0106092111326019,0,0,0,0.9730009281273914,0.02698515893234655,1.391294026182745e-05
2026-01-05,test,0.0069502482935025,0,0,0,0.9731759795203799,0.026810107539358127,1.391294026182745e-05
2026-01-06,test,0.0018546702847715,0,0,0,0.9712431397415635,0.02874294731817475,1.391294026182745e-05
2026-01-07,test,-0.002877083928802,0,0,0,0.969467591889951,0.030518495169787135,1.391294026182745e-05
2026-01-08,test,0.0033076347644348,0,0,0,0.9701181138542807,0.029867973205457362,1.391294026182745e-05
2026-01-09,test,-0.0003228680804351,0,0,0,0.971215455147476,0.02877063191226231,1.391294026182745e-05
2026-01-12,test,0.0014042366277201,0,0,0,0.9701181138542807,0.029867973205457362,1.391294026182745e-05
2026-01-13,test,0.0007521770432934,0,0,0,0.971215455147476,0.02877063191226231,1.391294026182745e-05
2026-01-14,test,0.0004860898419087,0,0,0,0.9696183704967583,0.03036771656297988,1.391294026182745e-05
2026-01-15,test,-0.002999572254662,0,0,0,0.9697753848455375,0.030210702214200653,1.391294026182745e-05
2026-01-16,test,0.0038582354969217,0,0,0,0.9695192513123583,0.030466835747379926,1.391294026182745e-05
2026-01-19,test,-0.0025779836793687,0,0,0,0.9697997498200613,0.030186337239676817,1.391294026182745e-05
2026-01-20,test,-0.0134611069515572,0,0,0,0.9439270748509931,0.05594929802807493,0.00012362712093233713
2026-01-21,test,0.0005965476703937,0,0,0,0.9680627963529289,0.031923290706809486,1.391294026182745e-05
2026-01-22,test,0.012756975896335,0,0,0,0.9684098574468346,0.031576229612903885,1.391294026182745e-05
2026-01-23,test,-0.0067598913031978,0,0,0,0.9711540198979262,0.028832067161812094,1.391294026182745e-05
2026-01-26,test,0.0077275044143812,0,0,0,0.9719948875300346,0.027991199529703546,1.391294026182745e-05
2026-01-27,test,0.006966408560411,0,0,0,0.9697624855983864,0.03022360146135195,1.391294026182745e-05
2026-01-28,test,-0.0110981410787458,0,0,0,0.9578249974313114,0.042051375447757,0.00012362712093233713
2026-01-29,test,-0.0010171457904029,0,0,0,0.9677170290841774,0.032269057975561136,1.391294026182745e-05
2026-01-30,test,0.0164196668511226,0,0,0,0.9588654665184887,0.04112062054124972,1.391294026182745e-05
2026-02-02,test,0.0130181958384549,0,0,0,0.9622811822128645,0.03770490484687373,1.391294026182745e-05
2026-02-03,test,0.00022078467913,0,0,0,0.9650761154809538,0.03490997157878471,1.391294026182745e-05
2026-02-04,test,-0.0009220561317277,0,1,0,0.9683377138654012,0.031648373194337207,1.391294026182745e-05
2026-02-05,test,-0.0198729627692467,1,1,0,0.7122229430656412,0.285699738580728,0.0020773183536309083
2026-02-06,test,0.0110397422311991,1,1,0,0.7687822151877863,0.22773218391718958,0.0034856008950240793
2026-02-09,test,0.0139354758529254,1,1,0,0.685383099984902,0.3137827713225576,0.0008341286925406923
2026-02-10,test,-0.0040201392115168,1,0,0,0.735157323196021,0.26415066368968854,0.0006920131142903564
2026-02-11,test,-0.0042912371798471,0,0,0,0.7864116313315367,0.2132392636602875,0.0003491050081758366
2026-02-12,test,-0.0082133938869223,0,1,0,0.7592025467811372,0.24048601150020218,0.0003114417186607987
2026-02-13,test,-0.0126234126757751,1,1,0,0.6909749312881618,0.3088045744795794,0.00022049423225955586
2026-02-16,test,0.0098873344885761,1,0,0,0.7169901570517249,0.28242194400909454,0.0005878989391814601
2026-02-17,test,0.0059994699719737,0,0,0,0.7749099486467761,0.22491689882576055,0.0001731525274636403
2026-02-18,test,0.0134152971732315,0,1,0,0.7171216332393772,0.28165937941988745,0.0012189873407364572
2026-02-19,test,-0.0099627164589778,1,0,0,0.6928552535815474,0.3064788149388852,0.0006659314795679801
2026-02-20,test,0.009308559487262,0,0,0,0.7110794268244384,0.28835062033727454,0.0005699528382880296
2026-02-23,test,0.0056312727640149,0,0,0,0.7267806479844554,0.2727300356587192,0.0004893163568261227
2026-02-24,test,-0.0054388355460633,0,0,0,0.7601731288030208,0.2391641781860269,0.0006626930109528861
2026-02-25,test,0.0148158942667595,0,0,0,0.7062201297797015,0.2925608828795629,0.0012189873407364572
2026-02-26,test,0.0019265115030075,0,0,0,0.7331201714842732,0.26662843380154316,0.00025139471418404654
2026-02-27,test,-0.0073689105137329,0,1,0,0.7713513145704606,0.22817012390395128,0.0004785615255887016
2026-03-02,test,-0.0265967313292655,1,2,1,0.22072691405558306,0.7686773935447059,0.010595692399712054
2026-03-03,test,-0.0467440334323915,2,2,1,0.06468135127808684,0.8036893840876611,0.13162926463425217
2026-03-04,test,0.0245805127154725,2,2,1,0.09725702542844335,0.8334996413904476,0.0692433331811085
2026-03-05,test,-0.0139239491479199,2,2,1,0.07552422966769481,0.8534326825664313,0.07104308776587363
2026-03-06,test,-0.0099535099585643,2,1,1,0.06633348494032221,0.857648089985282,0.07601842507439541
2026-03-09,test,-0.0085994644249439,1,2,1,0.06171566685839302,0.8409577212194862,0.09732661192212022
2026-03-10,test,0.0300722504386431,2,1,1,0.07720888531466465,0.822205722392648,0.10058539229268688
2026-03-11,test,-0.005351041643262,1,1,1,0.07282053683070044,0.8413241375975918,0.08585532557170711
2026-03-12,test,-0.0122929313581895,1,1,1,0.06038539198071879,0.8373008832352118,0.10231372478406872
2026-03-13,test,-0.0047135462724299,1,1,1,0.06949795447468463,0.8531955411630615,0.0773065043622537
2026-03-16,test,0.0017628557536317,1,1,1,0.06856372874082511,0.8509443344150472,0.08049193684412706
2026-03-17,test,0.0092783219068886,1,1,1,0.0712261286352474,0.8513120351557262,0.077461836209026
2026-03-18,test,0.0029177214230653,1,1,1,0.07018386818988682,0.8502010168849055,0.0796151149252072
2026-03-19,test,-0.0229917579131034,1,1,1,0.05310864331275478,0.8308464589740209,0.11604489771322388
2026-03-20,test,-0.0114160049560938,1,1,1,0.053314167094817136,0.8238887548991586,0.12279707800602403
2026-03-23,test,0.0103684153651034,1,1,1,0.053439062733141356,0.824226754017191,0.12233418324966726
2026-03-24,test,0.0013018370173829,1,1,1,0.05140973034205447,0.8183928046956158,0.13019746496232926
2026-03-25,test,0.0152409295694393,1,1,1,0.05239705871780657,0.8137877936313626,0.13381514765083044
2026-03-26,test,-0.0121292441903992,1,1,1,0.0479553466356798,0.8009992009711684,0.1510454523931515
2026-03-27,test,-0.0095009444787868,1,1,1,0.04465530258159139,0.8047695171333497,0.15057518028505854
2026-03-30,test,0.0098722052183143,1,1,1,0.06029170530543157,0.8681915370846818,0.0715167576098864
2026-03-31,test,0.0047268300523757,1,1,1,0.13985561874171726,0.8130055738212562,0.04713880743702716
2026-04-01,test,0.0306579472134099,1,1,1,0.1671324071063809,0.7838924149841614,0.04897517790945816
2026-04-02,test,-0.0013945693442921,1,1,1,0.14283841439950826,0.8231295644975077,0.03403202110298452
2026-04-07,test,-0.0063771054933598,1,1,1,0.11061820296869025,0.8524095139426574,0.036972283088653184
2026-04-08,test,0.0386819288536083,1,1,1,0.15494427376937156,0.7980306208687297,0.047025105361898946
2026-04-09,test,-0.0015122799201337,1,1,1,0.15746373929179144,0.8067491450253771,0.03578711568283146
2026-04-10,test,0.0054752313869095,1,1,1,0.15636797309178876,0.808147456967359,0.03548456994085215
2026-04-13,test,-0.0099647227309958,1,1,1,0.14846932563150217,0.8166949786723267,0.034835695696171
2026-04-14,test,0.0144480369321593,1,1,1,0.15799768716982598,0.807424908650701,0.034577404179472825
2026-04-15,test,-0.0055000742979718,1,1,1,0.1584335496588823,0.8074129837537473,0.03415346658737023
2026-04-16,test,-0.0053094532866625,1,1,1,0.1576080968802749,0.8080005060461481,0.0343913970735769
2026-04-17,test,0.0216008836188053,1,1,1,0.15847423750920583,0.8070460586940433,0.034479703796750714
2026-04-20,test,-0.0121703596592752,1,1,1,0.20339153738905608,0.7582453605993922,0.03836310201155209
2026-04-21,test,-0.0064994408612021,1,1,1,0.2083334559590216,0.7536294110674308,0.038037132973548
2026-04-22,test,-0.007535470593175,1,1,1,0.2042594155164984,0.7571237876794137,0.03861679680408838
