date,sample_split_main,sample_split_robust,ret_1d,ewma_vol,cvar_95_60d,p_regime_0,p_regime_1,p_regime_2,regime
2000-03-28,train,train,0.0040290096648025,0.0127993146708055,-0.0301116875110569,0.591947770442302,0.3527944401344133,0.055257789423284506,0
2000-03-29,train,train,-0.0100825252730942,0.0126527683782133,-0.0257408660727758,0.5421494324498365,0.4165255323407657,0.041325035209397724,0
2000-03-30,train,train,-0.0213366929395534,0.0133342514866999,-0.0224760604672577,0.06833500382943564,0.823867486606549,0.10779750956401532,1
2000-03-31,train,train,0.0085491936104847,0.0130965434230296,-0.0224760604672577,0.11181882857455869,0.8213412903892228,0.06683988103621867,1
2000-04-03,train,train,-0.0210494747139252,0.0137044921758287,-0.0224760604672577,0.009611019411554912,0.8930408135456492,0.09734816704279603,1
2000-04-04,train,train,-0.0087836972628787,0.0134600713113217,-0.0224760604672577,0.024727538006782755,0.9118548550209158,0.06341760697230152,1
2000-04-05,train,train,-0.0182593711473759,0.0137951943301053,-0.0224760604672577,0.0062373506347003765,0.9230077927875756,0.0707548565777241,1
2000-04-06,train,train,0.0203031901128648,0.0142696221090327,-0.0224760604672577,0.004141795290480124,0.9078096740260744,0.08804853068344587,1
2000-04-07,train,train,0.0156166519047697,0.0143540090995305,-0.0224760604672577,0.010345333732962217,0.9110241272907966,0.07863053897624102,1
2000-04-10,train,train,-0.0018590910882503,0.0139241766642091,-0.0224760604672577,0.0463384909384856,0.9094056621575027,0.0442558469040118,1
2000-04-11,train,train,-0.0217669344363005,0.0145147407870341,-0.0226194742995068,0.0036085679057282485,0.9275538943283572,0.06883753776591463,1
2000-04-12,train,train,0.0023246198338672,0.0140840785836427,-0.0226194742995068,0.03735820653863594,0.9232449627668835,0.039396830694480516,1
2000-04-13,train,train,0.0090646472903736,0.0138343652983121,-0.0226194742995068,0.06794785640252494,0.9041578473462379,0.027894296251236864,1
2000-04-14,train,train,-0.0246241510199891,0.0147067063689335,-0.023571879827403,0.0019706942926357943,0.9356459609231674,0.062383344784196715,1
2000-04-17,train,train,-0.0129845000735431,0.0146091003836067,-0.023571879827403,0.00906165545163073,0.9405957013159036,0.050342643232465595,1
2000-04-18,train,train,0.0039326208469135,0.0141967670820062,-0.023571879827403,0.045724429894691054,0.9240088239141201,0.03026674619118893,1
2000-04-19,train,train,0.0069288226620821,0.0138685189856323,-0.023571879827403,0.09236589256349655,0.8869062759125763,0.020727831523926963,1
2000-04-20,train,train,0.0142023036285973,0.013888772279258,-0.023571879827403,0.07214655552982344,0.9056735151488238,0.022179929321352935,1
2000-04-25,train,train,-0.0066732406144779,0.0135645141497034,-0.023571879827403,0.1049858442935523,0.8785949608094653,0.016419194896982195,1
2000-04-26,train,train,0.0048893498805741,0.0132057042979817,-0.023571879827403,0.1907374172687882,0.7974235862570896,0.011838996474122204,1
2000-04-27,train,train,-0.0183265771921188,0.0135675714238072,-0.023571879827403,0.03578483856538822,0.9419747075723837,0.02224045386222799,1
2000-04-28,train,train,0.0171413937342253,0.0138081098427268,-0.023571879827403,0.020141053622139717,0.9517355310431552,0.028123415334704582,1
2000-05-02,train,train,0.0342264807124358,0.0157959229708366,-0.023571879827403,5.672231305101879e-05,0.8379982578982001,0.16194501978874878,1
2000-05-03,train,train,-0.0169368103274546,0.0158666897680221,-0.023571879827403,0.003133001908794655,0.8454668424963615,0.15140015559484366,1
2000-05-04,train,train,-0.0060519634512668,0.0154545886143859,-0.023571879827403,0.024683120522581013,0.8850122294719092,0.09030465000551016,1
2000-05-05,train,train,-0.0031608121692196,0.015003769349722,-0.023571879827403,0.06600104832314363,0.8833332910719207,0.05066566060493571,1
2000-05-08,train,train,-0.0224721263280551,0.0155533307275298,-0.0236454178931359,0.0038509444689636477,0.913361409743318,0.08278764578771809,1
2000-05-09,train,train,-0.0207642581566995,0.0159141759423669,-0.0236454178931359,0.0014911921282992385,0.8934443916324751,0.10506441623922558,1
2000-05-10,train,train,-0.0218599487438469,0.016332078181118,-0.0236454178931359,0.0009151774200900586,0.8587300787219445,0.1403547438579654,1
2000-05-11,train,train,0.0186574469089947,0.016480855273954,-0.0236454178931359,0.004366094632307217,0.8498853567821248,0.14574854858556793,1
2000-05-12,train,train,0.0059893757445772,0.0160459911640241,-0.0231159298263001,0.03304249874869933,0.8809307908972746,0.08602671035402627,1
2000-05-15,train,train,-0.008438847774452,0.0156938921748369,-0.0231159298263001,0.04925220540281272,0.8951226547983103,0.055625139798876844,1
2000-05-16,train,train,0.019019883089757,0.0159130673870428,-0.0231159298263001,0.016840411476131745,0.9162358248445928,0.06692376367927587,1
2000-05-17,train,train,-0.0285113531211039,0.0169353478338199,-0.025202543489716,0.0001647820230428202,0.8300527232578139,0.1697824947191433,1
2000-05-18,train,train,-0.0014407236488198,0.0164232209677412,-0.025202543489716,0.027913578232832113,0.8772355383065009,0.09485088346066682,1
2000-05-19,train,train,-0.0321658339369383,0.017765621523309,-0.0284337793593437,4.1450221122667795e-05,0.6899357622947945,0.31002278748408296,1
2000-05-22,train,train,-0.0209483693301743,0.0179724878711462,-0.0284337793593437,0.000822923642439059,0.6481891016470298,0.3509879747105313,1
2000-05-23,train,train,0.005196459364742,0.0174714021319856,-0.0284337793593437,0.024361913770961113,0.7568857006044608,0.21875238562457802,1
2000-05-24,train,train,-0.0036384895090604,0.0169625828005216,-0.0284337793593437,0.06399976756019474,0.8113061456955287,0.1246940867442766,1
2000-05-25,train,train,0.0208780910834622,0.0172226346296389,-0.0284337793593437,0.012886605869666331,0.8282344653251634,0.15887892880517038,1
2000-05-26,train,train,-0.0117633412304662,0.0169447504196769,-0.0284337793593437,0.017408069868511913,0.8673082198628845,0.11528371026860375,1
2000-05-29,train,train,0.0116024263904139,0.0166725544133684,-0.0284337793593437,0.03214652741815557,0.8853451634309571,0.08250830915088692,1
2000-05-30,train,train,0.0084499025451943,0.0162966155261797,-0.0284337793593437,0.06518408954355163,0.8823587399213982,0.05245717053505018,1
2000-05-31,train,train,0.0037493637470546,0.0158268240864078,-0.0284337793593437,0.1385203121494288,0.8317835973177945,0.02969609053277656,1
2000-06-01,train,train,0.0173441730731293,0.0159219433298141,-0.0284337793593437,0.060456129118889014,0.9026772994715202,0.036866571409590744,1
2000-06-02,train,train,0.0241642583466343,0.0165327694449695,-0.0284337793593437,0.00512820142752356,0.9219126255275594,0.07295917304491711,1
2000-06-05,train,train,-0.0123997638686867,0.0163143423474327,-0.0284337793593437,0.011737070624644994,0.9318982979513329,0.05636463142402232,1
2000-06-06,train,train,-0.0203526063867867,0.0165843907171657,-0.0284337793593437,0.002400479981229224,0.9241127745753154,0.07348674544345495,1
2000-06-07,train,train,-0.0087186018829815,0.0162203679261498,-0.0284337793593437,0.018218740699449103,0.9331078324816454,0.04867342681890507,1
2000-06-08,train,train,0.0103032141574853,0.0159274507953592,-0.0284337793593437,0.038988385104748544,0.9256310612487684,0.03538055364648323,1
2000-06-09,train,train,0.0067920104927062,0.0155315984979092,-0.0284337793593437,0.08359675076240851,0.8929137737912988,0.023489475446292814,1
2000-06-12,train,train,-0.0075608356533465,0.0151719047232988,-0.0284337793593437,0.10816504889162681,0.8741940265526779,0.017640924555695464,1
2000-06-13,train,train,0.0013613009347386,0.0147134863227917,-0.0284337793593437,0.20783648704879573,0.7804707601510524,0.011692752800151838,1
2000-06-14,train,train,0.0068890669468122,0.0143647148801701,-0.0284337793593437,0.3027046724125533,0.6880304223143687,0.00926490527307829,1
2000-06-15,train,train,-0.0004320692002735,0.0139275099210482,-0.0284337793593437,0.4529247199377162,0.5408543799962414,0.006220900066042347,1
2000-06-16,train,train,-0.0140929885591098,0.0139374940443565,-0.0284337793593437,0.24560688715441908,0.7429131415607021,0.011479971284878923,1
2000-06-19,train,train,-0.0120267806132202,0.0138302972830448,-0.0284337793593437,0.1648771373568355,0.8214673649196963,0.013655497723468486,1
2000-06-20,train,train,-0.0030435536934753,0.0134296793970019,-0.0284337793593437,0.26226932723429097,0.7279993519574369,0.009731320808271958,1
2000-06-21,train,train,-0.0202734399593147,0.0139354100567912,-0.0284337793593437,0.03115494982404729,0.9446197636114033,0.024225286564549434,1
2000-06-22,train,train,0.0133482854740662,0.0139008819054653,-0.0284337793593437,0.03578465457379073,0.9406599494668872,0.023555395959321983,1
2000-06-23,train,train,0.0040525611219657,0.0135139128968462,-0.0284337793593437,0.08990565057999288,0.8940351413575259,0.016059208062481112,1
2000-06-26,train,train,-0.0042050546142896,0.0131426496694952,-0.0284337793593437,0.15143446200075603,0.8365945793037587,0.011970958695485315,1
2000-06-27,train,train,0.0037398013588732,0.0127751576415795,-0.0284337793593437,0.2630173612894608,0.7280394501210604,0.008943188589478802,1
2000-06-28,train,train,0.0052104720091649,0.012451558726307,-0.0284337793593437,0.39049837437587814,0.6025716269886923,0.0069299986354297675,1
2000-06-29,train,train,-0.0206980334534993,0.0130936378124005,-0.0284337793593437,0.04760235373846067,0.9298209582129738,0.022576688048565715,1
2000-06-30,train,train,0.0205184504197189,0.0136534669058877,-0.0284337793593437,0.011608643498287479,0.9516312742936771,0.03676008220803533,1
2000-07-03,train,train,0.0089755506162249,0.013418858355651,-0.0284337793593437,0.036529951413818144,0.9368802044955779,0.026589844090603814,1
2000-07-04,train,train,0.0159999290198793,0.0135875559874966,-0.0284337793593437,0.025474542975290195,0.9448437007683449,0.029681756256364884,1
2000-07-05,train,train,-0.0084512915520295,0.013335285403185,-0.0284337793593437,0.04169017551888018,0.9360844057278652,0.02222541875325458,1
2000-07-06,train,train,-0.0016746388227362,0.0129355444991129,-0.0284337793593437,0.09773036895871288,0.8873245826808875,0.014945048360399608,1
2000-07-07,train,train,0.0145222153806584,0.0130361918201963,-0.0284337793593437,0.0720680057277732,0.9097685644747803,0.018163429797446392,1
2000-07-10,train,train,-0.0062414929859865,0.0127311874318236,-0.0284337793593437,0.10905371923209753,0.8769011200360715,0.014045160731830863,1
2000-07-11,train,train,0.0042296500148144,0.0123867486360884,-0.0284337793593437,0.20067269996279188,0.7888528579333789,0.010474442103829345,1
2000-07-12,train,train,0.0003585992616302,0.0120097196001008,-0.0277164377953657,0.33401791004898945,0.6584553445459813,0.007526745405029277,1
2000-07-13,train,train,-0.0028075841142542,0.0116641465480412,-0.0277164377953657,0.46339293412432303,0.5309607524049956,0.005646313470681297,1
2000-07-14,train,train,0.014132401287752,0.0118267773202176,-0.0277164377953657,0.3639965027449785,0.6267369040053712,0.009266593249650498,1
2000-07-17,train,train,-0.0048651656929923,0.0115282475818447,-0.0277164377953657,0.459949980183458,0.5332665494352089,0.006783470381333074,1
2000-07-18,train,train,-0.0145076391910825,0.011728374075878,-0.0277164377953657,0.2350636049443217,0.752350832012997,0.012585563042680978,1
2000-07-19,train,train,0.0054708302484889,0.0114497716995742,-0.0277164377953657,0.3548073514600826,0.6363235023242398,0.008869146215677234,1
2000-07-20,train,train,0.0124012019837459,0.0115090757358064,-0.0277164377953657,0.3265134574661711,0.6630124391920968,0.010474103341732047,1
2000-07-21,train,train,-0.0097413712467071,0.0114107385239057,-0.0277164377953657,0.2940239662451828,0.6953669915170705,0.010609042237746842,1
2000-07-24,train,train,-0.0044308889491455,0.0111162324127408,-0.0277164377953657,0.3941832176385198,0.5981066963343428,0.00771008602713741,1
2000-07-25,train,train,-0.0108513054707882,0.0111005151004828,-0.0277164377953657,0.3176197501256043,0.6728985109733289,0.009481738901066926,1
2000-07-26,train,train,0.0027215676256452,0.0107829757111264,-0.0277164377953657,0.4725581745980399,0.5212010017919946,0.006240823609965419,1
2000-07-27,train,train,-0.0016581269261517,0.010462369443378,-0.0277164377953657,0.6145516755814251,0.3813487394953222,0.004099584923252407,0
2000-07-28,train,train,-0.0155974380260548,0.0108392946396961,-0.0277164377953657,0.30762011594946137,0.6813936730534258,0.010986210997112677,1
2000-07-31,train,train,-0.0026930566903335,0.0105297693730307,-0.0275123786006297,0.43676318311665335,0.555999727545441,0.007237089337905645,1
2000-08-01,train,train,0.0016508460511458,0.0102169955479749,-0.0275123786006297,0.5963114006347966,0.39918477947728565,0.004503819887917711,0
2000-08-02,train,train,0.0090122672700662,0.010148745529696,-0.0272085187960721,0.6539762408433091,0.3419100848125084,0.0041136743441824025,0
2000-08-03,train,train,-0.0181543267713328,0.0107977770169675,-0.0272085187960721,0.22089360473134248,0.7636634566059884,0.015442938662669,1
2000-08-04,train,train,0.0123977668840993,0.0109004012137357,-0.0272085187960721,0.20569251659881568,0.7786492448908051,0.015658238510378737,1
2000-08-07,train,train,0.0116763660797706,0.0109485100955754,-0.0272085187960721,0.20820111231561533,0.7767506790621225,0.015048208622262318,1
2000-08-08,train,train,0.0148227373339102,0.0112187563231557,-0.0272085187960721,0.14088476895618496,0.8404392460656752,0.018675984978139836,1
2000-08-09,train,train,0.0077271508251531,0.011040443624444,-0.0246040789068706,0.20950548210699066,0.7765889485082252,0.013905569384783968,1
2000-08-10,train,train,0.014386505691888,0.0112692592684887,-0.0246040789068706,0.1511477729225196,0.8317418567019532,0.017110370375527272,1
2000-08-11,train,train,-0.0014411057067657,0.0109316530923862,-0.0206663363901534,0.259256342005452,0.7296671015248715,0.011076556469676495,1
2000-08-14,train,train,0.010401267126268,0.0109005577124411,-0.0204413599332002,0.29026959985960055,0.6990619206669418,0.010668479473457695,1
2000-08-15,train,train,-0.0002408030497092,0.0105686474111992,-0.0204413599332002,0.4401721690112977,0.5529689631906303,0.006858867798072269,1
2000-08-16,train,train,0.0119554731936014,0.0106569474979043,-0.0204413599332002,0.4211421306006004,0.5706336363328058,0.00822423306659372,1
2000-08-17,train,train,-0.0166417499247686,0.0111073475055125,-0.0204413599332002,0.1410870024111388,0.8416300498281629,0.01728294776069817,1
2000-08-18,train,train,-0.0081004101100629,0.0109502409621339,-0.0204413599332002,0.15932950663966378,0.8264684765731709,0.014202016787165374,1
2000-08-21,train,train,0.0025271056201849,0.0106346831767571,-0.0204413599332002,0.2793341068811132,0.7110173989919213,0.00964849412696556,1
2000-08-22,train,train,-0.0144272393057106,0.0108995142613263,-0.0204413599332002,0.1281037664879172,0.8569954259831267,0.014900807528956228,1
2000-08-23,train,train,-0.0125618938128135,0.0110063398564077,-0.0204413599332002,0.0794060853020928,0.9039367478630302,0.016657166834877245,1
2000-08-24,train,train,-0.0072497162717087,0.0108177931748523,-0.0204413599332002,0.10695347941964843,0.8793401212385749,0.013706399341776771,1
2000-08-25,train,train,0.0091186881464824,0.0107234415480393,-0.0204413599332002,0.14990043802339068,0.8376854471052082,0.012414114871401,1
2000-08-28,train,train,0.0082115075666406,0.0105895419214989,-0.0204413599332002,0.21319033899274853,0.7760065676389827,0.010803093368269023,1
2000-08-29,train,train,-0.0061523230936863,0.0103769532613237,-0.0197086000613822,0.27144002939360024,0.7194505570556533,0.0091094135507464,1
2000-08-30,train,train,0.0026715596346673,0.0100820892329581,-0.0197086000613822,0.4203084493008653,0.57324044882079,0.0064511018783446035,1
2000-08-31,train,train,0.0013882867673648,0.0097808615322045,-0.0197086000613822,0.580521715820154,0.4151649490721423,0.0043133351077036305,0
2000-09-01,train,train,0.0258823170242553,0.0114069714318074,-0.0197086000613822,0.04920985024253203,0.9174586580031324,0.03333149175433534,1
2000-09-04,train,train,0.0067986447853723,0.0111841473374758,-0.0197086000613822,0.09814846849078894,0.8796306570672695,0.022220874441941655,1
2000-09-05,train,train,-0.0051795047770253,0.0109174025642777,-0.0197086000613822,0.1523078920426104,0.8323343665685454,0.01535774138884411,1
2000-09-06,train,train,0.0044857193576832,0.0106416915344705,-0.0197086000613822,0.25946136665623726,0.7298813334625063,0.01065729988125658,1
2000-09-07,train,train,0.0039074731827738,0.0103618031052698,-0.0197086000613822,0.39921396194607073,0.5934046486828906,0.007381389371038358,1
2000-09-08,train,train,-0.0160105256414364,0.0107844870835725,-0.0197086000613822,0.14841718315009939,0.8364362027817286,0.0151466140681717,1
2000-09-11,train,train,0.0113286098084874,0.0108179062654459,-0.0197086000613822,0.16045946160558075,0.8248563567440197,0.014684181650399726,1
2000-09-12,train,train,0.0072754771964772,0.0106386758723106,-0.0197086000613822,0.2396647458853704,0.7489531849137278,0.011382069200901585,1
2000-09-13,train,train,-0.0088171931820655,0.0105382689562238,-0.0184980367165335,0.23947892877091007,0.7497007634843647,0.010820307744725088,1
2000-09-14,train,train,0.0211002185550738,0.0114501073891209,-0.0184980367165335,0.04752385713504522,0.9260307430283096,0.026445399836645234,1
2000-09-15,train,train,0.0010037236463886,0.0111040132086807,-0.0184980367165335,0.11306775233060233,0.8702130297026921,0.01671921796670544,1
2000-09-18,train,train,-0.0242824933323179,0.0122995744529754,-0.0210449511857166,0.003577508588050587,0.9527472256336463,0.04367526577830305,1
2000-09-19,train,train,-0.0110184418750875,0.0122264926901426,-0.0210449511857166,0.014023275763621593,0.9522216757871904,0.03375504844918809,1
2000-09-20,train,train,-0.0149501443706183,0.0124067846396285,-0.0210449511857166,0.010178800259079161,0.9562096740208613,0.03361152572005961,1
2000-09-21,train,train,-0.0090211036329225,0.0122301032470634,-0.0196928566761397,0.02490249712092508,0.9499865541246578,0.02511094875441718,1
2000-09-22,train,train,0.020703554919523,0.0128964774681361,-0.0196928566761397,0.007079280237071047,0.9531478552551718,0.03977286450775712,1
2000-09-25,train,train,0.0116907272384271,0.0128273290057896,-0.0196928566761397,0.022636657413616906,0.9454982860251206,0.03186505656126235,1
2000-09-26,train,train,-0.0183679524664195,0.0132253864943874,-0.0202682575233567,0.00583101652180975,0.9539025157361585,0.040266467742031735,1
2000-09-27,train,train,0.0001459925320014,0.0128225378096355,-0.0202682575233567,0.04147946955982589,0.9341484765417186,0.024372053898455374,1
2000-09-28,train,train,0.0059597974791294,0.0125173311247364,-0.0202682575233567,0.09142355289902265,0.89145477090561,0.017121676195367082,1
2000-09-29,train,train,-0.0066535856867051,0.0122449489964857,-0.0202682575233567,0.12706987468438,0.8593846764510357,0.013545448864584454,1
2000-10-02,train,train,0.0183241620060224,0.0126920819475893,-0.0202682575233567,0.04555029354148004,0.9317091260675571,0.022740580390962745,1
2000-10-03,train,train,0.0105871401311065,0.0125757250162288,-0.0202682575233567,0.06663898375458435,0.9139544409979105,0.01940657524750508,1
2000-10-04,train,train,-0.0099776140417339,0.0124351556090273,-0.0202682575233567,0.06694040500467068,0.9158241891903262,0.017235405805002952,1
2000-10-05,train,train,0.0069653785255741,0.0121764567588339,-0.0202682575233567,0.12142785593802163,0.8650290062089157,0.013543137853062921,1
2000-10-06,train,train,-0.0077990949647013,0.011959083835473,-0.0202682575233567,0.1440603593602899,0.8439099619710385,0.012029678668671343,1
2000-10-09,train,train,-0.0283071672266208,0.0135098574380558,-0.0236525376751194,0.0010592785760956912,0.9447973212238552,0.05414340020004915,1
2000-10-10,train,train,0.0102711383660975,0.0133377303210452,-0.0236525376751194,0.020113316134370667,0.9409576427858828,0.03892904107974624,1
2000-10-11,train,train,-0.0307868134976951,0.0149696700107392,-0.0277921580188779,7.365039176092732e-05,0.8589539679554339,0.14097238165280507,1
2000-10-13,train,train,-0.0222156276024344,0.0155002453400842,-0.0277921580188779,0.0007123248095746632,0.8124496054392184,0.18683806975120715,1
2000-10-16,train,train,0.0066984765958622,0.0151173517716878,-0.0277921580188779,0.02509361595155991,0.861774808538066,0.1131315755103741,1
2000-10-17,train,train,-0.0076618316443774,0.0147764841881424,-0.0277921580188779,0.04537506518302223,0.8842283740046157,0.0703965608123621,1
2000-10-18,train,train,-0.0312582162967225,0.0162440260104396,-0.0301173990070128,9.499292103130266e-05,0.7666538356030148,0.23325117147595403,1
2000-10-19,train,train,0.0304771613074225,0.017428933411075,-0.0301173990070128,7.086515160378208e-05,0.5096254194172903,0.49030371543110596,1
2000-10-20,train,train,0.0073327177088577,0.0169931686744024,-0.0301173990070128,0.016822216767478203,0.6426093145090122,0.34056846872350965,1
2000-10-23,train,train,-0.0109466841619863,0.0166922589348904,-0.0301173990070128,0.021917439438712136,0.7299511704773521,0.2481313900839357,1
2000-10-24,train,train,0.0321029180091252,0.0179930391688147,-0.0301173990070128,8.578276960920224e-05,0.43385466269544626,0.5660595545349445,2
2000-10-25,train,train,-0.014114474212283,0.0177841950606717,-0.0301173990070128,0.0034590109726410074,0.5122947947444818,0.48424619428287696,1
2000-10-26,train,train,-0.0184919830262602,0.0178274547957152,-0.0301173990070128,0.0017632523408747619,0.5204705329545364,0.47776621470458897,1
2000-10-27,train,train,0.0068531833518986,0.0173656852196208,-0.0301173990070128,0.020938382175328056,0.6527513656071879,0.3263102522174844,1
2000-10-30,train,train,-0.0085399236455935,0.0169661079658976,-0.0301173990070128,0.03606908649136267,0.7454878836278557,0.21844302988078168,1
2000-10-31,train,train,0.0053990246740328,0.0165023288776376,-0.0301173990070128,0.0877565036309032,0.7861345365465532,0.12610895982254394,1
2000-11-02,train,train,0.0137903337262984,0.0163522978550273,-0.0301173990070128,0.07419036397617869,0.8239637557247299,0.10184588029909125,1
2000-11-03,train,train,0.0033919975722414,0.0158758976213304,-0.0301173990070128,0.15595687847522138,0.7899452176532831,0.054097903871495344,1
2000-11-06,train,train,0.0064103875629296,0.0154721382455175,-0.0301173990070128,0.2481731249021875,0.7212033963403779,0.030623478757434718,1
2000-11-07,train,train,-0.0034837888841104,0.0150250472636343,-0.0301173990070128,0.3605444553630526,0.6228184294534819,0.01663711518346558,1
2000-11-08,train,train,-0.0080903779677637,0.0147015024911624,-0.0301173990070128,0.37656620179424616,0.6108519777482371,0.012581820457516995,1
2000-11-09,train,train,-0.0207021789031549,0.0151288115081155,-0.0301173990070128,0.04496534159178385,0.922885812946984,0.0321488454612321,1
2000-11-10,train,train,-0.0283835845560355,0.0162322442602426,-0.030142871450151,0.00034668437953325946,0.902019222857888,0.09763409276257899,1
2000-11-13,train,train,-0.0089221479056543,0.0158887662169141,-0.030142871450151,0.015571234014898221,0.9205052275867903,0.06392353839831125,1
2000-11-14,train,train,0.0374322447338104,0.0179269655862535,-0.030142871450151,8.909165494056665e-06,0.6203180957622687,0.37967299507223706,1
2000-11-15,train,train,0.00187660312997,0.0173869154188234,-0.030142871450151,0.024436929778924806,0.7442015468340096,0.2313615233870657,1
2000-11-16,train,train,-0.0155465333936038,0.0172820201408269,-0.030142871450151,0.011356985704980692,0.7858967811510019,0.20274623314401743,1
2000-11-17,train,train,-0.0289691280085582,0.0181961740372432,-0.0303380526009919,8.674268457194792e-05,0.5900470685382767,0.4098661887771515,1
2000-11-20,train,train,-0.0306501553939478,0.0191729138671829,-0.0308983950627884,1.2745447265056225e-05,0.31290972985609805,0.6870775246966369,2
2000-11-21,train,train,0.004732867882218,0.0186249453930029,-0.0308983950627884,0.013880308364796302,0.47169578399736156,0.5144239076378422,2
2000-11-22,train,train,-0.0362441553709368,0.0201219681778885,-0.0327630617217848,1.0423989062206388e-06,0.12435238009966043,0.8756465775014333,2
2000-11-23,train,train,0.0088555551227694,0.0196291935275697,-0.0327630617217848,0.0044414464762306885,0.2262216645617501,0.7693368889620191,2
2000-11-24,train,train,0.0324103513874591,0.0206206880790562,-0.0327630617217848,9.590469036985012e-06,0.07641873456351021,0.9235716749674527,2
2000-11-27,train,train,-0.0104669917833007,0.0201562269599746,-0.0327630617217848,0.001553049717101514,0.15366151600607014,0.8447854342768281,2
2000-11-28,train,train,-0.0194610956620674,0.0201151965142868,-0.0327630617217848,0.00044044096964218263,0.1668064821869176,0.8327530768434404,2
2000-11-29,train,train,0.0126678656580478,0.019747717644824,-0.0327630617217848,0.003711268407013868,0.2497738461577581,0.746514885435228,2
2000-11-30,train,train,-0.0281211440637724,0.02034752898158,-0.0327630617217848,2.5499499668062024e-05,0.13285382590282946,0.8671206745975024,2
2000-12-01,train,train,0.0134637360575108,0.0200014237201866,-0.0327630617217848,0.0022805630814784687,0.20346131185123598,0.7942581250672854,2
2000-12-04,train,train,-0.0293689877519879,0.0206834663506619,-0.0327630617217848,9.669295271098814e-06,0.09478566722605833,0.9052046634786709,2
2000-12-05,train,train,0.0423155631142565,0.0225737424093308,-0.0327630617217848,4.161316929226604e-09,0.008114418927023938,0.991885576911659,2
2000-12-07,train,train,0.0038189169677936,0.0219060371402375,-0.0327630617217848,0.0006847345109022267,0.0709577746721761,0.9283574908169214,2
2000-12-11,train,train,0.0301598256411029,0.0224868606159286,-0.0327630617217848,6.181055533805862e-06,0.03494160691941305,0.965052212025053,2
2000-12-12,train,train,-0.003541130798239,0.0218190683297524,-0.0327630617217848,0.0019468532924169918,0.11527752715853434,0.8827756195490488,2
2000-12-13,train,train,-0.0037595209613581,0.0211744062037931,-0.0327630617217848,0.010496616687018305,0.2347644763345526,0.754738906978429,2
2000-12-14,train,train,-0.0206504578233083,0.021143335448717,-0.0327630617217848,0.0010138889091460476,0.22615745812519517,0.7728286529656591,2
2000-12-15,train,train,-0.0388395173941289,0.0225993071253896,-0.0354472963539293,3.216461920163103e-08,0.03226760065772576,0.9677323671776552,2
2000-12-18,train,train,-0.0113025878473565,0.0220850599074953,-0.0354472963539293,0.000600907872247806,0.090662121543308,0.9087369705844441,2
2000-12-19,train,train,0.0221438046181155,0.022088588995871,-0.0354472963539293,0.000200356813068351,0.09067047254535332,0.9091291706415785,2
2000-12-20,train,train,-0.0431859536500418,0.0238858329048542,-0.0394232088050358,4.675715294687321e-10,0.006694601584686371,0.9933053979477422,2
2000-12-21,train,train,0.0112069478317859,0.0233203081782244,-0.0394232088050358,0.00027531253613899143,0.0560216611036114,0.9437030263602495,2
2000-12-22,train,train,0.0083096679839,0.0227013127822132,-0.0394232088050358,0.002911683954125042,0.13534999847208778,0.8617383175737873,2
2000-12-27,train,train,0.0043604361429459,0.0220356399978564,-0.0394232088050358,0.015317840833060134,0.2599688757998342,0.7247132833671058,2
2000-12-28,train,train,-0.0003195304113625,0.0213644890013603,-0.0394232088050358,0.05365967540032633,0.41125425761620554,0.5350860669834681,2
2000-12-29,train,train,0.0037612887033165,0.0207341202956497,-0.0394232088050358,0.13546436107926152,0.522810091796512,0.34172554712422654,1
2001-01-02,train,train,-0.003254498527211,0.0201182759054603,-0.0394232088050358,0.24863023115477134,0.5630341249683154,0.18833564387691296,1
2001-01-03,train,train,0.0132050140602081,0.0197717644044113,-0.0394232088050358,0.21838307707409504,0.6303482175104884,0.15126870541541645,1
2001-01-04,train,train,0.0421701056305199,0.0217753616763783,-0.0394232088050358,2.8130828593075365e-06,0.20009335437986847,0.7999038325372723,2
2001-01-05,train,train,0.0004375526886646,0.0211122684880186,-0.0394232088050358,0.010565577749302365,0.3530452552654245,0.6363891669852731,2
2001-01-08,train,train,0.0023094149460927,0.0204769189994776,-0.0394232088050358,0.043248298829996576,0.5097914974180913,0.4469602037519121,1
2001-01-09,train,train,-0.0043529334951487,0.0198817212738054,-0.0394232088050358,0.09429311763696795,0.6234149758206455,0.28229190654238656,1
2001-01-10,train,train,0.0004173714200501,0.0192763150600644,-0.0394232088050358,0.20208912250155975,0.6485722434012781,0.14933863409716228,1
2001-01-11,train,train,0.0118224421927073,0.0189121112338408,-0.0394232088050358,0.20847825013564839,0.6839895616975474,0.10753218816680422,1
2001-01-12,train,train,0.019439160402887,0.0189441476892482,-0.0394232088050358,0.058841526210388434,0.8014783033517262,0.13968017043788536,1
2001-01-15,train,train,0.000181962213674,0.018367086714734,-0.0394232088050358,0.13407738307178407,0.7926771369838229,0.07324547994439307,1
2001-01-16,train,train,-0.017293825128251,0.0183044657167959,-0.0394232088050358,0.03169314118797051,0.886614177902473,0.08169268090955659,1
2001-01-17,train,train,0.0301605247527296,0.019223155112216,-0.0394232088050358,0.0003625665056033523,0.7679149508697025,0.2317224826246941,1
2001-01-18,train,train,0.0050470963176116,0.018678498381684,-0.0394232088050358,0.026156424515037347,0.836652954584705,0.13719062090025771,1
2001-01-19,train,train,-0.0115149770324045,0.0183278150757341,-0.0394232088050358,0.02695518454982892,0.8740207836789279,0.09902403177124272,1
2001-01-22,train,train,0.0063781156083788,0.0178380239557558,-0.0394232088050358,0.0680733900835905,0.8734531749555314,0.05847343496087791,1
2001-01-23,train,train,0.0080718018896787,0.0174072580227939,-0.0394232088050358,0.11474108186718698,0.8481873911592116,0.03707152697360124,1
2001-01-24,train,train,0.0015630543919885,0.0168813051125123,-0.0394232088050358,0.21887974795624,0.7606501260488487,0.020470125994911034,1
2001-01-25,train,train,0.0015605186811815,0.0163714955846095,-0.0394232088050358,0.3601614786758677,0.6282992908699875,0.011539230454144685,1
2001-01-26,train,train,-0.0041439333523276,0.0159051767243872,-0.0394232088050358,0.4702695517574299,0.5222032959236705,0.007527152318899635,1
2001-01-29,train,train,-0.0139921799149709,0.0157969311501419,-0.0394232088050358,0.2623252476527133,0.7249987503848696,0.012676001962417083,1
2001-01-30,train,train,0.0086360443363609,0.0154610907585254,-0.0394232088050358,0.3335912053607916,0.6561522878172033,0.01025650682200523,1
2001-01-31,train,train,0.0079197604588449,0.015115090609728,-0.0394232088050358,0.42481205435274755,0.5671363261114021,0.008051619535850308,1
2001-02-01,train,train,0.0006916380066701,0.0146556032997556,-0.0394232088050358,0.5842608832312308,0.41087883497759764,0.004860281791171493,0
2001-02-02,train,train,-0.0274908337115406,0.0157240027309954,-0.0394232088050358,0.010805793456739906,0.9453551289010507,0.04383907764220932,1
2001-02-05,train,train,-0.0001827659997853,0.0152450519964981,-0.0394232088050358,0.04987383124233444,0.9240758063936291,0.02605036236403645,1
2001-02-06,train,train,0.0089073405808949,0.0149407950500239,-0.0394232088050358,0.08426939327798878,0.8958872213610671,0.019843385360944092,1
2001-02-07,train,train,-0.0054603514537246,0.0145472554663449,-0.0394232088050358,0.13181762994681032,0.8537552564021638,0.01442711365102571,1
2001-02-08,train,train,0.014079547896849,0.0145196178753332,-0.0394232088050358,0.10115674426551359,0.8816439582043766,0.017199297530110073,1
2001-02-09,train,train,-0.0084682232703576,0.0142292934951933,-0.0394232088050358,0.11461400691818154,0.8707517489038114,0.014634244178007055,1
2001-02-12,train,train,0.0159941464155457,0.0143413105727379,-0.0394232088050358,0.06497703153761275,0.9151142493646712,0.019908719097715834,1
2001-02-13,train,train,-0.0041983561274899,0.0139423946744272,-0.0394232088050358,0.11794473502808916,0.8679106493416916,0.014144615630219126,1
2001-02-14,train,train,-0.0297288241277973,0.0153543194620711,-0.0394232088050358,0.0004849628543185527,0.9313501604107645,0.06816487673491707,1
2001-02-15,train,train,0.0107618582074236,0.0151181637145302,-0.0394232088050358,0.018213826022878334,0.9330420616639215,0.04874411231320064,1
2001-02-16,train,train,-0.0077131547061357,0.0147788669046251,-0.0394232088050358,0.03779103137871402,0.9296517923323557,0.032557176288930324,1
2001-02-19,train,train,0.007307610507498,0.0144400167190105,-0.0394232088050358,0.07904422963756004,0.8985909763649195,0.022364793997520525,1
2001-02-20,train,train,-0.0185044516079055,0.0147155741183667,-0.0394232088050358,0.014264391383072469,0.9534292414585198,0.03230636715840801,1
2001-02-21,train,train,-0.0091737598423763,0.0144431543131648,-0.0372514317239893,0.02802671427074095,0.9475081506276404,0.02446513510161833,1
2001-02-22,train,train,-0.0182321498317588,0.0146980645451134,-0.0372514317239893,0.006902460383203807,0.9602947187933515,0.03280282082344467,1
2001-02-23,train,train,-0.0078876614539347,0.0143806824414801,-0.0372514317239893,0.025329049511602787,0.9509980077101078,0.023672942778289737,1
2001-02-26,train,train,0.0139845350841216,0.0143572218456383,-0.0372514317239893,0.02850102410606884,0.9474798990610517,0.024019076832879505,1
2001-02-27,train,train,0.0081658106981352,0.0140628182751128,-0.0372514317239893,0.06179164998659638,0.9198256256304302,0.018382724382974013,1
2001-02-28,train,train,-0.000282559632287,0.0136345838500948,-0.0372514317239893,0.13390724371827173,0.853422528214237,0.01267022806749113,1
2001-03-01,train,train,-0.0068602604700929,0.0133255977195171,-0.0372514317239893,0.1715314741615156,0.8174948312482905,0.010973694590193832,1
2001-03-02,train,train,0.0088997667930455,0.0131022750789965,-0.0372514317239893,0.22730130554758357,0.7624677288055116,0.010230965646904875,1
2001-03-05,train,train,0.0121710145247196,0.0130482738775903,-0.0372514317239893,0.2165420414314724,0.7716321775801961,0.011825780988331525,1
2001-03-06,train,train,0.0208381521608575,0.0136416904833042,-0.0372514317239893,0.045074340851722516,0.9280021477130554,0.02692351143522191,1
2001-03-07,train,train,0.0031490913907068,0.0132485841765435,-0.0372514317239893,0.1073092617984455,0.8753763599458855,0.017314378255669335,1
2001-03-08,train,train,-0.0126868048795377,0.0132155508702841,-0.0372514317239893,0.06598852732280507,0.9155142235038092,0.018497249173385685,1
2001-03-09,train,train,-0.0073343623745032,0.0129382885268182,-0.0372514317239893,0.09158333995658832,0.8935601050527021,0.014856554990709408,1
2001-03-12,train,train,-0.0241201249900874,0.0138658637370793,-0.0372514317239893,0.003092065145830941,0.9575740989075594,0.03933383594660936,1
2001-03-13,train,train,0.0016942923617051,0.0134498581457631,-0.0372514317239893,0.037032565139835896,0.9388806033413918,0.0240868315187723,1
2001-03-14,train,train,-0.0124738322504982,0.0133933025260201,-0.0334685371631265,0.028979701417043327,0.9482189353581993,0.022801363224757613,1
2001-03-15,train,train,0.0088292022392728,0.0131641561875878,-0.0334685371631265,0.058930159225271034,0.922923638184621,0.018146202590107727,1
2001-03-16,train,train,-0.0198553919529408,0.013658385813105,-0.0334685371631265,0.007733565562665302,0.9616888039071886,0.030577630530146012,1
2001-03-19,train,train,-0.0041744961450593,0.0132817166782896,-0.0271132609431417,0.037254283408071735,0.942427461981933,0.020318254609995506,1
2001-03-20,train,train,-0.0037469879194257,0.0129097696786238,-0.0271132609431417,0.08183210177007479,0.9036303970714786,0.01453750115844654,1
2001-03-21,train,train,-0.0349882224912326,0.0151694748344024,-0.0307359601101901,3.1875412523440994e-05,0.8761433667001417,0.12382475788733462,1
2001-03-22,train,train,-0.0422284889464973,0.0179805702209006,-0.0356485118551757,3.922336899098149e-08,0.28653810503456395,0.7134618557420669,2
2001-03-23,train,train,0.0321438883338719,0.019128424518863,-0.0356485118551757,6.96147424111618e-06,0.10207231732373474,0.8979207212020242,2
2001-03-26,train,train,0.0283002045028049,0.0197989121315653,-0.0356485118551757,1.4137593974160259e-05,0.0567451925967636,0.9432406698092621,2
2001-03-27,train,train,0.0218158823884378,0.0199256886897544,-0.0356485118551757,0.0001061326098129523,0.06687870073265281,0.9330151666575345,2
2001-03-28,train,train,-0.0108430155875164,0.0195003934523695,-0.0356485118551757,0.0013785016716595282,0.1390469830780573,0.859574515250283,2
2001-03-29,train,train,0.0064613333026927,0.018972463039687,-0.0356485118551757,0.009680475537367724,0.25766833590847266,0.7326511885541596,2
2001-03-30,train,train,0.0092278060803324,0.0185328421152322,-0.0356485118551757,0.02464685402411975,0.3805575631121423,0.594795582863738,2
2001-04-02,train,train,0.001717422264188,0.017973180993081,-0.0356485118551757,0.07763515734625326,0.523379653620264,0.3989851890334826,1
2001-04-03,train,train,-0.0340889946758396,0.0193229577029504,-0.0371019020378564,1.764559367493926e-05,0.2126649044987364,0.7873174499075886,2
2001-04-04,train,train,0.0176641202117434,0.0192274637250446,-0.0371019020378564,0.001345162450180759,0.2442279843107069,0.7544268532391124,2
2001-04-05,train,train,0.0181286877042411,0.0191633138755463,-0.0371019020378564,0.0017730824230682517,0.2690246975733731,0.7292022200035589,2
2001-04-06,train,train,-0.0012641353110139,0.0185821022776277,-0.0371019020378564,0.01752997190126748,0.4322183664307922,0.5502516616679403,2
2001-04-09,train,train,0.0133215049490433,0.0183091398814714,-0.0371019020378564,0.021992436765986056,0.5199067693652413,0.4581007938687726,1
2001-04-10,train,train,0.0155655332057403,0.0181562186714654,-0.0371019020378564,0.01740511903991586,0.5771282289616134,0.4054666519984706,1
2001-04-11,train,train,0.0012594492746374,0.0176058101945871,-0.0371019020378564,0.061314470796956684,0.6934451238633684,0.24524040533967492,1
2001-04-12,train,train,0.0036235301676669,0.0170925269548981,-0.0371019020378564,0.13924857897811035,0.7256358785052583,0.13511554251663124,1
2001-04-17,train,train,-0.0127561591090426,0.0168638188069783,-0.0371019020378564,0.08514062389853475,0.8059657043929679,0.10889367170849733,1
2001-04-18,train,train,0.0280804902006207,0.0177379795203329,-0.0371019020378564,0.0017138798732544826,0.745994750074321,0.2522913700524244,1
2001-04-19,train,train,2.043249206852316e-05,0.017197609934672,-0.0371019020378564,0.03046641891103138,0.8256977467989982,0.14383583428997052,1
2001-04-20,train,train,-0.0258989692494157,0.0178397790543535,-0.0371019020378564,0.0005893833178265313,0.7437051328380795,0.255705483844094,1
2001-04-23,train,train,-0.0295606760996288,0.0187507937963621,-0.0371019020378564,3.3657904614502636e-05,0.5051391038039057,0.49482723829147984,1
2001-04-24,train,train,0.0159996724352742,0.01859720686007,-0.0371019020378564,0.004555593046117176,0.5531589380487938,0.44228546890508913,1
2001-04-25,train,train,-0.0072991931035791,0.0181190902093417,-0.0371019020378564,0.019754246265753013,0.678892091043957,0.3013536626902899,1
2001-04-26,train,train,0.0183853239105733,0.01813517444998,-0.0371019020378564,0.009299604125040849,0.6894388135710141,0.30126158230394473,1
2001-04-27,train,train,0.011556287138464,0.0178091084992184,-0.0371019020378564,0.02267119529035696,0.75820977719129,0.2191190275183532,1
2001-04-30,train,train,0.0130341221666833,0.0175592649403122,-0.0371019020378564,0.029862413978628214,0.8029227819468874,0.16721480407448408,1
2001-05-02,train,train,-0.0131482600954997,0.0173263014732449,-0.0371019020378564,0.02184510783389456,0.8478501251130273,0.13030476705307809,1
2001-05-03,train,train,-0.0142495830008823,0.0171572642434394,-0.0371019020378564,0.014447842632793794,0.8780791773810795,0.10747297998612679,1
2001-05-04,train,train,0.0047794507696379,0.0166757309380913,-0.0371019020378564,0.05291743585981395,0.8855704227470628,0.06151214139312313,1
2001-05-07,train,train,0.0048610057636871,0.0162115071724536,-0.0371019020378564,0.11484177450650344,0.8497600926935087,0.03539813279998757,1
2001-05-08,train,train,0.0071491091517813,0.015814890850531,-0.0371019020378564,0.18454155365959546,0.792913104819296,0.02254534152110838,1
2001-05-09,train,train,-0.0003831961120476,0.0153333928604524,-0.0371019020378564,0.31117472498407334,0.6759353352932187,0.012889939722708223,1
2001-05-10,train,train,0.0130894679465132,0.0152080968790826,-0.0371019020378564,0.26645276747049884,0.719193989209115,0.0143532433203864,1
2001-05-11,train,train,-0.0099661872188321,0.0149455187699657,-0.0371019020378564,0.23456513922503314,0.7519344433422697,0.013500417432697184,1
2001-05-14,train,train,-0.0085344187167162,0.014640238986954,-0.0371019020378564,0.24161951936978482,0.7465135230825494,0.011866957547665596,1
2001-05-15,train,train,0.0067877956298683,0.0142912858732233,-0.0371019020378564,0.3441363644497295,0.6468575328107151,0.009006102739555398,1
2001-05-16,train,train,-0.0082573508707727,0.0140027651340641,-0.0371019020378564,0.35468226419757676,0.6367868589328545,0.008530876869568868,1
2001-05-17,train,train,0.007626217929855,0.0137040992958529,-0.0371019020378564,0.45263159941736564,0.5404449607020383,0.006923439880596163,1
2001-05-18,train,train,0.0069005742305965,0.0133937027271281,-0.0371019020378564,0.5640903421709671,0.4306606659885028,0.005248991840530195,0
2001-05-21,train,train,-0.0051735343943639,0.0130473646329785,-0.0371019020378564,0.645223965002327,0.3508009849343921,0.003975050063280692,0
2001-05-22,train,train,-0.0053146552756171,0.0127166990243483,-0.0371019020378564,0.7134584785698292,0.2834651475879279,0.003076373842243134,0
2001-05-23,train,train,0.0005918351666444,0.0123301493974395,-0.0371019020378564,0.8182270800359847,0.1799799983430409,0.0017929216209743326,0
2001-05-24,train,train,-0.0017039436055074,0.0119618073275752,-0.0371019020378564,0.8805158773548918,0.11837293788584827,0.001111184759260014,0
2001-05-25,train,train,-0.0154892328228481,0.0122022426002737,-0.0371019020378564,0.6533731097111862,0.3417977445080445,0.0048291457807692825,0
2001-05-28,train,train,0.0081203031718444,0.0119965578572997,-0.0371019020378564,0.7219749980597558,0.2744016918261447,0.003623310114099197,0
2001-05-29,train,train,-0.0061367384583921,0.0117278271616071,-0.0371019020378564,0.7640852638753662,0.2331328557188517,0.002781880405781945,0
2001-05-30,train,train,-0.0049981191519102,0.0114362706263877,-0.0371019020378564,0.8156086600103665,0.1824000354548335,0.00199130453479987,0
2001-05-31,train,train,0.0064200790193328,0.01119884072422,-0.0371019020378564,0.8681344894878007,0.13048289063132903,0.001382619880870378,0
2001-06-01,train,train,-0.0107196127279447,0.0111706668276647,-0.0371019020378564,0.8085367458700774,0.18922651160343804,0.0022367425264847147,0
2001-06-04,train,train,0.017098737124803,0.0116120100847353,-0.0371019020378564,0.5994401024219842,0.3934520808013136,0.007107816776702398,0
2001-06-05,train,train,0.0042059463224487,0.0113053018793641,-0.0371019020378564,0.7263071012127903,0.26989240847385904,0.003800490313350696,0
2001-06-06,train,train,-0.0074323804263313,0.0111110609878914,-0.0371019020378564,0.7421067933615831,0.254630347019173,0.003262859619243708,0
2001-06-07,train,train,-0.0014595518935391,0.0107785042192245,-0.0371019020378564,0.8308652292343484,0.16731078826802182,0.001823982497629495,0
2001-06-08,train,train,0.009464578186089,0.0107042177867439,-0.0371019020378564,0.8484235398734424,0.14984209584665523,0.0017343642799024822,0
2001-06-11,train,train,-5.2045166677768295e-05,0.0103781320208622,-0.0371019020378564,0.9043143122765482,0.0947412368591469,0.0009444508643050578,0
2001-06-12,train,train,-0.0170915590270044,0.01089819114286,-0.0371019020378564,0.6170652682090041,0.376976359928151,0.005958371862844989,0
2001-06-13,train,train,0.0082778086717432,0.0107589805725028,-0.0371019020378564,0.688001235759925,0.30761392094769896,0.004384843292375839,0
2001-06-14,train,train,-0.0048318634101112,0.0104981492379734,-0.0371019020378564,0.757385306340447,0.2396932902998873,0.002921403359665447,0
2001-06-15,train,train,-0.0120278018006262,0.0105961573292729,-0.0371019020378564,0.6316043249828316,0.36331451507432844,0.005081159942839794,0
2001-06-18,train,train,-0.0374974819902807,0.0137806206853896,-0.0379383218708725,0.00014162406860576915,0.8463434634442221,0.1535149124871722,1
2001-06-19,train,train,0.0032325117291144,0.013384249101494,-0.033715717588583,0.029062127822527862,0.8842624108305185,0.08667546134695385,1
2001-06-20,train,train,-0.0029221152359756,0.0129962364558872,-0.033715717588583,0.07377182244177939,0.877831025918873,0.04839715163934774,1
2001-06-21,train,train,-0.0112137462017455,0.0128962366033243,-0.033715717588583,0.060888319709673365,0.9015171895708993,0.037594490719427,1
2001-06-22,train,train,0.0004818765853348,0.0125039224133788,-0.033715717588583,0.13463014771956114,0.8435914611243085,0.021778391156130478,1
2001-06-25,train,train,0.0043712468266968,0.0121701955245511,-0.033715717588583,0.236520644463508,0.7496631862048981,0.01381616933159368,1
2001-06-26,train,train,-0.0193281659482368,0.0127138318179379,-0.033715717588583,0.0354102763957758,0.9372747069148308,0.027315016689393325,1
2001-06-27,train,train,-0.0005802621385575,0.0123273367186139,-0.033715717588583,0.09082101637107194,0.8917966565359665,0.017382327092961322,1
2001-06-28,train,train,0.0077423629647167,0.0121013258693536,-0.033715717588583,0.14618357810832813,0.8400539879175378,0.013762433974134196,1
2001-06-29,train,train,0.0025374594298343,0.011749122714058,-0.0309857091131084,0.26104817193568414,0.7293494099183513,0.009602418145964114,1
2001-07-02,train,train,0.0217146299307946,0.0125718288510016,-0.0309857091131084,0.045225707474761075,0.9283609263519744,0.0264133661732643,1
2001-07-03,train,train,-0.0063462908110135,0.0122875690127388,-0.0309857091131084,0.07633360395330233,0.9049275993308311,0.018738796715866472,1
2001-07-04,train,train,-0.0146252813645868,0.0124402259789704,-0.0309857091131084,0.033858327600052196,0.944294001814876,0.021847670585071886,1
2001-07-05,train,train,-0.0110228801497453,0.0123597695072003,-0.0309857091131084,0.034744045447507435,0.9455153466182288,0.019740607934263767,1
2001-07-06,train,train,-0.0330519121561633,0.0144618049345708,-0.0333700234153576,3.95864891048217e-05,0.8850325585805067,0.1149278549303884,1
2001-07-09,train,train,0.0028540877057618,0.0140386581568742,-0.0333700234153576,0.029833943166615955,0.9055641412801939,0.06460191555319021,1
2001-07-10,train,train,-0.0071920233555717,0.013724518187232,-0.0333700234153576,0.05318193743942534,0.9059202139650593,0.04089784859551536,1
2001-07-11,train,train,-0.023789041204727,0.0145263816688732,-0.0333700234153576,0.002108813249476011,0.9210057377927952,0.0768854489577289,1
2001-07-12,train,train,-0.0120977852392965,0.014392227172615,-0.0333700234153576,0.010633291770675625,0.9311402088930478,0.05822649933627657,1
2001-07-13,train,train,0.0166603545725146,0.0145382968630366,-0.0333700234153576,0.01133441533791741,0.9306253418610948,0.05804024280098803,1
2001-07-16,train,train,-0.0009398542270671,0.0140972816775151,-0.0333700234153576,0.04974426057947514,0.916947300008516,0.033308439412009096,1
2001-07-17,train,train,0.0091909683772649,0.0138519956553633,-0.031446145117057,0.08203110218797836,0.8936526468621032,0.02431625094991835,1
2001-07-18,train,train,-0.0196114011662065,0.0142632934471722,-0.031446145117057,0.010980869341407167,0.9516304032429834,0.03738872741560949,1
2001-07-19,train,train,0.0173993921803452,0.0144706384951481,-0.031446145117057,0.009987110727152197,0.9479618723417642,0.042051016931083506,1
2001-07-20,train,train,-0.0060151144416889,0.0141069596956475,-0.031446145117057,0.034758604790557944,0.9378695536968513,0.027371841512590818,1
2001-07-23,train,train,0.0089673753300404,0.0138524641259934,-0.031446145117057,0.06531184595877869,0.9138626681113884,0.020825485929832358,1
2001-07-24,train,train,-0.0006089276818116,0.0134312904888369,-0.031446145117057,0.13858065146728918,0.8476270452829604,0.013792303249750278,1
2001-07-25,train,train,-0.0266604460923518,0.0145678534278177,-0.0324032800795986,0.0019007701807202194,0.948668297914131,0.04943093190514866,1
2001-07-26,train,train,0.0094601813347367,0.014312886296547,-0.0324032800795986,0.02304334338798765,0.9421175695081259,0.03483908710388649,1
2001-07-27,train,train,-0.0017023368607596,0.0138831217071976,-0.0324032800795986,0.06786110976252986,0.9106671985921669,0.021471691645303586,1
2001-07-30,train,train,0.0241552839540185,0.0147032400786563,-0.0324032800795986,0.005743599021115624,0.945192224559685,0.04906417641919934,1
2001-07-31,train,train,0.0073500200741144,0.0143685601361918,-0.0324032800795986,0.0333845057954825,0.9344688749811464,0.03214661922337123,1
2001-08-01,train,train,0.0090742565719176,0.0141070449458453,-0.0324032800795986,0.06300297941467013,0.9132835223548492,0.0237134982304805,1
2001-08-02,train,train,0.0059886516227373,0.0137557272062717,-0.0324032800795986,0.12293209846149247,0.860592087975377,0.016475813563130673,1
2001-08-03,train,train,-0.0051242200512659,0.0133956070031555,-0.0324032800795986,0.1835580936356668,0.8042394788348435,0.012202427529489666,1
2001-08-06,train,train,0.0083135746684925,0.0131462040601128,-0.0324032800795986,0.25117768560035175,0.7383656796032123,0.010456634796436132,1
2001-08-07,train,train,-0.0079633606832582,0.0128941159883498,-0.0324032800795986,0.2713790272214074,0.7189585573341327,0.009662415444460105,1
2001-08-08,train,train,-0.0151118164142521,0.0130378201097438,-0.0324032800795986,0.10902517424239326,0.8752292140148211,0.015745611742785624,1
2001-08-09,train,train,-0.0175963644434512,0.0133552832436756,-0.0324032800795986,0.02412412577703784,0.9517272946155279,0.02414857960743396,1
2001-08-10,train,train,-0.0107912650530044,0.0132154780153548,-0.0324032800795986,0.029122367799297343,0.9498879726640196,0.02098965953668305,1
2001-08-13,train,train,0.0162874986744516,0.0134196454650666,-0.0324032800795986,0.02076956984348375,0.9537915587502767,0.025438871406239596,1
2001-08-14,train,train,0.0133790329932096,0.0134172121833711,-0.0324032800795986,0.027947976008001356,0.9475856107095048,0.024466413282494014,1
2001-08-16,train,train,-0.0151556585258694,0.0135278204796024,-0.0324032800795986,0.014217696530771796,0.9589913684169801,0.026790935052248346,1
2001-08-17,train,train,-0.0148645128601936,0.0136117242062459,-0.0324032800795986,0.010457750700669944,0.9615429119625852,0.027999337336744725,1
2001-08-20,train,train,-0.0011957399626187,0.0132003061085105,-0.0324032800795986,0.04808633817723707,0.9336785547353696,0.01823510708739328,1
2001-08-21,train,train,0.0006956681219655,0.0127993059860694,-0.0324032800795986,0.11357267955040702,0.8736463507579898,0.012780969691603191,1
2001-08-22,train,train,0.0132837228333898,0.0128288868277957,-0.0324032800795986,0.09905250060150578,0.8858090491016227,0.01513845029687124,1
2001-08-23,train,train,0.0114565055266448,0.0127507101033193,-0.0324032800795986,0.1111107006638633,0.8738110956800178,0.015078203656118942,1
2001-08-24,train,train,0.0164448017377267,0.0130019868444074,-0.0324032800795986,0.05817109340857347,0.9208614436085545,0.02096746298287161,1
2001-08-27,train,train,-0.002931490579798,0.0126263288571612,-0.0324032800795986,0.11690568829853658,0.868732086124597,0.014362225576866432,1
2001-08-28,train,train,-0.016899400584199,0.0129226202447856,-0.0324032800795986,0.03045812366640726,0.9478218955137052,0.021719980819887644,1
2001-08-29,train,train,0.0062387206059636,0.0126217972269976,-0.0324032800795986,0.0736804599914598,0.9102913593031162,0.01602818070542429,1
2001-08-30,train,train,-0.0231979864910828,0.0134922190153994,-0.0324032800795986,0.003435540395449778,0.9590196346650552,0.03754482493949503,1
2001-08-31,train,train,0.0107533233850928,0.013343748099818,-0.0324032800795986,0.021684944480922664,0.9491566564108127,0.02915839910826509,1
2001-09-03,train,train,-0.020408414895565,0.0138694801799954,-0.0324032800795986,0.0032636864976413873,0.9530167241745232,0.04371958932783536,1
2001-09-04,train,train,0.0168087353403617,0.0140631698652909,-0.0324032800795986,0.00812028872921165,0.946075535586091,0.04580417568469717,1
2001-09-05,train,train,-0.0211971349963236,0.0145899106845644,-0.0324032800795986,0.0016472611316456051,0.9326148133221479,0.06573792554620646,1
2001-09-06,train,train,-0.0265399842492591,0.015567781151905,-0.0324032800795986,0.00019401150199833747,0.861638718671879,0.13816726982612249,1
2001-09-07,train,train,-0.0227109695295288,0.0160860731569971,-0.0324032800795986,0.0006130385655642517,0.8092107004323774,0.19017626100205826,1
2001-09-10,train,train,-0.0062963161108818,0.0156720981502036,-0.0324032800795986,0.020269775837367474,0.8648059958949463,0.11492422826768592,1
2001-09-12,train,train,-0.0455610914372825,0.018852760115729,-0.0350911498952658,8.61545715261718e-09,0.1936493551012805,0.8063506362832623,2
2001-09-13,train,train,0.0002725652391721,0.0182785510271172,-0.0350911498952658,0.010253059455616114,0.3450670829028651,0.644679857641519,2
2001-09-14,train,train,-0.0599316651951349,0.0230123308592497,-0.0461815562628602,1.9272483649646245e-15,0.0009900107317702507,0.9990099892682278,2
2001-09-17,train,train,0.0261319828682029,0.0232113369067463,-0.0461815562628602,1.545225220910021e-06,0.01674098832396719,0.9832574664508119,2
2001-09-18,train,train,-0.0072143317508348,0.0225735018615907,-0.0461815562628602,0.0007010739910472258,0.07971428845570203,0.9195846375532509,2
2001-09-19,train,train,-0.0157685427253339,0.0222240415653491,-0.0461815562628602,0.0006874476322833473,0.12525639093806668,0.8740561614296498,2
2001-09-20,train,train,-0.0305026983420081,0.0228056663673105,-0.0461815562628602,2.532685920701605e-06,0.05284218132259716,0.9471552859914822,2
2001-09-21,train,train,-0.034320487741974,0.0236551530555283,-0.0466044147914638,9.409366187902382e-08,0.016906417033723052,0.9830934888726152,2
2001-09-24,train,train,0.0578908319782724,0.0269642948311992,-0.0466044147914638,2.0093050211795818e-15,0.00013928475075754927,0.9998607152492406,2
2001-09-25,train,train,0.0165346959313567,0.0264547268776631,-0.0466044147914638,3.307211527903652e-05,0.03554427177725997,0.964422656107461,2
2001-09-26,train,train,0.0071736868033876,0.0257089308735823,-0.0466044147914638,0.0018242366261864097,0.10881637403154532,0.8893593893422684,2
2001-09-27,train,train,0.0206340700586514,0.0254330114200815,-0.0466044147914638,0.0005604768093671458,0.11697770758367956,0.8824618156069536,2
2001-09-28,train,train,0.0160010326344367,0.0249677745989196,-0.0466044147914638,0.0014505999678747158,0.16415864512561051,0.8343907549065147,2
2001-10-01,train,train,-0.0166680897883733,0.0245490508034161,-0.0466044147914638,0.0010697370512910503,0.20673971629397503,0.792190546654734,2
2001-10-02,train,train,0.0161073499176078,0.0241259889934045,-0.0466044147914638,0.0024776232333423107,0.2574460933245038,0.7400762834421537,2
2001-10-03,train,train,-0.0089180136209035,0.0234927946875599,-0.0466044147914638,0.00914305190873693,0.3861598307730187,0.6046971173182446,2
2001-10-04,train,train,0.0300879898763199,0.0239397983739584,-0.0466044147914638,6.615729007291725e-05,0.18387905291512835,0.8160547897947988,2
2001-10-05,train,train,-0.0405915827305221,0.0252504990986072,-0.0486947797876465,6.130222357283782e-09,0.019741603428507646,0.9802583904412698,2
2001-10-08,train,train,0.0042730367852206,0.0245036318338141,-0.0486947797876465,0.001312448387006304,0.08969039215556976,0.908997159457424,2
2001-10-09,train,train,0.0108300293517578,0.0239048042621118,-0.0486947797876465,0.004501125319380418,0.16915329019464648,0.8263455844859731,2
2001-10-10,train,train,0.0339308568276649,0.0246217682042711,-0.0486947797876465,3.5937035754086455e-06,0.047038254143358486,0.9529581521530661,2
2001-10-11,train,train,0.0031161586528886,0.0238838901358125,-0.0486947797876465,0.002920282628738182,0.1352121761949896,0.8618675411762723,2
2001-10-15,train,train,-0.0054696768351903,0.0231950175128038,-0.0486947797876465,0.01172181238604667,0.25641788687960293,0.7318603007343504,2
2001-10-16,train,train,0.0173934058420829,0.0228884281063895,-0.0486947797876465,0.006165028713874336,0.29271295921154933,0.7011220120745763,2
2001-10-17,train,train,0.0353326656471007,0.023819134501788,-0.0486947797876465,2.806702801760181e-06,0.07188266081540125,0.9281145324817971,2
2001-10-18,train,train,-0.0147959125714344,0.0233761682069304,-0.0486947797876465,0.0005503408721972434,0.12276539304506032,0.8766842660827425,2
2001-10-19,train,train,-0.0274947254048376,0.0236435217584358,-0.0486947797876465,1.0756316434598717e-05,0.07150379747520848,0.9284854462083569,2
2001-10-22,train,train,0.0246839237936385,0.0237072334848277,-0.0486947797876465,4.5878480537221455e-05,0.061376999310761626,0.9385771222087013,2
2001-10-23,train,train,0.0232106070623352,0.0236777296450909,-0.0486947797876465,7.145972965409685e-05,0.06281340173386098,0.9371151385364851,2
2001-10-24,train,train,0.0166382290396416,0.0233153732162235,-0.0486947797876465,0.0005778874814719137,0.10194446662427815,0.8974776458942499,2
2001-10-25,train,train,-0.0272175190485554,0.0235677285945971,-0.0486947797876465,1.0642184436265028e-05,0.0629047891501102,0.9370845686654538,2
2001-10-26,train,train,0.0099762905052253,0.022980059694804,-0.0486947797876465,0.002081657889248804,0.13810960177291443,0.8598087403378367,2
2001-10-29,train,train,-0.0210279210748031,0.0228676313343957,-0.0486947797876465,0.0002694201095436344,0.13740823276378178,0.8623223471266747,2
2001-10-30,train,train,-0.029985630257828,0.0233559656274931,-0.0486947797876465,3.117867073184721e-06,0.06079886610700429,0.9391980160259227,2
2001-10-31,train,train,0.0276216015222474,0.0236336250881728,-0.0486947797876465,1.1398594975492861e-05,0.04121292231054808,0.9587756790944765,2
2001-11-01,train,train,-0.002511417965007,0.0229219059838293,-0.0486947797876465,0.002427347895386744,0.1266348792450684,0.8709377728595448,2
2001-11-02,train,train,-0.0100180181073416,0.022358680388242,-0.0486947797876465,0.005453249587638355,0.22152508065439572,0.7730216697579657,2
2001-11-05,train,train,0.0318545533392432,0.0230390691541109,-0.0486947797876465,1.4121715198469259e-05,0.07977540483590781,0.9202104734488936,2
2001-11-06,train,train,0.011515501290666,0.0225145995131415,-0.0486947797876465,0.0020336577815555537,0.15252266991363922,0.8454436723048052,2
2001-11-07,train,train,0.0124690455497337,0.0220413562554168,-0.0486947797876465,0.005372972496787417,0.23477908569664466,0.7598479418065681,2
2001-11-08,train,train,0.0297199558599766,0.022575842155336,-0.0486947797876465,4.133488765446684e-05,0.10706109575243962,0.8928975693599059,2
2001-11-09,train,train,-0.0170395922819029,0.0222824907133224,-0.0486947797876465,0.0004361569427077004,0.14455976795524833,0.8550040751020438,2
2001-11-12,train,train,-0.019924731323942,0.0221481042968877,-0.0486947797876465,0.00026473125043624654,0.15370202530825994,0.8460332434413039,2
2001-11-13,train,train,0.0393289912824347,0.0235353433335207,-0.0486947797876465,5.682800760473471e-08,0.020170124912614884,0.9798298182593776,2
2001-11-14,train,train,0.0095568509468161,0.0229381264857938,-0.0486947797876465,0.0008061039998611145,0.07941366212596929,0.9197802338741699,2
2001-11-15,train,train,0.0043268696310471,0.0222645794015028,-0.0486947797876465,0.006820907750067065,0.1820931408830248,0.8110859513669083,2
2001-11-16,train,train,0.0042613266872938,0.0216115325805095,-0.0486947797876465,0.027759835791812633,0.31865663333844446,0.6535835308697427,2
2001-11-19,train,train,0.0179367305975309,0.0214088397238482,-0.0486947797876465,0.011078248862650098,0.3493768553352234,0.6395448958021266,2
2001-11-20,train,train,-0.017468269213524,0.0211930776193809,-0.0486947797876465,0.003305207098584422,0.38305785099935463,0.6136369419020608,2
2001-11-21,train,train,-0.0135802320579991,0.0208149731877604,-0.0486947797876465,0.005143783087107358,0.4702258469552276,0.5246303699576649,2
2001-11-22,train,train,0.0095325179243887,0.0203154979303359,-0.0486947797876465,0.020239065191990212,0.5914639356481872,0.38829699915982263,1
2001-11-23,train,train,0.0030051569932724,0.0197103563362331,-0.0486947797876465,0.06609745710703276,0.6990298059323421,0.23487273696062527,1
2001-11-26,train,train,0.0036735711467896,0.0191310732993588,-0.0486947797876465,0.14693368939617524,0.7245649555645537,0.12850135503927063,1
2001-11-27,train,train,-0.0145628999289065,0.0188881648370262,-0.0486947797876465,0.0638755065177236,0.819653902271521,0.11647059121075512,1
2001-11-28,train,train,-0.0108414530635679,0.0185043030381532,-0.0486947797876465,0.057817971721515024,0.8595725716021778,0.08260945667630733,1
2001-11-29,train,train,-0.0090727516814927,0.0180777091042139,-0.0486947797876465,0.06823184667993117,0.8769075231308626,0.05486063018920614,1
2001-11-30,train,train,0.0110353452480066,0.0177342065837112,-0.0486947797876465,0.08634929903761221,0.8734680483293598,0.04018265263302765,1
2001-12-03,train,train,-0.0074156028335817,0.0172896335440531,-0.0486947797876465,0.11322599899270117,0.8599739262615174,0.026800074745781707,1
2001-12-04,train,train,0.0251774191136517,0.0178614021956804,-0.0486947797876465,0.006699258518419508,0.9279857909019379,0.06531495057964247,1
2001-12-05,train,train,0.0358630035919537,0.0194179609817894,-0.0486947797876465,1.4187014487755107e-05,0.6689372668124083,0.33104854617310403,1
2001-12-07,train,train,-0.0139544758662795,0.0191341950437177,-0.0449479118892103,0.005130150998652208,0.7269180313740219,0.2679518176273258,1
2001-12-10,train,train,-0.0166022599954796,0.0189918002566955,-0.0449479118892103,0.004179075727674237,0.7515807864453343,0.24424013782699136,1
2001-12-11,train,train,0.0089320436800287,0.0185427628100271,-0.0351382562715014,0.02464820330130009,0.8157351174993316,0.15961667919936817,1
2001-12-12,train,train,-0.0121381986552913,0.0182220789556764,-0.0351382562715014,0.023244695172617926,0.8584548460494466,0.11830045877793542,1
2001-12-13,train,train,-0.0252802712976656,0.0187207649093702,-0.0351382562715014,0.0006418748567815924,0.7934898331629966,0.20586829198022158,1
2001-12-14,train,train,-0.0045660224316723,0.0181848819109496,-0.0351382562715014,0.023471420556306802,0.8560287737216339,0.12049980572205905,1
2001-12-17,train,train,0.0310877870754551,0.0192050921534681,-0.0349659002434413,0.0001868792676719848,0.667463686454776,0.33234943427755176,1
2001-12-18,train,train,-0.0081094954028553,0.0187256846520266,-0.0326906461310625,0.014148935181749077,0.7654138279060744,0.22043723691217676,1
2001-12-19,train,train,-0.0175111779091488,0.0186550441128363,-0.0326906461310625,0.005116817944113453,0.7819655861431873,0.2129175959126993,1
2001-12-20,train,train,-0.0113771075146301,0.0183001733632423,-0.0326906461310625,0.013010045606647926,0.8347237630896676,0.15226619130368446,1
2001-12-21,train,train,0.0063084828461628,0.0178098394649267,-0.0326906461310625,0.046279138040509774,0.8636511781241092,0.09006968383538116,1
2001-12-27,train,train,0.0179432977904357,0.0178178751537956,-0.0326906461310625,0.020210831324099603,0.8848587751139895,0.09493039356191108,1
2001-12-28,train,train,-0.0044320072788321,0.0173091489047743,-0.0326906461310625,0.0542915329118793,0.8911632561634387,0.054545210924682244,1
2002-01-02,train,train,-0.0024441608663144,0.0167925183638314,-0.0326906461310625,0.11463555914156241,0.8545378061247927,0.03082663473364492,1
2002-01-03,train,train,0.0209791382116092,0.017072691850606,-0.0326906461310625,0.022176892268352334,0.9276741010991516,0.05014900663249599,1
2002-01-04,train,train,-0.0107653828654531,0.0167613187637068,-0.0326906461310625,0.027784328137784763,0.9345853672964949,0.037630304565720515,1
2002-01-07,train,train,-0.0343534682933556,0.0183001351176331,-0.0349768937605685,1.7146151987684162e-05,0.7981679858375635,0.20181486801044873,1
2002-01-08,train,train,0.0011366854430792,0.0177448238039154,-0.030611274652007,0.02848629101809648,0.8581569434068946,0.11335676557500879,1
2002-01-09,train,train,-0.0148285921312906,0.0175834943682379,-0.030611274652007,0.015165770630963955,0.8873944357395354,0.09743979362950113,1
2002-01-10,train,train,-0.0163363116385324,0.0175111685053584,-0.030611274652007,0.007544885685894589,0.900989756637472,0.09146535767663343,1
2002-01-11,train,train,0.0059930141760617,0.0170410543750245,-0.030611274652007,0.03889703580048088,0.9066975125068059,0.05440545169271299,1
2002-01-14,train,train,-0.0231646117516824,0.0174691051979247,-0.030611274652007,0.002016319020783293,0.9070179777299094,0.09096570324930724,1
2002-01-15,train,train,0.018846267097815,0.0175547818340907,-0.030611274652007,0.0046929933721303226,0.8962295589739725,0.09907744765389694,1
2002-01-16,train,train,-0.0183591869315823,0.0176040827087155,-0.030611274652007,0.003005354291044564,0.8923922696488458,0.10460237606010975,1
2002-01-17,train,train,0.0219757905886459,0.0178965255469921,-0.030611274652007,0.0021933146872129125,0.8574947435088273,0.14031194180396023,1
2002-01-18,train,train,0.0039158376321948,0.0173778167822254,-0.030611274652007,0.03247742201488266,0.8878094533314163,0.07971312465370073,1
2002-01-21,train,train,-0.0133616997818366,0.0171633710678641,-0.0305188725332463,0.022405666062038684,0.9127282657405624,0.06486606819739898,1
2002-01-22,train,train,0.0163913081014913,0.0171180292938493,-0.0305188725332463,0.017126942117790735,0.9198292729304833,0.06304378495172572,1
2002-01-23,train,train,0.0056109180410274,0.0166533556788584,-0.0305188725332463,0.05541104834792285,0.9066613641707194,0.03792758748135781,1
2002-01-24,train,train,0.0165732950270846,0.0166485628967746,-0.0305188725332463,0.0311137266831231,0.9279150245243173,0.04097124879255966,1
2002-01-25,train,train,-0.0034515009885079,0.0161635064042617,-0.0298731232829497,0.07439739580462008,0.9006475304528911,0.024955073742489023,1
2002-01-28,train,train,0.0107059813883692,0.0158890051662481,-0.0298731232829497,0.09561971615999106,0.8836933859893138,0.020686897850695496,1
2002-01-29,train,train,-0.0115126725099849,0.0156609499635879,-0.0298731232829497,0.07226274718160038,0.9082183043853427,0.019518948433056682,1
2002-01-30,train,train,-0.0195955015557036,0.015924460851453,-0.0275994504475678,0.009870618344850118,0.9583883625552636,0.03174101909988658,1
2002-01-31,train,train,0.0038207324043944,0.0154676768123481,-0.0275994504475678,0.04743578483067299,0.9319630780289423,0.02060113714038473,1
2002-02-01,train,train,0.0148817984078706,0.0154331513257703,-0.0275994504475678,0.03756552770134721,0.9394304499843916,0.023004022314261196,1
2002-02-04,train,train,-0.019376148926368,0.0156976857876085,-0.0275994504475678,0.006225131722261735,0.9594755658268336,0.034299302450904796,1
2002-02-05,train,train,-0.0203699341928243,0.0160165024859516,-0.0275994504475678,0.0019604442246408563,0.9491800783874437,0.048859477387915726,1
2002-02-06,train,train,-0.0185857285662336,0.0161821633025318,-0.0275994504475678,0.0025781801589785337,0.9404601421114037,0.056961677729617535,1
2002-02-07,train,train,0.0210912435440496,0.0165179023442713,-0.0275994504475678,0.0028807283514894586,0.9197862854151849,0.07733298623332605,1
2002-02-08,train,train,-0.0054260225140648,0.0160697584052462,-0.0275994504475678,0.026745410417852642,0.9268755780245866,0.04637901155756037,1
2002-02-11,train,train,-0.0012907276093105,0.0155834163698621,-0.0275994504475678,0.07502720726119266,0.8979161623473868,0.027056630391420606,1
2002-02-12,train,train,-0.0040878381526363,0.0151418268071203,-0.0275994504475678,0.13280355181968873,0.8496621571194375,0.01753429106087384,1
2002-02-13,train,train,0.0101438710595637,0.0148893354827474,-0.0275994504475678,0.16428222272294798,0.8205351284316125,0.015182648845439434,1
2002-02-14,train,train,0.01941067377633,0.0151985929558561,-0.0275994504475678,0.04655064722076758,0.9263099328447312,0.027139419934501054,1
2002-02-15,train,train,-0.0126712123361536,0.015058916677225,-0.0275994504475678,0.03300784835686678,0.9417529889941674,0.025239162648965606,1
2002-02-18,train,train,-0.0111727443753288,0.0148544446619419,-0.0275994504475678,0.03335734639005189,0.9445579531029824,0.022084700506965683,1
2002-02-19,train,train,-0.0159323786028905,0.0149213168292401,-0.0275994504475678,0.013471611559405622,0.9603504328127652,0.02617795562782911,1
2002-02-20,train,train,0.0010113210052809,0.0144688741916568,-0.0275994504475678,0.05542416528677723,0.9273582816053897,0.017217553107832993,1
2002-02-21,train,train,0.0026014702021139,0.0140425595951843,-0.0275994504475678,0.12490651182745512,0.8627464741921121,0.012347013980432833,1
2002-02-22,train,train,-0.0096241608518689,0.0138173564588673,-0.0275994504475678,0.11965239387555715,0.867887539435065,0.012460066689377967,1
2002-02-25,train,train,0.014601109196681,0.0138656309819324,-0.0275994504475678,0.08539802846888182,0.8982994469003694,0.016302524630748647,1
2002-02-26,train,train,0.0092049700730964,0.0136310039108751,-0.0275994504475678,0.12382382007083971,0.8620433349060594,0.014132845023100821,1
2002-02-27,train,train,0.0319055520426177,0.0153536271489783,-0.0275994504475678,0.0006650880762608447,0.9128858989318223,0.08644901299191717,1
2002-02-28,train,train,0.00420033169662,0.0149214075010956,-0.0275994504475678,0.030368727942572053,0.9196298856390014,0.0500013864184268,1
2002-03-01,train,train,0.011633840359584,0.014744838832475,-0.0275994504475678,0.0446209462150522,0.9169592636061809,0.038419790178766844,1
2002-03-04,train,train,0.0185733254456459,0.015002125214466,-0.0275994504475678,0.017361147019373156,0.9352083441127436,0.04743050886788344,1
2002-03-05,train,train,-0.0093217729330773,0.0147232354572776,-0.0275994504475678,0.03010274380409042,0.9361565892163018,0.03374066697960771,1
2002-03-06,train,train,0.0015997187136644,0.014280083633802,-0.0275994504475678,0.08412149951852954,0.8952226501080371,0.020655850373433635,1
2002-03-07,train,train,0.0073880917669907,0.0139628283406524,-0.0275994504475678,0.14105288856611792,0.8435732804114421,0.015373831022440297,1
2002-03-08,train,train,-0.0014923698380505,0.0135423990052836,-0.0275994504475678,0.24492883893493358,0.7446468316102084,0.010424329454858071,1
2002-03-11,train,train,-0.0062082053506103,0.0132176126963128,-0.0275994504475678,0.3049305980873412,0.6863442630421104,0.008725138870548505,1
2002-03-12,train,train,-0.011122117262607,0.01310133801604,-0.0275994504475678,0.23391021675192544,0.7553795263326417,0.010710256915432915,1
2002-03-13,train,train,-0.0032755685363547,0.0127275337475917,-0.0275994504475678,0.3443063666599189,0.647834936376879,0.007858696963202303,1
2002-03-14,train,train,0.0066009081417562,0.0124452813417807,-0.0259626714126207,0.46049750335063117,0.5332284287919518,0.006274067857417277,1
2002-03-15,train,train,0.0079049018649062,0.012220522673975,-0.0259626714126207,0.5522593491440865,0.44245114999881224,0.005289500857101125,0
2002-03-18,train,train,0.0090825969696707,0.0120553024857296,-0.0259626714126207,0.6121419602055413,0.3830755066632465,0.004782533131212082,0
2002-03-19,train,train,0.0090833885784175,0.0118979399824122,-0.0259626714126207,0.6667473927672293,0.32906019734354314,0.004192409889227394,0
2002-03-20,train,train,-0.0096315739514071,0.0117742664434972,-0.0259626714126207,0.6228633209011694,0.37225396529543886,0.0048827138033918464,0
2002-03-21,train,train,-0.0066608249244259,0.0115315803160688,-0.0259626714126207,0.665987089317563,0.32999409606459407,0.0040188146178431515,0
2002-03-22,train,train,0.0013908087572324,0.0111854711501457,-0.0259626714126207,0.7855452583278816,0.2121856318327921,0.0022691098393262657,0
2002-03-25,train,train,-0.0216561886513871,0.0120725850327908,-0.0263914228988083,0.16615031188271487,0.8139404214576093,0.01990926665967601,1
2002-03-26,train,train,-0.0054019730373248,0.0117793611699992,-0.0263914228988083,0.23192131972020746,0.7544350318136067,0.013643648466185793,1
2002-03-27,train,train,0.0042748559995708,0.0114684180351046,-0.0263914228988083,0.3634632684502907,0.627541603052095,0.008995128497614717,1
2002-03-28,train,train,0.0111777709511064,0.0114511872441403,-0.0263914228988083,0.3722942252121248,0.6183178300799668,0.009387944707908514,1
2002-04-02,train,train,-0.0057866944882535,0.0111924554021163,-0.0263914228988083,0.4482980195228522,0.5445264695492767,0.007175510927871304,1
2002-04-03,train,train,0.0041367164846456,0.0108986944103008,-0.0217302448652979,0.5958324098782789,0.39950214951317137,0.004665440608549556,0
2002-04-04,train,train,-0.0087068255311616,0.0107797577017287,-0.0217302448652979,0.5834193853948941,0.4115762151917873,0.005004399413318513,0
2002-04-05,train,train,0.0006611538472093,0.0104526175193624,-0.0217302448652979,0.7222526165554112,0.27479951587970813,0.0029478675648804235,0
2002-04-08,train,train,-0.0240316029263101,0.0117197635035092,-0.0229508011097932,0.0635060758871509,0.9086541048096552,0.02783981930319391,1
2002-04-09,train,train,0.0077929242621181,0.0115219557930415,-0.0229508011097932,0.11046434833885894,0.8697517226752383,0.01978392898590304,1
2002-04-10,train,train,0.0073993478708661,0.0113170295711304,-0.0220192419235071,0.17527881508434895,0.8101078895343268,0.014613295381324342,1
2002-04-11,train,train,-0.0158193421274377,0.0116363973778702,-0.0220192419235071,0.05832153244678364,0.9208657378522147,0.020812729701001377,1
2002-04-12,train,train,0.0070257021781373,0.0114124067910899,-0.0220192419235071,0.10918502471627392,0.875247855132729,0.015567120150997302,1
2002-04-15,train,train,0.0111000992808943,0.0113939097452165,-0.0220192419235071,0.12573823573111545,0.8592836741909632,0.014978090077921287,1
2002-04-16,train,train,0.0287322873791531,0.0130982658702404,-0.0220192419235071,0.0022785139606022334,0.9344900397340009,0.06323144630539705,1
2002-04-17,train,train,0.0048127071518976,0.0127538395664541,-0.0220192419235071,0.032756095692536034,0.9294057128116601,0.03783819149580378,1
2002-04-18,train,train,-0.0054593992799971,0.0124374073140484,-0.0220192419235071,0.06652540914192949,0.9090594572669662,0.02441513359110447,1
2002-04-19,train,train,0.0086234672261329,0.0122421242386206,-0.0220192419235071,0.10711543006056433,0.874389251563651,0.018495318375784702,1
2002-04-22,train,train,-0.0067803867857861,0.0119848174045033,-0.0220192419235071,0.14323993723864353,0.8425334791066008,0.014226583654755555,1
2002-04-23,train,train,-0.0007894089258276,0.0116213203773607,-0.0220192419235071,0.25228719067516453,0.7379153440165717,0.009797465308263587,1
2002-04-24,train,train,-0.003824559837537,0.0113061672352534,-0.0220192419235071,0.3575247617993373,0.6350120214938602,0.00746321670680274,1
2002-04-25,train,train,-0.018659445310718,0.0118764534460691,-0.0220192419235071,0.07123143676628994,0.9096453493632387,0.01912321387047128,1
2002-04-26,train,train,0.0013330701773175,0.0115192778521532,-0.0220192419235071,0.15121859036102722,0.8358952083773535,0.012886201261619183,1
2002-04-29,train,train,-0.0043728114897425,0.0112196000517171,-0.0220192419235071,0.2283600392383062,0.7617367673780816,0.009903193383612514,1
2002-04-30,train,train,0.000993835444877,0.0108805295061753,-0.0220192419235071,0.3704945460904258,0.6224696269602173,0.007035826949356878,1
2002-05-02,train,train,-0.0131340469967905,0.0110287333101086,-0.0220192419235071,0.22062387747377424,0.7681735069524769,0.011202615573748572,1
2002-05-03,train,train,-0.0036098912624952,0.0107292525282795,-0.021449078962805,0.32380718518014184,0.6679117898504566,0.00828102496940138,1
2002-05-06,train,train,-0.0091576138224473,0.0106415018527424,-0.021449078962805,0.3087888538480887,0.6823936115069628,0.008817534644948723,1
2002-05-07,train,train,-0.0044397663206629,0.0103744763472636,-0.021449078962805,0.40986438959183874,0.5833283617351143,0.006807248673047039,1
2002-05-08,train,train,0.0221527687077888,0.0114287656199776,-0.021449078962805,0.07440867376190058,0.9008423528040587,0.02474897343404057,1
2002-05-09,train,train,-0.0057659262649444,0.0111702478451539,-0.021449078962805,0.11669078140395679,0.8660864120695718,0.017222806526471308,1
2002-05-10,train,train,-0.0181075264346186,0.0117030304417984,-0.021449078962805,0.022702755236215847,0.9505749517651596,0.026722292998624442,1
2002-05-13,train,train,0.0127083612872348,0.0117657729464228,-0.021449078962805,0.03241755567856547,0.9431089455055294,0.024473498815905124,1
2002-05-14,train,train,0.013104407267063,0.0118503560129825,-0.021449078962805,0.038078609579646615,0.9385123710441137,0.023409019376239584,1
2002-05-15,train,train,0.0071930886762506,0.0116236617663553,-0.021449078962805,0.0800111952633294,0.902673777217859,0.017315027518811615,1
2002-05-16,train,train,-0.009107652365064,0.0114882506058704,-0.021449078962805,0.08716618588515751,0.8975811273236083,0.01525268679123436,1
2002-05-17,train,train,0.0003090486324689,0.0111385294598398,-0.021449078962805,0.17469998656228686,0.8144445682539612,0.010855445183751783,1
2002-05-20,train,train,-0.0112613759665829,0.0111459384322586,-0.021449078962805,0.13085675052790566,0.8565492497361205,0.012593999735973915,1
2002-05-21,train,train,-0.0062695581202862,0.010914965344195,-0.021449078962805,0.17699008266119937,0.8123331813726934,0.0106767359661071,1
2002-05-22,train,train,-0.0117543462395706,0.0109671399958358,-0.021449078962805,0.12322072960555476,0.8638980806635972,0.012881189730848102,1
2002-05-23,train,train,0.0057109709079317,0.0107246622990955,-0.021449078962805,0.209309914742703,0.7804927864707636,0.010197298786533106,1
2002-05-24,train,train,0.0060685568396426,0.0105036622884982,-0.021449078962805,0.31586696609599996,0.6759178143488863,0.00821521955511365,1
2002-05-27,train,train,0.0053689926676344,0.0102682457663652,-0.021449078962805,0.4481004565361625,0.5456491487306974,0.006250394733140407,1
2002-05-28,train,train,-0.0085311556267807,0.0101723888949975,-0.021449078962805,0.4464984531995385,0.5469105950631634,0.006590951737297978,1
2002-05-29,train,train,0.0027218251057674,0.0098850061201594,-0.021449078962805,0.6028478700149839,0.3928727043357238,0.004279425649292517,0
2002-05-30,train,train,-0.0116319992026885,0.0099984373560539,-0.021449078962805,0.4803379136082106,0.5129159979427805,0.006746088449009003,1
2002-05-31,train,train,0.0120345645562668,0.0101321502768512,-0.021449078962805,0.4568962814986166,0.5351116503792773,0.007992068122106193,1
2002-06-03,train,train,-0.0063345351392144,0.0099452712986891,-0.021449078962805,0.5187727866876217,0.47496947002473033,0.006257743287647798,0
2002-06-04,train,train,-0.0298994342315416,0.0121083642980476,-0.0251957419364129,0.003228465139292947,0.9360764404774338,0.06069509438327299,1
2002-06-05,train,train,-0.0062671456788246,0.0118394410219975,-0.0251957419364129,0.02534950286608413,0.9366812836631927,0.03796921347072322,1
2002-06-06,train,train,-0.0054749409835551,0.0115568386947712,-0.0251957419364129,0.056766391514428444,0.9186365963829153,0.024597012102656128,1
2002-06-07,train,train,-0.0128703275772859,0.0116398285767764,-0.0251957419364129,0.037109614282289816,0.9391302794443419,0.02376010627336804,1
2002-06-10,train,train,0.0003341423045258,0.0112855293098604,-0.0251957419364129,0.09516050785870603,0.8892437881429572,0.015595703998337058,1
2002-06-11,train,train,0.0094168253569422,0.0111822170200584,-0.0251957419364129,0.13266018900579665,0.8535527602929114,0.0137870507012921,1
2002-06-12,train,train,-0.0222609982031125,0.0121355915098771,-0.0253973451203214,0.008086477539349638,0.959255685631566,0.03265783682908432,1
2002-06-13,train,train,-0.0124081634912429,0.0121521182388277,-0.0253973451203214,0.013549684408429779,0.9579806659309417,0.028469649660628513,1
2002-06-14,train,train,-0.023336029289556,0.013095333321806,-0.0257556888158025,0.0010457877541676706,0.9446601999284019,0.054294012317430695,1
2002-06-17,train,train,0.0283259622719683,0.0144685900432153,-0.0257556888158025,0.00027797925907496507,0.8607637604358498,0.13895826030507502,1
2002-06-18,train,train,0.0024244175758134,0.014040383185769,-0.0257556888158025,0.030030879379021456,0.8922935631284806,0.07767555749249784,1
2002-06-19,train,train,-0.0189657551816271,0.0143835465230101,-0.0257556888158025,0.0058247570125573,0.9049962855712615,0.08917895741618144,1
2002-06-20,train,train,-0.0213558942273707,0.01489421629492,-0.0257556888158025,0.0013619555851855066,0.8812652829603062,0.11737276145450867,1
2002-06-21,train,train,-0.0192772139106684,0.0151928956050823,-0.0257556888158025,0.0019260041943874081,0.8686487450505326,0.12942525075507996,1
2002-06-24,train,train,-0.040382948165573,0.0177432122911133,-0.0314379951078082,1.457683965183829e-07,0.3399514668628894,0.6600483873687142,2
2002-06-25,train,train,0.0182053921603772,0.0177712820495835,-0.0314379951078082,0.0018361569073682802,0.35971048514705,0.6384533579455817,2
2002-06-26,train,train,-0.0134059058981891,0.0175400244162249,-0.0314379951078082,0.004381960067648861,0.4489079141316018,0.5467101258007491,2
2002-06-27,train,train,0.0018536114022994,0.0170117448148126,-0.0314379951078082,0.030261874975596154,0.6051709379227254,0.3645671871016784,1
2002-06-28,train,train,0.0319232940463918,0.0182532543978324,-0.0314379951078082,9.290049432634035e-05,0.3109669275714577,0.6889401719342159,2
2002-07-01,train,train,-0.0028102406363105,0.0177105693158438,-0.0314379951078082,0.013557352146819832,0.4765356775255399,0.5099069703276404,2
2002-07-02,train,train,-0.0264879712138847,0.0183559572538041,-0.0322567845369997,0.0001708875703257531,0.3236720128066703,0.6761570996230041,2
2002-07-03,train,train,-0.0182183716534763,0.0183477312124286,-0.0322567845369997,0.0009027848001912067,0.34314739882774964,0.6559498163720592,2
2002-07-04,train,train,0.0142183913902187,0.0181265177413766,-0.0322567845369997,0.005314511927915943,0.42157869467343256,0.5731067933986516,2
2002-07-05,train,train,0.0569423289441736,0.0224366248851721,-0.0322567845369997,2.961997354269461e-13,0.0026822804660782754,0.9973177195336256,2
2002-07-08,train,train,0.0077961527682841,0.02183677650073,-0.0322567845369997,0.00027387768115708837,0.05680391254998874,0.9429222097688541,2
2002-07-09,train,train,-0.0192624928242263,0.0216909367537335,-0.0322567845369997,0.00014480429152750722,0.08052411446486499,0.9193310812436073,2
2002-07-10,train,train,-0.0201219324871405,0.0216000107185209,-0.0322567845369997,0.00013110262026322226,0.09610891119116356,0.9037599861885732,2
2002-07-11,train,train,-0.0326940548980732,0.022420992591732,-0.0343254790983959,4.7546562863725886e-07,0.03248223574080659,0.967517288793565,2
2002-07-12,train,train,0.0130069246303311,0.0219701993520982,-0.0343254790983959,0.000679792841880561,0.08472018537692552,0.9146000217811938,2
2002-07-15,train,train,-0.0462141511400616,0.0241220468852141,-0.0397637180679026,5.3573777535952683e-11,0.0037417871576541735,0.9962582127887719,2
2002-07-16,train,train,4.676700280825995e-05,0.0233871949665981,-0.0397637180679026,0.00045661436094088535,0.06527906785959325,0.934264317779466,2
2002-07-17,train,train,0.0366045009284494,0.0243831213013138,-0.0397637180679026,1.5579007195193553e-07,0.014473709781263952,0.9855261344286641,2
2002-07-18,train,train,0.0135699568836111,0.023872851357144,-0.0397637180679026,0.00030721914644252495,0.060065625179280026,0.9396271556742776,2
2002-07-19,train,train,-0.0502990986286064,0.0262205684411321,-0.0456320659780803,1.1036402765086715e-12,0.0013348287700664385,0.9986651712288299,2
2002-07-22,train,train,-0.0265950305636656,0.0262431868463886,-0.0456320659780803,4.971670475944006e-07,0.016030130903122858,0.9839693719298295,2
2002-07-23,train,train,-0.0150359224663007,0.0257088953937728,-0.0456320659780803,0.00013683430496406394,0.05722471880167697,0.9426384468933587,2
2002-07-24,train,train,-0.0253402518587476,0.025686925975713,-0.0456320659780803,1.2185281959525141e-05,0.04924344529493144,0.950744369423109,2
2002-07-25,train,train,0.0496423215245094,0.0277144489625434,-0.0456320659780803,8.335852046946373e-12,0.0013424695389813199,0.9986575304526829,2
2002-07-26,train,train,-0.0010623859652515,0.026871415300574,-0.0456320659780803,0.0003020369820043216,0.060979917748638625,0.938718045269357,2
2002-07-29,train,train,0.0550002504490961,0.0293300227686302,-0.0456320659780803,1.2447239461873378e-13,0.0005205784733611397,0.9994794215265145,2
2002-07-30,train,train,-0.0520063671945233,0.0311595082630994,-0.0495065389877304,1.2114568235690432e-14,0.0003197864231697222,0.999680213576818,2
2002-07-31,train,train,-0.011613620618298,0.0303439059601465,-0.0495065389877304,6.479167628168542e-05,0.04616567568546721,0.9537695326382511,2
2002-08-01,train,train,-0.0283039432720679,0.0302253910391252,-0.0495065389877304,2.3569659558438505e-06,0.031850581210060847,0.9681470618239834,2
2002-08-02,train,train,0.0064320898005722,0.0293469268307962,-0.0495065389877304,0.001701393321068119,0.10502436533194366,0.8932742413469883,2
2002-08-05,train,train,-0.0249902571052069,0.0291039235251613,-0.0495065389877304,4.34050775161763e-05,0.07968978338131474,0.9202668115411692,2
2002-08-06,train,train,0.0338645946918866,0.0294113024040704,-0.0495065389877304,6.882822828272121e-07,0.024321736975941928,0.9756775747417753,2
2002-08-07,train,train,-0.0125447156448827,0.0286804013220547,-0.0495065389877304,0.0003596442935098978,0.0757221792447474,0.9239181764617428,2
2002-08-08,train,train,0.0487612735094534,0.0302633640306277,-0.0495065389877304,3.262977373617985e-11,0.002162612890370803,0.9978373870769994,2
2002-08-09,train,train,0.0006563895127724,0.0293418605602102,-0.0495065389877304,0.0003639674735001088,0.06249516112424886,0.9371408714022507,2
2002-08-12,train,train,-0.0283981066317758,0.0292860929774341,-0.0495065389877304,3.684888437548901e-06,0.03845091822173305,0.9615453968898293,2
2002-08-13,train,train,0.0080528521314196,0.0284623546639587,-0.0495065389877304,0.0017079312111804154,0.11065087769848046,0.8876411910903393,2
2002-08-14,train,train,-0.0269570259432153,0.0283742871258142,-0.0495065389877304,1.8464881381699888e-05,0.06913311480395821,0.93084842031466,2
2002-08-16,train,train,0.0357204176254904,0.0288678203857621,-0.0495065389877304,2.0507911254591545e-07,0.017060653474716168,0.9829391414461714,2
2002-08-19,train,train,0.0397275509048922,0.0296318526023803,-0.0495065389877304,4.641400966336041e-09,0.004433419895671728,0.995566575462927,2
2002-08-20,train,train,-0.0178864671568646,0.0290613046811642,-0.0495065389877304,2.4493188633255314e-05,0.03665106573941215,0.9633244410719546,2
2002-08-21,train,train,0.0095118410695014,0.0282721483304162,-0.0495065389877304,0.001402521869807443,0.10329952234108163,0.8952979557891108,2
2002-08-22,train,train,0.0228223739456492,0.0279751166949297,-0.0495065389877304,0.00022995069037862572,0.09510798817944212,0.9046620611301793,2
2002-08-23,train,train,-0.0133697775004975,0.0273198788773671,-0.0495065389877304,0.0011514127897617737,0.15940269939838758,0.8394458878118508,2
2002-08-26,train,train,-0.0085339140467302,0.0265699622938947,-0.0495065389877304,0.0058380300283254905,0.27283878060191846,0.7213231893697561,2
2002-08-27,train,train,0.0255355143352237,0.0265090337821451,-0.0495065389877304,0.00029002925299002105,0.18454680237560434,0.8151631683714055,2
2002-08-28,train,train,-0.0349767190881164,0.0270918325779058,-0.0495065389877304,2.574304895799595e-07,0.044307481377725506,0.955692261191785,2
2002-08-29,train,train,-0.0158526464129989,0.0265519817109995,-0.0495065389877304,0.00026348256703995654,0.08590312201929107,0.9138333954136689,2
2002-08-30,train,train,0.0101199240615664,0.0258621739340507,-0.0495065389877304,0.003129510629603967,0.16831751870278655,0.8285529706676096,2
2002-09-02,train,train,-0.014776896323646,0.0253342124025392,-0.0495065389877304,0.0024957648930028914,0.23104777419610184,0.7664564609108954,2
2002-09-03,train,train,-0.0319496718019308,0.025779058762271,-0.0495065389877304,2.838679342984966e-06,0.08163548400005814,0.9183616773205989,2
2002-09-04,train,train,0.003770252169812,0.0250107810056771,-0.0495065389877304,0.004644857453271077,0.18700155530615026,0.8083535872405789,2
2002-09-05,train,train,-0.0138339200407266,0.0244844737975864,-0.0495065389877304,0.004072664338945089,0.2614163981667403,0.7345109374943145,2
2002-09-06,train,train,0.0293653220879443,0.0248044233594683,-0.0495065389877304,4.539151624626967e-05,0.12436416895030936,0.8755904395334444,2
2002-09-09,train,train,-0.0190737533558585,0.0244984149921745,-0.0495065389877304,0.0002658606745526009,0.14363790787225067,0.856096231453197,2
2002-09-10,train,train,0.0245048914440228,0.0244988036275666,-0.0495065389877304,0.00010853018912129983,0.10872605303825772,0.8911654167726207,2
2002-09-11,train,train,0.0307037884372434,0.0249147196230479,-0.0495065389877304,5.075684001773811e-06,0.04600819004084292,0.9539867342751553,2
2002-09-12,train,train,-0.0378132234483662,0.0258706213824629,-0.0495065389877304,9.231729668395506e-09,0.009508003120129952,0.9904919876481404,2
2002-09-13,train,train,-0.0177210677101309,0.0254553311139157,-0.0495065389877304,4.178339778186504e-05,0.04211865835402113,0.9578395582481973,2
2002-09-16,train,train,-0.008881074038014,0.0247755495954391,-0.0495065389877304,0.001253897284681807,0.11313255079268507,0.8856135519226332,2
2002-09-17,train,train,-0.000821761113917,0.0240216299149412,-0.0495065389877304,0.010137942363905712,0.2364571074845791,0.7534049501515152,2
2002-09-18,train,train,-0.0294494176957459,0.0243813960572664,-0.0495065389877304,2.3258437662211712e-05,0.11074720995548432,0.8892295316068536,2
2002-09-19,train,train,-0.0147557091442397,0.0239133682784373,-0.0495065389877304,0.0008416670493407712,0.1671240267669343,0.8320343061837252,2
2002-09-20,train,train,-0.0099999901463014,0.0233139061431269,-0.0495065389877304,0.004368449776717069,0.27223706424376864,0.7233944859795145,2
2002-09-23,train,train,-0.0319217637577688,0.0239178984560915,-0.0495065389877304,4.1708697849812816e-06,0.09844158821287868,0.9015542409173365,2
2002-09-24,train,train,-0.0344943324097486,0.0246806290978614,-0.0495065389877304,1.5912432046464655e-07,0.026334247982962262,0.9736655928927173,2
2002-09-25,train,train,0.010426094282095,0.0240646556598049,-0.0495065389877304,0.0008893131780862479,0.0856706669585973,0.9134400198633165,2
2002-09-26,train,train,0.042235203666938,0.0255223419503529,-0.0495065389877304,6.160407760300321e-09,0.007570087896309995,0.9924299059432822,2
2002-09-27,train,train,-0.0091576452488324,0.0248462932910144,-0.0495065389877304,0.0002872645152527331,0.06164899892782154,0.9380637365569258,2
2002-09-30,train,train,-0.0359637775522303,0.0256495924067908,-0.0495065389877304,5.0024493417188886e-08,0.015048232813174939,0.9849517171623317,2
2002-10-01,train,train,-0.0116850229488043,0.0250323766525529,-0.0495065389877304,0.00029195647120259827,0.06611243505862281,0.9335956084701745,2
2002-10-02,train,train,0.0447674801981306,0.0266321295622441,-0.0495065389877304,6.087414002373959e-10,0.004036995176108636,0.9959630042151499,2
2002-10-03,train,train,-0.0112304978963924,0.025966931865336,-0.0495065389877304,0.00013388260652185313,0.052117079925031715,0.9477490374684465,2
2002-10-04,train,train,-0.0095014809976806,0.0252832226177364,-0.0495065389877304,0.0014755337051754263,0.12500885657073973,0.8735156097240849,2
2002-10-07,train,train,-0.0063666790186351,0.0245625516037181,-0.0495065389877304,0.007460190894253302,0.23950621019073132,0.7530335989150154,2
2002-10-08,train,train,-0.0018683543604621,0.023818674389839,-0.0467062297571653,0.03085507032981066,0.39355998097904477,0.5755849486911444,2
2002-10-09,train,train,-0.0165644786808384,0.0234467996098807,-0.0467062297571653,0.00939061427828532,0.44641447374082505,0.5441949119808898,2
2002-10-10,train,train,0.0153720028176801,0.0230422476218522,-0.0467062297571653,0.01015513942295413,0.508023233102014,0.481821627475032,1
2002-10-11,train,train,0.0384253433288943,0.0242420891330626,-0.0467062297571653,1.0137264541809385e-06,0.1065651643379235,0.8934338219356223,2
2002-10-14,train,train,-0.010244890674871,0.0236371660632072,-0.0419277893983732,0.0021788132998875357,0.1944739363551185,0.803347250344994,2
2002-10-15,train,train,0.0497984840816981,0.0259612407896803,-0.0419277893983732,5.176482204790907e-11,0.004253325045531567,0.9957466749027036,2
2002-10-16,train,train,-0.0040834480679067,0.0251902230007353,-0.0419277893983732,0.0003924225817549401,0.06415395064830945,0.9354536267699356,2
2002-10-17,train,train,0.0265978476212324,0.0252768911186108,-0.0419277893983732,2.4837963862975863e-05,0.0474503498747029,0.9525248121614345,2
2002-10-18,train,train,-0.0021106691042584,0.0245123080632738,-0.0419277893983732,0.002848514909492501,0.13700625212992862,0.8601452329605788,2
2002-10-21,train,train,0.0034212437678855,0.0237803352862963,-0.0419277893983732,0.01581757001579848,0.2648007193141657,0.7193817106700358,2
2002-10-22,train,train,0.0015572827416094,0.0230590458024868,-0.0419277893983732,0.05591769393196331,0.41477214946579544,0.5293101566022412,2
2002-10-23,train,train,-0.0267415544284318,0.0232964173579725,-0.0362512400295709,0.000445885565042381,0.28286973320161996,0.7166843812333376,2
2002-10-24,train,train,0.0289574139031808,0.0236742811339951,-0.0362512400295709,3.4812428576734273e-05,0.14057514404754387,0.8593900435238794,2
2002-10-25,train,train,0.0063062347845656,0.0230049865857,-0.0362512400295709,0.006497298450255216,0.2609920093257499,0.7325106922239947,2
2002-10-28,train,train,0.0117647736206037,0.0224895584047438,-0.0362512400295709,0.013490669325577105,0.36353953107525566,0.6229697995991673,2
2002-10-29,train,train,-0.0260809107147254,0.0227210531716408,-0.0362512400295709,0.00017224079343550511,0.24175654266848962,0.7580712165380746,2
2002-10-30,train,train,0.005347030286394,0.0220677802637201,-0.0362512400295709,0.01131080864132156,0.39053613291807004,0.5981530584406082,2
2002-10-31,train,train,0.0166376098575756,0.0217801816780333,-0.0362512400295709,0.00818244896573828,0.4359224779244256,0.5558950731098362,2
2002-11-04,train,train,0.0362758111745325,0.0229100371818701,-0.0362512400295709,2.7229286294481433e-06,0.1094368584958836,0.890560418575487,2
2002-11-05,train,train,0.0004554121564405,0.0222123852719181,-0.0362512400295709,0.006319810494386533,0.2319912590906998,0.7616889304149137,2
2002-11-06,train,train,-0.0078813871275932,0.0216220635389719,-0.0362512400295709,0.015940903223780275,0.36352557790400236,0.6205335188722174,2
2002-11-07,train,train,-0.0327339421623087,0.0224444530330204,-0.0362512400295709,7.184081918703684e-06,0.12961322779712273,0.8703795881209585,2
2002-11-08,train,train,-0.0067925812803031,0.0218242207939102,-0.0362512400295709,0.004449456291127704,0.24416230690992857,0.7513882367989436,2
2002-11-11,train,train,-0.0023405278342653,0.0211671325572983,-0.0362512400295709,0.02267123856544734,0.4004924333421583,0.5768363280923942,2
2002-11-12,train,train,0.0134243385308787,0.0207840665548358,-0.0362512400295709,0.025775984204964936,0.4880835652363268,0.48614045055870786,1
2002-11-13,train,train,-0.0013685765692221,0.0201536884294672,-0.0362512400295709,0.07578166801759793,0.618129607972762,0.30608872400964005,1
2002-11-14,train,train,0.0222819547276251,0.0202876814412676,-0.0362512400295709,0.009232764134152917,0.5967103023670113,0.39405693349883575,1
2002-11-15,train,train,-0.003338060486484,0.0196866242925317,-0.0362512400295709,0.03800061778134331,0.7180637492941151,0.2439356329245413,1
2002-11-18,train,train,0.0167370088736557,0.0195222189680218,-0.0362512400295709,0.02167084498837164,0.7517172315053966,0.2266119235062318,1
2002-11-19,train,train,-0.0090079402584377,0.0190556708276367,-0.0362512400295709,0.03488296932137783,0.8159002315458016,0.14921679913282077,1
2002-11-20,train,train,-0.0055716716544368,0.01852549828618,-0.0362512400295709,0.06947910558327003,0.8437174828524503,0.08680341156427948,1
2002-11-21,train,train,0.0367661342801272,0.0200924702149946,-0.036090444470115,3.1515835258369745e-05,0.5586873429182386,0.4412811412465029,1
2002-11-22,train,train,0.0061818782607005,0.019539136493454,-0.036090444470115,0.0194993303260223,0.6879353466187286,0.292565323055249,1
2002-11-25,train,train,0.0063262952339449,0.0190071698129537,-0.036090444470115,0.056178811652258985,0.7644654197482746,0.17935576859946611,1
2002-11-26,train,train,-0.0167331735143313,0.0188784559694958,-0.036090444470115,0.016157164383662763,0.8116199447046301,0.17222289091170717,1
2002-11-27,train,train,0.0347145059228908,0.0201821244940389,-0.036090444470115,2.4364112240725522e-05,0.4611867710659457,0.5387888648218135,2
2002-11-28,train,train,0.0005968284776909,0.0195678417921144,-0.036090444470115,0.020089494492461054,0.6219004924222624,0.3580100130852767,1
2002-11-29,train,train,-0.0027633226124761,0.0189837973959054,-0.036090444470115,0.05997854341733366,0.7256716253713973,0.2143498312112692,1
2002-12-02,train,train,0.0075548171549118,0.0184982703377723,-0.036090444470115,0.11164239787352935,0.7589127220221262,0.1294448801043448,1
2002-12-03,train,train,-0.0231114018571883,0.0188069949462484,-0.036090444470115,0.004840761487096293,0.7913795288016132,0.2037797097112905,1
2002-12-04,train,train,-0.0106299754502262,0.0184190297805847,-0.036090444470115,0.014592551944790236,0.8440771673841596,0.14133028067105044,1
2002-12-05,train,train,-0.013526087687914,0.0181626628406478,-0.036090444470115,0.013384617841176592,0.8750010162630598,0.11161436589576355,1
2002-12-09,train,train,-0.0211232724028934,0.0183537718302173,-0.0343973507080958,0.0019357670851510708,0.8562732679791621,0.14179096493568658,1
2002-12-10,train,train,0.0065119160762779,0.0178659896739869,-0.0343973507080958,0.02815059790614196,0.8869688656199466,0.08488053647391133,1
2002-12-11,train,train,0.0062029767542108,0.0173882312799762,-0.0343973507080958,0.07059727452436905,0.8791791171146854,0.050223608360945526,1
2002-12-12,train,train,-0.0189974931706149,0.0174889632805732,-0.0343973507080958,0.01127442917617235,0.9256622964862748,0.06306327433755304,1
2002-12-13,train,train,-0.0211773214491845,0.0177319131245675,-0.0343973507080958,0.0018411348754344312,0.9121290515557712,0.08602981356879476,1
2002-12-16,train,train,0.0306973909809145,0.0187642022813624,-0.0343973507080958,0.00010711702683214206,0.7525397498173696,0.24735313315579832,1
2002-12-17,train,train,-0.0071235553112648,0.018276057354826,-0.0343973507080958,0.017135827189386537,0.8277916017741102,0.15507257103650332,1
2002-12-18,train,train,-0.0178392815374329,0.0182501455894737,-0.0343973507080958,0.00538838087780059,0.8394615793903604,0.15515003973183902,1
2002-12-19,train,train,0.002028548544591,0.0177011481476946,-0.0318130913809902,0.0395067129035127,0.8743267657745942,0.08616652132189313,1
2002-12-20,train,train,0.006415547915261,0.0172336984511455,-0.0318130913809902,0.08687048722714194,0.8622847694044785,0.0508447433683792,1
2002-12-23,train,train,0.0051734868441255,0.01675667743123,-0.0318130913809902,0.16420622644939656,0.8065030704705491,0.029290703080054416,1
2002-12-27,train,train,-0.0257938342328418,0.0174315339912503,-0.0318130913809902,0.003067795998143114,0.9189898579311907,0.07794234607066607,1
2002-12-30,train,train,-0.0073278454904649,0.0169955498240791,-0.0285188024351553,0.022299143710903104,0.9285867616002873,0.04911409468880974,1
2003-01-02,train,train,0.0401161427579318,0.0191853091082702,-0.0285188024351553,2.7257704415062107e-06,0.5793323957246649,0.42066487850489354,1
2003-01-03,train,train,-0.0074593628347873,0.018690373085606,-0.0285188024351553,0.013715274955257522,0.701259273368265,0.2850254516764774,1
2003-01-07,train,train,0.017797192676576,0.0186379893589525,-0.0285188024351553,0.008741018190632882,0.7156624459626486,0.27559653584671845,1
2003-01-08,train,train,0.0043846247052485,0.0181020900597724,-0.0285188024351553,0.04197204451220164,0.7951657026041733,0.16286225288362516,1
2003-01-09,train,train,0.0087118408849231,0.0176798839067579,-0.0285188024351553,0.07693508766429681,0.8206701560677728,0.10239475626793025,1
2003-01-10,train,train,0.0009167113822591,0.0171427541207518,-0.0285188024351553,0.16364451859221849,0.7833437327962117,0.053011748611569626,1
2003-01-13,train,train,0.0147687060786506,0.017009657799854,-0.0285188024351553,0.11239631428655256,0.8379105987334438,0.04969308698000354,1
2003-01-14,train,train,0.0083055141299032,0.016616487139518,-0.0285188024351553,0.16822259952285015,0.8000949915799564,0.03168240889719383,1
2003-01-15,train,train,-0.0034053565750822,0.0161318620552777,-0.0285188024351553,0.2638626894271982,0.7179959564374138,0.018141354135387863,1
2003-01-16,train,train,0.0066478212765458,0.0157249599882407,-0.0285188024351553,0.37271015275666625,0.6155991362247193,0.011690711018614432,1
2003-01-17,train,train,-0.0233237134314009,0.0162812051497324,-0.0285188024351553,0.020249333886231773,0.9408602940315067,0.03889037208226166,1
2003-01-20,train,train,-0.010491256195647,0.0159930287955026,-0.0285188024351553,0.027585005730575277,0.94241332757293,0.03000166669649478,1
2003-01-21,train,train,-0.00698749743327,0.0155999954831194,-0.0285188024351553,0.051696446501658465,0.9270316740159121,0.021271879482429253,1
2003-01-22,train,train,-0.015338456753354,0.0155844269340716,-0.0285188024351553,0.021155722908545685,0.9541050532188015,0.02473922387265296,1
2003-01-23,train,train,0.0096339186139344,0.0152928298350307,-0.0285188024351553,0.045446633093939266,0.9345719178731728,0.019981449032887698,1
2003-01-24,train,train,-0.0065665242717139,0.0149139384524033,-0.0285188024351553,0.07493338328762783,0.9096625167211607,0.015404099991211603,1
2003-01-27,train,train,-0.0401150106931082,0.0174823588662068,-0.0329766211900474,1.9067197626319474e-06,0.7633272667242891,0.23667082655594818,1
2003-01-28,train,train,-0.0111874911006256,0.0171698717718806,-0.0329766211900474,0.009644541558379866,0.8219194958884142,0.16843596255320614,1
2003-01-29,train,train,-0.0024208876096354,0.016657366798872,-0.0329766211900474,0.043226517787749795,0.8626469149498764,0.09412656726237417,1
2003-01-30,train,train,0.0131433716578442,0.0164676862267899,-0.0329766211900474,0.04610639471858542,0.8802979949813255,0.07359561030008899,1
2003-01-31,train,train,-0.0120162168778903,0.0162350539379318,-0.0328809290294195,0.03679384647331123,0.9067001173907875,0.056506036135901154,1
2003-02-03,train,train,0.011617455636758,0.0159956329763415,-0.0328809290294195,0.0507784386766036,0.906548453759749,0.04267310756364727,1
2003-02-04,train,train,-0.0242735585325734,0.0166090636847792,-0.0328809290294195,0.001722326666367633,0.9154666127470203,0.082811060586612,1
2003-02-05,train,train,0.0218442138321126,0.0169687806684078,-0.0328809290294195,0.002180175718436551,0.8848217034101302,0.11299812087143328,1
2003-02-06,train,train,-0.0196840381450065,0.017143827687883,-0.0328809290294195,0.001808773751853421,0.8696518579753444,0.12853936827280216,1
2003-02-07,train,train,-0.0130486712470562,0.0169260818680266,-0.0328809290294195,0.008466387036207246,0.8927021934066853,0.0988314195571075,1
2003-02-10,train,train,-0.0037423370844372,0.0164360280411711,-0.0300608011528411,0.038844922346181754,0.9047721511493977,0.05638292650442056,1
2003-02-11,train,train,0.0231760014864702,0.0169163252332771,-0.0300608011528411,0.004780576503833762,0.9021999040246508,0.09301951947151552,1
2003-02-12,train,train,-0.0141286308505039,0.0167621427155574,-0.0300608011528411,0.008178915695957807,0.914945518622287,0.07687556568175516,1
2003-02-13,train,train,-0.0038772578220772,0.016279227573962,-0.0300608011528411,0.03826327480053472,0.9171575863229106,0.04457913887655468,1
2003-02-14,train,train,0.0263280003015715,0.0170499932954041,-0.0300608011528411,0.001792137735002649,0.896779350374114,0.10142851189088317,1
2003-02-17,train,train,0.0182656808994341,0.0171253683468159,-0.0300608011528411,0.005238435976377949,0.8894994537494307,0.1052621102741916,1
2003-02-18,train,train,0.0134066106208038,0.0169252999693815,-0.0300608011528411,0.015786208334445058,0.9017961300881603,0.08241766157739448,1
2003-02-19,train,train,-0.0210141206077115,0.0171980646645272,-0.0300608011528411,0.0022191108073531703,0.8901656775337156,0.1076152116589311,1
2003-02-20,train,train,-0.0078994534352209,0.0167860389725348,-0.0300608011528411,0.019643183986248928,0.9125271049282299,0.06782971108552124,1
2003-02-21,train,train,0.0089591219700431,0.0164219606050148,-0.0300608011528411,0.04650015306214188,0.9086111949047168,0.044888652033141414,1
2003-02-24,train,train,-0.015189524464934,0.0163506342969974,-0.0300608011528411,0.0200874370165203,0.9361883529180001,0.04372421006547943,1
2003-02-25,train,train,-0.0253346169279936,0.0170239013240969,-0.0304144872846478,0.0006326004490236808,0.908786252610403,0.0905811469405733,1
2003-02-26,train,train,-0.0036598833104274,0.016529613064612,-0.0304144872846478,0.026917880526566115,0.9210004284947123,0.0520816909787216,1
2003-02-27,train,train,0.0181158368133598,0.0166290539174284,-0.0304144872846478,0.013468436298806886,0.9279759138285061,0.058555649872686896,1
2003-02-28,train,train,0.0187940042644404,0.016766835834913,-0.0304144872846478,0.007929835391806,0.9247095857944762,0.06736057881371782,1
2003-03-03,train,train,-0.0020355602208183,0.0162636953735854,-0.0304144872846478,0.042055470761147566,0.9194274261819338,0.0385171030569186,1
2003-03-04,train,train,-0.0211672203167371,0.0165988069730548,-0.0304144872846478,0.004030993249569169,0.9375136528587097,0.058455353891721136,1
2003-03-05,train,train,0.0030660272304658,0.0161106548821482,-0.0304144872846478,0.037814336433129994,0.9279335175966211,0.03425214597024867,1
2003-03-06,train,train,-0.0107552682842565,0.0158404721028057,-0.0304144872846478,0.039061562916157255,0.9335169702243624,0.027421466859480492,1
2003-03-07,train,train,-0.0174107446921248,0.0159390515683161,-0.0304144872846478,0.010622567044121884,0.9554547888180964,0.03392264413778169,1
2003-03-10,train,train,-0.0260694463978778,0.0167208589831116,-0.0306594304412759,0.00036398929725813646,0.9205404194562561,0.07909559124648553,1
2003-03-11,train,train,0.0066214811700241,0.016292407384982,-0.0306594304412759,0.026481688853533254,0.9250470040703558,0.04847130707611117,1
2003-03-12,train,train,-0.0278528640627,0.017206478671827,-0.0313457737178953,0.00028756502245083117,0.8749157954855203,0.1247966394920288,1
2003-03-13,train,train,0.0392566923642448,0.0192552436367305,-0.0313457737178953,1.2208092544244594e-06,0.39244429687881766,0.6075544823119279,2
2003-03-14,train,train,0.0404699377963188,0.021137348343005,-0.0313457737178953,8.289955619087121e-08,0.05168629992750195,0.948313617172942,2
2003-03-17,train,train,0.0266695461995357,0.0215094427390501,-0.0313457737178953,1.471150144647808e-05,0.04076926593498139,0.9592160225635723,2
2003-03-18,train,train,0.004130319703709,0.0208787052227646,-0.0313457737178953,0.0025064150993420764,0.1237123949965753,0.8737811899040827,2
2003-03-19,train,train,0.0133270806393042,0.0205041892445017,-0.0313457737178953,0.0045903003223713035,0.19386810391307024,0.8015415957645584,2
2003-03-20,train,train,-0.011276502426883,0.0200705266597289,-0.0313457737178953,0.007122990146677513,0.29353486724099453,0.6993421426123279,2
2003-03-21,train,train,0.0252276809279157,0.020416724298354,-0.0313457737178953,0.0003819872552063844,0.2043365199892408,0.7952814927555527,2
2003-03-24,train,train,-0.0412681511374188,0.0222264637562647,-0.0364120086310756,4.665448712471167e-09,0.01988638964795685,0.9801136056865944,2
2003-03-25,train,train,0.0195902706371425,0.022077170830073,-0.0364120086310756,8.419215748230451e-05,0.046299553936943766,0.9536162539055738,2
2003-03-26,train,train,0.0030978487052397,0.0214180574176242,-0.0364120086310756,0.0031430626809977246,0.13404250250249483,0.8628144348165073,2
2003-03-27,train,train,-0.0197947373018289,0.0213241433596492,-0.0364120086310756,0.0005063193553014297,0.14599227722159658,0.8535014034231021,2
2003-03-28,train,train,0.0011284497065091,0.0206763717452049,-0.0364120086310756,0.009684245249287283,0.28221703419693356,0.708098720553779,2
2003-03-31,train,train,-0.0266745005464577,0.0210844337461866,-0.0364120086310756,9.259532771604103e-05,0.17361001974980594,0.8262973849224778,2
2003-04-01,train,train,0.0139891276981309,0.020727322239951,-0.0364120086310756,0.0026795897026854185,0.24493768494376522,0.7523827253535492,2
2003-04-02,train,train,0.0364989408506119,0.0219948842915217,-0.0364120086310756,8.366472480037497e-07,0.04973637487545797,0.9502627884772941,2
2003-04-03,train,train,0.0102317210748996,0.0214716027782477,-0.0364120086310756,0.0016079371590173985,0.11893019140776104,0.8794618714332219,2
2003-04-04,train,train,0.0137081431091798,0.0210865533827828,-0.0364120086310756,0.003380909774140964,0.1852766034327502,0.811342486793109,2
2003-04-07,train,train,0.0203633847368653,0.0210438640897424,-0.0364120086310756,0.0010892779843287655,0.1857886464659875,0.8131220755496836,2
2003-04-08,train,train,-0.008855124871927,0.0205177571159165,-0.0364120086310756,0.006016550852735534,0.3033065264556319,0.6906769226916326,2
2003-04-09,train,train,0.0110682574767586,0.0200766041714725,-0.0364120086310756,0.015101515537625565,0.41553907364953996,0.5693594108128345,2
2003-04-10,train,train,-0.0094282838594312,0.0196015148686663,-0.0364120086310756,0.02462699391612933,0.542679367129786,0.43269363895408447,1
2003-04-11,train,train,0.0053696263885587,0.0190498345213526,-0.0364120086310756,0.06887848610302923,0.6552301789640845,0.27589133493288615,1
2003-04-14,train,train,0.0071612241443219,0.0185526119845205,-0.0364120086310756,0.12994888391159426,0.7032549266842038,0.16679618940420168,1
2003-04-15,train,train,0.0110656473026267,0.0181905019110208,-0.0364120086310756,0.1519467637025778,0.7331588908541201,0.11489434544330226,1
2003-04-16,train,train,-0.0088334498270073,0.0177685814948503,-0.0364120086310756,0.16181690797394954,0.7638910617346109,0.07429203029143971,1
2003-04-17,train,train,0.0109042393049499,0.0174331088773048,-0.0364120086310756,0.18392598273266064,0.7644163967474024,0.05165762051993687,1
2003-04-22,train,train,0.000486648221161,0.0169024464977635,-0.0364120086310756,0.31682293029972836,0.6576904638830713,0.025486605817200688,1
2003-04-23,train,train,0.0014887681997228,0.0163915869151928,-0.0319318385821921,0.4768385157413484,0.5107697733120736,0.01239171094657786,1
2003-04-24,train,train,-0.0092266446817872,0.016052131715989,-0.0319318385821921,0.45197038821742536,0.5373589192619966,0.01067069252057799,1
2003-04-25,train,train,-0.0052843493866507,0.0156168542791506,-0.0319318385821921,0.5392525683383804,0.45373479936811517,0.007012632293504659,0
2003-04-28,train,train,0.0176030184692101,0.0157430919731573,-0.0319318385821921,0.28512311807305046,0.6990615043218754,0.015815377605074007,1
2003-04-29,train,train,-0.0076870354858987,0.0153791963072347,-0.0319318385821921,0.31276861190269006,0.6750221810285022,0.012209207068807768,1
2003-04-30,train,train,-0.0103781618443735,0.0151258346185972,-0.0319318385821921,0.26283275727660993,0.7247953336446722,0.012371909078717807,1
2003-05-02,train,train,-0.0051136193688442,0.0147184362864256,-0.0319318385821921,0.34706421702366197,0.6439041513987641,0.009031631577573957,1
2003-05-05,train,train,0.0053909222294286,0.0143310204543689,-0.0319318385821921,0.481508168119558,0.5121197861070077,0.006372045773434292,1
2003-05-06,train,train,0.0118531220024947,0.0141945499576453,-0.0319318385821921,0.46415504979398736,0.5282667710423403,0.007578179163672118,1
2003-05-07,train,train,-0.0214969150540098,0.0147351001014734,-0.0319318385821921,0.05010357265105784,0.9227937432665002,0.027102684082441937,1
2003-05-08,train,train,-0.0201900299691126,0.0151180032778683,-0.0319318385821921,0.0061572753056493516,0.952368306550744,0.04147441814360689,1
2003-05-09,train,train,0.013760909024293,0.0150400312085298,-0.0319318385821921,0.01609770828761848,0.9472668479985908,0.036635443713790655,1
2003-05-12,train,train,0.0011265455666866,0.0145844620306395,-0.0319318385821921,0.05998375711556784,0.9176661846381878,0.02235005824624441,1
2003-05-13,train,train,-0.0029754965007586,0.0141589320051103,-0.0319318385821921,0.11933993883747036,0.8656363581191829,0.015023703043346569,1
2003-05-14,train,train,-0.0019781331017222,0.0137361426473339,-0.0319318385821921,0.21118545867276325,0.7782231692449985,0.010591372082238464,1
2003-05-15,train,train,0.0078890860241766,0.0134571534373374,-0.0319318385821921,0.2903456704608263,0.7004929921049301,0.009161337434243091,1
2003-05-16,train,train,0.0105000868523465,0.0132982852034497,-0.0319318385821921,0.31903934275087975,0.6715561037387827,0.009404553510337713,1
2003-05-19,train,train,-0.0316456968103944,0.0150439600367747,-0.0335889040035044,0.0006872368106316335,0.9222557619332244,0.07705700125614398,1
2003-05-20,train,train,0.0029417193488292,0.0146034486453176,-0.0335889040035044,0.031639780342960985,0.9242485354947974,0.044111684162241774,1
2003-05-21,train,train,-0.0158761910420484,0.0146829246445134,-0.0335889040035044,0.013104346956657013,0.9423032223989946,0.04459243064434826,1
2003-05-22,train,train,0.0190150370896131,0.0149782267869275,-0.0335889040035044,0.007510481105959952,0.9381250185761251,0.05436450031791501,1
2003-05-23,train,train,0.0044693848326786,0.0145631371986516,-0.0335889040035044,0.042224981539760356,0.9250591537918584,0.03271586466838132,1
2003-05-26,train,train,-0.0012613933368968,0.0141228656423463,-0.0335889040035044,0.1001565096415624,0.8798777040006062,0.019965786357831597,1
2003-05-27,train,train,0.0039994270106142,0.013727626848784,-0.0335889040035044,0.1893054336034818,0.7973741591211833,0.013320407275334928,1
2003-05-28,train,train,0.0170299621182776,0.01394783320629,-0.0335889040035044,0.08808588559012304,0.8912947976104677,0.020619316799409183,1
2003-05-29,train,train,0.0015591521508217,0.0135283179075309,-0.0335889040035044,0.1775761008240398,0.8090729206245595,0.013350978551400874,1
2003-05-30,train,train,0.0039255775455201,0.0131513904902387,-0.0335889040035044,0.29711279827978476,0.6935589666164405,0.009328235103774785,1
2003-06-02,train,train,0.0132634204467329,0.0131581391858403,-0.0335889040035044,0.2489978542266351,0.7390480990842928,0.011954046689071986,1
2003-06-03,train,train,-0.0049398631039567,0.0128145450201347,-0.0335889040035044,0.3348508489618054,0.6562821465251486,0.008867004513046076,1
2003-06-04,train,train,0.011332995542288,0.0127305152097771,-0.0335889040035044,0.34001201795160296,0.6503815303272856,0.009606451721111468,1
2003-06-05,train,train,-0.0070452856704963,0.0124627532859604,-0.0335889040035044,0.3841701301093546,0.607694191595568,0.008135678295077501,1
2003-06-06,train,train,0.0190256136890715,0.0129506542256931,-0.0335889040035044,0.13707819343341884,0.843416129384047,0.019505677182534188,1
2003-06-09,train,train,-0.0071110034217943,0.012676366212797,-0.0331961161647569,0.17141730483243464,0.8138288182811879,0.014753876886377543,1
2003-06-10,train,train,0.0039949083249345,0.0123290876503804,-0.0331961161647569,0.28861604094860777,0.7013468343854999,0.01003712466589209,1
2003-06-11,train,train,0.0139979281918233,0.012435535282935,-0.0331961161647569,0.22099484565070898,0.7656408495946196,0.01336430475467138,1
2003-06-12,train,train,0.0084895943471533,0.0122347201944911,-0.0331961161647569,0.2908585542519049,0.6982808431953311,0.010860602552764135,1
2003-06-13,train,train,0.0011819537739391,0.0118655339714091,-0.0331961161647569,0.4453187088156074,0.5477896966077551,0.006891594576637208,1
2003-06-16,train,train,0.0150095535192913,0.0120772780232953,-0.0331961161647569,0.31464633193297076,0.6738611668499737,0.011492501217055745,1
2003-06-17,train,train,0.002324611637056,0.0117231921821934,-0.0331961161647569,0.470983804582631,0.5220055261398096,0.007010669277559308,1
2003-06-18,train,train,0.0055312847014127,0.0114465255632916,-0.0331961161647569,0.6021768222781988,0.39306329288518954,0.004759884836611394,0
2003-06-19,train,train,-0.0153976396073732,0.0117212119233266,-0.0266057041369539,0.3064586640165786,0.6819432725598622,0.011598063423558966,1
2003-06-20,train,train,0.0247328134190715,0.012878133560101,-0.0266057041369539,0.02405149281098163,0.935080389729928,0.04086811745909033,1
2003-06-23,train,train,-0.0231273939850533,0.0137108761829682,-0.0271491971139684,0.0014962424355676673,0.92752036554854,0.0709833920158924,1
2003-06-24,train,train,-0.0070045954267286,0.0134034584935356,-0.0271491971139684,0.021353996872819407,0.933985967604333,0.044660035522847426,1
2003-06-25,train,train,0.0101212029100922,0.0132295072664665,-0.0271491971139684,0.04330767279367786,0.9240994358126395,0.03259289139368242,1
2003-06-26,train,train,0.0004753449619443,0.012827011652472,-0.0254233352831524,0.10576112066328204,0.8744955305688177,0.019743348767900352,1
2003-06-27,train,train,0.0036651962663444,0.012468613157723,-0.0254233352831524,0.19916820859667383,0.7877847988367861,0.013046992566540204,1
2003-06-30,train,train,-0.0156306568965157,0.0126805907328216,-0.0254233352831524,0.06952553561686718,0.911221909025433,0.019252555357699812,1
2003-07-01,train,train,-0.0180725632619931,0.0130670039039118,-0.0254233352831524,0.014245736375052685,0.9577354012500595,0.02801886237488828,1
2003-07-02,train,train,0.0135300364914031,0.0130952475658491,-0.0254233352831524,0.022602747636189177,0.9508756303132568,0.026521622050554264,1
2003-07-03,train,train,-0.005225259447432,0.0127606652828057,-0.0254233352831524,0.05429213042208838,0.9272597978742566,0.018448071703655235,1
2003-07-04,train,train,0.0007502523789223,0.0123732888299813,-0.0254233352831524,0.12373197960652116,0.8634758563627722,0.01279216403070655,1
2003-07-07,train,train,0.0209829944692709,0.0130510361004703,-0.0254233352831524,0.024032459862656532,0.948645801905243,0.027321738232100455,1
2003-07-08,train,train,0.003033742497773,0.0126752509367902,-0.0254233352831524,0.07260532938547824,0.9095223856289419,0.017872284985579624,1
2003-07-09,train,train,-0.0072039223815705,0.0124151543281888,-0.0254233352831524,0.10005402746672729,0.885553291943309,0.014392680589963805,1
2003-07-10,train,train,-0.0112258192665405,0.012347025336715,-0.0254233352831524,0.07853477925845262,0.9064279241226294,0.015037296618918028,1
2003-07-11,train,train,0.0188459671018385,0.012830133325331,-0.0254233352831524,0.026060019528509445,0.9490715201773736,0.02486846029411686,1
2003-07-14,train,train,0.0110456636169254,0.0127301210898136,-0.0254233352831524,0.04373053462839829,0.9349484481675456,0.02132101720405615,1
2003-07-15,train,train,-0.0065499376946481,0.0124461530205869,-0.0254233352831524,0.07305495510813804,0.9108142716113711,0.016130773280491048,1
2003-07-16,train,train,-0.0096463449354195,0.01229615548649,-0.0254233352831524,0.07540983566021621,0.9096336140245905,0.014956550315193402,1
2003-07-17,train,train,0.0018014016394697,0.0119297282548708,-0.0254233352831524,0.15752579658466456,0.8315551368729224,0.010919066542413234,1
2003-07-18,train,train,-0.0064857833153141,0.0116748976172707,-0.0254233352831524,0.20360382347488554,0.7866828294852878,0.009713347039826507,1
2003-07-21,train,train,-0.0109577044128747,0.0116331129742354,-0.0254233352831524,0.15853741056353876,0.829945871988111,0.011516717448350259,1
2003-07-22,train,train,0.0054355526918373,0.0113570362510202,-0.0254233352831524,0.2590716025525416,0.7318333936737863,0.00909500377367198,1
2003-07-23,train,train,0.000815723297623,0.0110128679431139,-0.0254233352831524,0.4074798587399409,0.5860730848612176,0.0064470563988413485,1
2003-07-24,train,train,0.0163335845597143,0.0114023429077834,-0.0254233352831524,0.2361193825977192,0.7509707198145243,0.01290989758775653,1
2003-07-25,train,train,-0.0111345660764676,0.0113864538844256,-0.0254233352831524,0.1796090480445161,0.8066120359921815,0.013778915963302024,1
2003-07-28,train,train,0.0133666242440949,0.0115148708529185,-0.0254233352831524,0.1496736933995752,0.8345591701975256,0.015767136402899104,1
2003-07-29,train,train,-0.0104449403985465,0.0114534938996613,-0.0254233352831524,0.12681218346268175,0.8580145260918837,0.015173290445434973,1
2003-07-30,train,train,0.0086711161865628,0.0113058775207525,-0.02498770692152,0.1792502583428362,0.8079750512155636,0.01277469044160026,1
2003-07-31,train,train,0.0110210399842558,0.0112889899399138,-0.0242818846858136,0.1962464586227347,0.7910263414484704,0.012727199928794824,1
2003-08-01,train,train,-0.009433076983199,0.0111863216793512,-0.0242818846858136,0.18554884197505095,0.8021753509723923,0.012275807052556379,1
2003-08-04,train,train,-0.0072307373099716,0.0109892119314279,-0.0242818846858136,0.2205348579560937,0.7688517474881258,0.010613394555780626,1
2003-08-05,train,train,0.006644451459319,0.0107780302584991,-0.0242818846858136,0.32140613448961836,0.6700635375216935,0.008530327988688297,1
2003-08-06,train,train,-0.0096294948833283,0.0107125912075658,-0.0242818846858136,0.29257172303532375,0.698109359062335,0.009318917902341458,1
2003-08-07,train,train,-0.0034720785445808,0.0104210053988459,-0.0242818846858136,0.408613840232032,0.5845358048762862,0.0068503548916818546,1
2003-08-08,train,train,0.0044103622197874,0.0101611313349446,-0.0242818846858136,0.5550884592109991,0.44007399317768964,0.004837547611311458,0
2003-08-11,train,train,0.0049798079949697,0.0099268113644634,-0.0190253827630316,0.6827117755586333,0.31394186439716215,0.003346360044204362,0
2003-08-12,train,train,0.0071383661102577,0.0097819458737587,-0.0190253827630316,0.7610834308445513,0.23633481615585414,0.0025817529995945904,0
2003-08-13,train,train,-0.0024404518123567,0.0095027693582146,-0.018943538047854,0.8379602739079665,0.16042980308502727,0.0016099230070064645,0
2003-08-14,train,train,0.015891425008928,0.0100018353953542,-0.018943538047854,0.695477588107038,0.2999610387858984,0.004561373107063831,0
2003-08-18,train,train,0.0084589052212397,0.0099160321324474,-0.018943538047854,0.751651424172322,0.24494736017894597,0.0034012156487320884,0
2003-08-19,train,train,0.0030215963858057,0.0096423977484726,-0.018943538047854,0.8426858515138069,0.1555182735190293,0.0017958749671637007,0
2003-08-20,train,train,-0.0017534008688366,0.0093585121229699,-0.018943538047854,0.8960800269898831,0.1028866397265114,0.0010333332836056815,0
2003-08-21,train,train,0.004876823227462,0.0091517128721318,-0.018943538047854,0.9284735283218163,0.07085805694611887,0.000668414732064745,0
2003-08-22,train,train,-0.001248198495572,0.0088781809822377,-0.018943538047854,0.9494339768697724,0.05014181097954542,0.0004242121506823209,0
2003-08-25,train,train,-0.0054967041112994,0.0087123818250462,-0.018943538047854,0.9502450976669893,0.04935071249240981,0.0004041898406007394,0
2003-08-26,train,train,-0.0050921936353408,0.00853856471561,-0.018943538047854,0.9524637428971825,0.04715903642668316,0.00037722067613467304,0
2003-08-27,train,train,0.001863594595228,0.0082910217251809,-0.018943538047854,0.9647570388663039,0.03497949249984117,0.0002634686338547508,0
2003-08-28,train,train,0.004441889876662,0.0081117446898408,-0.018943538047854,0.9697536996343111,0.030027561030713426,0.00021873933497522607,0
2003-08-29,train,train,-0.0089316808937888,0.0081632636373989,-0.018943538047854,0.94910760580118,0.05049233031296676,0.0004000638858529423,0
2003-09-01,train,train,0.0116179032351727,0.0084106528495574,-0.018943538047854,0.9297822218696787,0.06953796549203155,0.0006798126382895784,0
2003-09-02,train,train,0.0013196017825002,0.0081608343572385,-0.018943538047854,0.9523793214632659,0.04721549088366107,0.00040518765307315105,0
2003-09-03,train,train,0.012114221537316,0.008450356570537,-0.018943538047854,0.9287137461167102,0.07056388179894785,0.0007223720843420841,0
2003-09-04,train,train,-0.0035720737372075,0.0082395143816919,-0.018943538047854,0.9436959705972972,0.05580290289193962,0.0005011265107633181,0
2003-09-05,train,train,-0.0048426427447478,0.0080760939034001,-0.018943538047854,0.9488918097228282,0.050682356577187115,0.00042583369998485103,0
2003-09-08,train,train,0.00776991274293,0.0080580511176282,-0.018943538047854,0.9523135102338192,0.04727708191171731,0.00040940785446366506,0
2003-09-09,train,train,-0.009236995110595,0.008133608133285,-0.018943538047854,0.9285802450775874,0.07077285777453236,0.0006468971478802324,0
2003-09-10,train,train,-0.0145091979270764,0.0086496968651574,-0.018943538047854,0.7894193901133439,0.20796718979492657,0.0026134200917294305,0
2003-09-11,train,train,-0.0003654546754891,0.0083866700146576,-0.018943538047854,0.866776252613976,0.13182182167256634,0.0014019257134575322,0
2003-09-12,train,train,-0.0128041045317836,0.008715088379949,-0.018943538047854,0.7447552506521208,0.25195766084882537,0.0032870884990535516,0
2003-09-15,train,train,0.004928845092369,0.0085354092098023,-0.018943538047854,0.829276701148134,0.1687846653934124,0.0019386334584536539,0
2003-09-16,train,train,0.0104866466212651,0.0086648833343334,-0.0160708060285284,0.8317901181803152,0.16615215218420654,0.0020577296354784,0
2003-09-17,train,train,0.0020590411432315,0.0084160424209674,-0.0160708060285284,0.8953209448508346,0.10359197960560106,0.0010870755435644294,0
2003-09-18,train,train,0.0068329204815154,0.0083295445234439,-0.0160708060285284,0.9201279368335558,0.07907478269276562,0.0007972804736786851,0
2003-09-19,train,train,-0.0130086449149892,0.0086817005132294,-0.0160708060285284,0.8207288871539997,0.17709781226534027,0.0021733005806599337,0
2003-09-22,train,train,-0.0212586339403769,0.0098977461774881,-0.0183206180329619,0.21614682044930988,0.7645758612174365,0.019277318333253593,1
2003-09-23,train,train,-2.872162874730688e-05,0.0095962235346129,-0.0179467983764821,0.3533527806595475,0.6355694006971331,0.011077818643319581,1
2003-09-24,train,train,-0.0063627141082658,0.0094335202129478,-0.0162588255941475,0.41535894823332736,0.5762360035397988,0.008405048226874164,1
2003-09-25,train,train,-0.0019268541563537,0.0091583072348552,-0.0162588255941475,0.5579216689951064,0.4367897161395331,0.005288614865360282,0
2003-09-26,train,train,-0.0125940736108711,0.0093999339003252,-0.0162588255941475,0.3950321296974267,0.5962471828061758,0.008720687496397525,1
2003-09-29,train,train,-0.0055075374849888,0.009212882830014,-0.0162588255941475,0.4776385895354286,0.5157644651354961,0.00659694532907547,1
2003-09-30,train,train,-0.0101517644743793,0.0092718971496555,-0.0162588255941475,0.4187454989243137,0.57346309942001,0.007791401655676696,1
2003-10-01,train,train,0.0070459391232014,0.0091536171886437,-0.0162588255941475,0.5286544131802395,0.4654445515525048,0.0059010352672559324,0
2003-10-02,train,train,0.0016872018387723,0.0088843786603648,-0.0162588255941475,0.6782250855286713,0.31825185743974754,0.0035230570315813595,0
2003-10-03,train,train,0.0233702372930933,0.0103424529294568,-0.0162588255941475,0.14264977342712412,0.8329654320041658,0.02438479456871027,1
2003-10-06,train,train,-0.0040675534213216,0.0100767580149702,-0.0162588255941475,0.2223188369752468,0.7623158407457986,0.015365322278954891,1
2003-10-07,train,train,-1.4519230561781184e-05,0.0097697800187729,-0.0162588255941475,0.36071580805682457,0.6299086021742604,0.0093755897689151,1
2003-10-08,train,train,0.0043709525278233,0.0095324707751102,-0.0162588255941475,0.5073468274715137,0.4865014565046171,0.006151716023869425,0
2003-10-09,train,train,0.0135980266475957,0.0098239655361851,-0.0162588255941475,0.42528280712904476,0.5657962632081182,0.008920929662837135,1
2003-10-10,train,train,-0.0063456112057361,0.0096506832825063,-0.0162588255941475,0.487681362493505,0.5054223177957803,0.006896319710714683,1
2003-10-13,train,train,0.0125946615451297,0.0098521610074274,-0.0162588255941475,0.44424962112376054,0.5471761785803825,0.008574200295857,1
2003-10-14,train,train,-0.0031764409559926,0.0095836610204092,-0.0162588255941475,0.5699499717986638,0.4246153846184555,0.005434643582880849,0
2003-10-15,train,train,0.0003975813461222,0.0092922144452478,-0.0162588255941475,0.7108911473535299,0.2859499671587795,0.00315888548769077,0
2003-10-16,train,train,-0.0013070517159021,0.009014823203478,-0.0162588255941475,0.8096931169675665,0.18840619068455647,0.0019006923478769285,0
2003-10-17,train,train,-0.0058027023312071,0.0088550153250711,-0.0162588255941475,0.8412856377203417,0.1571333045360975,0.0015810577435610104,0
2003-10-20,train,train,-0.0012590589517668,0.0085907934668138,-0.0162588255941475,0.8969040038329049,0.1021424792368634,0.0009535169302313541,0
2003-10-21,train,train,0.003230321517891,0.0083665839547942,-0.0162588255941475,0.9325715862631779,0.06683539136818227,0.000593022368640222,0
2003-10-22,train,train,-0.0133315307029781,0.0087443425196712,-0.0163664541901438,0.8329502098279854,0.16514110691247158,0.0019086832595430797,0
2003-10-23,train,train,-0.0050310345277589,0.0085670527627895,-0.0163664541901438,0.8679228271567018,0.1306997101625071,0.0013774626807912952,0
2003-10-24,train,train,-0.0015855691064125,0.0083151410824752,-0.0163664541901438,0.9124424013046567,0.08673757130338988,0.000820027391953352,0
2003-10-27,train,train,0.011867010626698,0.0085698677598332,-0.0163664541901438,0.8900751735370992,0.10869304908921212,0.001231777373688166,0
2003-10-28,train,train,0.0104187608727347,0.0086918991079718,-0.0163664541901438,0.8870604325900517,0.11161431257630651,0.0013252548336417347,0
2003-10-29,train,train,0.0009392359804471,0.0084302487122616,-0.0163664541901438,0.9281717755670189,0.07112454004661625,0.0007036843863647598,0
2003-10-30,train,train,0.0125377503198891,0.008731360646233,-0.0163664541901438,0.8978313101546859,0.10098672163050036,0.0011819682148140156,0
2003-10-31,train,train,0.0014597805835012,0.0084729166626156,-0.0163664541901438,0.9344563265770028,0.0649105186983142,0.0006331547246829354,0
2003-11-03,train,train,0.0119626508098939,0.0087217657976638,-0.0163664541901438,0.9115319833010683,0.08748872558983462,0.0009792911090972553,0
2003-11-04,train,train,-0.0021643609180569,0.008472668658844,-0.0163664541901438,0.9374189347129306,0.0619951034065541,0.0005859618805153885,0
2003-11-05,train,train,-0.000500159952391,0.0082154705859788,-0.0163664541901438,0.9555613937781,0.04407213817324428,0.0003664680486561344,0
2003-11-06,train,train,0.0044369995650103,0.0080390010225482,-0.0163664541901438,0.9645329780488144,0.035191861323657675,0.00027516062752752564,0
2003-11-07,train,train,0.0054773896993587,0.007908736502705,-0.0163664541901438,0.9681998009479769,0.031562242452923904,0.0002379565990989573,0
2003-11-10,train,train,-0.0061970908699643,0.0078166145101381,-0.0163664541901438,0.9613766042445879,0.038337771447176,0.0002856243082363227,0
2003-11-11,train,train,-0.0043706711506379,0.0076537350773669,-0.0163664541901438,0.9624012183513544,0.03732431370117075,0.00027446794747485587,0
2003-11-12,train,train,0.0076603734736867,0.0076541335435062,-0.0163664541901438,0.9619352054577739,0.037767757686291314,0.00029703685593483774,0
2003-11-13,train,train,0.0016682809141522,0.007432200505653,-0.0163664541901438,0.9699029823360612,0.029880554455710275,0.00021646320822844362,0
2003-11-14,train,train,0.0048101512656972,0.0073014793985047,-0.0163664541901438,0.9722542420158029,0.02755119601113872,0.00019456197305850405,0
2003-11-17,train,train,-0.0221525809920753,0.0089194795811756,-0.0193068042865095,0.512415290804833,0.47929450331630497,0.008290205878862176,0
2003-11-18,train,train,-0.0009396342239937,0.0086508186773022,-0.0193068042865095,0.6566232796045203,0.3388581283993261,0.00451859199615365,0
2003-11-19,train,train,0.0005891379087291,0.0083885212623464,-0.0193068042865095,0.7780109373061662,0.2195224032382288,0.002466659455605081,0
2003-11-20,train,train,-0.0027943264629469,0.0081617245269366,-0.0193068042865095,0.8473286588122623,0.15113157914217928,0.001539762045558442,0
2003-11-21,train,train,0.0046855488039321,0.0079958854715425,-0.0193068042865095,0.8987903642963104,0.10023304840448145,0.000976587299208149,0
2003-11-24,train,train,0.0137331062210673,0.0084506819721446,-0.0193068042865095,0.8428975755273951,0.15511938303139036,0.001983041441214741,0
2003-11-25,train,train,0.0011175875395463,0.0081978121691817,-0.0193068042865095,0.9022311799963121,0.0967461235415743,0.0010226964621134094,0
2003-11-26,train,train,-0.0033841481976096,0.0079911841701287,-0.0193068042865095,0.9273435278118172,0.07197981952383406,0.000676652664348662,0
2003-11-27,train,train,0.0031083200852591,0.0077850614769317,-0.0193068042865095,0.9501754264012704,0.04940014088890233,0.0004244327098273797,0
2003-11-28,train,train,0.0003585751776121,0.0075484081657731,-0.0193068042865095,0.963289888062402,0.03642778519830595,0.00028232673929185967,0
2003-12-01,train,train,0.0163834864039105,0.0083465487173867,-0.0193068042865095,0.885203917959785,0.1134328150302247,0.0013632670099898506,0
2003-12-02,train,train,-0.0032062567862894,0.0081303006043433,-0.0193068042865095,0.9171125128977802,0.08205367727093384,0.0008338098312863499,0
2003-12-03,train,train,0.004832649705372,0.0079710068895,-0.0189142485451434,0.9413248981875793,0.05813575785722364,0.0005393439551970667,0
2003-12-04,train,train,-0.0023319457162149,0.0077492588053252,-0.0189142485451434,0.9549020915408083,0.04472814569737618,0.00036976276181540545,0
2003-12-05,train,train,-0.002582367785731,0.0075397658261277,-0.0189142485451434,0.9624889792442016,0.0372270635709613,0.00028395718483715854,0
2003-12-09,train,train,0.0058212598926134,0.0074478459029651,-0.0189142485451434,0.9663778089800951,0.0333688734265151,0.0002533175933900295,0
2003-12-10,train,train,-0.0043661987108181,0.0072997264023794,-0.0189142485451434,0.9657144815239684,0.03403867099379533,0.0002468474822361187,0
2003-12-11,train,train,0.009925098486761,0.0074832680036822,-0.0189142485451434,0.9558901402476581,0.04374485593410291,0.00036500381823859296,0
2003-12-12,train,train,0.0002959263315462,0.0072556596087234,-0.0189142485451434,0.9663788648431948,0.033369804917578336,0.00025133023922653455,0
2003-12-15,train,train,0.0050179832891479,0.0071411994758311,-0.0189142485451434,0.9699620342036963,0.02981999389403473,0.00021797190226899388,0
2003-12-16,train,train,0.0020322775382684,0.0069415225473917,-0.0160260617686415,0.9741539096917796,0.02567087704399502,0.00017521326422527536,0
2003-12-17,train,train,0.0025744613542818,0.0067595356523412,-0.0160260617686415,0.9762498344414499,0.023595621396239806,0.00015454416231038177,0
2003-12-18,train,train,0.0104958991530359,0.0070398634108196,-0.0160260617686415,0.9623116226238159,0.03739652859231065,0.0002918487838736216,0
2003-12-19,train,train,0.0042228464119726,0.0069033355808308,-0.0160260617686415,0.9686196218158675,0.03114907619402417,0.00023130199010858507,0
2003-12-22,train,train,0.0001968932280409,0.0066932059306184,-0.0152119587231442,0.9732317359675049,0.026585992318485817,0.00018227171400900653,0
2003-12-23,train,train,0.0101074250757133,0.0069455502151777,-0.0152119587231442,0.9613635565149086,0.03833205173070669,0.00030439175438506586,0
2003-12-29,train,train,0.0082681949647086,0.0070319279434965,-0.0139432409669298,0.9592627472528791,0.04040291416703659,0.00033433858008419254,0
2003-12-30,train,train,-0.0029939794039764,0.0068570376057494,-0.0139432409669298,0.9643157127168761,0.03541671498565523,0.00026757229746863934,0
2004-01-02,train,train,0.0181865285701581,0.0080026755606517,-0.0139432409669298,0.8441278435132302,0.15381262315220529,0.002059533334564781,0
2004-01-05,train,train,0.0040783482990477,0.0078229292884577,-0.0139432409669298,0.8990092452125698,0.09987517244748588,0.001115582339944459,0
2004-01-07,train,train,0.0002907147811975,0.007584945629213,-0.0139432409669298,0.9345892217691659,0.06479679082868874,0.0006139874021453772,0
2004-01-08,train,train,0.0037459271672846,0.0074108997029232,-0.0139432409669298,0.9535275827991662,0.04607651103824245,0.0003959061625914762,0
2004-01-09,train,train,-0.0023695276021734,0.0072085385485428,-0.0139432409669298,0.9620702842736117,0.037637544668745235,0.00029217105764306895,0
2004-01-12,train,train,0.0012610990534821,0.0069957607574044,-0.0139432409669298,0.9699780802560056,0.02980762698185225,0.00021429276214183254,0
2004-01-13,train,train,0.0014483005388411,0.0067919130535805,-0.0138937341883392,0.9742184614922621,0.025608411977944938,0.0001731265297930113,0
2004-01-14,train,train,0.0040189883043239,0.0066581839844789,-0.0138937341883392,0.9754628053006952,0.02437512081370997,0.00016207388559509578,0
2004-01-15,train,train,-0.0026105810433556,0.0064869435896989,-0.0138937341883392,0.9746190323831702,0.02521829341258437,0.00016267420424531797,0
2004-01-16,train,train,0.0027609449233096,0.0063255813898766,-0.0138937341883392,0.9764286496881753,0.023420698385076877,0.00015065192674772228,0
2004-01-19,train,train,0.0046262853905353,0.0062366940052913,-0.0138937341883392,0.976160828426611,0.02368464338488431,0.0001545281885045598,0
2004-01-20,train,train,-0.0035490636375087,0.006108872412392,-0.0138937341883392,0.97364628644979,0.026184606082716704,0.00016910746749299437,0
2004-01-21,train,train,0.0079802000856222,0.0062370055656721,-0.0138937341883392,0.9687584425674565,0.031017717709576786,0.00022383972296654675,0
2004-01-22,train,train,0.006116448507911,0.0062298379322135,-0.0138937341883392,0.9696471887315858,0.030133049096316894,0.0002197621720969319,0
2004-01-23,train,train,0.0016280679215869,0.0060532027994596,-0.0111269021299328,0.9740368274979612,0.025787508378649248,0.00017566412338978577,0
2004-01-26,train,train,-0.0102937485536658,0.006387524077502,-0.0128811401385684,0.9439633403673273,0.05559375476551344,0.0004429048671594372,0
2004-01-27,train,train,0.0036911927511741,0.0062585885186524,-0.0128811401385684,0.958884734682429,0.04079581418443542,0.0003194511331357585,0
2004-01-28,train,train,0.0068366653475138,0.0062947703703545,-0.0128811401385684,0.9618970192356541,0.03780192471421181,0.00030105605013360946,0
2004-01-29,train,train,-0.0128089926380087,0.0068622812182682,-0.0150851073945832,0.895515209580057,0.10345085109626202,0.0010339393236813042,0
2004-01-30,train,train,-0.0104372510076454,0.0071275256452205,-0.0151329415459097,0.8474621098933899,0.15085705677070765,0.0016808333359025788,0
2004-02-02,train,train,0.0036126465495011,0.0069668211846851,-0.0151329415459097,0.9022999426868897,0.09673054341547928,0.00096951389763131,0
2004-02-03,train,train,0.00021354601395,0.006754786279981,-0.0151329415459097,0.9363790765504261,0.06305637455361925,0.0005645488959548203,0
2004-02-04,train,train,-0.0090226033303002,0.006911870345882,-0.0151329415459097,0.9141120992395606,0.08507598120583916,0.0008119195546001123,0
2004-02-05,train,train,0.0076147272304672,0.0069560447687785,-0.0151329415459097,0.9288688349806447,0.07045000761645485,0.0006811574029007058,0
2004-02-06,train,train,0.0094904171517203,0.0071335437447706,-0.0151329415459097,0.928395447603615,0.07088505699395171,0.0007194954024333018,0
2004-02-09,train,train,0.0136511678175438,0.007682152207813,-0.0151329415459097,0.8815047635938378,0.11702849438112525,0.0014667420250367594,0
2004-02-10,train,train,0.0045010831030075,0.0075292841450816,-0.0151329415459097,0.920745560245351,0.0784219120835625,0.0008325276710865409,0
2004-02-11,train,train,0.0030911719148979,0.0073390757716201,-0.0151329415459097,0.9464806188412453,0.05303246768995537,0.0004869134687994957,0
2004-02-12,train,train,0.0054867569865466,0.0072413107462981,-0.0151329415459097,0.9574141159879057,0.042225891618741386,0.00035999239335288515,0
2004-02-13,train,train,-0.0051940880901166,0.0071350612828663,-0.0151329415459097,0.9571314797667894,0.042529493193398736,0.0003390270398121785,0
2004-02-16,train,train,0.003275329396539,0.0069640663766935,-0.0151329415459097,0.9666249952361105,0.03312585948217101,0.0002491452817186954,0
2004-02-17,train,train,0.0039308073961485,0.006820220090011,-0.0151329415459097,0.9713253754735073,0.028470733557438566,0.0002038909690544307,0
2004-02-18,train,train,0.0029137706630807,0.0066508556983474,-0.0111799973997733,0.9745909125289143,0.025237818162328726,0.00017126930875692328,0
2004-02-19,train,train,0.0069298951065437,0.0066679273691521,-0.0111799973997733,0.9717629390735233,0.028038954211505682,0.00019810671497073114,0
2004-02-20,train,train,-0.0124018282722734,0.0071429616228822,-0.0118826906393091,0.9184378106532797,0.08083703181568408,0.0007251575310361284,0
2004-02-23,train,train,0.0008979432159588,0.0069288501803947,-0.0118826906393091,0.9459507210169006,0.053600570002665625,0.00044870898043357696,0
2004-02-24,train,train,-0.0104360277373109,0.0071877025139504,-0.0118826906393091,0.9081606393731316,0.09096622996764207,0.0008731306592261086,0
2004-02-25,train,train,0.0017143018503744,0.0069813761704522,-0.0118826906393091,0.9402503962501576,0.059230213310191265,0.0005193904396512011,0
2004-02-26,train,train,-0.0016407594961536,0.0067806166344079,-0.0118826906393091,0.9555830408288225,0.04406260286833709,0.00035435630284060254,0
2004-02-27,train,train,0.0108717671759422,0.0070929454754647,-0.0118826906393091,0.9417051437507463,0.05775504939698635,0.0005398068522675822,0
2004-03-01,train,train,0.0061632422385903,0.0070406261284301,-0.0118826906393091,0.9528302168945735,0.046757323694352815,0.0004124594110737623,0
2004-03-02,train,train,0.0064367193953718,0.0070058598828408,-0.0118826906393091,0.959079622109793,0.040578574743891996,0.00034180314631495983,0
2004-03-03,train,train,-0.0088491518425853,0.0071299086695487,-0.0118826906393091,0.9388540403702126,0.06061715858157009,0.0005288010482174249,0
2004-03-04,train,train,0.0069201166883964,0.0071174955340204,-0.0118826906393091,0.9486380549053465,0.050914936905553675,0.00044700818909963936,0
2004-03-05,train,train,0.0009828851652744,0.0069048665382525,-0.0118826906393091,0.9626761418231156,0.03703263636328343,0.00029122181360146954,0
2004-03-08,train,train,0.0028237507882504,0.0067301534237537,-0.0118826906393091,0.9699511629408011,0.029831207197634112,0.00021762986156489668,0
2004-03-09,train,train,-0.0099662319167972,0.0069668367225012,-0.0118826906393091,0.9417561650121493,0.05776848783266727,0.00047534715518381056,0
2004-03-10,train,train,0.000747931428506,0.0067570828889556,-0.0118826906393091,0.958834842003728,0.040847671399546016,0.00031748659672598684,0
2004-03-11,train,train,-0.0220059942691192,0.0084837789954992,-0.0157389383931337,0.4575076829780149,0.5325110845452772,0.009981232476708011,1
2004-03-12,train,train,-0.0098854799130504,0.0085743453667603,-0.0157389383931337,0.40996122734431656,0.5801485665796892,0.009890206075994104,1
2004-03-15,train,train,-0.042404803258952,0.0133040698632486,-0.0257399300553599,3.462554054381877e-06,0.6911288388387399,0.30886769860720587,1
2004-03-16,train,train,0.0143911764251878,0.0133717888094556,-0.0257399300553599,0.008211148553809909,0.7396242044792537,0.25216464696693647,1
2004-03-17,train,train,0.0174383224477572,0.0136499874430095,-0.0257399300553599,0.007687205516435364,0.7533399400747922,0.23897285440877214,1
2004-03-18,train,train,-0.0161972430724601,0.0138160728411354,-0.0268693468668437,0.005382361213455091,0.7807061036075317,0.2139115351790135,1
2004-03-19,train,train,0.0074780123291055,0.0135198401148135,-0.0268693468668437,0.03042502422512341,0.8368742626784662,0.13270071309641038,1
2004-03-22,train,train,-0.0193895245724321,0.0139418840877053,-0.0279334407001677,0.005100900744004599,0.8454484464153225,0.14945065284067324,1
2004-03-23,train,train,0.005227138966962,0.0135776633817055,-0.0279334407001677,0.0356448443463935,0.8776184533228085,0.08673670233079792,1
2004-03-24,train,train,-0.0019843727534902,0.0131730038505262,-0.0279334407001677,0.0878584179366566,0.8645590820792639,0.04758249998407936,1
2004-03-25,train,train,0.0206674661472803,0.0137384496227252,-0.0279334407001677,0.018557091672272295,0.9132326716397375,0.06821023668798998,1
2004-03-26,train,train,0.004789586816534,0.0133714885733181,-0.0279334407001677,0.05993050757560728,0.900118809509665,0.039950682914727496,1
2004-03-29,train,train,0.0085515472862328,0.0131322748191513,-0.0279334407001677,0.09978905718136252,0.8728933820423194,0.0273175607763184,1
2004-03-30,train,train,-0.0021091556235974,0.0127426902833289,-0.0279334407001677,0.18319636041902,0.8002187319773657,0.016584907603614602,1
2004-03-31,train,train,0.0017350717411541,0.0123618046722253,-0.0279334407001677,0.31331221869315784,0.6763600288319835,0.010327752474858648,1
2004-04-01,train,train,0.009903268687846,0.0122282396816229,-0.0279334407001677,0.35770798859703085,0.632801606957214,0.009490404445754918,1
2004-04-02,train,train,0.0209934618044911,0.012922909164764,-0.0279334407001677,0.0810704177280234,0.8931279115738427,0.025801670698133966,1
2004-04-05,train,train,0.0019570679541242,0.0125383927719034,-0.0279334407001677,0.16671670462671392,0.8173661810242141,0.015917114349072038,1
2004-04-06,train,train,-0.0004950102094517,0.0121570275071999,-0.0279334407001677,0.28614914341531705,0.7036022147931642,0.010248641791518815,1
2004-04-07,train,train,0.0015684780663016,0.0117929354339297,-0.0279334407001677,0.4399177473576154,0.5533809384863648,0.006701314156019819,1
2004-04-08,train,train,0.011423615941639,0.0117711030345856,-0.0279334407001677,0.4383219499769749,0.5539892798728818,0.0076887701501432565,1
2004-04-13,train,train,0.0064392483335552,0.0115209882300891,-0.0279334407001677,0.558197083016459,0.43629385088088574,0.005509066102655317,0
2004-04-14,train,train,-0.010990614773298,0.0114898562391216,-0.0279334407001677,0.4630960457626638,0.5295399878841144,0.007363966353221643,1
2004-04-15,train,train,-0.0049932469173211,0.0112067720374148,-0.0279334407001677,0.5555641939493835,0.43905905241979964,0.005376753630816593,0
2004-04-16,train,train,0.0092824580266675,0.0111007241542918,-0.0279334407001677,0.6104274454842528,0.38467121095433093,0.004901343561416322,0
2004-04-19,train,train,-0.005679020026673,0.0108520776007407,-0.0279334407001677,0.6763364913867543,0.31991800332180287,0.003745505291442833,0
2004-04-20,train,train,0.00416376203546,0.0105707969337522,-0.0279334407001677,0.784909211920223,0.21279938506326113,0.0022914030165156604,0
2004-04-21,train,train,-0.011178480876347,0.0106082396762101,-0.0279334407001677,0.6961938599569006,0.3000496396352056,0.0037565004078941575,0
2004-04-22,train,train,0.0013875751350045,0.0102906844267794,-0.0279334407001677,0.8070568678688343,0.1908771709655687,0.0020659611655971548,0
2004-04-23,train,train,0.0045834593506443,0.0100401584046471,-0.0279334407001677,0.8732907353359873,0.12543383452635687,0.0012754301376555147,0
2004-04-26,train,train,0.0037377671095428,0.0097772566766396,-0.0279334407001677,0.9176794325719894,0.08154900185890127,0.0007715655691093888,0
2004-04-27,train,train,-0.0004665013789977,0.0094800907509283,-0.0279334407001677,0.9443994781656834,0.05512777892904532,0.000472742905271635,0
2004-04-28,train,train,-0.0152247661934071,0.0099190424812943,-0.0279334407001677,0.7985379045697715,0.198999217967902,0.002462877462326405,0
2004-04-29,train,train,-0.0089433775096859,0.0098632246044497,-0.0279334407001677,0.7759180943659192,0.22135691192304396,0.0027249937110367596,0
2004-04-30,train,train,-0.0061344172065578,0.0096800863678895,-0.0279334407001677,0.8093202860014838,0.1885383659921517,0.002141348006364692,0
2004-05-03,train,train,0.0075061512488365,0.0095635958801403,-0.0279334407001677,0.8542737260303765,0.14411759379833503,0.0016086801712883623,0
2004-05-04,train,train,-0.0023281209248466,0.0092897703422399,-0.0279334407001677,0.9010858081004787,0.09794830969633411,0.0009658822031873735,0
2004-05-05,train,train,0.0102761936626866,0.0093518903117204,-0.0279334407001677,0.8982808425738332,0.10062080784674596,0.0010983495794209958,0
2004-05-06,train,train,-0.0142465171911673,0.0097153577588782,-0.0279334407001677,0.7417988513413714,0.2546470075763327,0.0035541410822961268,0
2004-05-07,train,train,-0.0114330721119257,0.0098268913739293,-0.0279334407001677,0.6373305133494036,0.3574005618738619,0.005268924776734692,0
2004-05-10,train,train,-0.026753052516435,0.0115636186190713,-0.0303879500148353,0.017505658267879826,0.9370473241893588,0.04544701754276144,1
2004-05-11,train,train,0.0119435912131553,0.0115867683716086,-0.0303879500148353,0.031239976290894273,0.9327548435675629,0.036005180141542595,1
2004-05-12,train,train,-0.0101665737052538,0.011506500878796,-0.0303879500148353,0.037525439448020566,0.934693753101285,0.02778080745069471,1
2004-05-13,train,train,0.0047657288880521,0.0112168765275978,-0.0303879500148353,0.09046163880670208,0.8911340841937202,0.018404276999577494,1
2004-05-14,train,train,-0.0110827209965404,0.0112088724756097,-0.0303879500148353,0.07354574600113954,0.9088974119483637,0.017556842050497033,1
2004-05-17,train,train,-0.0139535258952306,0.0113922142684618,-0.0303879500148353,0.0374724238338073,0.9424953012451908,0.020032274921002072,1
2004-05-18,train,train,0.0068845817048681,0.0111731571678417,-0.0303879500148353,0.0807986588061147,0.9038555321029031,0.015345809090982272,1
2004-05-19,train,train,0.0224139168144591,0.0121446323389958,-0.0303879500148353,0.011051405327200394,0.9551011912359131,0.03384740343688615,1
2004-05-20,train,train,-0.0105363107889189,0.0120541859813453,-0.0303879500148353,0.02066681891317577,0.952478626379974,0.026854554706849876,1
2004-05-21,train,train,-0.0013697405291703,0.0116917820301067,-0.0303879500148353,0.06475803069112951,0.9177356163066602,0.01750635300221038,1
2004-05-24,train,train,0.0098659827320253,0.0115903476191731,-0.0303879500148353,0.09348578051707669,0.8910340348032477,0.01548018467967536,1
2004-05-25,train,train,-0.0053925556722542,0.0113146262800844,-0.0303879500148353,0.1438430698523626,0.844071844225305,0.012085085922332395,1
2004-05-26,train,train,0.010730991755819,0.0112804597792069,-0.0303879500148353,0.16604141329011127,0.8216650067237776,0.012293579986110952,1
2004-05-27,train,train,0.0049459694009729,0.0110037086138905,-0.0303879500148353,0.27368243939434306,0.7170833225910489,0.0092342380146081,1
2004-05-28,train,train,-0.0017339728012113,0.0106769427629993,-0.0303879500148353,0.40936043565095837,0.584052433996017,0.006587130353024674,1
2004-05-31,train,train,0.0009678542022774,0.0103543944711371,-0.0303879500148353,0.5695616499496238,0.42601375468523267,0.004424595365143546,0
2004-06-01,train,train,-0.0140313073533163,0.0106110004681308,-0.0303879500148353,0.34119445423706735,0.649387743731405,0.009417802031527717,1
2004-06-02,train,train,0.0076537747119879,0.0104571768235554,-0.0303879500148353,0.43810651381399407,0.5544381681155364,0.007455318070469369,1
2004-06-03,train,train,-0.000860220366913,0.0101407984417765,-0.0303879500148353,0.5893510564589515,0.40599750293657016,0.004651440604478483,0
2004-06-04,train,train,0.0136749003529488,0.0103868098776437,-0.0303879500148353,0.501504555463802,0.49116979594146964,0.007325648594728371,0
2004-06-07,train,train,0.0121963961187939,0.010504179880669,-0.029515793449273,0.4717142613217295,0.5198625714114766,0.008423167266793897,1
2004-06-08,train,train,-0.0006537850252402,0.0101854392815959,-0.029515793449273,0.6222399509516942,0.37298375706355064,0.004776291984755222,0
2004-06-09,train,train,-0.0035231144312386,0.0099127858382631,-0.0207799400537757,0.7221082519231644,0.274791821376442,0.0030999267003933148,0
2004-06-10,train,train,0.0027824369246232,0.009634938557413,-0.0207799400537757,0.8231735189222545,0.1750235058471899,0.001802975230555541,0
2004-06-11,train,train,-0.0043812479727254,0.0094028633177733,-0.0207799400537757,0.8666504406395715,0.13204977602698117,0.001299783333446932,0
2004-06-14,train,train,-0.0121167865152285,0.009587387505765,-0.0204557810940914,0.7675257257822987,0.22968554223170456,0.002788731985996833,0
2004-06-15,train,train,0.0079281095267599,0.0094960104504289,-0.0204557810940914,0.8177146640395363,0.18015237329443826,0.002132962666025298,0
2004-06-16,train,train,0.0050565397934973,0.0092896650793863,-0.0187414453003364,0.8780684143808496,0.12063791485673722,0.0012936707624130166,0
2004-06-17,train,train,0.00415530120869,0.0090639945023172,-0.0187414453003364,0.9195613843586059,0.0796619638835124,0.0007766517578814613,0
2004-06-18,train,train,0.000777234250913,0.0087899307245621,-0.0187414453003364,0.9465474631044024,0.05299256888748419,0.00045996800811360934,0
2004-06-21,train,train,0.0024755537997776,0.0085437000890118,-0.0187414453003364,0.961327426594344,0.0383677146428514,0.0003048587628049991,0
2004-06-22,train,train,-0.0089955851613634,0.0085714850336475,-0.0187414453003364,0.9400145651895933,0.05947967685753226,0.0005057579528747449,0
2004-06-23,train,train,0.0062733672426114,0.0084512391123882,-0.0187414453003364,0.9514436459580365,0.048146015555501374,0.0004103384864621012,0
2004-06-24,train,train,0.0068101847582745,0.0083618630082766,-0.0187414453003364,0.9571794923473121,0.04246301680123769,0.0003574908514505736,0
2004-06-25,train,train,-0.0051710342795871,0.0082054788722093,-0.0187414453003364,0.9570467933335692,0.04261507948243865,0.0003381271839920896,0
2004-06-28,train,train,0.0078381707266134,0.0081839052860666,-0.0187414453003364,0.9577044140369928,0.04194796738550465,0.00034761857750249304,0
2004-06-29,train,train,-0.0065213598501347,0.0080937886953594,-0.0187414453003364,0.9518648490516718,0.04774747478478248,0.00038767616354562045,0
2004-06-30,train,train,-0.0065271146692526,0.0080084358068698,-0.0187414453003364,0.9472130592464485,0.052357558382222925,0.00042938237132865794,0
2004-07-01,train,train,0.0008661446455576,0.007767364663849,-0.0187414453003364,0.9618626073340054,0.03784705956110573,0.00029033310488890457,0
2004-07-02,train,train,-0.0062903525120155,0.0076867515034287,-0.0187414453003364,0.9561422292016812,0.04352165019725531,0.0003361206010637889,0
2004-07-05,train,train,0.0031935278302755,0.0074935236674811,-0.0187414453003364,0.9661391136463815,0.03361058641771402,0.00025029993590432756,0
2004-07-06,train,train,-0.0046632934666774,0.0073544885270952,-0.0187414453003364,0.9647803665559922,0.034966163537460467,0.0002534699065476897,0
2004-07-07,train,train,0.0050974266887993,0.0072389375557692,-0.0187414453003364,0.9689199963607653,0.03085555679686161,0.0002244468423728774,0
2004-07-08,train,train,0.0026256105150522,0.0070478162401379,-0.0187414453003364,0.9734190260934504,0.026399159964048565,0.00018181394250111927,0
2004-07-09,train,train,-0.0046490136224477,0.0069273523505859,-0.0187414453003364,0.9696981067430139,0.03009723094105873,0.00020466231592727272,0
2004-07-12,train,train,0.0007577251493158,0.0067188813650736,-0.0187414453003364,0.9739886216667826,0.025840091823349943,0.00017128650986807163,0
2004-07-13,train,train,0.0028394047352117,0.0065512211033575,-0.0187414453003364,0.9760582407539832,0.023786771027717788,0.0001549882182988832,0
2004-07-14,train,train,-0.005823890695272,0.0065098732889513,-0.0187414453003364,0.9684846247893697,0.031304477745818605,0.000210897464811895,0
2004-07-15,train,train,-0.0058079122638725,0.0064699037022045,-0.0187414453003364,0.9629571286198672,0.03678176431571801,0.0002611070644148853,0
2004-07-16,train,train,0.0034762862997502,0.0063303355888232,-0.0187414453003364,0.9696733549966365,0.030113410852018824,0.00021323415134459655,0
2004-07-19,train,train,-0.0036892835232111,0.0062036608967586,-0.0187414453003364,0.9693453814359738,0.03044470062630153,0.00020991793772458988,0
2004-07-20,train,train,0.0010769384624344,0.0060204544510997,-0.0187414453003364,0.9738560305134903,0.02597054839712509,0.00017342108938443767,0
2004-07-21,train,train,0.0051680923816534,0.0059727439441029,-0.0183436256869728,0.9740973470113126,0.025728318471381458,0.00017433451730562252,0
2004-07-22,train,train,-0.0133112183605658,0.0066456423363787,-0.0183436256869728,0.909239752000619,0.08993808266674727,0.0008221653326336833,0
2004-07-23,train,train,-0.0096869612953975,0.0068662159511332,-0.0183436256869728,0.8764860063474402,0.12226154311557372,0.0012524505369857905,0
2004-07-26,train,train,-0.0138426955612531,0.0074708392716236,-0.0183436256869728,0.7205571816176004,0.27573657130187507,0.0037062470805246236,0
2004-07-27,train,train,0.0130141995340473,0.0079137093974827,-0.0183436256869728,0.6612621187581124,0.333548834607806,0.005189046634081459,0
2004-07-28,train,train,-0.004242405174771,0.0077426783958882,-0.0183436256869728,0.7443516047686372,0.2524286004083209,0.00321979482304187,0
2004-07-29,train,train,0.0081240310478057,0.0077660876537396,-0.0182459619216606,0.7967895329323871,0.20074171595226928,0.0024687511153435276,0
2004-07-30,train,train,0.0058890434516631,0.0076664359623861,-0.0182459619216606,0.8589472831389667,0.1394888157026762,0.0015639011583569915,0
2004-08-02,train,train,-0.006371810172122,0.0075949841234606,-0.0139425096032666,0.874123203856008,0.12456037994349695,0.0013164162004955372,0
2004-08-03,train,train,0.003197350975454,0.0074051428076098,-0.0139425096032666,0.9192579097287493,0.07997666961477869,0.0007654206564719926,0
2004-08-04,train,train,-0.0104289579998128,0.0076204830226661,-0.0139425096032666,0.8759382517351672,0.122754386347851,0.001307361916982201,0
2004-08-05,train,train,0.0030929194660122,0.0074270737749272,-0.0139425096032666,0.9205076857736056,0.07873762645127519,0.0007546877751194209,0
2004-08-06,train,train,-0.0200425792782196,0.0087151614106763,-0.0160091375089221,0.4687019815128439,0.5214519263986296,0.009846092088526427,1
2004-08-09,train,train,-0.0061901847595803,0.0085846315792093,-0.015972194064263,0.534185221547648,0.4588229350162995,0.0069918434360524235,0
2004-08-10,train,train,0.0027602980336559,0.0083505269356962,-0.015972194064263,0.6807374341426791,0.3153351918848824,0.0039273739724385495,0
2004-08-11,train,train,-0.0061589521285652,0.0082354953449612,-0.015972194064263,0.7282004185290365,0.26867991843253003,0.003119663038433153,0
2004-08-12,train,train,0.0021665088343048,0.0080022250776901,-0.015972194064263,0.8285435219862395,0.16969299581993294,0.0017634821938278906,0
2004-08-13,train,train,-0.0060385564581815,0.0078981845805407,-0.015972194064263,0.8534620167977637,0.14505691795672568,0.0014810652455107196,0
2004-08-17,train,train,0.0121190394405676,0.0082128379690528,-0.015972194064263,0.825220126969551,0.17263845156159696,0.002141421468851786,0
2004-08-18,train,train,0.0049935656404503,0.0080560416411467,-0.015972194064263,0.8833247599682765,0.11541054704344811,0.0012646929882754372,0
2004-08-19,train,train,0.0032893821108741,0.0078520711018646,-0.015972194064263,0.9245614252585803,0.07471382851401723,0.0007247462274024305,0
2004-08-20,train,train,-0.0035488496856295,0.0076623351139769,-0.015972194064263,0.9410985883769777,0.05838703828728597,0.000514373335736283,0
2004-08-23,train,train,0.0105576467447307,0.0078661636724735,-0.015972194064263,0.9309031625358836,0.06841728348132882,0.0006795539827871991,0
2004-08-24,train,train,0.0004877928879148,0.0076274645578268,-0.015972194064263,0.952740135371192,0.04685668812943723,0.00040317649937057684,0
2004-08-25,train,train,-0.0011042199932028,0.0074000459967255,-0.0157321644000128,0.9634944244461782,0.036226003364213985,0.00027957218960780153,0
2004-08-26,train,train,0.0069260437985123,0.0073724653183564,-0.0157321644000128,0.9646427471407576,0.035083464481440965,0.0002737883778012976,0
2004-08-27,train,train,0.0056104791686662,0.0072787841545321,-0.0157321644000128,0.9680454319431564,0.03171505369481985,0.00023951436202416314,0
2004-08-30,train,train,-7.607332778637484e-05,0.0070570676680364,-0.0157321644000128,0.9727927340695876,0.02702040550700631,0.00018686042340591998,0
2004-08-31,train,train,-0.0015491149504129,0.0068525949285468,-0.0157321644000128,0.9742966909675972,0.025535295690937973,0.0001680133414644952,0
2004-09-01,train,train,0.0087801949867486,0.0069832716730613,-0.0157321644000128,0.9669765634072957,0.03278020965942653,0.00024322693327786022,0
2004-09-02,train,train,0.0056522317194619,0.0069106426379044,-0.0157321644000128,0.9693664103978444,0.030410153562576075,0.00022343603957924215,0
2004-09-03,train,train,0.0096230440558042,0.0071026573465633,-0.0157321644000128,0.9601905923726166,0.03948780776686484,0.0003215998605185401,0
2004-09-06,train,train,0.0057518755848109,0.0070289345753334,-0.0157321644000128,0.9651246161780747,0.03460424679553769,0.0002711370263874413,0
2004-09-07,train,train,0.0005548813686098,0.0068161601791956,-0.0157321644000128,0.9714835191954159,0.028315267474705506,0.00020121332987887763,0
2004-09-08,train,train,-0.0019372818340707,0.0066255279689563,-0.0157321644000128,0.9731422662556551,0.026678849912990594,0.0001788838313544046,0
2004-09-09,train,train,-0.0071023649108838,0.006655101716354,-0.0157321644000128,0.9617804873421971,0.037948251210351204,0.0002712614474513559,0
2004-09-10,train,train,0.0020875834876929,0.0064725911668204,-0.0157321644000128,0.9697436383084507,0.03004532045732982,0.00021104123421955315,0
2004-09-13,train,train,0.0079377594331984,0.0065697223470398,-0.0157321644000128,0.9661736578745296,0.03357256342857077,0.0002537786968997205,0
2004-09-14,train,train,-0.0034913058760932,0.0064267355334873,-0.0157321644000128,0.9675584186014218,0.03221126358682872,0.00023031781174937414,0
2004-09-15,train,train,-0.0038507574392692,0.006301940479861,-0.0157321644000128,0.9676748551439374,0.03210025314880464,0.00022489170725820503,0
2004-09-16,train,train,0.0022428991704163,0.006134608576293,-0.0157321644000128,0.9728758558346818,0.026940490073684622,0.00018365409163374755,0
2004-09-17,train,train,0.0008042522854181,0.0059509853256065,-0.0157321644000128,0.9756987077020308,0.024143816850612114,0.00015747544735689398,0
2004-09-20,train,train,-0.0039407984407763,0.0058498860079405,-0.0157321644000128,0.9726643107022582,0.027158749087472008,0.0001769402102699949,0
2004-09-21,train,train,0.0021830151023786,0.0056968262764259,-0.0157321644000128,0.9755622674389541,0.024280147554325723,0.00015758500672010168,0
2004-09-22,train,train,-0.0061394048981507,0.0057243460234822,-0.0157321644000128,0.9671636098414269,0.032614565006669774,0.0002218251519036717,0
2004-09-23,train,train,-0.0038470158125423,0.0056293890425587,-0.0157321644000128,0.9674288468065039,0.03234788215152255,0.00022327104197361673,0
2004-09-24,train,train,-0.0006008399348236,0.0054598791424873,-0.0157321644000128,0.972124658486866,0.02768894328092571,0.0001863982322080379,0
2004-09-27,train,train,-0.0058269715104125,0.0054825978563564,-0.0157321644000128,0.9655793686291131,0.034182405447401615,0.00023822592348522157,0
2004-09-28,train,train,0.0061023758254006,0.0055217466387111,-0.0157321644000128,0.9677251084100016,0.03204064838845103,0.00023424320154751557,0
2004-09-29,train,train,0.0074456743325527,0.0056556687280619,-0.0157321644000128,0.9661152789438737,0.03362831871984095,0.00025640233628548473,0
2004-09-30,train,train,-0.0023386948524481,0.0055132171236633,-0.0157321644000128,0.9695180376755527,0.03026768517319687,0.00021427715125020547,0
2004-10-01,train,train,0.0235581953403597,0.0078658212114926,-0.0157321644000128,0.6058754385090674,0.3864733794698241,0.007651182021108434,0
2004-10-04,train,train,0.0102026083545698,0.0080252394210704,-0.0157321644000128,0.6343097682721793,0.3593337605155978,0.006356471212223018,0
2004-10-05,train,train,4.809267565351985e-05,0.0077807672162775,-0.0157321644000128,0.760371783909209,0.2364632707952275,0.0031649452955631674,0
2004-10-06,train,train,0.0022009672394644,0.0075629738577372,-0.0157321644000128,0.8500568882578775,0.14828349677635785,0.0016596149657648082,0
2004-10-07,train,train,0.0010927512777821,0.0073374590615385,-0.0157321644000128,0.9064634084937655,0.0926280637892086,0.0009085277170258746,0
2004-10-08,train,train,-0.0011407382168963,0.0071194159993455,-0.0157321644000128,0.9367937433993248,0.06265185474370448,0.0005544018569706619,0
2004-10-11,train,train,-0.0025864858391567,0.0069315448250157,-0.0157321644000128,0.9515935401193897,0.048013114728379484,0.00039334515223020183,0
2004-10-13,train,train,-0.000638604453914,0.0067222023013625,-0.0157321644000128,0.9633416249826757,0.03638264172603911,0.00027573329128530513,0
2004-10-14,train,train,-0.0049420932150363,0.0066288898523345,-0.0157321644000128,0.9620777195108028,0.03764295335941254,0.0002793271297850561,0
2004-10-15,train,train,0.0006780591261493,0.0064290929130503,-0.0157321644000128,0.9698740315658064,0.029914855242903552,0.0002111131912900092,0
2004-10-18,train,train,0.0007139837356201,0.0062356898503726,-0.0147714109464284,0.9740745545374051,0.025752835642622325,0.00017260981997258267,0
2004-10-19,train,train,0.0097143992223833,0.0064971510195275,-0.0147714109464284,0.9636245964162279,0.03609646899996599,0.00027893458380566646,0
2004-10-20,train,train,-0.0071050531311806,0.0065352199571345,-0.0125255301364043,0.9538427743968648,0.0457974254091431,0.0003598001939925059,0
2004-10-21,train,train,0.0068533847150985,0.0065547453663761,-0.0125255301364043,0.9585994765737195,0.0410676328948447,0.0003328905314358867,0
2004-10-22,train,train,0.0032062247145311,0.0064034052053694,-0.0125255301364043,0.9674863819682341,0.03227075872806852,0.00024285930369758008,0
2004-10-25,train,train,-0.0171303070835772,0.0074933455530465,-0.0158672814538698,0.791021828502202,0.20643607156519814,0.0025420999325997317,0
2004-10-26,train,train,0.0002793961052324,0.0072653903992654,-0.0158672814538698,0.8692235641008337,0.12941630517306457,0.0013601307261021062,0
2004-10-27,train,train,0.0127816765800604,0.0077085030431562,-0.0158672814538698,0.828457697006584,0.16935878227965354,0.0021835207137626085,0
2004-10-28,train,train,0.0115657964707693,0.007992610142911,-0.0158672814538698,0.8112979170631751,0.18612975653714636,0.0025723263996784897,0
2004-10-29,train,train,-0.0020293003249624,0.0077650493540803,-0.0147593131643258,0.8746474400393756,0.1239585065803934,0.001394053380231029,0
2004-11-02,train,train,0.0103756335920838,0.0079459082759151,-0.0147593131643258,0.8739347855663684,0.1245783936286969,0.0014868208049349024,0
2004-11-03,train,train,0.0023016492730769,0.0077244460119853,-0.0104459083752138,0.9203133302677752,0.078890127388911,0.0007965423433137352,0
2004-11-04,train,train,0.0009495727693619,0.007492739387381,-0.0104459083752138,0.9470408657403554,0.052496105286729856,0.0004630289729144118,0
2004-11-05,train,train,0.0043029747372698,0.0073405456480395,-0.0104459083752138,0.95985067152295,0.03982343817531574,0.00032589030173412836,0
2004-11-08,train,train,0.0008747028646707,0.0071201474768703,-0.0104459083752138,0.9687294258298206,0.03104138197413295,0.00022919219604630844,0
2004-11-09,train,train,-0.0033279490945351,0.0069512031186974,-0.0104459083752138,0.9694528717195442,0.030335053289395262,0.00021207499106075292,0
2004-11-10,train,train,-0.0025412680735749,0.0067681277998315,-0.0104459083752138,0.9711776639327491,0.02862831358523858,0.00019402248201246214,0
2004-11-11,train,train,0.003581757756956,0.0066203353387673,-0.0104459083752138,0.9741153342523778,0.025711678025710668,0.00017298772191156272,0
2004-11-12,train,train,-0.0009936592258482,0.0064232663900304,-0.0104459083752138,0.975513645946102,0.024329336444755767,0.00015701760914230188,0
2004-11-15,train,train,-0.003503254542112,0.0062864312287232,-0.0104459083752138,0.9733216172499987,0.026507120673175816,0.00017126207682535027,0
2004-11-16,train,train,-0.0072916314490889,0.0063512312104992,-0.0105089972212822,0.9611394577334478,0.038586643271854126,0.00027389899469844846,0
2004-11-17,train,train,0.0194126260298086,0.0077800290859519,-0.0105089972212822,0.7944415664933994,0.2026190308311109,0.002939402675489726,0
2004-11-18,train,train,0.0014252150234898,0.0075510923511339,-0.0105089972212822,0.8724887076403248,0.1260522315652892,0.0014590607943855895,0
2004-11-19,train,train,-0.0012048783808187,0.0073270021064816,-0.0105089972212822,0.9163748263944091,0.08280755148957021,0.0008176221160203661,0
2004-11-22,train,train,-0.0026118338790275,0.0071325425234611,-0.0105089972212822,0.9390584726367922,0.06040527680697302,0.0005362505562347343,0
2004-11-23,train,train,0.0004415660698438,0.006916102364315,-0.0105089972212822,0.9572208427501305,0.04243702255230305,0.0003421346975664503,0
2004-11-24,train,train,0.007039005847288,0.0069235380982524,-0.0105089972212822,0.9602787049101159,0.03940047178936174,0.00032082330052237427,0
2004-11-25,train,train,0.0100326239354218,0.0071483193543553,-0.0105089972212822,0.950832654864715,0.048732052035309406,0.0004352930999761013,0
2004-11-26,train,train,-0.0018520247022538,0.0069453841611682,-0.0105089972212822,0.9613778788790971,0.03831881622064014,0.0003033049002631676,0
2004-11-29,train,train,-0.0027156277083127,0.0067665750205287,-0.0105089972212822,0.9661107793107262,0.03364205333209691,0.00024716735717719875,0
2004-11-30,train,train,-0.0025849481859941,0.0065909227491598,-0.0105089972212822,0.9691403888276392,0.030644956090190075,0.0002146550821708957,0
2004-12-01,train,train,0.0092633551156349,0.0067810347148625,-0.0105089972212822,0.9614216446015514,0.03827526373397968,0.0003030916644690327,0
2004-12-02,train,train,0.0042649363572461,0.0066569412513407,-0.0105089972212822,0.9680712103939452,0.03169120315931529,0.00023758644673948278,0
2004-12-03,train,train,-0.0026705648969267,0.0064872097103836,-0.0105089972212822,0.9701703091359293,0.029622449113477355,0.00020724175059323616,0
2004-12-07,train,train,0.0034646756681375,0.0063465813699998,-0.0105089972212822,0.9736452142510861,0.026176202445596156,0.00017858330331775514,0
2004-12-09,train,train,-0.0048653982544376,0.0062675892806823,-0.0105089972212822,0.9693335331276087,0.030459396335099687,0.00020707053729184812,0
2004-12-10,train,train,0.0058627929467076,0.006244041586665,-0.0105089972212822,0.9704299737537375,0.02936189215402347,0.0002081340922388324,0
2004-12-13,train,train,0.006852966236913,0.0062822417010569,-0.0105089972212822,0.9692581987339013,0.030518319170256433,0.00022348209584257107,0
2004-12-14,train,train,0.0006635383620274,0.0060930275013774,-0.0105089972212822,0.973733664129922,0.0260887649476408,0.00017757092243746771,0
2004-12-15,train,train,-0.0025442886493981,0.0059401927046583,-0.0105089972212822,0.973690791197976,0.02613765865330632,0.0001715501487177527,0
2004-12-16,train,train,0.0031063206381038,0.0058092761752881,-0.0105089972212822,0.9757719204919338,0.02407095140232067,0.0001571281057452094,0
2004-12-17,train,train,-0.0036926815696821,0.0057044703637085,-0.0105089972212822,0.9731587132847204,0.0266682309762869,0.00017305573899279575,0
2004-12-20,train,train,0.0032093750367504,0.0055862803805568,-0.0105089972212822,0.9754280609976874,0.02441243527010381,0.00015950373220913202,0
2004-12-21,train,train,0.0053037864018797,0.0055697348045116,-0.0105089972212822,0.9748439232994146,0.024989039403610903,0.00016703729697437874,0
2004-12-22,train,train,0.0092616239223149,0.0058572425001647,-0.0105089972212822,0.9658486499147413,0.03389521058340753,0.00025613950185145076,0
2004-12-23,train,train,0.0032302589471826,0.0057336660781164,-0.0105089972212822,0.9714398922451252,0.02835794223432404,0.0002021655205508234,0
2004-12-27,train,train,-0.0003866360340298,0.0055598021852392,-0.0105089972212822,0.9744608569102943,0.025370044183126383,0.00016909890657935397,0
2004-12-28,train,train,0.0029125937630081,0.0054374358354238,-0.0105089972212822,0.9762812098631084,0.023565306943833006,0.00015348319305884888,0
2004-12-29,train,train,0.002596642308069,0.0053100206245412,-0.0105089972212822,0.9773807311487293,0.02247606743805202,0.00014320141321901475,0
2004-12-30,train,train,-0.0021890842682987,0.0051761052237268,-0.0105089972212822,0.9762399116569709,0.023612200757415873,0.00014788758561303165,0
2005-01-03,train,train,0.0047569532973483,0.0051519178613654,-0.0105089972212822,0.9759234807794784,0.023921075568234064,0.00015544365228736636,0
2005-01-04,train,train,-0.000449418001627,0.004996182621127,-0.0105089972212822,0.9768594547680811,0.022995587828720316,0.00014495740319853074,0
2005-01-05,train,train,-0.010537750995419,0.0054887869424054,-0.011653229842695,0.9454968389197295,0.05408556391968278,0.00041759716058750057,0
2005-01-07,train,train,0.0018487437109423,0.0053408095240045,-0.011653229842695,0.9609590013734105,0.038748139012555735,0.00029285961403383216,0
2005-01-10,train,train,-0.001394565894795,0.0051893622374518,-0.011653229842695,0.9677880613414415,0.03198305200914752,0.00022888664941062258,0
2005-01-11,train,train,-0.0069019461300263,0.0053077229796315,-0.011653229842695,0.9582153815541994,0.04147493156666691,0.00030968687913365643,0
2005-01-12,train,train,-0.0023113118132365,0.0051770780921943,-0.011653229842695,0.9649245159821829,0.0348232975910306,0.00025218642678651905,0
2005-01-13,train,train,0.0079164982910529,0.0053809168391504,-0.011653229842695,0.9629001746176055,0.036812528544742346,0.00028729683765214115,0
2005-01-14,train,train,0.0009200598195313,0.0052218579712926,-0.011653229842695,0.9703797661996466,0.029409377546024688,0.00021085625432857943,0
2005-01-17,train,train,0.0076493486458203,0.0053983779706806,-0.011653229842695,0.9673768047049457,0.032379719310217735,0.00024347598483638084,0
2005-01-18,train,train,0.0002748569177693,0.0052343546317559,-0.011653229842695,0.9725938318761154,0.027217606069137694,0.00018856205474674262,0
2005-01-19,train,train,-0.0010229361326048,0.0050810770714691,-0.011653229842695,0.9746512384589742,0.02518322883155298,0.000165532709473157,0
2005-01-20,train,train,-0.0077214771333678,0.0052768907607704,-0.0117965117374546,0.9604064382808895,0.039311745757173784,0.00028181596193661563,0
2005-01-21,train,train,-0.0020313844335893,0.0051402755663543,-0.0117965117374546,0.9666370857124675,0.033128806367446695,0.00023410792008589595,0
2005-01-24,train,train,-0.0035956750233689,0.0050609109512613,-0.0117965117374546,0.9676304962942438,0.032145090303968955,0.00022441340178699627,0
2005-01-25,train,train,0.0073444274073886,0.0052261350263598,-0.0085169531926252,0.9663060345294349,0.033443532640494565,0.00025043283007074763,0
2005-01-26,train,train,0.0027526440052929,0.0051115908498346,-0.0085169531926252,0.9719532563823993,0.027850327524975613,0.0001964160926249025,0
2005-01-27,train,train,0.007391419469128,0.0052762339088844,-0.0085169531926252,0.9690583279941264,0.030715631317426006,0.00022604068844717128,0
2005-01-28,train,train,0.0015440277867816,0.0051294606845133,-0.0085169531926252,0.9737265550600375,0.026094698022109925,0.00017874691785260186,0
2005-01-31,train,train,0.0092031063724277,0.0054602669269242,-0.0085169531926252,0.965184339906791,0.03455131908975706,0.00026434100345241443,0
2005-02-01,train,train,0.003582041897102,0.0053661443763304,-0.0085169531926252,0.9708235201399467,0.028967483134006457,0.00020899672604693232,0
2005-02-02,train,train,0.0053867887859861,0.0053673852801019,-0.0085169531926252,0.9720443233834063,0.027758634282231617,0.00019704233436224734,0
2005-02-03,train,train,0.0003652920556866,0.0052046423083155,-0.0085169531926252,0.975137477955445,0.024698707383315647,0.00016381466123934906,0
2005-02-04,train,train,0.0119683617618374,0.0058358807784078,-0.0085169531926252,0.9537118665043621,0.045901825630865485,0.00038630786477209303,0
2005-02-07,train,train,0.0041516497130605,0.0057487586410111,-0.0085169531926252,0.9638479317300742,0.035869995985508454,0.0002820722844175384,0
2005-02-08,train,train,0.0018478554518671,0.0055919769799333,-0.0085169531926252,0.9709105538119205,0.02888158547642834,0.0002078607116508973,0
2005-02-09,train,train,-0.0030005748796559,0.0054712156901335,-0.0085169531926252,0.9713439328146127,0.028461816997303383,0.00019425018808401817,0
2005-02-10,train,train,4.2364939030761145e-05,0.0053045505698003,-0.0085169531926252,0.9746307438180613,0.025203585227386666,0.00016567095455199304,0
2005-02-11,train,train,0.0144018613622978,0.0062365678048623,-0.0085169531926252,0.9334500181136467,0.06592098115420811,0.0006290007321449871,0
2005-02-14,train,train,-0.0003442086771819,0.0060471646316578,-0.0085169531926252,0.9534943328758808,0.046117825114174345,0.00038784200994486156,0
2005-02-15,train,train,0.0051302558800334,0.0059961053694134,-0.008387058086271,0.9622710371596146,0.037429291850386404,0.000299670989998837,0
2005-02-16,train,train,-0.0061114778828009,0.0060030902491766,-0.008387058086271,0.9571977194419422,0.04247101187548091,0.00033126868257691774,0
2005-02-17,train,train,0.0010542705632312,0.0058259382225186,-0.008387058086271,0.9673265905561044,0.0324359498817907,0.00023745956210488047,0
2005-02-18,train,train,-0.0016288127305576,0.005662529881327,-0.008387058086271,0.9711262587851514,0.028675822371272044,0.00019791884357641006,0
2005-02-21,train,train,-0.0110851437537656,0.0061248032376562,-0.0097814572941841,0.9329999187853434,0.06644137854300294,0.000558702671653635,0
2005-02-22,train,train,-0.0121500866886139,0.0066422810999275,-0.0112576604792661,0.8618340281419159,0.13671125299228243,0.0014547188658022162,0
2005-02-23,train,train,0.0004063010656947,0.0064406994302782,-0.0112576604792661,0.9129612338982017,0.08622097810810204,0.0008177879936961948,0
2005-02-24,train,train,-0.0001603705230723,0.0062446133366602,-0.0112576604792661,0.9420766976099172,0.057427757999396506,0.0004955443906859129,0
2005-02-25,train,train,0.0092698925716953,0.0064661687635243,-0.0112576604792661,0.9402781600538098,0.05916866653072085,0.0005531734154693206,0
2005-02-28,train,train,-0.0051724422243665,0.0063959289930032,-0.0112576604792661,0.945111488054046,0.05441671506016349,0.00047179688579035417,0
2005-03-01,train,train,0.0086199544208795,0.0065506984418159,-0.0112576604792661,0.9460021278898058,0.053511089200605974,0.0004867829095884555,0
2005-03-02,train,train,-0.0030345104233609,0.0063944856150938,-0.0112576604792661,0.9561267551022609,0.04351767892584185,0.0003555659718976377,0
2005-03-03,train,train,-0.0026295535485484,0.0062330532338994,-0.0112576604792661,0.9631305821906018,0.03659251203241841,0.0002769057769796026,0
2005-03-04,train,train,0.0125761616314544,0.0067830292600323,-0.0112576604792661,0.9362713043825227,0.06312167707139582,0.0006070185460820685,0
2005-03-07,train,train,0.0008279648290138,0.006579517332707,-0.0112576604792661,0.9558616221276253,0.043770522594715845,0.0003678552776588493,0
2005-03-08,train,train,-0.0069063572544988,0.0065995842038052,-0.0112576604792661,0.9484443843041802,0.051131325440228866,0.00042429025559100617,0
2005-03-09,train,train,-0.0074006280330742,0.0066503683116323,-0.0112576604792661,0.9392665255877554,0.0602186592671574,0.0005148151450869715,0
2005-03-10,train,train,-0.009706532575674,0.0068721729633427,-0.0112576604792661,0.9094423924390435,0.0897016217328747,0.0008559858280819642,0
2005-03-11,train,train,0.0011581821450098,0.0066688558776355,-0.0112576604792661,0.9409714725063475,0.058518999002386676,0.0005095284912657781,0
2005-03-14,train,train,-0.0036184903463299,0.0065261649333175,-0.0112576604792661,0.9513666758552474,0.04823908463727571,0.00039423950747673604,0
2005-03-15,train,train,0.0062409329752499,0.0065094034808686,-0.0112576604792661,0.9586469787617663,0.041018264141902606,0.0003347570963311375,0
2005-03-16,train,train,-0.0165449975346446,0.0075002806788429,-0.0132600759923413,0.7865471422301031,0.21078534385909156,0.0026675139108051317,0
2005-03-17,train,train,0.0037532881320983,0.0073296785709805,-0.0132600759923413,0.8633334571957262,0.13518308573995916,0.001483457064314293,0
2005-03-18,train,train,0.003037955958255,0.0071452422814706,-0.0132600759923413,0.9131033758454616,0.08605362628453599,0.0008429978700022836,0
2005-03-21,train,train,-0.0041645811023042,0.00700227407138,-0.0132600759923413,0.931012752840577,0.06836750633682741,0.0006197408225953212,0
2005-03-22,train,train,0.0079678125953095,0.0070639290691311,-0.0132600759923413,0.9389499385883977,0.060485683933233926,0.0005643774783679207,0
2005-03-23,train,train,-0.0050778907385902,0.0069607648086454,-0.0132600759923413,0.9445929804293929,0.05493079100333619,0.0004762285672708683,0
2005-03-24,train,train,0.0061633754329089,0.0069155147112575,-0.0132600759923413,0.9546251385351235,0.04499302939823642,0.0003818320666403969,0
2005-03-29,train,train,0.0015885263857387,0.0067161215044855,-0.0132600759923413,0.9659687223248185,0.033772984837469745,0.0002582928377117405,0
2005-03-30,train,train,-0.0047301286890884,0.0066138005582382,-0.0132600759923413,0.9644848678529776,0.035256622610050525,0.0002585095369718042,0
2005-03-31,train,train,-0.0022978533972154,0.0064369732148587,-0.0132600759923413,0.9686216855835975,0.031159291550909178,0.00021902286549361762,0
2005-04-01,train,train,0.003310304016825,0.0062933324621943,-0.0132600759923413,0.9728999493081562,0.026915085492066587,0.00018496519977739739,0
2005-04-04,train,train,-0.0090292942041038,0.0064900971256509,-0.0132600759923413,0.9517169514535881,0.047915674081054176,0.0003673744653575148,0
2005-04-05,train,train,0.0099546013126603,0.0067483126999273,-0.0132600759923413,0.9440925930296088,0.05541199125597338,0.0004954157144176866,0
2005-04-06,train,train,0.0089935501255434,0.0069036495761213,-0.0132600759923413,0.9433640670958708,0.05611093974755251,0.0005249931565768993,0
2005-04-07,train,train,0.0010973174251875,0.0066987313092543,-0.0132600759923413,0.9598246478499071,0.03984903958419613,0.0003263125658967307,0
2005-04-08,train,train,-0.0007030059330481,0.0064969434447964,-0.0132600759923413,0.9678584536344284,0.03190596474276172,0.00023558162280959936,0
2005-04-11,train,train,-0.0054485625932689,0.0064388560891944,-0.0132600759923413,0.9636787368450165,0.03605864842323902,0.0002626147317443643,0
2005-04-12,train,train,-0.0034016986996577,0.0062980654899509,-0.0132600759923413,0.9661891689949582,0.03357167775838344,0.00023915324665852095,0
2005-04-13,train,train,0.0075816452784557,0.0063823641300436,-0.0132600759923413,0.9647237199759909,0.035008785352658015,0.0002674946713510539,0
2005-04-14,train,train,-0.0010033301686136,0.0061928101747748,-0.0132600759923413,0.9703055186913165,0.029486157495056464,0.00020832381362696626,0
2005-04-15,train,train,-0.0226038161535687,0.0081673615244708,-0.0170996334589424,0.46668587559039243,0.5237866169497837,0.009527507459823965,1
2005-04-18,train,train,-0.0142349376601959,0.0086522513617267,-0.017794583782803,0.25040981078162994,0.7345190204418942,0.015071168776475604,1
2005-04-19,train,train,0.0022576825069941,0.0084068777930368,-0.017794583782803,0.3974532315109266,0.5935238928428259,0.009022875646247385,1
2005-04-20,train,train,-0.0032775252521006,0.0081902129935748,-0.017794583782803,0.5225530209432367,0.47150610208342,0.00594087697334364,0
2005-04-21,train,train,0.0002329418437272,0.0079409111102862,-0.017794583782803,0.6710354292787849,0.3253928769471332,0.0035716937740819096,0
2005-04-22,train,train,0.0085785609467989,0.0079806069681983,-0.017794583782803,0.7285449691496408,0.26834014768436076,0.003114883165998378,0
2005-04-25,train,train,0.001076748902077,0.0077419794379662,-0.017794583782803,0.8291393318653442,0.1691153746473668,0.0017452934872888366,0
2005-04-26,train,train,-0.0024739039505975,0.0075305486470924,-0.017794583782803,0.8839887560418298,0.11491013649157238,0.0011011074665979105,0
2005-04-27,train,train,-0.0109251104934983,0.007776123424198,-0.017794583782803,0.8228601648420252,0.17517075907550317,0.001969076082471898,0
2005-04-28,train,train,4.456116814474266e-05,0.0075392392799089,-0.017794583782803,0.8887950394148865,0.11011345014042968,0.001091510444683949,0
2005-04-29,train,train,0.0018012163185304,0.0073228671979018,-0.017794583782803,0.9291752225318063,0.07018885217652704,0.0006359252916665347,0
2005-05-02,train,train,0.0130565986931201,0.0077868740277605,-0.017794583782803,0.8917184694508902,0.1070480158889012,0.001233514660208559,0
2005-05-03,train,train,0.005292877273354,0.007660166818458,-0.017794583782803,0.9244711701042854,0.07476428160200813,0.0007645482937063601,0
2005-05-04,train,train,0.0029841472555806,0.0074626921707912,-0.017794583782803,0.9486929030435913,0.05085151978270402,0.00045557717370505455,0
2005-05-05,train,train,0.0043187538849353,0.0073122750274417,-0.017794583782803,0.9607757094753142,0.0389050727594682,0.0003192177652175989,0
2005-05-06,train,train,0.002983972795486,0.0071270926562647,-0.017794583782803,0.9688277331314853,0.030940782931589434,0.00023148393692548998,0
2005-05-09,train,train,-0.0042841531289323,0.0069892031612375,-0.017794583782803,0.9675201975937686,0.03225015408091676,0.00022964832531500637,0
2005-05-10,train,train,-0.0084269610576588,0.0070837026715798,-0.017794583782803,0.9500762174374382,0.049536706302471624,0.0003870762600902087,0
2005-05-11,train,train,0.0004154771487023,0.0068686585446251,-0.017794583782803,0.9632540397310658,0.03647369145359227,0.00027226881534180713,0
2005-05-12,train,train,0.0068832495309796,0.0068695348777655,-0.017794583782803,0.9645894361661144,0.035139657864426375,0.00027090596945908787,0
2005-05-13,train,train,0.0010198096723697,0.0066649440790376,-0.017794583782803,0.9713049032517217,0.028493064002595398,0.00020203274568259612,0
2005-05-16,train,train,-0.000520581103118,0.006463161075139,-0.017794583782803,0.9743043103378078,0.025525684327831612,0.00017000533436055268,0
2005-05-17,train,train,-0.0004774993621278,0.0062673586427338,-0.017794583782803,0.9759637517990224,0.02388300365751878,0.0001532445434587995,0
2005-05-18,train,train,0.0162458746516253,0.0072635186987458,-0.017794583782803,0.9120286356232515,0.08705833845629067,0.0009130259204573077,0
2005-05-19,train,train,0.003826361292813,0.0071043398073569,-0.017794583782803,0.9404370338179806,0.05901306830533785,0.0005498978766819652,0
2005-05-20,train,train,-0.00336729140953,0.0069371222087184,-0.017794583782803,0.9517823498447797,0.047816193731555996,0.00040145642366388296,0
2005-05-23,train,train,0.003037494505946,0.0067668180882001,-0.017794583782803,0.9638579525739555,0.035863084166365536,0.00027896325967879417,0
2005-05-24,train,train,-0.0026212503912128,0.0065920174933984,-0.017794583782803,0.9677495978778973,0.03201919668880531,0.00023120543329735118,0
2005-05-25,train,train,-0.0022538939056621,0.0064149992376892,-0.017794583782803,0.9705885038915781,0.029210264558491926,0.0002012315499298039,0
2005-05-26,train,train,0.0070968324784863,0.0064579396234435,-0.017794583782803,0.9688314787888538,0.030942726959995205,0.00022579425115138547,0
2005-05-27,train,train,-0.0038725143542486,0.0063326508805295,-0.017794583782803,0.9684390721251545,0.03134111381910556,0.0002198140557396578,0
2005-05-30,train,train,0.0090512647096599,0.0065277747138554,-0.017794583782803,0.9616710411873632,0.0380289363687875,0.0003000224438491419,0
2005-05-31,train,train,-0.0042024458698793,0.0064120796337316,-0.017794583782803,0.963050202580913,0.03667546602634161,0.00027433139274539854,0
2005-06-01,train,train,0.013036434834799,0.006988905301095,-0.017794583782803,0.9319808414700459,0.0673588875976674,0.0006602709322866165,0
2005-06-02,train,train,-0.0011628424589849,0.0067819791819408,-0.017794583782803,0.9516031753953118,0.04798620605376664,0.00041061855092128555,0
2005-06-03,train,train,-0.004412378830053,0.0066636080574427,-0.017794583782803,0.9558000079801986,0.04384880509877252,0.00035118692102845014,0
2005-06-06,train,train,-0.0050984010858706,0.0065802031595208,-0.017794583782803,0.9563318119827922,0.043330015323944336,0.00033817269326318636,0
2005-06-07,train,train,0.009070396628934,0.0067555499334772,-0.017794583782803,0.9523492206036919,0.04724469393939176,0.00040608545691623275,0
2005-06-08,train,train,-0.0050254377677786,0.0066644211372744,-0.017794583782803,0.954193164477405,0.045438856561676004,0.00036797896091874364,0
2005-06-09,train,train,0.0006637773577905,0.0064634413876894,-0.017794583782803,0.9656039069658395,0.034140463985270354,0.0002556290488901703,0
2005-06-10,train,train,0.0070846056533102,0.0065023848189372,-0.0159212881024209,0.9656215542676017,0.034116289298998737,0.0002621564333994331,0
2005-06-13,train,train,0.0018494849445104,0.0063205524685055,-0.0159212881024209,0.9718614898382649,0.027940619624476245,0.0001978905372591785,0
2005-06-14,train,train,0.0036679173809577,0.0061935157682462,-0.0159212881024209,0.9744316897935918,0.02539545576489013,0.0001728544415180032,0
2005-06-15,train,train,-0.0052978362504653,0.0061434585905196,-0.0159212881024209,0.9687751128376743,0.031013397778274884,0.00021148938405070192,0
2005-06-16,train,train,0.0063685532605166,0.0061571963330842,-0.0159212881024209,0.9691868410744116,0.03059286111546127,0.0002202978101270554,0
2005-06-17,train,train,0.0059667310852667,0.0061459348738601,-0.0159212881024209,0.9701698111772623,0.029615572728690157,0.00021461609404732407,0
2005-06-20,train,train,-0.0023575715291515,0.0059866228506738,-0.0159212881024209,0.9718580087347137,0.027951332055596266,0.0001906592096901919,0
2005-06-21,train,train,0.0054718341601377,0.0059569901889629,-0.0159212881024209,0.9725313188696343,0.02727926753495179,0.00018941359541378318,0
2005-06-22,train,train,0.0014095810119726,0.0057858277975131,-0.0159212881024209,0.9755788009777212,0.024261312462772088,0.00015988655950689587,0
2005-06-23,train,train,0.004452192745553,0.005714593276773,-0.0159212881024209,0.9758469467831982,0.0239949758533158,0.00015807736348591336,0
2005-06-24,train,train,-0.0094821825643825,0.0060076525291382,-0.0159212881024209,0.9519608879763884,0.04767892352461906,0.0003601884989925815,0
2005-06-27,train,train,-0.0056476011051072,0.0059866601265441,-0.0159212881024209,0.951429391913926,0.04819432202957169,0.0003762860565024631,0
2005-06-28,train,train,0.0061744235096445,0.0059980916834519,-0.0159212881024209,0.9588450324183316,0.04082824742597956,0.0003267201556889935,0
2005-06-29,train,train,0.008914475922757,0.0062118073433707,-0.0159212881024209,0.9549424440823377,0.044675192215345085,0.0003823637023174424,0
2005-06-30,train,train,0.00143205090912,0.0060327774392284,-0.0159212881024209,0.9661457985947254,0.033596864162170274,0.00025733724310441947,0
2005-07-01,train,train,0.0046806895702928,0.0059603079370612,-0.0159212881024209,0.970263081798922,0.02952098392543224,0.0002159342756455533,0
2005-07-04,train,train,-0.0014355074648606,0.0057894209868707,-0.0159212881024209,0.9729879734809532,0.02682980625459588,0.0001822202644507365,0
2005-07-05,train,train,-0.0007745858985648,0.0056162577077874,-0.0159212881024209,0.9750534174367292,0.02478519832629362,0.00016138423697700387,0
2005-07-06,train,train,0.002555985264828,0.0054810394308293,-0.0159212881024209,0.9767364030764193,0.023115211486195244,0.00014838543738535903,0
2005-07-07,train,train,-0.0193157681673861,0.0071151401701962,-0.0187181739937169,0.7263551363181618,0.27013955046534077,0.0035053132164972007,0
2005-07-08,train,train,0.0153108260826256,0.0078519418097049,-0.0148252721070267,0.5779583670052143,0.4148681102318146,0.007173522762971361,0
2005-07-11,train,train,0.0084496490820239,0.0078890813754564,-0.0132410204084222,0.6500910424878931,0.3446636413235485,0.005245316188558399,0
2005-07-12,train,train,-0.0002936163001972,0.007649086303838,-0.0132410204084222,0.7707305410637197,0.22651516895346535,0.0027542899828149744,0
2005-07-13,train,train,0.0065013430534681,0.0075851208096168,-0.0132410204084222,0.8355275163880334,0.16262235424844645,0.001850129363520265,0
2005-07-14,train,train,0.0027533974601108,0.007384909348739,-0.0132410204084222,0.8967524176701944,0.10221770094210372,0.00102988138770186,0
2005-07-15,train,train,-0.0021498236839246,0.0071792741580236,-0.0132410204084222,0.9284066835290228,0.07094742394379011,0.0006458925271867999,0
2005-07-18,train,train,0.0017282481250639,0.0069734259359951,-0.0132410204084222,0.9515854746024025,0.048013736621956585,0.0004007887756408508,0
2005-07-19,train,train,0.0083975383022269,0.0070669702206789,-0.0132410204084222,0.9517380065684843,0.047843541904230937,0.0004184515272845123,0
2005-07-20,train,train,-0.0037901538503112,0.0069142938892201,-0.0124083039298091,0.957750119181749,0.04191467492032138,0.0003352058979298574,0
2005-07-21,train,train,0.0014479383551764,0.0067130323934969,-0.0124083039298091,0.9676581030541349,0.032104605597585816,0.00023729134827923042,0
2005-07-22,train,train,-0.0002694768029186,0.0065088610943858,-0.0124083039298091,0.9724724317574919,0.02733952931220332,0.0001880389303051662,0
2005-07-25,train,train,-0.0001697150638279,0.0063107118911754,-0.0124083039298091,0.9751394488495432,0.024698802719597734,0.00016174843085851848,0
2005-07-26,train,train,0.0026121350007419,0.0061518269200899,-0.0124083039298091,0.9767637929814481,0.02308774226357023,0.00014846475498143976,0
2005-07-27,train,train,0.0045102832937034,0.0060658746534054,-0.0124083039298091,0.976459182397779,0.023388892495263314,0.00015192510695763846,0
2005-07-28,train,train,0.0039667343703503,0.0059608090127156,-0.0124083039298091,0.9767420239690408,0.023108460862648474,0.00014951516831058622,0
2005-07-29,train,train,-0.0013039886954732,0.0057880387552246,-0.0124083039298091,0.9767236904446547,0.02313104198449327,0.00014526757085198198,0
2005-08-01,train,train,-0.0046272483601463,0.0057250322896253,-0.0124083039298091,0.9719509840794424,0.027868570763233205,0.00018044515732461877,0
2005-08-02,train,train,0.0044592540553374,0.0056570780300452,-0.0114818506122919,0.9737961457900813,0.026029547889080115,0.00017430632083826112,0
2005-08-03,train,train,0.0035333208871038,0.0055526067137168,-0.0114818506122919,0.9755823401388328,0.02425756540914774,0.00016009445201933725,0
2005-08-04,train,train,-0.0074564715055643,0.0056848476564441,-0.0120848074124442,0.962380379969487,0.03735518792585719,0.0002644321046559857,0
2005-08-05,train,train,-0.0028727527459207,0.0055564022356837,-0.0120848074124442,0.9664215437248904,0.03334362889120521,0.00023482738390445505,0
2005-08-08,train,train,0.0069540505058537,0.0056500193417993,-0.0120848074124442,0.9664591627475506,0.03329215270276375,0.0002486845496855786,0
2005-08-09,train,train,0.0029710811356576,0.0055260288486239,-0.0120848074124442,0.9719260501522611,0.02787717653944213,0.00019677330829649545,0
2005-08-10,train,train,0.0082063278223584,0.0057223600136093,-0.0120848074124442,0.966949628369136,0.03280282180311581,0.00024754982774826003,0
2005-08-11,train,train,-0.0006943904543863,0.0055506405543885,-0.0120848074124442,0.9717967239497929,0.028008419163155798,0.00019485688705111573,0
2005-08-12,train,train,-0.0034199590529767,0.0054463566836577,-0.0120848074124442,0.9711725671753414,0.028634070189078712,0.00019336263558015785,0
2005-08-15,train,train,-0.0002257800674938,0.0052807283263219,-0.0120848074124442,0.974404254083507,0.025428980591398,0.00016676532509500634,0
2005-08-16,train,train,-0.004438019474164,0.0052339934245484,-0.0120848074124442,0.9708248764622385,0.02898286483739934,0.00019225870036166295,0
2005-08-17,train,train,-0.0045171068450677,0.0051937713843708,-0.0120848074124442,0.96827774668658,0.03150793270958477,0.00021432060383533844,0
2005-08-18,train,train,-0.0055830935082617,0.0052179499335316,-0.0120848074124442,0.9635469965988795,0.03619629422791388,0.00025670917320673605,0
2005-08-19,train,train,0.0094195390132813,0.0055603097334299,-0.0120848074124442,0.9564088395324609,0.04323675552808178,0.0003544049394575399,0
2005-08-22,train,train,0.0041264660637175,0.0054848596155485,-0.0120848074124442,0.9654016127918854,0.034333535938670987,0.0002648512694435987,0
2005-08-23,train,train,-0.0069727232476333,0.0055853196928577,-0.0120848074124442,0.9559461933488912,0.04371441959187373,0.000339387059235103,0
2005-08-24,train,train,-0.0024970773650541,0.0054496029239902,-0.0120848074124442,0.9632635519134596,0.03646607528118167,0.0002703728053588084,0
2005-08-25,train,train,-0.009540477973571,0.0057773285266864,-0.0127794762351132,0.9377012752930642,0.06178019736292764,0.000518527344008146,0
2005-08-26,train,train,-0.0078842391131474,0.0059249090283772,-0.0127794762351132,0.9261564449055736,0.07319077911358048,0.0006527759808454673,0
2005-08-29,train,train,0.0033966387863775,0.0058043521152304,-0.0127794762351132,0.9491693688448638,0.0504053369364494,0.000425294218686666,0
2005-08-30,train,train,-0.0016313758757083,0.0056416980160051,-0.0127794762351132,0.9607528672246195,0.03894515907302966,0.0003019737023506303,0
2005-08-31,train,train,0.0086900151452713,0.0058694133358514,-0.0127794762351132,0.9572696988813773,0.0423770496347778,0.00035325148384486625,0
2005-09-01,train,train,0.012431115714514,0.0064540661917201,-0.0127794762351132,0.9310640506512821,0.06824542655582824,0.0006905227928902856,0
2005-09-02,train,train,0.0010750381854259,0.0062629876743201,-0.0127794762351132,0.9530596568470724,0.0465358718949654,0.0004044712579624647,0
2005-09-05,train,train,0.010384582375451,0.0065834555363362,-0.0127794762351132,0.9426373385984038,0.05682169605574292,0.0005409653458531075,0
2005-09-06,train,train,0.0118600435583929,0.0070129174801504,-0.0127794762351132,0.9210242333263802,0.07812898002543413,0.0008467866481854614,0
2005-09-07,train,train,0.0033491687551,0.0068485886698943,-0.0127794762351132,0.9463399070130402,0.05316558822959099,0.0004945047573686923,0
2005-09-08,train,train,0.0031847991554116,0.0066856228956514,-0.0127794762351132,0.9607402483657528,0.038938478478571015,0.00032127315567656166,0
2005-09-09,train,train,0.0043386817831078,0.0065684967739652,-0.0127794762351132,0.9676031417313516,0.03215109853205884,0.00024575973658947856,0
2005-09-12,train,train,0.0007721728120022,0.0063712020787691,-0.0127794762351132,0.9728747225307586,0.026937599578311034,0.00018767789093023467,0
2005-09-13,train,train,-0.0062033181564429,0.0063612539912979,-0.0127794762351132,0.9649168261656574,0.03483660676368329,0.0002465670706593013,0
2005-09-14,train,train,0.0028053037603312,0.0062056267171462,-0.0127794762351132,0.9711713806385132,0.028629308668908386,0.00019931069257821845,0
2005-09-15,train,train,0.001585934100946,0.006029106566794,-0.0127794762351132,0.9748506763361225,0.024983118633308963,0.0001662050305686653,0
2005-09-16,train,train,0.005369396868538,0.0059915727315993,-0.0122468284180348,0.9744250803429237,0.02540332971392349,0.00017158994315266736,0
2005-09-19,train,train,0.0003702654458009,0.005809753261558,-0.0122468284180348,0.9764139564641876,0.02343518070548965,0.00015086283032303882,0
2005-09-20,train,train,0.0044888128979866,0.0057390770561616,-0.0122468284180348,0.9762820564181122,0.023564522334466494,0.00015342124742126606,0
2005-09-21,train,train,-0.0078829712221931,0.0058897588445166,-0.0122468284180348,0.9611355627074515,0.038590118672786215,0.00027431861976273106,0
2005-09-22,train,train,0.0034510672958192,0.005772564042138,-0.0122468284180348,0.9686882895231298,0.03109003786632915,0.00022167261054125873,0
2005-09-23,train,train,0.0089382281242463,0.0060097139036242,-0.0122468284180348,0.9622679359886552,0.03743661890726587,0.00029544510407910886,0
2005-09-26,train,train,0.0087750936046589,0.0062104587268124,-0.0122468284180348,0.9580680767168848,0.04158400744822819,0.0003479158348869467,0
2005-09-27,train,train,-0.004335807305862,0.0061142099441553,-0.0122468284180348,0.9603227609972809,0.039371374252339456,0.0003058647503802965,0
2005-09-28,train,train,0.0114711844757446,0.0065601702602394,-0.0122468284180348,0.9420334914667261,0.05743131854784379,0.0005351899854297721,0
2005-09-29,train,train,-0.0019553628534866,0.0063783297536312,-0.0084358961029705,0.9560708351576747,0.04356997641787215,0.000359188424453686,0
2005-09-30,train,train,0.0030841965109797,0.0062299952733846,-0.0084358961029705,0.9661842209001835,0.033559783502342254,0.00025599559747400144,0
2005-10-03,train,train,0.0061582218749307,0.006225712203408,-0.0084358961029705,0.9679956169245117,0.03176509013787491,0.00023929293761333566,0
2005-10-04,train,train,0.0035321333840998,0.0060977439162257,-0.0084358961029705,0.9724085474649505,0.027397526176513202,0.00019392635853637415,0
2005-10-05,train,train,-0.0088400314212867,0.0062960544269848,-0.008754916169335,0.9523845803557104,0.04725108724322874,0.000364332401060754,0
2005-10-06,train,train,-0.0066932010926853,0.0063205869758061,-0.008754916169335,0.9467465340326332,0.05282760681246763,0.0004258591548992001,0
2005-10-07,train,train,-0.0017222700796525,0.0061425404670414,-0.008754916169335,0.9592060787047837,0.04048370603610757,0.00031021525910885706,0
2005-10-10,train,train,0.0063344183193863,0.0061542218446027,-0.008754916169335,0.9633107879893577,0.03640559969969847,0.00028361231094370214,0
2005-10-11,train,train,0.0008884998426975,0.0059707072981397,-0.008754916169335,0.9705943499743315,0.029196825116099785,0.00020882490956870739,0
2005-10-12,train,train,-0.0082111253494105,0.0061282737921767,-0.0088638782480894,0.954252293012134,0.045400279021337336,0.0003474279665285401,0
2005-10-13,train,train,-0.0145336845744622,0.0069264763430018,-0.0109713979897732,0.8423007687476397,0.1559711369464488,0.0017280943059117247,0
2005-10-14,train,train,0.0058689625234802,0.006867619188953,-0.0109713979897732,0.8899630383881464,0.10890007617347422,0.0011368854383793168,0
2005-10-17,train,train,1.883413143408825e-05,0.0066584054403796,-0.0109713979897732,0.929050487775188,0.07030077870889671,0.0006487335159150282,0
2005-10-18,train,train,-0.0094142975966371,0.0068550741193842,-0.0111628200482234,0.9018701376840739,0.09716481745493237,0.000965044860993527,0
2005-10-19,train,train,-0.0121727171404234,0.0072844369216956,-0.0120822932294855,0.8154421339144053,0.1823820710439127,0.0021757950416817625,0
2005-10-20,train,train,-0.0019437495422047,0.0070785542116424,-0.0120822932294855,0.8777010753622759,0.12104779114661564,0.0012511334911084954,0
2005-10-21,train,train,-0.0013011373985734,0.0068703094148174,-0.0120822932294855,0.9192476076070266,0.08000884423976642,0.0007435481532071858,0
2005-10-24,train,train,0.0158543232903059,0.0077104251755413,-0.0120822932294855,0.8202642876813001,0.1772829140743547,0.0024527982443452367,0
2005-10-25,train,train,-0.0055114294321259,0.0075964576130906,-0.0120822932294855,0.8532939584919306,0.14499280913749937,0.0017132323705702972,0
2005-10-26,train,train,-0.0003054149933835,0.0073654188523481,-0.0120822932294855,0.9068155143929756,0.0922565392214166,0.0009279463856075858,0
2005-10-27,train,train,-0.0139220526499887,0.0079135228677016,-0.0135428181216247,0.7691183255932796,0.22790469439359604,0.002976980013124482,0
2005-10-28,train,train,0.0010548045705781,0.0076767942715632,-0.0135428181216247,0.8560945945755637,0.14234824644502284,0.0015571589794133485,0
2005-10-31,train,train,0.0148130912260035,0.0082802681339933,-0.0135428181216247,0.7591963578760655,0.23729698558760923,0.0035066565363249423,0
2005-11-01,train,train,-0.006366799172354,0.0081780950013215,-0.0135428181216247,0.7917499676527334,0.20563107616023973,0.002618956187026908,0
2005-11-02,train,train,-0.0002589906899128,0.0079292110673288,-0.0135428181216247,0.8685646291200122,0.13004297351672633,0.0013923973632615984,0
2005-11-03,train,train,0.005014071142653,0.0077851460761279,-0.0135428181216247,0.9109623486690964,0.0881605904823709,0.0008770608485327907,0
2005-11-04,train,train,-0.0061850963864917,0.0076985267746279,-0.0135428181216247,0.9172684115348799,0.08195001769571113,0.000781570769408943,0
2005-11-07,train,train,0.0008256624248686,0.0074667381590674,-0.0135428181216247,0.945276837668103,0.054255606281478526,0.00046755605041847706,0
2005-11-08,train,train,0.0018503175315038,0.0072534452855145,-0.0135428181216247,0.960849891910606,0.0388430715107818,0.0003070365786118365,0
2005-11-09,train,train,0.0015408924090698,0.007042597629024,-0.0135428181216247,0.969326979639023,0.03045126640077616,0.00022175396020095362,0
2005-11-10,train,train,-0.0017132992269095,0.006840936641786,-0.0135428181216247,0.9721673816986661,0.027643905750973245,0.00018871255036077394,0
2005-11-11,train,train,0.0068643657556196,0.006842344650946,-0.0135428181216247,0.9703432384630488,0.029445676925400663,0.0002110846115504181,0
2005-11-14,train,train,-0.0005424914169254,0.0066352300125343,-0.0135428181216247,0.9737648308821928,0.026060065414229096,0.00017510370357834358,0
2005-11-15,train,train,-0.0046085751117846,0.0065313887155596,-0.0135428181216247,0.9700214999107954,0.029778119940220567,0.00020038014898438603,0
2005-11-16,train,train,-0.0061972258917472,0.0065118225379471,-0.0135428181216247,0.9627590472716642,0.03697810391823544,0.00026284881010048256,0
2005-11-17,train,train,0.0051351373500112,0.006437529101758,-0.0135428181216247,0.9676839220868455,0.0320822399144608,0.00023383799869383431,0
2005-11-18,train,train,0.0078102940594209,0.0065280407227207,-0.0135428181216247,0.9651112390893742,0.0346221342421728,0.0002666266684527355,0
2005-11-21,train,train,0.0007596555765134,0.0063319050318641,-0.0135428181216247,0.9715332587161849,0.028267014300055765,0.00019972698375913468,0
2005-11-22,train,train,-0.0011586316422216,0.0061455663440837,-0.0135428181216247,0.9739516383722377,0.02587606196276967,0.00017229966499215384,0
2005-11-23,train,train,0.0098158585211517,0.0064251825856234,-0.0135428181216247,0.9631359412210864,0.03658064838177276,0.0002834103971405442,0
2005-11-24,train,train,0.0007055211916847,0.0062318423112429,-0.0135428181216247,0.9704556971526589,0.02933487924269518,0.0002094236046455451,0
2005-11-25,train,train,0.0020760094514441,0.0060633568253249,-0.0135428181216247,0.9744082117584074,0.02542003666147065,0.00017175158012202942,0
2005-11-28,train,train,-0.0035252551003913,0.0059417239622109,-0.0135428181216247,0.972601804205391,0.027218592794336357,0.00017960300027250573,0
2005-11-29,train,train,0.0001223986213796,0.0057607931320154,-0.0135428181216247,0.9753423208731207,0.02449942598823991,0.0001582531386391547,0
2005-11-30,train,train,-0.0058834964112993,0.0057682289362151,-0.0135428181216247,0.9677810278851888,0.032002618203703176,0.00021635391110811,0
2005-12-01,train,train,0.0113862283450493,0.0062493910833369,-0.0135428181216247,0.9498721833092374,0.04970137942232903,0.000426437268433474,0
2005-12-02,train,train,-0.0027100299997017,0.0060952646647786,-0.0135428181216247,0.9592175589864232,0.040464171101729896,0.00031826991184667275,0
2005-12-05,train,train,-0.0111134061964068,0.0065064263686648,-0.0135428181216247,0.9165528181836752,0.08267996348027633,0.0007672183360486637,0
2005-12-06,train,train,0.0006834100377073,0.0063104351674178,-0.0135428181216247,0.944803014747585,0.054731010073626775,0.0004659751787877489,0
2005-12-07,train,train,-0.0031075179411684,0.006165362645241,-0.0135428181216247,0.9551967347254899,0.04444878221719478,0.00035448305731501905,0
2005-12-08,train,train,-0.001028436463295,0.0059828467846031,-0.0135428181216247,0.9649557975937247,0.03478570317424288,0.0002584992320319258,0
2005-12-09,train,train,-0.0006194878255067,0.0058025696220821,-0.0135428181216247,0.9707547970676567,0.02904249373271358,0.00020270919962998184,0
2005-12-12,train,train,0.004821876697234,0.0057484480565595,-0.0135428181216247,0.9727264888248299,0.02708537530375269,0.00018813587141750882,0
2005-12-13,train,train,-0.0006074327562062,0.0055753129265203,-0.0135428181216247,0.9750242849483111,0.02481283174892976,0.00016288330275928694,0
2005-12-14,train,train,-0.0029662743383281,0.0054540805258008,-0.0135428181216247,0.9738657599061735,0.025966254070221087,0.00016798602360507128,0
2005-12-15,train,train,-0.001801248908337,0.0053063023450226,-0.0135428181216247,0.9746458167901957,0.02519254530656884,0.00016163790323517842,0
2005-12-16,train,train,0.006825499308141,0.0054094990849902,-0.0135428181216247,0.9719976515232933,0.027809757138663262,0.0001925913380432949,0
2005-12-19,train,train,-0.0025612364846013,0.0052820938527522,-0.0135428181216247,0.9726477029271561,0.027171135459247913,0.00018116161359622656,0
2005-12-20,train,train,0.0041705078897986,0.0052220755169433,-0.0135428181216247,0.9744606549902092,0.02536940398944954,0.00016994102034126083,0
2005-12-21,train,train,0.0103882846437111,0.0056664676662542,-0.0135428181216247,0.9612143266779705,0.03848114294389156,0.0003045303781382793,0
2005-12-22,train,train,0.0017395840583964,0.0055103442384043,-0.0135428181216247,0.9695082060807713,0.030271281461920325,0.00022051245730896082,0
2005-12-23,train,train,0.0021097228289408,0.0053674123964039,-0.0135428181216247,0.9738946689091522,0.02592804182483242,0.00017728926601584335,0
2005-12-27,train,train,0.0045402469189353,0.0053214095320864,-0.0135428181216247,0.9748150488553969,0.025016244118029232,0.00016870702657396767,0
2005-12-28,train,train,-0.0002971097194005,0.0051598112266643,-0.0135428181216247,0.9763418613756252,0.02350725731382083,0.0001508813105538577,0
2005-12-29,train,train,0.0007981973455851,0.0050064418423939,-0.0135428181216247,0.9775436470409551,0.02231647533158561,0.00013987762745906865,0
2005-12-30,train,train,-0.0041092715775967,0.0049571926631817,-0.0135428181216247,0.9735276155303453,0.026304622586772426,0.00016776188288222745,0
2006-01-02,train,train,0.004906922846324,0.0049541908585656,-0.0135428181216247,0.9742139231847674,0.02561544006962966,0.0001706367456027762,0
2006-01-03,train,train,0.0029067121823431,0.0048557497033896,-0.0135428181216247,0.9761506379833275,0.023694837278873344,0.00015452473779908136,0
2006-01-04,train,train,0.0071567618837352,0.0050236203390263,-0.0135428181216247,0.9723180962321262,0.027490728615936898,0.00019117515193685798,0
2006-01-05,train,train,0.0016323077803575,0.0048869644313651,-0.0135428181216247,0.9754598450881027,0.024379008979183343,0.00016114593271416184,0
2006-01-06,train,train,0.0,0.0047380878075677,-0.0124027253289396,0.9768302995738476,0.023023454750949125,0.0001462456752031466,0
2006-01-09,train,train,0.0044706799631218,0.0047224703564816,-0.0124027253289396,0.9765322429620921,0.023317004218357383,0.00015075281955044323,0
2006-01-10,train,train,-0.0084828286508283,0.0050280339703442,-0.0124027253289396,0.9584671633578878,0.041235128713189066,0.00029770792892313874,0
2006-01-11,train,train,0.0088203040998869,0.005332178160507,-0.0124027253289396,0.9550412147335803,0.044592097337167035,0.00036668792925258946,0
2006-01-12,train,train,-0.0009488551772732,0.0051749604895218,-0.0111727624990745,0.9649565510337228,0.03478183267729735,0.000261616288979835,0
2006-01-13,train,train,-0.0096393760320778,0.0055451291528054,-0.0115582782928244,0.93875494350566,0.06073436648090089,0.0005106900134388533,0
2006-01-16,train,train,0.004386417610756,0.0054825167076236,-0.0115582782928244,0.9549456720247218,0.044688849278445915,0.0003654786968322603,0
2006-01-17,train,train,-0.0084867543960296,0.0057075397583478,-0.0115582782928244,0.937527685596441,0.06193745967947444,0.0005348547240850061,0
2006-01-18,train,train,-0.0091288604858461,0.0059683846318528,-0.0115582782928244,0.9141494760401846,0.08505002396802547,0.0008004999917900509,0
2006-01-19,train,train,0.0105344785377835,0.0063358371578422,-0.0115582782928244,0.9071313994525603,0.09188994973492176,0.0009786508125180103,0
2006-01-20,train,train,-0.0074759826009819,0.0064099673550076,-0.0099605475714435,0.9027261866758668,0.09628720072071345,0.0009866126034195686,0
2006-01-23,train,train,-0.0026756264029632,0.0062491566792345,-0.0099605475714435,0.9303807551760893,0.06898625420041844,0.0006329906234927068,0
2006-01-24,train,train,-0.0043597289719823,0.0061521765134034,-0.0099605475714435,0.9417742157185284,0.05772798905623804,0.0004977952252337981,0
2006-01-25,train,train,0.0147515357079987,0.0069738646133696,-0.0099605475714435,0.8804209192639257,0.11815096328231821,0.001428117453756167,0
2006-01-26,train,train,0.0060882327415335,0.0069239219422072,-0.0099605475714435,0.9140043442967195,0.08507982027861546,0.0009158354246647968,0
2006-01-27,train,train,0.0121388521335163,0.0073420267791144,-0.0099605475714435,0.8880285097368142,0.110622987030434,0.001348503232751672,0
2006-01-30,train,train,0.0013417059080663,0.0071259417817116,-0.0099605475714435,0.9288434763673407,0.0704490185569929,0.0007075050756667185,0
2006-01-31,train,train,0.0059884559503504,0.0070628605946826,-0.0099605475714435,0.9453049893516446,0.05419120041097044,0.0005038102373847945,0
2006-02-01,train,train,0.0104635075763386,0.0073116386153263,-0.0099605475714435,0.9353262563400486,0.06403140503903097,0.000642338620920582,0
2006-02-02,train,train,-0.0076128040817605,0.0073300574926735,-0.0099605475714435,0.9262848203922515,0.07301350322509943,0.0007016763826490184,0
2006-02-03,train,train,0.0035676089833705,0.0071602813008037,-0.0099605475714435,0.9490348725155561,0.05052335225672681,0.0004417752277168757,0
2006-02-06,train,train,0.001046375869791,0.0069468802174712,-0.0099605475714435,0.9629046719540191,0.03680659993623225,0.0002887281097480891,0
2006-02-07,train,train,-0.0011090307128015,0.0067407264458555,-0.0099605475714435,0.9691912504434546,0.030588802564750828,0.00021994699179452937,0
2006-02-08,train,train,0.0024578078717704,0.0065630479663687,-0.0099605475714435,0.973626420694338,0.02619441618569044,0.00017916311997171313,0
2006-02-09,train,train,0.012622491942029,0.0070745191258431,-0.0099605475714435,0.9477375691268277,0.05180402776880829,0.0004584031043637949,0
2006-02-10,train,train,-0.0028512268825096,0.0068944659905128,-0.0099605475714435,0.9576177618955853,0.042044889971002614,0.00033734813341228557,0
2006-02-13,train,train,0.0073014339293798,0.0069195590800414,-0.0099605475714435,0.9597879835441743,0.03988588931909411,0.00032612713673144144,0
2006-02-14,train,train,3.513527294683671e-05,0.0067087669552382,-0.0099605475714435,0.9683659357943912,0.031402547365064926,0.0002315168405440397,0
2006-02-15,train,train,-0.0016247116117958,0.0065165544642399,-0.0099605475714435,0.9717206397183372,0.02808601185810666,0.0001933484235561387,0
2006-02-16,train,train,0.0061162160265451,0.0064932302492121,-0.0099605475714435,0.9714548672705304,0.028344709318172925,0.00020042341129624508,0
2006-02-17,train,train,0.0038450385828134,0.006365483173124,-0.0099605475714435,0.9740735120663407,0.025750459941115616,0.00017602799254400525,0
2006-02-20,train,train,0.0038476656048112,0.006243115031943,-0.0099605475714435,0.9755160128796385,0.02432198962858871,0.00016199749177242488,0
2006-02-21,train,train,0.0078835485374528,0.0063534963946232,-0.0099605475714435,0.970291138737855,0.02949712168384905,0.00021173957829592098,0
2006-02-22,train,train,0.010982784540089,0.0067217702151697,-0.0099605475714435,0.9545896769425029,0.04502789864153648,0.00038242441596096817,0
2006-02-23,train,train,-0.0013875555942167,0.0065258548687227,-0.0099605475714435,0.9641944902754258,0.03553384651661224,0.00027166320796168656,0
2006-02-24,train,train,0.0040721505865576,0.0064051947265911,-0.0099605475714435,0.9698348164924957,0.029946681132143715,0.00021850237536083533,0
2006-02-27,train,train,0.0038865452994894,0.0062826142948868,-0.0099605475714435,0.9731446951225345,0.026669366814583532,0.00018593806288154027,0
2006-02-28,train,train,-0.0078138731669776,0.0063848543184472,-0.0090849969713178,0.9586326333282953,0.04106397104171488,0.0003033956299893795,0
2006-03-01,train,train,0.0136618324624347,0.0070369825040016,-0.0090849969713178,0.9198480288079045,0.07933918537943693,0.0008127858126581961,0
2006-03-02,train,train,-0.0078105541532949,0.0070857787692546,-0.0090849969713178,0.9106836406778896,0.08843154313801782,0.0008848161840926881,0
2006-03-03,train,train,-0.0045744855450746,0.0069606982552713,-0.0090849969713178,0.9273208118576017,0.0720133707234316,0.0006658174189668718,0
2006-03-06,train,train,0.0002891300374792,0.0067490189479357,-0.0090849969713178,0.9506038003996867,0.04898603992532954,0.00041015967498375053,0
2006-03-07,train,train,-0.004927450582408,0.0066538024849362,-0.0090849969713178,0.953338421095937,0.04628958395201787,0.00037199495204496685,0
2006-03-08,train,train,-0.0061807429186718,0.006626371347852,-0.0090849969713178,0.950075772698578,0.04952485740551097,0.00039936989591113576,0
2006-03-09,train,train,0.0060354325194205,0.0065924089790489,-0.0090849969713178,0.9583447900457132,0.0413202616933758,0.00033494826091117825,0
2006-03-10,train,train,0.0061522105149746,0.0065668292524974,-0.0090849969713178,0.9631844217063882,0.036525343232910935,0.00029023506070072284,0
2006-03-13,train,train,0.0062328215571342,0.0065472693177654,-0.0090849969713178,0.9660025678995181,0.03373566263823385,0.00026176946224825185,0
2006-03-14,train,train,-0.0008783974439526,0.0063514585972329,-0.0090849969713178,0.9711270781638263,0.028670475519582427,0.00020244631659114862,0
2006-03-15,train,train,0.0009037069463984,0.0061619449777096,-0.0090849969713178,0.974784358426796,0.025048730928578643,0.00016691064462557334,0
2006-03-16,train,train,0.0014172163191616,0.0059843046446132,-0.0090849969713178,0.976776619096288,0.02307526174320801,0.000148119160504043,0
2006-03-17,train,train,0.0008763620069042,0.0058059683582323,-0.0090849969713178,0.9777885401110837,0.022073475922433323,0.0001379839664829499,0
2006-03-20,train,train,0.0041269117850842,0.0057191429878173,-0.0090849969713178,0.977354895717465,0.022502065308204037,0.00014303897433097726,0
2006-03-21,train,train,0.0009557921901878,0.0055498552275571,-0.0090849969713178,0.9781074615431018,0.02175741573827394,0.00013512271862416893,0
2006-03-22,train,train,0.0015239053908522,0.0053937164110146,-0.0090849969713178,0.9785382156048215,0.021330528504581947,0.00013125589059660416,0
2006-03-23,train,train,-0.0038058424358165,0.0053118464132425,-0.0090849969713178,0.9746976551988995,0.0251446856141823,0.0001576591869179697,0
2006-03-24,train,train,0.0040401588424683,0.0052442485245407,-0.0090849969713178,0.9757085838599802,0.02413492062215029,0.00015649551786937465,0
2006-03-27,train,train,-0.00964964151821,0.0056070445796084,-0.0094726260120446,0.9506937911428014,0.048935600477985425,0.0003706083792130839,0
2006-03-28,train,train,-0.0055391039755004,0.005602991375483,-0.0094726260120446,0.9509662182635592,0.048653194865868235,0.0003805868705726153,0
2006-03-29,train,train,0.0036538329604677,0.0055055364253352,-0.0094726260120446,0.9628583636521003,0.03685996208699739,0.000281674260902677,0
2006-03-30,train,train,0.0044328042504442,0.0054471332517405,-0.0094726260120446,0.9686878295780148,0.031082818262382624,0.00022935215960294354,0
2006-03-31,train,train,-0.0013066896340365,0.0052908819010129,-0.0094726260120446,0.9722304597406914,0.027580273248376613,0.00018926701093208067,0
2006-04-03,train,train,0.0055270126036869,0.0053053461255903,-0.0094726260120446,0.9726737248597875,0.02713765422212718,0.00018862091808518605,0
2006-04-04,train,train,-0.0022004242821469,0.0051718862789958,-0.0094726260120446,0.9735133677874968,0.026312264109026953,0.0001743681034764846,0
2006-04-05,train,train,0.0018983977275708,0.0050358453171058,-0.0094726260120446,0.9760686235348078,0.023777350811926178,0.00015402565326572555,0
2006-04-06,train,train,-0.0006883812111523,0.0048853439895118,-0.0094726260120446,0.9767965967652531,0.02305824224886143,0.00014516098588517276,0
2006-04-07,train,train,-0.0077134607567065,0.0050994548093715,-0.0090884188000285,0.9623463212560504,0.03739270848746535,0.0002609702564843841,0
2006-04-10,train,train,6.768204333936925e-05,0.0049441326684458,-0.0090884188000285,0.9697664406123709,0.03002654337221466,0.00020701601541451122,0
2006-04-11,train,train,-0.0121659875565953,0.0056443295586132,-0.0103148298535504,0.9183659995299622,0.08091443213801011,0.0007195683320276682,0
2006-04-12,train,train,-0.0062638586403312,0.0056834060474529,-0.0098765007472609,0.9224592830317039,0.07684919462658855,0.0006915223417077992,0
2006-04-13,train,train,0.0006634931714492,0.0055126628260328,-0.0098765007472609,0.9481041721021264,0.05146687762063786,0.0004289502772356847,0
2006-04-18,train,train,-0.00210399267681,0.0053695150114844,-0.0098765007472609,0.9593495626089915,0.040337288780221976,0.00031314861078643794,0
2006-04-19,train,train,0.0115941369821065,0.0059301965155157,-0.0098765007472609,0.9401749739822912,0.059267879068248014,0.0005571469494604601,0
2006-04-20,train,train,0.0053185558878456,0.0058952878703083,-0.0098765007472609,0.9539961520762911,0.04560674978597001,0.00039709813773896804,0
2006-04-21,train,train,0.0110735528610722,0.0063266553807991,-0.0098765007472609,0.9388333352813929,0.060574369854186294,0.0005922948644206425,0
2006-04-24,train,train,-0.0010497552943093,0.0061393072393899,-0.0098765007472609,0.9556934129346034,0.0439360293629431,0.00037055770245388123,0
2006-04-25,train,train,0.0016119872149075,0.0059653615098927,-0.0098765007472609,0.9665448818119637,0.033202628378316015,0.00025248980972051037,0
2006-04-26,train,train,0.0004277105730926,0.0057845813891022,-0.0098765007472609,0.9722040717021097,0.02760315190513272,0.000192776392757728,0
2006-04-27,train,train,-0.0028802961760519,0.0056525627196896,-0.0098765007472609,0.9723072596773419,0.027508417266658765,0.00018432305599911725,0
2006-04-28,train,train,0.0001009255464723,0.0054804186464156,-0.0098765007472609,0.9751752749552618,0.024664383837067674,0.00016034120767057858,0
2006-05-02,train,train,0.0030895961235883,0.0053670872435609,-0.0098765007472609,0.9765833296757404,0.023266628834946696,0.00015004148931290645,0
2006-05-03,train,train,-0.0044358890423938,0.0053158174015837,-0.0098765007472609,0.9722630874756322,0.027557562701737072,0.0001793498226308421,0
2006-05-04,train,train,0.0043688413280143,0.0052638053004574,-0.0098765007472609,0.9740610071552341,0.025766735998260605,0.00017225684650527608,0
2006-05-05,train,train,0.0088387617459738,0.0055437000296536,-0.0098765007472609,0.9666216645846534,0.03313046545296157,0.0002478699623850998,0
2006-05-08,train,train,0.0027631519437529,0.0054172644330428,-0.0098765007472609,0.9721192338012086,0.02768582884724286,0.00019493735154859108,0
2006-05-09,train,train,0.0012918411614246,0.0052617563528199,-0.0098765007472609,0.9753563791199759,0.024481276936697948,0.0001623439433263232,0
2006-05-10,train,train,-0.00153221357958,0.0051152493417879,-0.0098765007472609,0.9757526269894162,0.02409334513652041,0.0001540278740636191,0
2006-05-11,train,train,-0.0046855920628855,0.0050904926733793,-0.0098765007472609,0.9711742396703437,0.028637980061562186,0.0001877802680944458,0
2006-05-12,train,train,-0.0251461887204643,0.0078929194312483,-0.0156539392650898,0.2776030194092954,0.7065558470336646,0.015841133557039935,1
2006-05-15,train,train,-0.0105160765645892,0.0080743766631254,-0.0159427509472162,0.2292479700837342,0.7557236088388469,0.015028421077418815,1
2006-05-16,train,train,0.0007074141839258,0.0078303161543963,-0.0159427509472162,0.37171749023853945,0.6191446177316257,0.009137892029835061,1
2006-05-17,train,train,-0.0304435190715611,0.010641592513377,-0.0225852317828735,0.0014402219540036241,0.9294016164345642,0.06915816161143222,1
2006-05-18,train,train,-0.0033751556120557,0.0103504773934274,-0.0225852317828735,0.029011275620217075,0.930680751800041,0.0403079725797418,1
2006-05-19,train,train,0.0053823176071427,0.0101213931800415,-0.0225852317828735,0.07493072125887508,0.8997292529501196,0.02534002579100559,1
2006-05-22,train,train,-0.028857495606066,0.012093855756951,-0.0281490677993637,0.0004422219754444842,0.9112712306203231,0.08828654740423228,1
2006-05-23,train,train,0.0190408887304894,0.0126189933380026,-0.0281490677993637,0.004107849357920159,0.8982687348817122,0.09762341576036745,1
2006-05-24,train,train,-0.0102215990202731,0.0124881351083561,-0.0281490677993637,0.0158588768162336,0.917031751246153,0.06710937193761353,1
2006-05-25,train,train,0.0144685776679087,0.0126157319153278,-0.0281490677993637,0.020173729824190956,0.9220508218253157,0.0577754483504936,1
2006-05-26,train,train,0.0182650901373787,0.0130239817766092,-0.0281490677993637,0.010955745633945475,0.9246175550309106,0.06442669933514379,1
2006-05-29,train,train,-0.0038092802494354,0.0126616465042871,-0.0281490677993637,0.04276391080014896,0.9194338191280282,0.03780227007182282,1
2006-05-30,train,train,-0.0182638963476861,0.0130656974270605,-0.0281490677993637,0.009138843653544431,0.9445036499797768,0.04635750636667875,1
2006-05-31,train,train,0.0155428169974397,0.013227412895692,-0.0281490677993637,0.013353101146702294,0.9420998438266214,0.04454705502667632,1
2006-06-01,train,train,0.0005201589244942,0.0128250855247338,-0.0281490677993637,0.05489203749620755,0.9187755036736244,0.026332458830168298,1
2006-06-02,train,train,0.0012595021793771,0.0124382084858762,-0.0281490677993637,0.12523289292037235,0.8582177351335383,0.01654937194608948,1
2006-06-05,train,train,-0.006437575806697,0.0121619501501139,-0.0281490677993637,0.1683351113813561,0.8188035848776906,0.012861303740953126,1
2006-06-06,train,train,-0.0156968901327305,0.0124024913286389,-0.0281490677993637,0.057370975301290636,0.9236668460841482,0.01896217861456128,1
2006-06-07,train,train,0.0100911297500853,0.0122760880440607,-0.0281490677993637,0.08329852247777174,0.9001187591299181,0.0165827183923102,1
2006-06-08,train,train,-0.0245398260530373,0.0133338809492359,-0.0281490677993637,0.0024548177795486637,0.9539422799765096,0.04360290224394179,1
2006-06-09,train,train,0.0132060401445814,0.0133262450854061,-0.0281490677993637,0.014744143721233926,0.9481853134922836,0.03707054278648208,1
2006-06-12,train,train,-0.0060370812881009,0.013004624585911,-0.0281490677993637,0.040709256882194685,0.9346697866322184,0.0246209564855868,1
2006-06-13,train,train,-0.0214311824269454,0.0136576271656636,-0.0281490677993637,0.0036647482015823092,0.9539551309275286,0.04238012087088924,1
2006-06-14,train,train,0.0050347739403599,0.0132988672422251,-0.0281490677993637,0.035038358456778475,0.9381578763196469,0.026803765223574548,1
2006-06-15,train,train,0.0168404437842873,0.0135375149322855,-0.0281490677993637,0.02105818465790723,0.947376894867389,0.03156492047470373,1
2006-06-16,train,train,-0.006682123047895,0.0132267720179556,-0.0281490677993637,0.04567687999715186,0.9323387954788898,0.021984324523958772,1
2006-06-19,train,train,0.0085379084452406,0.0129932444359072,-0.0281490677993637,0.08168761941604584,0.9010197530126267,0.01729262757132747,1
2006-06-20,train,train,0.0042146844242333,0.0126396499477126,-0.0281490677993637,0.16063989766306233,0.827004673971884,0.01235542836505352,1
2006-06-21,train,train,0.0046633515958678,0.0123077177672821,-0.0281490677993637,0.2689891184043972,0.721772459474053,0.009238422121549388,1
2006-06-22,train,train,0.0081154561719402,0.0120972211426198,-0.0281490677993637,0.35113721081686444,0.6407305194082384,0.008132269774896901,1
2006-06-23,train,train,0.0024777810382359,0.0117443840938317,-0.0281490677993637,0.509354776500236,0.4851989583558492,0.005446265143914936,0
2006-06-26,train,train,0.0002128010169127,0.0113867221506107,-0.0281490677993637,0.6594878584346409,0.33704009543359176,0.003472046131767354,0
2006-06-27,train,train,-0.0055221694780327,0.0111223943555218,-0.0281490677993637,0.721799852078535,0.27534948222865707,0.002850665692807606,0
2006-06-28,train,train,-0.0022943257195907,0.0107981958056988,-0.0281490677993637,0.8110465283991792,0.18711842320685038,0.0018350483939700165,0
2006-06-29,train,train,0.0175239488111922,0.0113150473978219,-0.0281490677993637,0.581711632472118,0.4113500288563927,0.006938338671489196,0
2006-06-30,train,train,0.0140837107098621,0.011499979747791,-0.0281490677993637,0.4776214052721251,0.5125501512228139,0.009828443505061067,1
2006-07-03,train,train,0.0018600491158556,0.011158949283442,-0.0281490677993637,0.6342875490287099,0.3605348144491221,0.0051776365221678465,0
2006-07-04,train,train,0.0028913383723241,0.0108421589371675,-0.0281490677993637,0.7599021887441222,0.23726375667638838,0.002834054579489449,0
2006-07-05,train,train,-0.0070834438409979,0.0106540966952899,-0.0281490677993637,0.7793136974764229,0.21818009393325558,0.0025062085903216048,0
2006-07-06,train,train,0.0099836502765285,0.0106150641156648,-0.0281490677993637,0.7960758053550461,0.2014442244252237,0.0024799702197302875,0
2006-07-07,train,train,-0.0008682803692202,0.0102938838956377,-0.0281490677993637,0.8695200921695623,0.12912282566935787,0.0013570821610800407,0
2006-07-10,train,train,0.0019590684687413,0.009991820648579,-0.0281490677993637,0.9179080930672878,0.08132319516065767,0.0007687117720546687,0
2006-07-11,train,train,-0.0098600236612775,0.0099839618928071,-0.0281490677993637,0.8834629303347575,0.11534096918061125,0.0011961004846315038,0
2006-07-12,train,train,0.0001820012147468,0.0096799128528584,-0.0281490677993637,0.9254515011805139,0.0738658732093168,0.0006826256101693743,0
2006-07-13,train,train,-0.0141672976275496,0.0100060686282201,-0.0281490677993637,0.7948899094086362,0.20258868951035705,0.002521401081006689,0
2006-07-14,train,train,-0.0119213219142992,0.0101311993268395,-0.0281490677993637,0.6812636426281399,0.3143476329484463,0.004388724423413707,0
2006-07-17,train,train,-0.0054238269825596,0.0099120029136572,-0.0281490677993637,0.7422712190467614,0.25462398683915277,0.0031047941140860485,0
2006-07-18,train,train,-0.0016472770199382,0.009618510536957,-0.0281490677993637,0.8299090637844995,0.16830435902047813,0.0017865771950224606,0
2006-07-19,train,train,0.023439686795404,0.0109512526807017,-0.0281490677993637,0.26356950779160004,0.7163772990258298,0.02005319318257005,1
2006-07-20,train,train,0.0018100849197046,0.0106268868256407,-0.0281490677993637,0.41472564274243373,0.5744065639415076,0.010867793316058584,1
2006-07-21,train,train,-0.0098770452078877,0.0105833946118906,-0.0281490677993637,0.370389409153074,0.6189766980148722,0.010633892832053772,1
2006-07-24,train,train,0.0198909793846852,0.0113589969043597,-0.0281490677993637,0.10901011336948116,0.8660429910375453,0.024946895592973303,1
2006-07-25,train,train,0.004341244190389,0.0110641757984991,-0.0281490677993637,0.20057876937049465,0.783751730706354,0.0156694999231511,1
2006-07-26,train,train,0.0020045369437716,0.0107383479658477,-0.0281490677993637,0.33571273801664875,0.6545205566740193,0.009766705309331714,1
2006-07-27,train,train,0.011383014889329,0.0107781154053818,-0.0281490677993637,0.33947660366064475,0.6503057196943627,0.010217676644992733,1
2006-07-28,train,train,0.0100610520703973,0.010736442218725,-0.0281490677993637,0.3801369403403129,0.6104930089805599,0.009370050679127115,1
2006-07-31,train,train,-0.0058552613645023,0.0105077097963284,-0.0281490677993637,0.45465384427027583,0.5381971455675447,0.007149010162179422,1
2006-08-01,train,train,-0.0094710504057667,0.0104484111232924,-0.0281490677993637,0.42145268149430276,0.5708179421853679,0.0077293763203293946,1
2006-08-02,train,train,0.0132715739227036,0.0106389481512228,-0.0281490677993637,0.35813707649577275,0.6316397131037218,0.010223210400505167,1
2006-08-03,train,train,-0.0052654495971477,0.0103951662933379,-0.0281490677993637,0.4456253983847782,0.5469552379108944,0.007419363704327707,1
2006-08-04,train,train,0.0112409585565202,0.0104478448632406,-0.0279469469102214,0.449754208271189,0.542279116977427,0.00796667475138382,1
2006-08-07,train,train,-0.0121057052415071,0.0105546625011327,-0.0279469469102214,0.3194553286461383,0.6697781583203394,0.010766513033522234,1
2006-08-08,train,train,0.0036826254369003,0.0102728063492192,-0.0279469469102214,0.469266010543206,0.5238518864533352,0.006882103003458899,1
2006-08-09,train,train,0.0065359446373081,0.0100877069549706,-0.0249428346953495,0.5860257661610265,0.40896803566170015,0.005006198177273301,0
2006-08-10,train,train,-0.0085321585581544,0.0100011992027202,-0.0249428346953495,0.5795588152242057,0.4152851730294636,0.0051560117463307995,0
2006-08-11,train,train,-0.002806601769659,0.0097208624706117,-0.0249428346953495,0.6956684031633555,0.301014247092742,0.0033173497439025253,0
2006-08-14,train,train,0.0106417333912293,0.0097785605544168,-0.0214116349425562,0.7059460124058269,0.2904144036158823,0.003639583978290853,0
2006-08-15,train,train,0.0073657215954156,0.0096508167013306,-0.0214116349425562,0.7766479446407836,0.22070993813498868,0.0026421172242276332,0
2006-08-16,train,train,0.004543019373379,0.0094227548373145,-0.0214116349425562,0.853344130688929,0.1450886004650249,0.001567268846045927,0
2006-08-17,train,train,0.0034722004202211,0.0091752046705334,-0.0214116349425562,0.9062211652283346,0.0928669814195539,0.0009118533521114732,0
2006-08-18,train,train,-0.0016559328616303,0.0089049337291156,-0.0214116349425562,0.9355095852021663,0.06392270782231392,0.000567706975519869,0
2006-08-21,train,train,-0.0010694846567777,0.0086376270979135,-0.0214116349425562,0.9537536230256399,0.04587322913822207,0.0003731478361382937,0
2006-08-22,train,train,0.0021461528805871,0.0083909739661653,-0.0205559662042377,0.9653898083603498,0.034350152828892734,0.0002600388107572469,0
2006-08-23,train,train,-0.005652884235075,0.0082523477547496,-0.0205559662042377,0.9612254828870176,0.03848726063625283,0.0002872564767298324,0
2006-08-24,train,train,0.0035979440853209,0.0080493404050188,-0.0205559662042377,0.9686203140867079,0.031153300420771163,0.00022638549252053316,0
2006-08-25,train,train,-0.0010870742780834,0.007808666462827,-0.0205559662042377,0.9723953133287451,0.027417648379036146,0.0001870382922185419,0
2006-08-28,train,train,0.0061009992146598,0.0077168702915791,-0.0205559662042377,0.9718913642889697,0.02791264779825958,0.00019598791277091214,0
2006-08-29,train,train,0.0024728846687913,0.0075062634770131,-0.020046102035844,0.9750710568511236,0.02476325801359733,0.00016568513527898202,0
2006-08-30,train,train,0.0020807876139509,0.0072954185986016,-0.020046102035844,0.9768696356527086,0.022982271105965478,0.00014809324132572272,0
2006-08-31,train,train,-0.0022371741446856,0.0070943668826973,-0.0159013950986673,0.9758920206640633,0.023956844040236545,0.00015113529570024947,0
2006-09-01,train,train,0.0039691440110945,0.0069466168189401,-0.0159013950986673,0.9764256547137857,0.02342349617710735,0.0001508491091071029,0
2006-09-04,train,train,0.0069958685721493,0.0069495817672834,-0.0159013950986673,0.9728105700489948,0.027003500074664902,0.00018592987634054965,0
2006-09-05,train,train,-0.0054060225065684,0.0068667598105832,-0.0127314415944519,0.9673325881313948,0.03244268514365303,0.00022472672495250662,0
2006-09-06,train,train,-0.0090067448114915,0.0070135963673728,-0.0127314415944519,0.9461097536746064,0.053467644797548126,0.0004226015278451889,0
2006-09-07,train,train,-0.0073307983451058,0.0070330319369925,-0.0127314415944519,0.9377130486973791,0.06176721935097554,0.0005197319516456694,0
2006-09-08,train,train,0.0055775981692448,0.0069543009723052,-0.0127314415944519,0.9518868865144111,0.047712913021305044,0.0004002004642835245,0
2006-09-11,train,train,-0.0021958112346913,0.0067638642144342,-0.0127314415944519,0.961410320329969,0.038294355129590715,0.00029532454044041347,0
2006-09-12,train,train,0.0090586791816548,0.0069230374602189,-0.0127314415944519,0.9562865868923022,0.043349052441076015,0.0003643606666215515,0
2006-09-13,train,train,0.0034466132158059,0.0067650195398551,-0.0127314415944519,0.9660230405068057,0.03371678415822198,0.00026017533497270476,0
2006-09-14,train,train,0.000622373606753,0.0065607012541745,-0.0127314415944519,0.9719870651874203,0.02781710970677538,0.00019582510580467123,0
2006-09-15,train,train,0.0052178877004961,0.0064879745693887,-0.0127314415944519,0.9729508032631337,0.026861914217589464,0.0001872825192767637,0
2006-09-18,train,train,0.0007652322427814,0.0062931168744411,-0.0127314415944519,0.9757318067484692,0.02410990551640975,0.00015828773512086952,0
2006-09-19,train,train,-0.0038240525905496,0.0061728861554844,-0.0127314415944519,0.9729000758502864,0.026924521474339796,0.00017540267537392,0
2006-09-20,train,train,0.0150162475684027,0.0070247785403805,-0.0127314415944519,0.9237810595345778,0.07546737002408117,0.0007515704413415369,0
2006-09-21,train,train,0.0040799023019783,0.0068837053173801,-0.0127314415944519,0.9468149051501089,0.05271121347894231,0.0004738813709491914,0
2006-09-22,train,train,-0.0070296334337162,0.0068925481308063,-0.0127314415944519,0.9402672905656854,0.059212762890439544,0.0005199465438752748,0
2006-09-25,train,train,0.0003066488564831,0.0066829954782734,-0.0127314415944519,0.9578112928383848,0.041853721718178784,0.00033498544343595873,0
2006-09-26,train,train,0.0179208746099083,0.0078263751287495,-0.0127314415944519,0.8359519004723932,0.1618219511645278,0.0022261483630790662,0
2006-09-27,train,train,0.0260189693277273,0.0099094008239241,-0.0127314415944519,0.14441788245430873,0.8216989499356674,0.03388316761002396,1
2006-09-28,train,train,-0.0015301139733365,0.0096148284505819,-0.0127314415944519,0.25078822846916754,0.7304754347992063,0.01873633673162625,1
2006-09-29,train,train,0.0003479622496071,0.0093223116891521,-0.0127314415944519,0.39757844624075006,0.5919807697697796,0.010440783989470202,1
2006-10-02,train,train,-0.0014544982353244,0.0090453357827619,-0.0127314415944519,0.5454716663744383,0.4484263298739975,0.006102003751563983,0
2006-10-03,train,train,-0.0042985467064357,0.0088327608189503,-0.0127314415944519,0.6448842697087114,0.3509435808848607,0.004172149406427687,0
2006-10-04,train,train,0.0094493802765862,0.0088709667522987,-0.0127314415944519,0.6879191733070121,0.30821953120262247,0.003861295490365506,0
2006-10-05,train,train,0.0102533516282504,0.0089599264076173,-0.0113013574545646,0.7083412695596436,0.28784650791425437,0.003812222526101767,0
2006-10-06,train,train,0.0027180294183858,0.0087124465789625,-0.0104846002850538,0.8139486307177982,0.1839769245681077,0.002074444714094273,0
2006-10-09,train,train,-0.0006540728298068,0.0084485496118446,-0.0104846002850538,0.8815911494248178,0.11724043960123104,0.0011684109739510582,0
2006-10-10,train,train,0.0068997236595233,0.0083637122323666,-0.0104846002850538,0.910442604305953,0.08867513760174109,0.0008822580923060978,0
2006-10-11,train,train,0.0019928309230029,0.0081235991944919,-0.0104846002850538,0.9414652612582627,0.05801750598666131,0.0005172327550760606,0
2006-10-12,train,train,0.0109496549504649,0.0083202757557931,-0.0104846002850538,0.9281184529803909,0.07115994393473885,0.0007216030848704179,0
2006-10-13,train,train,0.0035440972518663,0.0081133844265592,-0.0101945001529217,0.9501203384287744,0.04943784053327749,0.00044182103794774283,0
2006-10-16,train,train,0.0016411982499269,0.0078764838820174,-0.0101945001529217,0.963525019663612,0.03618845799362879,0.00028652234275933154,0
2006-10-17,train,train,-0.0173120791027241,0.0087349380887673,-0.0129629449166659,0.7701424513015545,0.22692536262688426,0.0029321860715610395,0
2006-10-18,train,train,0.0114776381545142,0.008923304626991,-0.0129629449166659,0.7562298477551592,0.24040210155798453,0.003368050686856419,0
2006-10-19,train,train,0.0048768103179336,0.0087335468322292,-0.0129629449166659,0.8376521015797564,0.16043362106244555,0.0019142773577978003,0
2006-10-20,train,train,0.0069795965646761,0.0086383584057872,-0.0129629449166659,0.8794414480508582,0.11922513888735341,0.0013334130617886004,0
2006-10-23,train,train,0.0046139343806144,0.0084511102949933,-0.0129629449166659,0.919106691815839,0.08009003814065137,0.0008032700435094263,0
2006-10-24,train,train,-0.0030073316715699,0.0082267023728844,-0.0128081763852409,0.9395107044207003,0.059952591573013206,0.0005367040062863233,0
2006-10-25,train,train,0.0041519643697737,0.0080406618200104,-0.0128081763852409,0.9557575174795329,0.04387595937999618,0.0003665231404712645,0
2006-10-26,train,train,-0.0002347098656279,0.0077959228624203,-0.0128081763852409,0.9659871424204172,0.03375837445187032,0.0002544831277124941,0
2006-10-27,train,train,0.0067766353691968,0.007738552558187,-0.0128081763852409,0.9665903643238895,0.033156783301539004,0.00025285237457188026,0
2006-10-30,train,train,-0.000918373323841,0.0075061766917512,-0.0116169941574566,0.9714176928059245,0.028383632134729195,0.00019867505934651099,0
2006-10-31,train,train,0.0028980981630783,0.0073120493429607,-0.0116169941574566,0.9746471091575244,0.02518337606955901,0.00016951477291672422,0
2006-11-01,train,train,0.0014241021039129,0.0070978719111013,-0.0116169941574566,0.9767040700029409,0.02314675957059774,0.0001491704264613295,0
2006-11-02,train,train,-0.003877500326745,0.0069468769280484,-0.0112165407531071,0.9734174020877775,0.02641243786872511,0.00017016004349733424,0
2006-11-03,train,train,0.0054808936768581,0.0068677481637044,-0.0112165407531071,0.9734352749309665,0.026386256280489937,0.00017846878854369875,0
2006-11-06,train,train,0.0125203323119494,0.0073308614924687,-0.0112165407531071,0.9482524959193561,0.05129690742146773,0.0004505966591760913,0
2006-11-07,train,train,0.0064080970199691,0.0072787952886103,-0.0112165407531071,0.9562665236815455,0.043364491926819806,0.0003689843916345651,0
2006-11-08,train,train,0.002280789737386,0.0070791333729387,-0.0112165407531071,0.9667147458137787,0.0330323771898223,0.00025287699639912247,0
2006-11-09,train,train,0.0014892684236517,0.0068731620655565,-0.0112165407531071,0.9724761235046203,0.027331956961263733,0.0001919195341160967,0
2006-11-10,train,train,-0.0077542457244249,0.0069291871801768,-0.0113576898795468,0.9583197873969987,0.041373192886791504,0.00030701971620966683,0
2006-11-13,train,train,0.0063714272015378,0.0068969936895955,-0.0113576898795468,0.9626701823930535,0.03704350231672988,0.00028631529021655363,0
2006-11-14,train,train,0.0015103531218369,0.006697109871446,-0.0113576898795468,0.9703058360552251,0.029482762662579015,0.0002114012821962522,0
2006-11-15,train,train,0.004319912871284,0.0065787462806629,-0.0113576898795468,0.9730131295304039,0.02680028205241424,0.00018658841718164528,0
2006-11-16,train,train,0.0047157332002185,0.0064820827551609,-0.0113576898795468,0.9741348324996304,0.025689457646557605,0.00017570985381209494,0
2006-11-17,train,train,-0.0050191317102841,0.0064037375041127,-0.0113576898795468,0.9692882196386916,0.03050424069202534,0.00020753966928326877,0
2006-11-20,train,train,0.006050823262102,0.0063831129168484,-0.0113576898795468,0.9700833645929887,0.029705049436067544,0.00021158597094402253,0
2006-11-21,train,train,-0.0019590177416217,0.0062072334988626,-0.0113576898795468,0.9723146009016284,0.0274994466267245,0.000185952471647063,0
2006-11-22,train,train,0.0046629660319991,0.0061255659313872,-0.0113576898795468,0.9737927873672361,0.02603026183235629,0.00017695080040791984,0
2006-11-23,train,train,-0.0007137569291033,0.0059415293854542,-0.0113576898795468,0.9755367203813435,0.02430575646735552,0.00015752315130120327,0
2006-11-24,train,train,-0.0138376326546551,0.006683746688874,-0.0133854855229569,0.9033541241159153,0.09576560895164182,0.0008802669324427055,0
2006-11-27,train,train,-0.0216187950727432,0.0083686593691467,-0.0175895022767074,0.3179684442036993,0.6677025518876348,0.014329003908665887,1
2006-11-28,train,train,-0.0039754730655119,0.0081719431730939,-0.0175895022767074,0.42893904999244664,0.5620708339521618,0.00899011605539124,1
2006-11-29,train,train,0.0177484833222173,0.0090373854363505,-0.0175895022767074,0.20138273466776027,0.7803034491245205,0.01831381620771951,1
2006-11-30,train,train,-0.0092499285428699,0.0090502787844653,-0.0175895022767074,0.19446807682614167,0.7900506984188039,0.01548122475505438,1
2006-12-01,train,train,-0.0137189409253409,0.0093960445783707,-0.0175895022767074,0.0981306708891841,0.8831968314259894,0.018672497684826504,1
2006-12-04,train,train,0.0135095642412192,0.0096922140945639,-0.0175895022767074,0.08437017485042991,0.8959332760385679,0.019696549111002586,1
2006-12-05,train,train,0.0133507120764008,0.0099497318550999,-0.0175895022767074,0.0758047816819991,0.9039389285249126,0.020256289793088283,1
2006-12-06,train,train,-0.0018117536959287,0.0096568256293861,-0.0175895022767074,0.14948308604876245,0.8369818269651442,0.013535086986093185,1
2006-12-07,train,train,0.0039686872927213,0.0094129725959354,-0.0175895022767074,0.2590808262362373,0.7311984860187362,0.009720687745026307,1
2006-12-08,train,train,0.0009808183862196,0.0091293773165931,-0.0175895022767074,0.4078581041091656,0.5854427664675631,0.00669912942327134,1
2006-12-11,train,train,0.0094039582251091,0.0091460846374488,-0.0175895022767074,0.4655417100189363,0.5279087462305795,0.006549543750484145,1
2006-12-12,train,train,-0.0006617029449694,0.0088689392483486,-0.0175895022767074,0.6161715915414555,0.3796826504765773,0.004145757981967349,0
2006-12-13,train,train,0.0089247138399433,0.0088722956113363,-0.0175895022767074,0.6736953246239501,0.3225089948957443,0.0037956804803053997,0
2006-12-14,train,train,0.0017015991342853,0.0086121018356072,-0.0175895022767074,0.7909965703041245,0.20683071513837056,0.0021727145575051038,0
2006-12-15,train,train,0.0024843350442899,0.0083718883999963,-0.0175895022767074,0.8693178173706172,0.1294178528147481,0.0012643298146346005,0
2006-12-18,train,train,-0.0048841370505475,0.0082045409464994,-0.0175895022767074,0.8959629725039193,0.10305886554844534,0.0009781619476354015,0
2006-12-19,train,train,-0.0098757635378784,0.0083142928106715,-0.0175895022767074,0.85860622137949,0.13990698803984083,0.0014867905806691176,0
2006-12-20,train,train,0.0017548794137474,0.0080724589283871,-0.0175895022767074,0.9115523201406283,0.08761130663985582,0.0008363732195158331,0
2006-12-21,train,train,-0.0036187733973719,0.007876575957582,-0.0175895022767074,0.932394441961985,0.06700940202693255,0.0005961560110825405,0
2006-12-22,train,train,-0.005975306618731,0.0077756208265254,-0.0175895022767074,0.9351792921332067,0.06425769683490973,0.0005630110318833573,0
2006-12-27,train,train,0.0094321280482268,0.0078848313142838,-0.0175895022767074,0.9338302677408106,0.06554100134421205,0.0006287309149770879,0
2006-12-28,train,train,-0.002722170463096,0.0076736525647984,-0.0175895022767074,0.9494611285676373,0.050110523220350256,0.0004283482120122791,0
2006-12-29,train,train,-0.0010103274280679,0.0074439970953002,-0.0175895022767074,0.9617538829301499,0.037951472646471585,0.00029464442337860414,0
2007-01-02,train,train,0.01528572260415,0.0081306522568247,-0.0175895022767074,0.9020521142356476,0.09685284968835932,0.0010950360759933025,0
2007-01-03,train,train,0.0007445661999003,0.0078850693391806,-0.0175895022767074,0.93666340986573,0.06273960853620969,0.0005969815980603887,0
2007-01-04,train,train,0.0005077485069684,0.0076458699889185,-0.0175895022767074,0.9559404281328638,0.04369466500202275,0.00036490686511343653,0
2007-01-05,train,train,-0.0054171012815306,0.007530768047939,-0.0175895022767074,0.9552596720550267,0.04438602974633845,0.00035429819863474425,0
2007-01-08,train,train,0.0012295825342389,0.007307559903337,-0.0175895022767074,0.9663017716262015,0.0334494746483561,0.0002487537254424917,0
2007-01-09,train,train,-0.000754340417492,0.0070873512403672,-0.0175895022767074,0.9713918489911065,0.02841088906878718,0.00019726194010622188,0
2007-01-10,train,train,-0.0137474617707129,0.007652207332287,-0.0175895022767074,0.8964507121349197,0.102567083140636,0.00098220472444459,0
2007-01-11,train,train,0.0149555374267576,0.0082742363041139,-0.0175895022767074,0.8103363826231718,0.18711813059231264,0.002545486784515739,0
2007-01-12,train,train,0.0027459633833977,0.0080503183865929,-0.0164012964993704,0.8812502216954912,0.11743273470447926,0.0013170436000295384,0
2007-01-15,train,train,0.0033698289450853,0.0078485994537327,-0.0164012964993704,0.9232029785617332,0.07604865942339442,0.000748362014871978,0
2007-01-16,train,train,-0.0042471919460441,0.0076802865146827,-0.0164012964993704,0.937434582241245,0.06200848397526927,0.000556933783485714,0
2007-01-17,train,train,-0.0042302613235075,0.0075180648801849,-0.0164012964993704,0.9470023356758958,0.05255517527921666,0.0004424890448876897,0
2007-01-18,train,train,-0.0020798266606404,0.0073068161538668,-0.0164012964993704,0.9587469770112704,0.04093313453964704,0.00031988844908238494,0
2007-01-19,train,train,0.0092523979545786,0.0074379164180984,-0.0164012964993704,0.9533930561555978,0.04621012803577957,0.0003968158086229053,0
2007-01-22,train,train,-0.0026567068127479,0.0072406305022004,-0.0164012964993704,0.9614453934107554,0.0382567320400504,0.00029787454919401606,0
2007-01-23,train,train,0.0006195579608421,0.0070216919178529,-0.0164012964993704,0.9695179804491093,0.03026417543355866,0.00021784411733179914,0
2007-01-24,train,train,0.0119063965312062,0.0074061896172989,-0.0164012964993704,0.9482733373076088,0.051270672621594744,0.00045599007079655284,0
2007-01-25,train,train,-0.0002338808767102,0.0071807957765426,-0.0164012964993704,0.9618618781650027,0.03783914363685419,0.0002989781981428688,0
2007-01-26,train,train,-0.0084206486362536,0.0072611595294871,-0.0164012964993704,0.9446778081431713,0.0548666259633744,0.0004555658934545676,0
2007-01-29,train,train,0.0063341912971807,0.0072089035375193,-0.0164012964993704,0.9542076744493828,0.04541225756172634,0.00038006798889113726,0
2007-01-30,train,train,0.003193381798649,0.0070329264207142,-0.0164012964993704,0.9650791404368009,0.034653040772697825,0.0002678187905013604,0
2007-01-31,train,train,-1.37560216567452e-05,0.006818675982221,-0.0164012964993704,0.9712161733446106,0.02858179416682831,0.0002020324885609559,0
2007-02-01,train,train,0.0012566533135796,0.0066181139514606,-0.0164012964993704,0.9748729842072068,0.02496047671120114,0.00016653908159194303,0
2007-02-02,train,train,0.0040886861814262,0.0064941902974472,-0.0164012964993704,0.9757691079974066,0.02407195310257609,0.00015893890001784645,0
2007-02-05,train,train,-0.0009915252389797,0.0063010336057081,-0.0164012964993704,0.9764269167943949,0.023424336819074944,0.00014874638652988492,0
2007-02-06,train,train,0.0059004523371763,0.0062777195937095,-0.0164012964993704,0.9746379590793001,0.025193953443088092,0.00016808747761199025,0
2007-02-07,train,train,0.0102443949961851,0.00658346680934,-0.0164012964993704,0.9619815131458401,0.03772237313586571,0.00029611371829374184,0
2007-02-08,train,train,-0.001927160962565,0.0064003398408552,-0.0164012964993704,0.9677022977313385,0.03206508755342211,0.0002326147152396866,0
2007-02-09,train,train,0.0033331713653938,0.0062588410232883,-0.0164012964993704,0.9723840285878813,0.02742459829228958,0.00019137311982930297,0
2007-02-12,train,train,-0.0071851819689654,0.0063182525980794,-0.0164012964993704,0.960803918832357,0.03891251590189799,0.0002835652657454259,0
2007-02-13,train,train,0.0037575509954574,0.0061945337442423,-0.0164012964993704,0.968242489931336,0.031529482072089145,0.00022802799657441875,0
2007-02-14,train,train,0.0054557718929839,0.006152709990479,-0.0164012964993704,0.9704240853032589,0.02936422867101957,0.00021168602572158685,0
2007-02-15,train,train,-0.0019340045145739,0.0059840548310545,-0.0164012964993704,0.9725401814808797,0.02727501407105277,0.0001848044480674196,0
2007-02-16,train,train,-0.0017290191122847,0.005817194161556,-0.0164012964993704,0.9739709220763532,0.025859578395897618,0.00016949952774892153,0
2007-02-19,train,train,0.0043403617676682,0.0057393107125248,-0.0164012964993704,0.9750469674119937,0.024788655966722414,0.0001643766212837072,0
2007-02-20,train,train,-0.0019931772756774,0.0055858456429393,-0.0164012964993704,0.9751158000435046,0.024725305806197872,0.0001588941502974261,0
2007-02-21,train,train,-0.0065577475482455,0.0056488772714877,-0.016361732589599,0.9654351118173764,0.03432896925068718,0.00023591893193656717,0
2007-02-22,train,train,0.0001690327291005,0.0054769462190568,-0.012447388744644,0.9714927092133842,0.02831543286324316,0.00019185792337237441,0
2007-02-23,train,train,-0.0016374516337525,0.005325222846457,-0.012447388744644,0.9734730524084374,0.026353310514074444,0.00017363707748832097,0
2007-02-26,train,train,0.0060088280910406,0.0053686943817117,-0.012447388744644,0.9726938962306735,0.0271192988448488,0.00018680492447773123,0
2007-02-27,train,train,-0.0306061437987348,0.0091267556610276,-0.0193575154982628,0.04641112386072917,0.916072454803728,0.03751642133554284,1
2007-02-28,train,train,-0.0111597801520223,0.0092613309164947,-0.0185044619071566,0.04250530740769349,0.9273647476131455,0.03012994497916103,1
2007-03-01,train,train,-0.0129623006948425,0.0095240322176241,-0.0191053020880967,0.02927601310828038,0.9429646742632074,0.02775931262851214,1
2007-03-02,train,train,-0.0073286055302285,0.0094067670239282,-0.0191053020880967,0.0517010938772947,0.9280482696644394,0.02025063645826598,1
2007-03-05,train,train,-0.0153803681926419,0.0098676934202674,-0.0199113245873632,0.020968714724645517,0.9550684250567135,0.023962860218641396,1
2007-03-06,train,train,0.0055703395098798,0.0096638921747671,-0.0199113245873632,0.06168589806097831,0.9212621369054568,0.017051965033565104,1
2007-03-07,train,train,0.0062584392675475,0.0094940743083004,-0.0199113245873632,0.11910967345064172,0.8676956159336153,0.013194710615742955,1
2007-03-08,train,train,0.0200171846785209,0.0104293077958452,-0.0199113245873632,0.029281597087607057,0.9451118451978654,0.02560655771452758,1
2007-03-09,train,train,0.0044427204413219,0.0101699803013395,-0.0199113245873632,0.07830873883194114,0.9043659241975966,0.017325336970462287,1
2007-03-12,train,train,-0.0077948203394268,0.0100433232954681,-0.0199113245873632,0.0998903586692922,0.8857116189114262,0.014398022419281464,1
2007-03-13,train,train,-0.0116320733571418,0.0101456665667372,-0.0199113245873632,0.07362363422882882,0.9109840761454927,0.015392289625678625,1
2007-03-14,train,train,-0.0275888634603765,0.0119342867529033,-0.0245251251505843,0.0007291636817785876,0.9436316087033921,0.055639227614829215,1
2007-03-15,train,train,0.0245448752378072,0.0130395023796487,-0.0245251251505843,0.0009739909846592465,0.8986261825410705,0.10039982647427045,1
2007-03-16,train,train,0.0026505728672132,0.0126589271726239,-0.0245251251505843,0.031917778331295485,0.911609638508732,0.05647258315997263,1
2007-03-19,train,train,0.0193292079877356,0.0131548708780465,-0.0245251251505843,0.011416783198098197,0.9199769840918245,0.0686062327100773,1
2007-03-20,train,train,0.0051096637206802,0.012815385673061,-0.0245251251505843,0.04739355799705029,0.9119329037249244,0.04067353827802541,1
2007-03-21,train,train,-0.0008870812401508,0.0124268772481238,-0.0245251251505843,0.10978346656491123,0.8665416833836115,0.02367485005147764,1
2007-03-22,train,train,0.0124721097903863,0.0124295958425424,-0.0245251251505843,0.10736618151017263,0.8708009462853822,0.02183287220444523,1
2007-03-23,train,train,0.003829803922867,0.0120873986252488,-0.0245251251505843,0.20084738217769593,0.7851027868240448,0.014049830998259318,1
2007-03-26,train,train,-0.0052455661521643,0.011789395703323,-0.0245251251505843,0.2745798776000335,0.7150357258251384,0.010384396574827997,1
2007-03-27,train,train,0.0046334867319714,0.011486453410182,-0.0245251251505843,0.410381572812021,0.5823139602709052,0.007304466917073937,1
2007-03-28,train,train,-0.0037078078414798,0.0111735028333546,-0.0245251251505843,0.52825451154959,0.46647206939977287,0.0052734190506371495,0
2007-03-29,train,train,0.0084089238172753,0.0110271907401137,-0.0245251251505843,0.6052018477833915,0.3901752292268454,0.004622922989762937,0
2007-03-30,train,train,0.0024891746765291,0.0107086301138817,-0.0245251251505843,0.7386938866389933,0.25854614899002226,0.002759964370984671,0
2007-04-02,train,train,0.0060668973725754,0.0104882175799676,-0.0245251251505843,0.8160068434770879,0.18207065496414065,0.0019225015587715512,0
2007-04-03,train,train,0.0149847596271872,0.0108108800191997,-0.0245251251505843,0.7008742690603466,0.29473931663040753,0.004386414309245791,0
2007-04-04,train,train,-0.0006757088299054,0.0104828437996341,-0.0245251251505843,0.8059494961841078,0.1917620866641304,0.002288417151761959,0
2007-04-05,train,train,0.0021258657960495,0.0101768252221822,-0.0245251251505843,0.8792769197296809,0.119483266442295,0.0012398138280243457,0
2007-04-10,train,train,0.0020413104226336,0.0098794596107868,-0.0245251251505843,0.9235694304647151,0.07572308906270712,0.0007074804725777806,0
2007-04-11,train,train,-0.0005266388565974,0.0095793600923138,-0.0245251251505843,0.9476846432020412,0.0518763666041068,0.00043899019385216446,0
2007-04-12,train,train,-0.0076704826741118,0.0094756777941608,-0.0245251251505843,0.9367676826245322,0.06268675465677932,0.0005455627186884039,0
2007-04-13,train,train,0.0055144929990102,0.00928578157515,-0.0245251251505843,0.9514716349304104,0.04811880932308599,0.0004095557465034398,0
2007-04-16,train,train,0.003701723260954,0.0090484451923937,-0.0245251251505843,0.9630996087701913,0.036611288271466216,0.0002891029583428856,0
2007-04-17,train,train,-0.0036549363824528,0.0088183565573951,-0.0245251251505843,0.9652904597628753,0.03445534451270685,0.00025419572441786725,0
2007-04-18,train,train,-0.0064082165213252,0.0086926130691527,-0.0245251251505843,0.9583085866880081,0.04137970674920773,0.00031170656278438065,0
2007-04-19,train,train,-0.0032803530955538,0.0084660187595879,-0.0245251251505843,0.963125103570674,0.03660615946650431,0.0002687369628217196,0
2007-04-20,train,train,0.0173366843116501,0.0092415746815541,-0.0245251251505843,0.8638561642564194,0.13445551300644926,0.0016883227371312704,0
2007-04-23,train,train,-0.0062392698571202,0.0090894449632557,-0.0245251251505843,0.8795810176575235,0.11908975526839478,0.0013292270740815262,0
2007-04-24,train,train,-0.0276281944811053,0.0111112536184176,-0.0286077339134055,0.04600064599689907,0.9147786750276005,0.03922067897550041,1
2007-04-25,train,train,0.0028562705470895,0.010795455360508,-0.0286077339134055,0.10964369644403937,0.86710116782633,0.02325513572963081,1
2007-04-26,train,train,-0.0006431714009518,0.0104677679197304,-0.0286077339134055,0.2057329994309678,0.7799964453804886,0.01427055518854354,1
2007-04-27,train,train,-0.0142965359088565,0.0107360687240558,-0.0286077339134055,0.09367064587450587,0.8878266677866311,0.018502686338862994,1
2007-04-30,train,train,-0.0020154172343134,0.0104207051463177,-0.0286077339134055,0.17451822988436058,0.8129675797839384,0.012514190331700996,1
2007-05-02,train,train,0.002938426600212,0.0101288543801752,-0.0286077339134055,0.2983358938142311,0.6928594349924077,0.008804671193361237,1
2007-05-03,train,train,-0.0014785809485154,0.0098269650293865,-0.0286077339134055,0.4398661329487806,0.5539475553045151,0.0061863117467041324,1
2007-05-04,train,train,0.0154883990271955,0.0102551702790834,-0.0286077339134055,0.29184919057459974,0.6967055583808108,0.011445251044589308,1
2007-05-07,train,train,0.0035367475199472,0.0099804269140657,-0.0286077339134055,0.43956622839742887,0.5530767668161042,0.007357004786466842,1
2007-05-08,train,train,-0.0078963303397727,0.0098678015826158,-0.0286077339134055,0.4582274814181224,0.534898025554251,0.006874493027626419,1
2007-05-09,train,train,0.0036138053798028,0.0096080525055199,-0.0286077339134055,0.6090268829316104,0.3865601475350358,0.004412969533353475,0
2007-05-10,train,train,-0.0023299833202301,0.0093328196118993,-0.0286077339134055,0.7248733843947144,0.27228181726713935,0.0028447983381462323,0
2007-05-11,train,train,0.0109786324172546,0.0094396638064577,-0.0286077339134055,0.7249348884464346,0.2717189441256558,0.0033461674279095075,0
2007-05-14,train,train,-0.0034191687332575,0.0091903351680883,-0.0286077339134055,0.8036702777202845,0.19421379015772214,0.0021159321219932194,0
2007-05-15,train,train,0.0093663439718338,0.0092009906442521,-0.0286077339134055,0.8270944941351978,0.17091826368398777,0.0019872421808143975,0
2007-05-16,train,train,0.0063611620582167,0.0090557494482418,-0.0286077339134055,0.8765698871869991,0.12209959551587345,0.0013305172971269429,0
2007-05-17,train,train,0.0033057522727023,0.0088171357067066,-0.0286077339134055,0.9205324495316891,0.07870268448373492,0.0007648659845761484,0
2007-05-18,train,train,0.0066719048961155,0.0087033457958891,-0.0286077339134055,0.9375794470660661,0.061837788949784075,0.0005827639841497981,0
2007-05-21,train,train,-0.0008564896729164,0.0084408144650762,-0.0286077339134055,0.9552317917365061,0.044399252127985046,0.0003689561355091162,0
2007-05-22,train,train,0.0010223861956004,0.0081875041566882,-0.0286077339134055,0.9662622391270266,0.033484996938516386,0.0002527639344575116,0
2007-05-23,train,train,0.0101008393995972,0.0083147295958092,-0.0286077339134055,0.9555199611710607,0.04410518289000877,0.0003748559389308214,0
2007-05-24,train,train,-0.0085096315214742,0.0083265523642271,-0.0286077339134055,0.9379171502423955,0.061543782438419584,0.0005390673191848121,0
2007-05-25,train,train,-0.0027663610190938,0.0081012808255881,-0.0235324753780412,0.9518317586096597,0.04777860821629359,0.0003896331740466084,0
2007-05-28,train,train,0.0047319302061311,0.0079395450601833,-0.0235324753780412,0.9619572243268864,0.037745112673718266,0.0002976629993951221,0
2007-05-29,train,train,0.0042225936372515,0.0077668533550236,-0.0235324753780412,0.9684207894822365,0.031345226079941425,0.00023398443782177955,0
2007-05-30,train,train,-0.0033832405616733,0.0075757078466651,-0.0235324753780412,0.9691605417834845,0.030624067172101418,0.00021539104441385608,0
2007-05-31,train,train,0.0126107079239848,0.0079680402657106,-0.0231711979501127,0.9427724836797614,0.05670897465321824,0.0005185416670202301,0
2007-06-01,train,train,0.0111642260960453,0.0081950401094103,-0.0231711979501127,0.9275448879954544,0.07171515833910524,0.0007399536654402087,0
2007-06-04,train,train,-0.0056411618170608,0.0080646465421572,-0.0231711979501127,0.9335042940727635,0.06587804122746847,0.0006176646997680165,0
2007-06-05,train,train,-0.0064694076772082,0.0079779324740542,-0.0231711979501127,0.9330116654132365,0.06638693742668207,0.0006013971600812285,0
2007-06-06,train,train,-0.0255339770410085,0.0099472408827161,-0.0269170116608301,0.1520618321388512,0.823654555466556,0.0242836123945925,1
2007-06-07,train,train,-0.0136843589342994,0.0102101148805788,-0.0269170116608301,0.07705554755597416,0.8975295288330627,0.025414923610963078,1
2007-06-08,train,train,0.0061335559776789,0.0100124367492643,-0.0269170116608301,0.1421516347724047,0.8406306940944256,0.01721767113316961,1
2007-06-11,train,train,0.0083408316099297,0.0099200869247829,-0.0224862358103234,0.20231016166024818,0.7841640720692858,0.013525766270465912,1
2007-06-12,train,train,-0.0118701683108415,0.0100477704424015,-0.0224862358103234,0.1384013700556551,0.8466054773121934,0.014993152632151632,1
2007-06-13,train,train,0.0044265696649179,0.0098018314896405,-0.0224862358103234,0.2408636113572933,0.7485061707315446,0.010630217911161787,1
2007-06-14,train,train,0.0166245768691307,0.010338952552502,-0.0224862358103234,0.12247868060679387,0.8600227293975806,0.017498589995625632,1
2007-06-15,train,train,0.0114539026199418,0.0104092178670417,-0.0224862358103234,0.13356381765952105,0.8499751670755,0.016461015264978833,1
2007-06-18,train,train,-0.0097840828136878,0.0103727722522783,-0.0224862358103234,0.12465207417834862,0.8602755676164076,0.015072358205243951,1
2007-06-19,train,train,-0.0068695599024346,0.0101965774228887,-0.0224862358103234,0.16132578500842146,0.8263534802142958,0.012320734777282481,1
2007-06-20,train,train,0.0023638414699576,0.0099028907124239,-0.0224862358103234,0.28233323624592455,0.7088836278033628,0.008783135950712808,1
2007-06-21,train,train,-0.0102479984945864,0.0099239356196613,-0.0224862358103234,0.24016316346912317,0.7497323855087238,0.010104451022153137,1
2007-06-22,train,train,-0.0065729233696524,0.0097553896687723,-0.0224862358103234,0.2919683815109134,0.6992593738829604,0.00877224460612606,1
2007-06-25,train,train,0.0042789555673168,0.0095160988634544,-0.0224862358103234,0.43344490928872226,0.5601506140373104,0.006404476673967622,1
2007-06-26,train,train,-0.0062897973848304,0.0093539543719664,-0.0224862358103234,0.496695861006735,0.4976876418991943,0.005616497094070691,1
2007-06-27,train,train,-0.0049937476376573,0.0091511160837013,-0.0224862358103234,0.5870817880838798,0.40848203237550956,0.004436179540610619,0
2007-06-28,train,train,0.0093690742697177,0.0091643397581617,-0.0224862358103234,0.6372861552788288,0.35843166728265163,0.0042821774385197135,0
2007-06-29,train,train,0.0048532622309709,0.0089643329404812,-0.0224862358103234,0.7505052257400654,0.2467650532716516,0.0027297209882830966,0
2007-07-02,train,train,-0.005879450694465,0.0088097551380187,-0.0224862358103234,0.7921718980642015,0.20562635538287402,0.0022017465529248553,0
2007-07-03,train,train,0.0043607294199868,0.0086079054433001,-0.0224862358103234,0.8644981224199808,0.13414547560568787,0.0013564019743313145,0
2007-07-04,train,train,0.0080578181280569,0.0085758952846125,-0.0224862358103234,0.8901004409485257,0.10876107051025166,0.0011384885412225433,0
2007-07-05,train,train,-0.0055054916846898,0.008423291960872,-0.0224862358103234,0.906519854781924,0.09257201048895036,0.0009081347291256098,0
2007-07-06,train,train,0.0100715060551707,0.0085311693608653,-0.0224862358103234,0.905038315858373,0.09395214405446674,0.0010095400871602976,0
2007-07-09,train,train,-0.005567203561722,0.0083829365352363,-0.0224862358103234,0.9172423428326141,0.08195273974635235,0.0008049174210332864,0
2007-07-10,train,train,-0.0101212986978446,0.0084972730152932,-0.0224862358103234,0.878630584854192,0.12008765154858483,0.0012817635972230492,0
2007-07-11,train,train,-0.0038999749532788,0.0082936130879621,-0.0224862358103234,0.9091167244811245,0.0900106989396277,0.0008725765792476323,0
2007-07-12,train,train,0.0118217892023712,0.008546476406471,-0.0224862358103234,0.887303705164542,0.11141692840700822,0.001279366428449625,0
2007-07-13,train,train,0.00545300621027,0.0083930828681801,-0.0224862358103234,0.9211168890492322,0.0780806388692386,0.0008024720815295683,0
2007-07-16,train,train,0.0057676384747797,0.0082591251864078,-0.0224862358103234,0.9411711259355793,0.05827760437828663,0.0005512696861340301,0
2007-07-17,train,train,0.0028680413389175,0.0080382771525604,-0.0224862358103234,0.9581270673349483,0.04152492943112286,0.00034800323392889215,0
2007-07-18,train,train,-0.0063020885935707,0.0079448124486966,-0.0178382906280548,0.953211612121464,0.04641251586105999,0.0003758720174758243,0
2007-07-19,train,train,0.0098263424005087,0.0080700844142171,-0.0178382906280548,0.9460714310818227,0.053444927710309655,0.0004836412078676994,0
2007-07-20,train,train,-0.0183962332561069,0.0090290625530129,-0.0194089154019906,0.656034633809806,0.33870253407038925,0.005262832119804474,0
2007-07-23,train,train,0.0084437479283605,0.0089950177929623,-0.0192048564104716,0.7185236937955046,0.2775548252990055,0.0039214809054897645,0
2007-07-24,train,train,-0.009569613163829,0.0090305245781341,-0.0192048564104716,0.6776132622712674,0.31799698985550295,0.0043897478732294526,0
2007-07-25,train,train,0.0016348142445402,0.0087645712253228,-0.0192048564104716,0.7939755604376446,0.20368404204577623,0.0023403975165793276,0
2007-07-26,train,train,-0.0269572496851962,0.0107615168481647,-0.0236291533274372,0.0336449700800162,0.9274291055283153,0.03892592439166857,1
2007-07-27,train,train,0.0032339919572888,0.0104637064379559,-0.0236291533274372,0.08847637468893754,0.8880090684472752,0.02351455686378702,1
2007-07-30,train,train,-0.0054716475491805,0.0102330903879857,-0.0236291533274372,0.13706775453162548,0.8466592103590708,0.016273035109303658,1
2007-07-31,train,train,0.0200960206897803,0.0110753859259715,-0.0236291533274372,0.03299781556694115,0.9372931012820747,0.029709083150984198,1
2007-08-01,train,train,-0.0140623920209432,0.01127693997349,-0.0236291533274372,0.019853824199193994,0.9510279011984961,0.029118274602310007,1
2007-08-02,train,train,0.0056636516791738,0.0110210630011962,-0.0236291533274372,0.059648760227635385,0.9205419682168523,0.019809271555511918,1
2007-08-03,train,train,-0.0098792742887545,0.0109559118070611,-0.0236291533274372,0.062157142677080696,0.9204242669541911,0.017418590368728268,1
2007-08-06,train,train,-0.0070565016590085,0.0107618649058828,-0.0236291533274372,0.08994924676791927,0.8959096045282446,0.014141148703835763,1
2007-08-07,train,train,0.0151834447683108,0.0110770434583991,-0.0236291533274372,0.06010795284118603,0.9215444093816217,0.01834763777719214,1
2007-08-08,train,train,0.0236918384969335,0.012207253210874,-0.0236291533274372,0.005958214433633316,0.9519759072243426,0.04206587834202397,1
2007-08-09,train,train,-0.0111184579976818,0.0121446784886181,-0.0236291533274372,0.015399652485863863,0.9517305275016359,0.032869820012500245,1
2007-08-10,train,train,-0.0262473876507137,0.0134156305914258,-0.0262462047923061,0.0004015466835140307,0.9207700052722935,0.07882844804419267,1
2007-08-13,train,train,0.0190441270990217,0.01381814467045,-0.0262462047923061,0.004137684064385723,0.9076333345355748,0.0882289814000393,1
2007-08-14,train,train,-0.0122044190516102,0.0137266720463743,-0.0262462047923061,0.011500564802783832,0.9220130800514286,0.06648635514578766,1
2007-08-15,train,train,-0.0022425606959698,0.0133198340323406,-0.0262462047923061,0.047567931029031424,0.9144028756596231,0.0380291933113459,1
2007-08-16,train,train,-0.0379551917719164,0.0159125326355275,-0.0303866097026087,3.788272413130266e-06,0.698412181100054,0.3015840306275329,1
2007-08-17,train,train,0.0182730564275,0.0160639487255245,-0.0303866097026087,0.0036696368992038034,0.7005023892419054,0.29582797385889076,1
2007-08-20,train,train,0.0022170062530548,0.0155840408347921,-0.0303866097026087,0.03381044947173969,0.7933914736714461,0.17279807685681425,1
2007-08-21,train,train,-0.002055487634768,0.0151176747808994,-0.0303866097026087,0.08559512668354952,0.8199620615856823,0.09444281173076823,1
2007-08-22,train,train,0.0083500266921653,0.0147991493701419,-0.0303866097026087,0.13563401181295337,0.8064436523327687,0.05792233585427799,1
2007-08-23,train,train,-0.0046559459685171,0.0143935611551377,-0.0303866097026087,0.20814342114438308,0.7594185871677698,0.03243799168784727,1
2007-08-24,train,train,0.00292734895193,0.0139734852086468,-0.0303866097026087,0.3445722499399506,0.638405802963384,0.0170219470966653,1
2007-08-27,train,train,-0.0020181934716063,0.013556812967546,-0.0303866097026087,0.48609054687996983,0.5047034257746316,0.009206027345398703,1
2007-08-28,train,train,-0.0127119879921547,0.0135076136119436,-0.0303866097026087,0.3264370142385223,0.6610359803451537,0.012527005416323664,1
2007-08-29,train,train,0.0041542405307394,0.0131355909963513,-0.0303866097026087,0.4733541208446924,0.5190066185543418,0.007639260600966149,1
2007-08-30,train,train,0.0091098580460577,0.0129294430116374,-0.0303866097026087,0.5373019734138997,0.45623772128218604,0.006460305303914225,0
2007-08-31,train,train,0.0115583842553097,0.0128513050540134,-0.0303866097026087,0.5279289441097088,0.464995356126936,0.00707569976335497,0
2007-09-03,train,train,0.0046233827984542,0.0125111637830337,-0.0303866097026087,0.6633369703389778,0.3324134665007256,0.00424956316029652,0
2007-09-04,train,train,0.0029652533781494,0.0121517500677614,-0.0303866097026087,0.7810944983975107,0.21649396883206762,0.0024115327704213414,0
2007-09-05,train,train,-0.0242813134245465,0.0131977293056056,-0.0303866097026087,0.0774370619466519,0.8942436916496463,0.02831924640370188,1
2007-09-06,train,train,-0.0029325943065028,0.0128158207640631,-0.0303866097026087,0.14517941288434832,0.8371592424733284,0.017661344642323617,1
2007-09-07,train,train,-0.0231558976676968,0.0136587803977151,-0.0303866097026087,0.0066815336201112895,0.9514710213197783,0.041847445060110365,1
2007-09-10,train,train,-0.01065969003572,0.0134976399616853,-0.0303866097026087,0.0170879106059927,0.9508340660831242,0.0320780233108833,1
2007-09-11,train,train,0.0172763332618666,0.013753668925842,-0.0303866097026087,0.012531789891400125,0.9504260672492381,0.03704214285936225,1
2007-09-12,train,train,0.0010663052802031,0.0133372345260705,-0.0303866097026087,0.05373360596452082,0.9236352893607951,0.022631104674684127,1
2007-09-13,train,train,0.0069427052565264,0.0130422768216267,-0.0303866097026087,0.10341535954468083,0.8800387677956113,0.01654587265970791,1
2007-09-14,train,train,-0.0155198792375507,0.013204049556985,-0.0303866097026087,0.03689071298039964,0.9416062847531765,0.021503002266423772,1
2007-09-17,train,train,-0.0119095946720855,0.0131299815664881,-0.0303866097026087,0.03186791324732285,0.9477317626036492,0.020400324149028353,1
2007-09-18,train,train,0.0248832352040688,0.0141139347679306,-0.0303866097026087,0.0025787922452469676,0.9479211318608203,0.049500075893932724,1
2007-09-19,train,train,0.0317371449353099,0.0157380350575949,-0.0303866097026087,8.07495000528305e-05,0.8183396468406796,0.18157960365926762,1
2007-09-20,train,train,-0.0046816003729401,0.0153016223175439,-0.0303866097026087,0.02279016704239238,0.8713437882727613,0.10586604468484609,1
2007-09-21,train,train,0.0016275554953759,0.0148408289198839,-0.0303866097026087,0.07176978535898101,0.8704853266916481,0.05774488794937066,1
2007-09-24,train,train,0.0030471727703759,0.0144080639421491,-0.0303866097026087,0.15138686007356789,0.8168393037421834,0.031773836184248505,1
2007-09-25,train,train,-0.012691705418179,0.0143108885591603,-0.0303866097026087,0.09146762235971699,0.879162274591931,0.029370103048351838,1
2007-09-26,train,train,0.014001672300195,0.0142925242383445,-0.0303866097026087,0.07383163631987438,0.8977680100374211,0.028400353642704306,1
2007-09-27,train,train,0.0046673934382201,0.0139041989286644,-0.0303866097026087,0.1469408155980935,0.8350152702651018,0.018043914136804385,1
2007-09-28,train,train,-0.0003497905980979,0.0134808933006961,-0.0303866097026087,0.2599466453185526,0.7286539028615975,0.011399451819849934,1
2007-10-01,train,train,0.0018163459889424,0.0130777812299625,-0.0303866097026087,0.40922885862556757,0.5833726771578476,0.007398464216584745,1
2007-10-02,train,train,0.0127243023474059,0.0130568423594116,-0.0303866097026087,0.36598469659549754,0.6245457352295927,0.009469568174909692,1
2007-10-03,train,train,-0.0004193036800432,0.0126594949895002,-0.0303866097026087,0.5211880741448324,0.47297974818500066,0.005832177670166916,0
2007-10-04,train,train,-0.0044607433834082,0.0123223755208883,-0.0303866097026087,0.6200452576437419,0.37571680931445306,0.0042379330418048046,0
2007-10-05,train,train,0.0117596219034331,0.0122893370288157,-0.0303866097026087,0.6014270227145039,0.3932948448805851,0.005278132404910565,0
2007-10-08,train,train,-0.0055957462365993,0.0119935348787594,-0.0303866097026087,0.6701250945862796,0.3259475583052802,0.003927347108440116,0
2007-10-09,train,train,0.0036196312723171,0.0116619162227992,-0.0303866097026087,0.7833183685351508,0.21435431382910633,0.0023273176357429246,0
2007-10-10,train,train,7.398183164651584e-05,0.0113066617967912,-0.0303866097026087,0.8638169802460816,0.13485614575850283,0.0013268739954151812,0
2007-10-11,train,train,0.0157659810510663,0.0116225700444416,-0.0303866097026087,0.7374971074473604,0.2586806057282752,0.0038222868243645955,0
2007-10-12,train,train,0.0106254665850799,0.0115651683420828,-0.0303866097026087,0.7454023770771349,0.2509101263463996,0.003687496576465924,0
2007-10-15,train,train,-0.0048474833435575,0.0112755406672955,-0.0303866097026087,0.803084629390508,0.1945209842223305,0.0023943863871613504,0
2007-10-16,train,train,0.006052447927489,0.0110321111240933,-0.0303866097026087,0.86215518414563,0.13631259602333493,0.0015322198310350975,0
2007-10-17,train,train,0.0098209174304959,0.0109632136006592,-0.0303866097026087,0.8701156482293297,0.12837491127607759,0.001509440494592893,0
2007-10-18,train,train,0.0049518931165907,0.0106982149928269,-0.0294946309490588,0.9122001903299451,0.08689426317439114,0.0009055464956635425,0
2007-10-19,train,train,0.001456375195271,0.0103784371421397,-0.0294946309490588,0.9425745000027231,0.05690955162687977,0.0005159483703968716,0
2007-10-22,train,train,-0.0130861849693319,0.010560498770685,-0.0294946309490588,0.8565096392146706,0.14188692369363876,0.001603437091690832,0
2007-10-23,train,train,0.0066195635381725,0.0103663785149229,-0.0294946309490588,0.895054855776323,0.10383680966702288,0.001108334556653933,0
2007-10-24,train,train,-0.012935222093418,0.0105381826488317,-0.0294946309490588,0.7829290531140116,0.21430495623946258,0.0027659906465255174,0
2007-10-25,train,train,0.0101055070637022,0.0105127243047938,-0.0294946309490588,0.7971243422061269,0.20023684205860698,0.002638815735266013,0
2007-10-26,train,train,0.0140629171891763,0.0107588228148931,-0.0294946309490588,0.7105003357110132,0.28493829568267365,0.004561368606313206,0
2007-10-29,train,train,0.0085635998138551,0.0106398894151603,-0.0294946309490588,0.7624916142859899,0.23414812980779684,0.0033602559062135516,0
2007-10-30,train,train,0.0028172347329042,0.0103388113752619,-0.0294946309490588,0.8504076991140995,0.1478591596386305,0.0017331412472701437,0
2007-10-31,train,train,0.0068197218536471,0.0101620901286949,-0.0294946309490588,0.8895384418648107,0.10926289066907163,0.0011986674661177026,0
2007-11-01,train,train,-0.0082717759414007,0.0100586941433855,-0.0294946309490588,0.8772315447294153,0.1214532882350468,0.001315167035537572,0
2007-11-02,train,train,0.0040591539055237,0.009802820615705,-0.0284641342880532,0.9193053345955979,0.0799124948793231,0.0007821705250789168,0
2007-11-05,train,train,0.0001390347712279,0.0095042482260475,-0.0284641342880532,0.9459875444467997,0.053547157379830734,0.0004652981733695358,0
2007-11-06,train,train,0.0043819249503133,0.0092770127874223,-0.0284641342880532,0.9591285527261721,0.04054047819516707,0.000330969078660905,0
2007-11-07,train,train,-0.0033714337412202,0.0090322301903131,-0.0284641342880532,0.9634397500694317,0.03628611204632014,0.00027413788424802347,0
2007-11-08,train,train,0.0065308044882037,0.0089019883011575,-0.020985696776598,0.9655239419327722,0.03421377239606735,0.0002622856711600708,0
2007-11-09,train,train,-0.0135431508493391,0.009246387838869,-0.020985696776598,0.8886730143597651,0.11021564265047683,0.0011113429897584223,0
2007-11-12,train,train,0.0027613920090569,0.0089901870910698,-0.020985696776598,0.9284142618191048,0.07093218963214261,0.0006535485487522768,0
2007-11-13,train,train,0.0025387974220665,0.0087384658629252,-0.020985696776598,0.9512541057682808,0.04833753819837096,0.00040835603334805177,0
2007-11-14,train,train,-0.0003731011819746,0.0084727498941476,-0.020985696776598,0.9633939679356833,0.03632720131108367,0.00027883075323290973,0
2007-11-15,train,train,-0.0052704392389388,0.0083154610881738,-0.020985696776598,0.9610797971827306,0.03863038489762997,0.00028981791963985347,0
2007-11-16,train,train,0.0027433268690728,0.008090094564406,-0.020985696776598,0.9691209921221733,0.030658012438348346,0.00022099543947843203,0
2007-11-19,train,train,-0.0146737157594073,0.0086279620020398,-0.020985696776598,0.8722194314112792,0.12647410839124873,0.0013064601974719606,0
2007-11-20,train,train,0.0102884363354445,0.0087364947172097,-0.020985696776598,0.8728820000560316,0.12568422800182397,0.0014337719421443568,0
2007-11-21,train,train,-0.0216010805234605,0.0099871497602702,-0.0230127638719012,0.26396706609243964,0.7185213040580707,0.01751162984948966,1
2007-11-22,train,train,-0.0030898308574689,0.0097124350189685,-0.0230127638719012,0.382935851891878,0.6065628914458503,0.0105012566622716,1
2007-11-23,train,train,0.0048910794160294,0.0094924638439691,-0.0230127638719012,0.5249953696283587,0.46843452052217377,0.006570109849467826,0
2007-11-26,train,train,-0.0040361525430482,0.0092562351569286,-0.0230127638719012,0.6310390125880873,0.36456260884849406,0.004398378563418487,0
2007-11-27,train,train,-0.0009528615355921,0.0089772875987071,-0.0230127638719012,0.7528893355635621,0.24450549107553937,0.002605173360898475,0
2007-11-28,train,train,0.0162492944654394,0.0095707139393872,-0.0200922858095693,0.5666419127283406,0.42637279303516623,0.006985294236493238,0
2007-11-29,train,train,0.0057713648402007,0.0093862223774065,-0.0200922858095693,0.684158908293973,0.31158297277004166,0.004258118935985314,0
2007-11-30,train,train,0.0065762421842399,0.0092417486420583,-0.0172648918401395,0.7695701751708678,0.22761927358111836,0.002810551248013913,0
2007-12-03,train,train,-0.0015812350705145,0.0089685752015635,-0.0172648918401395,0.8489860569824332,0.1494255312948916,0.0015884117226752496,0
2007-12-04,train,train,-0.0017046507763744,0.0087053759673835,-0.0172648918401395,0.9002182053452721,0.0988338315391309,0.0009479631155970066,0
2007-12-05,train,train,0.0059663076888844,0.0085657671072587,-0.0172648918401395,0.9272657663825717,0.07205626828294105,0.0006779653344867446,0
2007-12-06,train,train,-0.0067496332627044,0.0084677905688856,-0.0172648918401395,0.9260655741559976,0.07325806446576401,0.0006763613782381434,0
2007-12-07,train,train,0.0078501040215333,0.0084320054838888,-0.0166059823774023,0.9360360133421679,0.06336551868960882,0.000598467968223448,0
2007-12-10,train,train,0.0008277818484278,0.0081776467800233,-0.0166059823774023,0.9557290970312557,0.0439047384465458,0.0003661645221986248,0
2007-12-11,train,train,0.0036440160657795,0.0079786091289495,-0.0166059823774023,0.9655338280943936,0.0342018804525234,0.0002642914530831279,0
2007-12-12,train,train,-0.0019212320688416,0.0077498502807695,-0.0166059823774023,0.9697540926217517,0.030032470200754304,0.00021343717749430183,0
2007-12-13,train,train,-0.0230118168489699,0.0093930395236747,-0.0197622043772792,0.43178010442282827,0.5576496848576405,0.010570210719531205,1
2007-12-14,train,train,0.004923602683289,0.0091864003726535,-0.0197622043772792,0.5730074432797208,0.420737794055396,0.0062547626648830484,0
2007-12-17,train,train,-0.0166507885750183,0.0097959930741342,-0.0204212286491495,0.22822480523096467,0.7560666529956362,0.01570854177339944,1
2007-12-18,train,train,-0.0023790674320976,0.0095154290077097,-0.0204212286491495,0.3493927548385501,0.6407601875565071,0.009847057604942835,1
2007-12-19,train,train,-0.0068945032268396,0.0093788504803847,-0.0204212286491495,0.3976373215614812,0.5942467848087357,0.008115893629783029,1
2007-12-20,train,train,-0.0024342187830225,0.0091126610503422,-0.0204212286491495,0.5343625257543411,0.4602528031290887,0.005384671116570286,0
2007-12-21,train,train,0.0097997637641593,0.0091553415077385,-0.0204212286491495,0.57733607318542,0.4173723377341514,0.0052915890804288756,0
2007-12-27,train,train,-0.0021672361685722,0.0088922930784214,-0.0204212286491495,0.7007497234345073,0.2959698192995813,0.0032804572659115485,0
2007-12-28,train,train,-0.0048557328185415,0.0087030564799554,-0.0204212286491495,0.7671488653835999,0.23041662442283437,0.0024345101935658417,0
2008-01-02,train,train,-0.011913421229849,0.0089282908158104,-0.0204212286491495,0.6477559710015122,0.3477702724301531,0.0044737565683343715,0
2008-01-03,train,train,-0.0097793184644274,0.0089816267154622,-0.0204212286491495,0.5986078830838572,0.3961282563558153,0.005263860560327613,0
2008-01-04,train,train,-0.0172584599054099,0.009679912584675,-0.0206237857592801,0.22042309104292565,0.7641410573911694,0.01543585156590506,1
2008-01-07,train,train,0.0044210395116491,0.0094472959416939,-0.0206237857592801,0.3482407780883709,0.6418250143466372,0.009934207564992012,1
2008-01-08,train,train,0.0002386027106442,0.0091596797132083,-0.0206237857592801,0.5059867228038086,0.48791837462626236,0.0060949025699291205,0
2008-01-09,train,train,-0.0045774533060409,0.0089511414483174,-0.0206237857592801,0.6039768899990234,0.3915613409220988,0.004461769078877723,0
2008-01-10,train,train,-0.0054587779504537,0.0087808571698246,-0.0206237857592801,0.6749416603788511,0.3215359321917118,0.0035224074294369244,0
2008-01-11,train,train,-0.0045545635780465,0.008586145144466,-0.0206237857592801,0.7506195861256524,0.2467958955664153,0.0025845183079321555,0
2008-01-14,train,train,-0.0018068350939204,0.0083363333857712,-0.0206237857592801,0.834680723400177,0.16371765659098747,0.0016016200088352591,0
2008-01-15,train,train,-0.0343056496720246,0.0116592213730069,-0.0263061823481516,0.0019780076036717206,0.9138650375444246,0.08415695485190389,1
2008-01-16,train,train,-0.0092284588915516,0.0115278386375798,-0.0263061823481516,0.016529974459768764,0.9272834502252918,0.05618657531493947,1
2008-01-17,train,train,-0.0030080473163456,0.011200915174854,-0.0263061823481516,0.053736415842910536,0.9133775246266985,0.032886059530390734,1
2008-01-18,train,train,-0.0087638152372461,0.0110698300872133,-0.0263061823481516,0.06656530598881288,0.9091789391745303,0.024255754836656974,1
2008-01-21,train,train,-0.078392756679664,0.0219980482738903,-0.0452367410668861,5.672645489326638e-23,0.00033173370627916695,0.9996682662937206,2
2008-01-22,train,train,0.0167996414443445,0.0217212558879153,-0.0452367410668861,3.238624016022577e-05,0.0351629989985307,0.9648046147613093,2
2008-01-23,train,train,-0.0466406510902862,0.0239588230085483,-0.0531130191473249,1.1590931650215846e-11,0.001901660785190621,0.9980983392032183,2
2008-01-24,train,train,0.0672222127536183,0.0284730265550962,-0.0531130191473249,3.339657416648131e-20,9.793162721569928e-06,0.9999902068372786,2
2008-01-25,train,train,0.0026211316642816,0.0276130886828487,-0.0531130191473249,0.0002284284153832863,0.05807293306138404,0.9416986385232328,2
2008-01-28,train,train,-0.0087435904646077,0.0268574147874144,-0.0531130191473249,0.001967951319814453,0.13644956559489682,0.861582483085289,2
2008-01-29,train,train,0.0167397913141213,0.0263600971567604,-0.0531130191473249,0.0019920614613839187,0.17806195853024895,0.8199459800083672,2
2008-01-30,train,train,-0.0022294723391827,0.0255628963852238,-0.0531130191473249,0.01419002384226053,0.32211860864288494,0.6636913675148547,2
2008-01-31,train,train,0.0008999742047666,0.0247851279706146,-0.0531130191473249,0.05224150830106776,0.47745250397804306,0.4703059877208893,1
2008-02-01,train,train,0.019885661108569,0.0245187843391969,-0.0531130191473249,0.012258341900419648,0.48114153152924677,0.5066001265703335,2
2008-02-04,train,train,0.0015549584742774,0.0237748945758994,-0.0531130191473249,0.049306950583741245,0.6242602940771901,0.3264327553390685,1
2008-02-05,train,train,-0.0532590015520236,0.0264862634236792,-0.0594308031073246,9.196590183994755e-12,0.014487044708526855,0.9855129552822766,2
2008-02-06,train,train,0.0172214421565226,0.0260235567387827,-0.0594308031073246,0.00012880357321753367,0.0488436734789688,0.9510275229478137,2
2008-02-07,train,train,-0.0114013746851448,0.0253848666669555,-0.0594308031073246,0.0009713106335381456,0.11245974551130732,0.8865689438551545,2
2008-02-08,train,train,0.0035083155038324,0.0246265398506901,-0.0594308031073246,0.009146660891229693,0.2317176145684566,0.759135724540314,2
2008-02-11,train,train,-0.0090085192444887,0.0239780666913592,-0.0594308031073246,0.017117784335739294,0.35507742256293495,0.6278047931013258,2
2008-02-12,train,train,0.033439352013583,0.0246483718956294,-0.0594308031073246,1.7779566010163937e-05,0.11712601798874733,0.8828562024452425,2
2008-02-13,train,train,0.0009049305854331,0.0238985111846074,-0.0594308031073246,0.00677650922570388,0.24274761834817796,0.7504758724261181,2
2008-02-14,train,train,0.0034988916129641,0.0231863115044526,-0.0594308031073246,0.030164825613132995,0.3935685171302963,0.5762666572565709,2
2008-02-15,train,train,-0.0181381514432676,0.0229148050608631,-0.0594308031073246,0.005925584638649996,0.42155698537910147,0.5725174299822483,2
2008-02-18,train,train,0.0180630351248063,0.0226530216040579,-0.0594308031073246,0.004229743777309627,0.44195756999162117,0.5538126862310693,2
2008-02-19,train,train,-0.0031976705433009,0.0219768817246781,-0.0594308031073246,0.02583372860419688,0.5984809541607623,0.37568531723504084,1
2008-02-20,train,train,-0.014368313868217,0.021596093098637,-0.0594308031073246,0.014809887085857428,0.6682884916311675,0.31690162128297483,1
2008-02-21,train,train,0.0070543311304603,0.0210093688186815,-0.0594308031073246,0.04559234467286905,0.7540934784202654,0.2003141769068656,1
2008-02-22,train,train,-0.0118746865906307,0.0205759678840964,-0.0594308031073246,0.03755687449431554,0.8142145500807013,0.14822857542498338,1
2008-02-25,train,train,0.0106289092129649,0.0201183162756919,-0.0594308031073246,0.0582012680734319,0.8409253592902167,0.10087337263635146,1
2008-02-26,train,train,0.0210588153199192,0.0201759825768995,-0.0594308031073246,0.011463469779331499,0.856177097355389,0.1323594328652792,1
2008-02-27,train,train,0.0013164465490347,0.019563998529384,-0.0594308031073246,0.05117751991622484,0.8761859922080865,0.07263648787568851,1
2008-02-28,train,train,-0.0136346989022852,0.019259785486854,-0.0594308031073246,0.029675854274921084,0.9093232000145677,0.061000945710511324,1
2008-02-29,train,train,-0.0076921490305649,0.0187678748445891,-0.0594308031073246,0.05013814058178251,0.9103523079004682,0.039509551517749084,1
2008-03-03,train,train,-0.0236557647768284,0.0190964617414281,-0.0594308031073246,0.0021055618184435926,0.9241272927148033,0.07376714546675303,1
2008-03-04,train,train,-0.0182332962622061,0.0190457750048256,-0.0594308031073246,0.0027833590734827945,0.9178363016342482,0.07938033929226887,1
2008-03-05,train,train,0.0248662306932424,0.0194441975544312,-0.0594308031073246,0.0009486461107600765,0.8601256569161816,0.1389256969730583,1
2008-03-06,train,train,-0.0112461052121476,0.0190520524450822,-0.0594308031073246,0.011038648282862707,0.8906129355554737,0.09834841616166368,1
2008-03-07,train,train,-0.0087862397349982,0.0185966056243823,-0.0594308031073246,0.026078554628932174,0.9098809471161581,0.06404049825490989,1
2008-03-10,train,train,-0.0028643128305431,0.0180437239389033,-0.0594308031073246,0.0691860500399257,0.8941920044561501,0.0366219455039243,1
2008-03-11,train,train,0.0312029896117369,0.0190908095378629,-0.0594308031073246,0.0004832564761959932,0.8545459072929933,0.14497083623081072,1
2008-03-12,train,train,0.0057432568504396,0.0185626121070637,-0.0594308031073246,0.027012725357951524,0.8876562001467084,0.08533107449534018,1
2008-03-13,train,train,-0.0044343349579862,0.0180298678235379,-0.0594308031073246,0.06414048758798405,0.8867601833468539,0.04909932906516233,1
2008-03-14,train,train,-0.0039701643898636,0.0175076354207855,-0.0594308031073246,0.11932368276366646,0.8519355504122968,0.02874076682403677,1
2008-03-17,train,train,-0.0284627300068504,0.0183503100821781,-0.0594308031073246,0.000798213504909181,0.9031638686262113,0.09603791786887916,1
2008-03-18,train,train,0.0291613062457782,0.0191716654003497,-0.0594308031073246,0.00018129783085992412,0.7653034297557892,0.23451527241335066,1
2008-03-19,train,train,-0.005062398819389,0.018628936144557,-0.0594308031073246,0.021378141738123115,0.8388018416214581,0.1398200166404188,1
2008-03-20,train,train,-3.856704157525053e-05,0.0180614261732097,-0.0594308031073246,0.06840958344843595,0.8557069058312603,0.0758835107203038,1
2008-03-25,train,train,0.0356119428752733,0.0195636100197992,-0.0594308031073246,5.848575079967414e-05,0.6303175544959325,0.36962395975326784,1
2008-03-26,train,train,-0.0023251487436162,0.0189761725800325,-0.0594308031073246,0.02265610850085491,0.7520602759858427,0.22528361551330237,1
2008-03-27,train,train,0.0100146359660571,0.018560899607829,-0.0594308031073246,0.04461740775617103,0.8040390387074687,0.15134355353636036,1
2008-03-28,train,train,-0.0070792758317955,0.0180788147668742,-0.0594308031073246,0.07159171601981136,0.8366045433148024,0.09180374066538621,1
2008-03-31,train,train,-0.0129834453776473,0.0178142393046943,-0.0594308031073246,0.04420170720572059,0.8820654309322625,0.0737328618620168,1
2008-04-01,train,train,0.0318996535260511,0.0189568343451523,-0.0594308031073246,0.00022872026936266858,0.7454659220156307,0.25430535771500673,1
2008-04-02,train,train,0.0101389305922177,0.0185463675446002,-0.0594308031073246,0.016677793807068596,0.8096873717254632,0.17363483446746822,1
2008-04-03,train,train,-0.0072377826346456,0.0180685587140043,-0.0594308031073246,0.03763243830199821,0.8555714129761071,0.10679614872189473,1
2008-04-04,train,train,0.0077940531883624,0.017621841023784,-0.0594308031073246,0.0765617676821203,0.858130413604913,0.06530781871296691,1
2008-04-07,train,train,0.0052725967309717,0.017133754427466,-0.0594308031073246,0.14885121666447265,0.8141051301320636,0.03704365320346397,1
2008-04-08,train,train,-0.0115756469409565,0.0168520427384923,-0.0594308031073246,0.10776592059596364,0.8612238119109601,0.031010267493076216,1
2008-04-09,train,train,-0.0117260063861805,0.0165892078574746,-0.0594308031073246,0.07787568033211642,0.8952492856895021,0.02687503397838149,1
2008-04-10,train,train,-0.0067215390133935,0.0161678833958159,-0.0594308031073246,0.11116614041572348,0.8699038053422694,0.018930054242006958,1
2008-04-11,train,train,-0.0171436367983805,0.0162280831662629,-0.0594308031073246,0.027393951148161948,0.9461246272361034,0.02648142161573474,1
2008-04-14,train,train,-0.008926411179957,0.0158849139515862,-0.0594308031073246,0.041004145613445,0.9382552138727379,0.020740640513817108,1
2008-04-15,train,train,0.0187140068355877,0.0160687119858713,-0.0594308031073246,0.01589114544155462,0.9540767711645498,0.030032083393895733,1
2008-04-16,train,train,0.0169119775862146,0.0161205519057006,-0.0427874608830534,0.013029798076928608,0.9526292755434909,0.034340926379580757,1
2008-04-17,train,train,-0.0050649762077281,0.0156786192363619,-0.0427874608830534,0.04200705441198725,0.9353846023115959,0.022608343276416594,1
2008-04-18,train,train,0.0259129741917045,0.016472974503012,-0.0351258321119008,0.002260016523091019,0.9388147540671061,0.058925229409803,1
2008-04-21,train,train,-0.0141755180383429,0.0163442367315697,-0.0351258321119008,0.007298995900086906,0.9417542535292673,0.05094675057064586,1
2008-04-22,train,train,-0.009918728849241,0.016031497147691,-0.0351258321119008,0.019543865389574998,0.943708333738787,0.036747800871637794,1
2008-04-23,train,train,0.0051070449123553,0.0155933729902432,-0.0351258321119008,0.06077285144146693,0.915702053850784,0.023525094707748915,1
2008-04-24,train,train,0.0004536920977724,0.0151187444760222,-0.0351258321119008,0.1339579971877653,0.8509532207382082,0.015088782074026634,1
2008-04-25,train,train,0.0075504850074174,0.014774384518152,-0.0351258321119008,0.20303258343079814,0.7849682847901288,0.011999131779073191,1
2008-04-28,train,train,0.007594816027791,0.0144445964099575,-0.0351258321119008,0.28592874987707645,0.7042755472066315,0.009795702916291615,1
2008-04-29,train,train,-0.0123691827860964,0.0143285513743545,-0.0351258321119008,0.18425461570881263,0.803029798308493,0.012715585982694393,1
2008-04-30,train,train,0.0066241321229088,0.0139864823669559,-0.0351258321119008,0.27791319573173734,0.7122250855383258,0.009861718729936837,1
2008-05-02,train,train,0.0187884533540121,0.0143200819280915,-0.0234505970152949,0.09558454356413919,0.8838650494575854,0.02055040697827496,1
2008-05-05,train,train,0.0009952381982133,0.0138859746357931,-0.0234505970152949,0.1888682914608472,0.7979549587846523,0.01317674975450028,1
2008-05-06,train,train,-0.0048576130207394,0.0135154303796176,-0.0234505970152949,0.26697699503940586,0.7231266459760617,0.009896358984532186,1
2008-05-07,train,train,0.0014982574693831,0.0131088341728846,-0.0234505970152949,0.4175732214295105,0.5757104401100808,0.006716338460408545,1
2008-05-08,train,train,0.0033593555513562,0.0127360966372386,-0.0234505970152949,0.5720704794753714,0.4233615659655566,0.004567954559072253,0
2008-05-09,train,train,-0.0092008990647575,0.0125520938777515,-0.0234505970152949,0.5437393977949325,0.45090670111022807,0.005353901094839636,0
2008-05-12,train,train,0.0077717391593294,0.0123177007938403,-0.0234505970152949,0.6324376308979198,0.3632327137496989,0.004329655352381442,0
2008-05-13,train,train,-0.0026718674473709,0.0119603737489745,-0.0234505970152949,0.7401605349369161,0.25708493361226104,0.002754531450822907,0
2008-05-14,train,train,0.0121120755235723,0.0119695300748013,-0.0234505970152949,0.7095769057542074,0.28666787576612873,0.0037552184796639902,0
2008-05-15,train,train,-5.637673732107761e-05,0.0116048981856399,-0.0234505970152949,0.8141925526324569,0.18377735176423748,0.0020300956033051185,0
2008-05-16,train,train,-0.0043516874219193,0.0113017464663745,-0.0234505970152949,0.8604108130237198,0.13817616745743058,0.0014130195188498452,0
2008-05-19,train,train,0.0086563491866311,0.0111607189586178,-0.0234505970152949,0.8815421476772319,0.11719731605562196,0.0012605362671462253,0
2008-05-20,train,train,-0.0180956061204339,0.0116933744686813,-0.0234505970152949,0.5054166931953455,0.4858815587958973,0.008701748008757408,0
2008-05-21,train,train,-0.0096878291870281,0.0115828385181846,-0.0234505970152949,0.4625140545023062,0.5288235431464774,0.008662402351216418,1
2008-05-22,train,train,-0.0003753410757807,0.0112303549412043,-0.0234505970152949,0.6155294600453359,0.37957708483761593,0.004893455117047906,0
2008-05-23,train,train,-0.020008299231127,0.0119404163271824,-0.0240422646716019,0.12814419015797707,0.8512322458254498,0.02062356401657319,1
2008-05-26,train,train,0.0004492120940844,0.0115771860584853,-0.0240422646716019,0.23623439832124876,0.7510193538187888,0.012746247859962182,1
2008-05-27,train,train,-0.0097873499071575,0.011477669445629,-0.0240422646716019,0.21266396500571266,0.7749131171369318,0.012422917857355532,1
2008-05-28,train,train,0.0035472236066526,0.0111618837956626,-0.0240422646716019,0.3447693812447058,0.6467425031362458,0.008488115619048395,1
2008-05-29,train,train,0.0029809032972895,0.010846452781618,-0.0222347751667278,0.5005627297662705,0.4937557738911211,0.005681496342608671,0
2008-05-30,train,train,0.0045246611217053,0.0105742687294779,-0.0221888784528037,0.639934132609414,0.3561958556015193,0.0038700117890665712,0
2008-06-02,train,train,-0.0223719832580195,0.0116248263517029,-0.0236143374986656,0.07463945974689694,0.9012352629750684,0.02412527727803463,1
2008-06-03,train,train,0.0098535741955636,0.0115262295617631,-0.0236143374986656,0.10475665651725374,0.8759273723377694,0.019315971144977073,1
2008-06-04,train,train,-0.0067606001446723,0.0112971267450977,-0.0236143374986656,0.14088765612479603,0.8444408916171179,0.014671452258086092,1
2008-06-05,train,train,-0.0076673497235725,0.0111128242782889,-0.0236143374986656,0.16619004462809372,0.821353472810735,0.012456482561171241,1
2008-06-06,train,train,-0.0252029172373837,0.0124175840593162,-0.0253458768340845,0.0039018580246729653,0.9550440278879138,0.04105411408741337,1
2008-06-09,train,train,-0.0066760564712991,0.0121498474903371,-0.0253458768340845,0.025334730399903724,0.947273917761984,0.027391351838112137,1
2008-06-10,train,train,-0.0053716062819591,0.0118529707516322,-0.0253458768340845,0.0572275131802649,0.9238311480628627,0.0189413387568725,1
2008-06-11,train,train,-0.0134890706773128,0.0119574513323265,-0.0253458768340845,0.033309533502493646,0.9462582491626899,0.020432217334816257,1
2008-06-12,train,train,0.021150603879433,0.012698137126797,-0.0225277332421767,0.007642324133785527,0.9565556636707016,0.035802012195512864,1
2008-06-13,train,train,0.0112488060206659,0.0126158734741166,-0.0225277332421767,0.02455198498105461,0.9467925948683588,0.028655420150587183,1
2008-06-16,train,train,-0.0133282714346701,0.0126597478991565,-0.0225277332421767,0.01898113935489889,0.9539134614946873,0.027105399150413986,1
2008-06-17,train,train,0.0045504700578081,0.0123245880467789,-0.0225277332421767,0.06129580451747571,0.920396151085293,0.018308044397231393,1
2008-06-18,train,train,-0.019877900345594,0.0129030848102459,-0.0225277332421767,0.00793976847346151,0.9612035156391296,0.030856715887408827,1
2008-06-19,train,train,-0.0036880692822848,0.0125425807976282,-0.0225277332421767,0.03880767900291342,0.9409094658766942,0.02028285512039229,1
2008-06-20,train,train,-0.0138016132350985,0.0126216648963045,-0.0225277332421767,0.02340399350230642,0.9548851795861819,0.021710826911511688,1
2008-06-23,train,train,-0.0007333700530679,0.0122384765868719,-0.0225277332421767,0.07059093880382547,0.9145369904496609,0.014872070746513488,1
2008-06-24,train,train,-0.0160758458426325,0.0125019782350927,-0.0225277332421767,0.023226948427361994,0.9561970370628317,0.02057601450980583,1
2008-06-25,train,train,0.019512478724892,0.0130294167852076,-0.0225277332421767,0.00909952949337486,0.9594360828482676,0.03146438765835748,1
2008-06-26,train,train,-0.0300465273534714,0.014620102189009,-0.0258738092829582,7.20855323235929e-05,0.8888762989525654,0.11105161551511104,1
2008-06-27,train,train,0.0010013135903954,0.0141768368288,-0.0258738092829582,0.030330239082202972,0.9080240750962912,0.06164568582150576,1
2008-06-30,train,train,-0.0036127547509336,0.0137734113470708,-0.0258738092829582,0.07265305188237221,0.8916315483884345,0.03571539972919327,1
2008-07-01,train,train,-0.0231188793465259,0.0145049441040576,-0.0261227746457936,0.0034346748119152655,0.9303622330884467,0.06620309209963815,1
2008-07-02,train,train,0.0072795996448226,0.0141756606023655,-0.0261227746457936,0.029978011103664673,0.9281685944007395,0.04185339449559571,1
2008-07-03,train,train,0.0103369079067968,0.0139751025830606,-0.0261227746457936,0.05169169366945115,0.9172349217594544,0.031073384571094563,1
2008-07-04,train,train,-0.0180413745588728,0.0142518333709406,-0.0261227746457936,0.011214549103676603,0.9494876969826757,0.039297753913647815,1
2008-07-07,train,train,0.0182166989655103,0.0145202877533151,-0.0261227746457936,0.008446343866210888,0.9452619018180244,0.04629175431576488,1
2008-07-08,train,train,-0.0157719524849602,0.0145984143030673,-0.0261227746457936,0.006920455480974943,0.9475392472144469,0.04554029730457854,1
2008-07-09,train,train,0.0172396890986317,0.0147702163480163,-0.0261227746457936,0.008773151524936665,0.9424230461918184,0.04880380228324524,1
2008-07-10,train,train,-0.0219307643046472,0.0152946800845371,-0.0261227746457936,0.0013482049926080342,0.9252304593846761,0.07342133562271581,1
2008-07-11,train,train,-0.030794316743324,0.0166369769241988,-0.0286812537780597,3.252939308156811e-05,0.7769743586399184,0.2229931119669999,1
2008-07-14,train,train,0.0052132561584619,0.0161806162890098,-0.0286812537780597,0.02551952982156809,0.8423997435991775,0.1320807265792545,1
2008-07-15,train,train,-0.0257952657555629,0.0169123430371621,-0.0288787032841194,0.0005525458045744809,0.7639990789290872,0.2354483752663382,1
2008-07-16,train,train,0.0121307169347542,0.0166641820617549,-0.0288787032841194,0.013359500471532596,0.8140395703656381,0.17260092916282924,1
2008-07-17,train,train,0.0309141818483279,0.0178430508692086,-0.0288787032841194,0.0001314787353190633,0.5821462710094507,0.4177222502552302,1
2008-07-18,train,train,0.0215155642751672,0.0180844454387362,-0.0288787032841194,0.0012793965011064733,0.5292659106922373,0.469454692806656,1
2008-07-21,train,train,-0.009349795738765,0.0176824618658836,-0.0288787032841194,0.011259254696592154,0.6485360029450726,0.3402047423583353,1
2008-07-22,train,train,-0.0149182008681891,0.0175289033658338,-0.0288787032841194,0.008026324389810742,0.7027003648044758,0.28927331080571306,1
2008-07-23,train,train,0.0275915659444936,0.0182894608092304,-0.0288787032841194,0.0003305438200376907,0.5184811266237331,0.4811883295562292,1
2008-07-24,train,train,-0.0220086002460275,0.018533667288969,-0.0288787032841194,0.00043008780081503804,0.4560227628176294,0.5435471493815556,2
2008-07-25,train,train,-0.00732427985881,0.0180583974459119,-0.0288787032841194,0.0123475224614752,0.5979004709596222,0.3897520065789026,1
2008-07-28,train,train,-0.0091270986764249,0.0176504280693301,-0.0288787032841194,0.024155731303235718,0.7038027770089986,0.2720414916877657,1
2008-07-29,train,train,0.0171962941487721,0.0176235100452727,-0.0288787032841194,0.014100063627002692,0.7291930084044103,0.2567069279685871,1
2008-07-30,train,train,0.0114121254169832,0.0173137811101115,-0.0288787032841194,0.028569732843999055,0.7877977610897232,0.18363250606627768,1
2008-07-31,train,train,0.0053503601371046,0.0168374159705379,-0.0288787032841194,0.07504111618165456,0.8194423708549193,0.1055165129634263,1
2008-08-01,train,train,-0.0265934206399598,0.0175761560999856,-0.0291447549122517,0.0009659323620372057,0.7817295595973054,0.2173045080406572,1
2008-08-04,train,train,-0.0105922689261007,0.0172371040814914,-0.0291447549122517,0.011577830299395462,0.8377131935790277,0.15070897612157652,1
2008-08-05,train,train,0.0261923752142009,0.0179012045083812,-0.0291447549122517,0.0008092143598517256,0.7331649301832195,0.2660258554569288,1
2008-08-06,train,train,0.0019553026445627,0.0173624689484458,-0.0291447549122517,0.028683805991362554,0.8177684204631313,0.15354777354550628,1
2008-08-07,train,train,-0.0048442703843323,0.016875308164297,-0.0291447549122517,0.06485462360560208,0.847104772284166,0.08804060411023175,1
2008-08-08,train,train,0.0070076461327027,0.0164510148732794,-0.0291447549122517,0.11997944627415488,0.8280030145903139,0.05201753913553102,1
2008-08-11,train,train,0.0207826359658888,0.0167425450395287,-0.0291447549122517,0.024183064452060574,0.8998509121491514,0.07596602339878812,1
2008-08-12,train,train,-0.0042921452852444,0.0162665114946502,-0.0291447549122517,0.06064958454240966,0.8953660915636716,0.04398432389391872,1
2008-08-13,train,train,-0.0253859540160395,0.016952587770353,-0.0291447549122517,0.0013478883850385004,0.9042332713270301,0.09441884028793146,1
2008-08-14,train,train,-0.0076045267212824,0.0165413587042937,-0.0291447549122517,0.01953075806487224,0.9211605159669951,0.05930872596813259,1
2008-08-15,train,train,0.0068089583391318,0.0161239346853337,-0.0291447549122517,0.05518034528625423,0.9078110811351277,0.03700857357861835,1
2008-08-18,train,train,-0.0007361552615145,0.0156337746250493,-0.0291447549122517,0.12265373773366726,0.8556414091789123,0.02170485308742028,1
2008-08-19,train,train,-0.0297422106148303,0.0168174302442627,-0.0301943515705419,0.000493581014308261,0.9093415148934275,0.09016490409226399,1
2008-08-20,train,train,0.0039269466161894,0.0163334520846938,-0.0301943515705419,0.030282956633420816,0.9179033322153289,0.05181371115125023,1
2008-08-21,train,train,-0.0143825115479173,0.016223013156882,-0.0301943515705419,0.01752315193726503,0.9357648243863324,0.046712023676402245,1
2008-08-22,train,train,0.0246460546308624,0.0168475715480633,-0.0301943515705419,0.0018849803773905004,0.9091283075223778,0.08898671210023179,1
2008-08-25,train,train,-0.0149141733657424,0.0167378666822893,-0.0301943515705419,0.0059889671256825655,0.9171536663801148,0.07685736649420245,1
2008-08-26,train,train,0.0081594400782676,0.0163505779088415,-0.0301943515705419,0.031295371581538736,0.9194717800908421,0.04923284832761929,1
2008-08-27,train,train,0.0052140365598717,0.0159038386784691,-0.0301943515705419,0.07918581838825307,0.8909603531469947,0.029853828464752027,1
2008-08-28,train,train,0.0158156101008094,0.0158985587711519,-0.0301943515705419,0.04819594966745653,0.9194022344180987,0.03240181591444487,1
2008-08-29,train,train,0.0038254588830261,0.0154426801067603,-0.0301943515705419,0.1106996327965991,0.8691408536867057,0.0201595135166955,1
2008-09-01,train,train,-0.00115379321861,0.0149749010372164,-0.0301943515705419,0.20453356976628587,0.7825573263978137,0.012909103835900469,1
2008-09-02,train,train,0.0178073579028511,0.0151597797193354,-0.0301943515705419,0.08238042197205249,0.8959504469079685,0.021669131119978667,1
2008-09-03,train,train,-0.0046142325225391,0.0147413450667424,-0.0301943515705419,0.13781610768303443,0.8471967858785772,0.014987106438388433,1
2008-09-04,train,train,-0.0316368465235258,0.0162579895002842,-0.0308258968734404,0.00025096500831334987,0.9113681088064857,0.08838092618520099,1
2008-09-05,train,train,-0.0300997771337041,0.0174018011782054,-0.0308436468001846,3.977999102006496e-05,0.7595426835252486,0.24041753648373154,1
2008-09-08,train,train,0.0365337401875176,0.0190980672717525,-0.0308436468001846,3.4560368928344897e-06,0.3118533327767277,0.6881432111863796,2
2008-09-09,train,train,-0.0178312984558226,0.0190244399492505,-0.0308436468001846,0.0009497479425007435,0.33780204223884625,0.661248209818653,2
2008-09-10,train,train,-0.0150197555032067,0.0188082200056849,-0.0308436468001846,0.0025509947251510373,0.4053434833799571,0.5921055218948915,2
2008-09-11,train,train,-0.0039700062088698,0.0182611568185923,-0.0308436468001846,0.020287808917664484,0.5648667894489836,0.41484540163335165,1
2008-09-12,train,train,0.0244374567453105,0.0186893824130912,-0.0308436468001846,0.001459048434715304,0.45848279168375305,0.5400581598815317,2
2008-09-15,train,train,-0.0459943501766491,0.0213369222001236,-0.0361418378144996,4.499813605182058e-10,0.026757678648219808,0.9732423209017989,2
2008-09-16,train,train,0.0011462381588418,0.0206888188582792,-0.0361418378144996,0.0018362098967955422,0.10408789027775538,0.8940758998254491,2
2008-09-17,train,train,-0.023187523195228,0.0208471884464405,-0.0361418378144996,9.524383942398831e-05,0.0924197078921379,0.907485048268438,2
2008-09-18,train,train,-0.0027991199714719,0.020223725040432,-0.0361418378144996,0.005083516781518668,0.20476692031404609,0.7901495629044353,2
2008-09-19,train,train,0.0835385544354802,0.0283404395849909,-0.0361418378144996,4.653078437341404e-27,6.94851377892814e-07,0.9999993051486218,2
2008-09-22,train,train,-0.0200475657757769,0.0279124341204835,-0.0361418378144996,5.425378861198902e-06,0.027625560287910064,0.9723690143332286,2
2008-09-23,train,train,-0.0135083287840942,0.0272636431279986,-0.0361418378144996,0.00032271057839323156,0.07646577932089835,0.9232115101007087,2
2008-09-24,train,train,-0.005706734837116,0.0264700183559491,-0.0361418378144996,0.0038727357752622645,0.1740471279714281,0.8220801362533098,2
2008-09-25,train,train,0.0288869658734953,0.0266212240008046,-0.0361418378144996,4.2585657711398825e-05,0.0861780272355547,0.913779387106734,2
2008-09-26,train,train,-0.0044421487460377,0.0258331599768954,-0.0361418378144996,0.004093574542816495,0.19202462738750395,0.8038817980696796,2
2008-09-29,train,train,-0.0396046719422731,0.0268593154698265,-0.039078622880816,2.756379655024921e-08,0.02415653114859309,0.9758434412876105,2
2008-09-30,train,train,0.0038115638270287,0.0260578038020408,-0.039078622880816,0.0015878580088425616,0.09751243595831385,0.9008997060328434,2
2008-10-01,train,train,0.0175917230325991,0.0256288258373624,-0.039078622880816,0.0012161772952360734,0.13109023143071882,0.867693591274045,2
2008-10-02,train,train,-0.0162456606297365,0.0251646935274709,-0.039078622880816,0.000986927840315796,0.17654149999355842,0.8224715721661258,2
2008-10-03,train,train,0.0371304730537478,0.0260381722488993,-0.039078622880816,3.143438815869439e-07,0.03193541245497472,0.9680642732011436,2
2008-10-06,train,train,-0.0625641217428867,0.0295324125155239,-0.0493877146206029,3.08361162330697e-18,6.040197803855775e-05,0.9999395980219614,2
2008-10-07,train,train,0.012599771591543,0.0287985909429158,-0.0493877146206029,7.859388978591454e-05,0.043945126854098425,0.9559762792561156,2
2008-10-08,train,train,-0.0533596933747948,0.0308290889015987,-0.0539727217647768,4.4976502214147936e-14,0.0005835452328365815,0.9994164547671185,2
2008-10-09,train,train,-0.039083080422563,0.0313856016299115,-0.0539727217647768,3.2945148939682083e-10,0.003191187765465877,0.9968088119050826,2
2008-10-10,train,train,-0.0958586628301049,0.0384354735194684,-0.0705941593159287,1.3229525990051777e-38,1.0859992509876027e-09,0.9999999989140007,2
2008-10-13,train,train,0.1011762561626287,0.0447531739192983,-0.0705941593159287,4.2309605539103257e-41,1.3071301808545192e-10,0.9999999998692867,2
2008-10-14,train,train,0.0266414601673624,0.0438778056116171,-0.0705941593159287,9.844678824073464e-07,0.015423803965844978,0.9845752115662725,2
2008-10-15,train,train,-0.0519601056972647,0.0444042483419961,-0.0705941593159287,5.755483362608865e-14,0.00047466542827536687,0.9995253345716671,2
2008-10-16,train,train,-0.0419309407054944,0.0442597476481222,-0.0705941593159287,4.330384477716216e-11,0.0020280459603406907,0.9979719539963555,2
2008-10-17,train,train,0.0366009351705934,0.0438379681724034,-0.0705941593159287,9.009127951435177e-09,0.004853224833630218,0.9951467661572417,2
2008-10-20,train,train,0.0295028819129096,0.0431124878514984,-0.0705941593159287,6.160325384813088e-07,0.013041730851762348,0.9869576531156992,2
2008-10-21,train,train,-0.0151274666308778,0.0419630292879454,-0.0705941593159287,0.00011348489382938585,0.05347693150751613,0.9464095835986546,2
2008-10-22,train,train,-0.0851698344724807,0.045721724810465,-0.0811975396818241,1.992949045535788e-30,1.2050881386217146e-07,0.9999998794911863,2
2008-10-23,train,train,-0.0206785557180831,0.0446173028371327,-0.0811975396818241,4.3190689811813285e-06,0.026305938231928755,0.9736897426990901,2
2008-10-24,train,train,-0.0533789940218145,0.0451909339345807,-0.0811975396818241,2.5216143940685342e-14,0.00043940840941451956,0.9995605915905602,2
2008-10-27,train,train,-0.0419664420824869,0.0450039799901145,-0.0811975396818241,4.184659388561165e-11,0.0020140836503637796,0.9979859163077899,2
2008-10-28,train,train,-0.0131321584354978,0.0437513878312915,-0.0811975396818241,6.499731899912406e-05,0.04521270049876791,0.9547223021822332,2
2008-10-29,train,train,0.0900247506821386,0.0478079516927583,-0.0811975396818241,3.393863520446979e-32,2.098241431868378e-08,0.9999999790175857,2
2008-10-30,train,train,0.0197798419243304,0.0466040637621525,-0.0811975396818241,1.2611987130135455e-05,0.028334021800322722,0.9716533662125472,2
2008-10-31,train,train,0.0326804849760211,0.045887942637408,-0.0811975396818241,4.789207998393611e-07,0.014737740815065507,0.9852617802641347,2
2008-11-03,train,train,0.0126228195241463,0.044597322981192,-0.0811975396818241,0.0003767620583685953,0.06319453203595839,0.9364287059056728,2
2008-11-04,train,train,0.0522309715086032,0.0450917997772032,-0.0811975396818241,1.5726920161928133e-12,0.0009534104454189131,0.9990465895530084,2
2008-11-05,train,train,0.0018386270829781,0.0437204416227873,-0.0811975396818241,0.0002893977150763301,0.06007627296622738,0.9396343293186963,2
2008-11-06,train,train,-0.0647307182462694,0.0452569591094092,-0.0819197385162849,6.65039195443073e-19,5.208979893048432e-05,0.9999479102010695,2
2008-11-07,train,train,0.022688022084589,0.0442287868670116,-0.0819197385162849,4.7836964569542075e-06,0.022440548079248848,0.9775546682242942,2
2008-11-10,train,train,-0.0053334298132985,0.0429012957948625,-0.0819197385162849,0.0011306787569038328,0.0923352059194666,0.9065341153236295,2
2008-11-11,train,train,-0.0419599194768048,0.0428453964922206,-0.0819197385162849,1.7544237510420348e-09,0.008330307047645893,0.9916696911979304,2
2008-11-12,train,train,-0.0301982486502903,0.0421936058406216,-0.0819197385162849,1.9713188220901334e-07,0.013081734563927432,0.9869180683041903,2
2008-11-13,train,train,0.0107895157000183,0.0409935015623961,-0.0819197385162849,0.000473671998167837,0.06599101668859107,0.9335353113132411,2
2008-11-14,train,train,0.0104253742424285,0.0398266298575599,-0.0819197385162849,0.0027925041466536427,0.1401220845359071,0.857085411317439,2
2008-11-17,train,train,-0.0384792412789621,0.0397470746046384,-0.0819197385162849,3.938025993200787e-08,0.020776847579655172,0.979223113040085,2
2008-11-18,train,train,0.0037581706473899,0.0385472122733406,-0.0819197385162849,0.001403033277742554,0.09204554529636437,0.9065514214258928,2
2008-11-19,train,train,-0.038147550112545,0.0385233494698809,-0.0819197385162849,2.712519546870925e-08,0.014997969362593875,0.9850020035122105,2
2008-11-20,train,train,-0.0275451023762424,0.0379543081482316,-0.0819197385162849,1.1736652266227938e-06,0.020504592032394825,0.9794942343023787,2
2008-11-21,train,train,-0.0017540805273678,0.0368005753283838,-0.0819197385162849,0.0013736397279914497,0.09334951218895399,0.9052768480830548,2
2008-11-24,train,train,0.0781502411622335,0.0404904064619381,-0.0819197385162849,2.048032817568693e-24,1.7671882191213543e-06,0.9999982328117808,2
2008-11-25,train,train,0.0085454904115344,0.0393126717345464,-0.0819197385162849,0.00014678987641248532,0.05142420694005168,0.948429003183536,2
2008-11-26,train,train,-0.0048989527765329,0.0381339346733603,-0.0819197385162849,0.0027711373104710646,0.13869230331169216,0.8585365593778367,2
2008-11-27,train,train,0.0223052082292278,0.0373737407025406,-0.0819197385162849,0.00044819330767048436,0.1262226756631729,0.8733291310291564,2
2008-11-28,train,train,0.0069032045017543,0.0362746186526926,-0.0819197385162849,0.006619051541097508,0.23894516969838017,0.7544357787605224,2
2008-12-01,train,train,-0.0459408865499712,0.0369260204234659,-0.0819197385162849,3.8943052359766807e-10,0.010919984459217037,0.9890800151513525,2
2008-12-02,train,train,0.037386514076695,0.0369538118648642,-0.0819197385162849,1.4297242869107302e-08,0.005487829366826022,0.9945121563359313,2
2008-12-03,train,train,0.0051031732878953,0.0358498493904721,-0.0819197385162849,0.0004979157914915174,0.06517654255000159,0.9343255416585068,2
2008-12-04,train,train,-0.0049447859513889,0.0347788161633869,-0.0819197385162849,0.004173223149472981,0.15941446367790274,0.8364123131726242,2
2008-12-05,train,train,-0.0398152429331613,0.0351013860793653,-0.0819197385162849,2.1519490510621983e-08,0.019312284987366566,0.980687693493143,2
2008-12-08,train,train,0.0622416376613176,0.03729104656532,-0.0819197385162849,2.9388636670271515e-17,5.2767891995133726e-05,0.999947232108005,2
2008-12-09,train,train,0.0029392533461865,0.0361621788242169,-0.0819197385162849,0.0002290117258600295,0.05796047035258365,0.9418105179215563,2
2008-12-10,train,train,0.0098050103330246,0.0351426988197208,-0.0819197385162849,0.0023756080662022446,0.13205249564428517,0.8655718962895127,2
2008-12-11,train,train,0.0032940605458382,0.0340816633045743,-0.0819197385162849,0.014286019981592634,0.25864079792329864,0.7270731820951088,2
2008-12-12,train,train,-0.0228116189998075,0.0335125108709199,-0.0819197385162849,0.0005953419906733923,0.21567432662302538,0.7837303313863012,2
2008-12-15,train,train,0.0053780185450258,0.0325182789641357,-0.0819197385162849,0.011393077387952661,0.3594652017503842,0.6291417208616631,2
2008-12-16,train,train,0.0158097105615861,0.0317645868171531,-0.0819197385162849,0.00966122869765806,0.4173894196997105,0.5729493516026314,2
2008-12-17,train,train,0.0031800583779668,0.0308067590538477,-0.0819197385162849,0.0413428500781313,0.5693350393285957,0.3893221105932729,1
2008-12-18,train,train,0.0065999121014233,0.0299119800344696,-0.0819197385162849,0.09271314026484224,0.6605970984518166,0.24668976128334105,1
2008-12-19,train,train,0.0011443899081655,0.0290020953433243,-0.0819197385162849,0.19794834713901793,0.6730720835837427,0.12897956927723922,1
2008-12-22,train,train,-0.018457149316263,0.0284797160080301,-0.0819197385162849,0.0357003281745798,0.8060447475890145,0.15825492423640597,1
2008-12-23,train,train,-0.0033467031892833,0.0276242754800627,-0.0819197385162849,0.08303301556121997,0.8292228671089414,0.08774411732983836,1
2008-12-29,train,train,-0.0056175412305043,0.026818052990832,-0.0819197385162849,0.130986731467488,0.8184430993966273,0.05057016913588504,1
2008-12-30,train,train,0.0195574152139495,0.0264387034030979,-0.0819197385162849,0.03549318729074773,0.8967587722652985,0.06774804044395386,1
2009-01-02,train,train,0.031101827601814,0.026741431453629,-0.0819197385162849,0.0002760360907728064,0.7794353502545681,0.22028861365465885,1
2009-01-05,train,train,0.0164976738268265,0.0262398228141802,-0.0819197385162849,0.006166706894348817,0.7957272313793717,0.19810606172627954,1
2009-01-06,train,train,0.008250775871688,0.0255206019010032,-0.0819197385162849,0.029824292380991768,0.8450051065530235,0.12517060106598482,1
2009-01-07,train,train,-0.0159638671498684,0.025050224696973,-0.0819197385162849,0.0121169002308007,0.8735820515662185,0.11430104820298045,1
2009-01-08,train,train,-0.0105571088011876,0.0244243748067604,-0.0819197385162849,0.02093106837200371,0.8998459758265273,0.0792229558014692,1
2009-01-09,train,train,-0.0096562819818768,0.0237981450227083,-0.0677598489135215,0.03162906742119442,0.9143429230592932,0.05402800951951253,1
2009-01-12,train,train,-0.0192271988424255,0.0235489217300945,-0.0677598489135215,0.0056764726630278055,0.9280554276010797,0.06626809973589236,1
2009-01-13,train,train,-0.0156215249512604,0.02314995754379,-0.0677598489135215,0.006292091211387687,0.9322816625164063,0.06142624627220581,1
2009-01-14,train,train,-0.0410874660877668,0.0245978880067644,-0.0677598489135215,1.7616450229640876e-07,0.49144296783716157,0.5085568559983362,2
2009-01-15,train,train,-0.0094316016888416,0.0239601760292938,-0.0677598489135215,0.009257508160460315,0.6152979634513328,0.375444528388207,1
2009-01-16,train,train,0.0010446179497291,0.0232316617320654,-0.0677598489135215,0.044298540177008384,0.7304104048588076,0.22529105496418417,1
2009-01-19,train,train,-0.0146424666660971,0.0228077094471845,-0.0677598489135215,0.021420552919125237,0.7875334237096824,0.19104602337119217,1
2009-01-20,train,train,-0.0260340421654736,0.0230140477687429,-0.0677598489135215,0.0004194038831823761,0.6765355325753774,0.32304506354144014,1
2009-01-21,train,train,-0.0055490901474105,0.0223543095421824,-0.0546835329393516,0.019347472734881153,0.7793955929208982,0.2012569343442205,1
2009-01-22,train,train,-0.0087126819354685,0.0217781288312784,-0.0546835329393516,0.03401460073115414,0.8355832151742631,0.13040218409458293,1
2009-01-23,train,train,0.0016531881534279,0.0211185620611938,-0.0508793489595758,0.09188452560573647,0.8379320720140673,0.07018340238019644,1
2009-01-26,train,train,0.0244634040693758,0.0213340463119455,-0.0508771747576818,0.006594225040663046,0.8633140112329634,0.13009176372637354,1
2009-01-27,train,train,-0.0030733277431544,0.0206978201925428,-0.0508771747576818,0.0371000131773403,0.8897442613736397,0.07315572544902027,1
2009-01-28,train,train,0.0412938103442333,0.0224723497090134,-0.0508771747576818,1.6041540661073594e-06,0.43735638438055596,0.5626420114653778,2
2009-01-29,train,train,-0.0260916061970005,0.0227057795768809,-0.0508771747576818,6.863958430726213e-05,0.29469493962676807,0.7052364207889248,2
2009-01-30,train,train,-0.003190024656222,0.0220279335404097,-0.0508771747576818,0.012649517153567201,0.4582502988158502,0.5291001840305826,2
2009-02-02,train,train,-0.0260147516218053,0.0222872632418993,-0.0508771747576818,0.00019520276366636813,0.31837418536687895,0.6814306118694545,2
2009-02-03,train,train,0.0154866375776901,0.0219387541408499,-0.0508771747576818,0.0034357889241248343,0.3794688037297679,0.6170954073461076,2
2009-02-04,train,train,0.0158391823185607,0.0216213593247218,-0.0508771747576818,0.0054608264641726354,0.43552021372433436,0.559018959811493,2
2009-02-05,train,train,-0.0065188651335311,0.021023413720506,-0.0429960907048475,0.021160099296550938,0.5811388550625385,0.39770104564091074,1
2009-02-06,train,train,0.012305215143547,0.0206046108475624,-0.0429960907048475,0.030816910328376586,0.6632202164361937,0.3059628732354295,1
2009-02-09,train,train,0.0046819491258588,0.0200098032910307,-0.0429960907048475,0.08221498782980256,0.7372103961857419,0.1805746159844557,1
2009-02-10,train,train,-0.0220829953900803,0.0201402138818062,-0.0422811985236331,0.00493476202941073,0.7471941639128264,0.24787107405776282,1
2009-02-11,train,train,-0.0049543224116516,0.0195643359439087,-0.0422811985236331,0.02867034142530073,0.8235102589148702,0.14781939965982932,1
2009-02-12,train,train,-0.0187119530268379,0.0195142429429191,-0.0422811985236331,0.0058678784806000025,0.8361848037145031,0.15794731780489674,1
2009-02-13,train,train,0.0078462819100624,0.0190171287361127,-0.0422811985236331,0.030968726484076732,0.8710660733587292,0.09796520015719394,1
2009-02-16,train,train,-0.0233173210195859,0.0193021750540128,-0.0422811985236331,0.0015737478957724021,0.8473255615993618,0.1511006905048658,1
2009-02-17,train,train,-0.0291258979801176,0.0200279454786481,-0.0422811985236331,5.624829452524334e-05,0.6676122533613784,0.33233149834409637,1
2009-02-18,train,train,0.0023177582584683,0.019426111404258,-0.0422811985236331,0.025569572908317656,0.7761118717944314,0.1983185552972508,1
2009-02-19,train,train,0.0018427581198441,0.0188397219056572,-0.0422811985236331,0.0771123479209865,0.813913382761008,0.10897426931800538,1
2009-02-20,train,train,-0.0351856548269191,0.0201970500947414,-0.0422811985236331,1.8895784431506863e-05,0.5512779445434296,0.44870315967213886,1
2009-02-23,train,train,-0.0083466227455605,0.019688208380986,-0.0422811985236331,0.011823452799779047,0.6738789039844552,0.31429764321576575,1
2009-02-24,train,train,-0.0075880048345523,0.0191787039536067,-0.0422811985236331,0.029583787745623827,0.766538392684653,0.20387781956972337,1
2009-02-25,train,train,0.0038278497231225,0.0186180683807385,-0.0422811985236331,0.08165457481006275,0.8040399500381903,0.11430547515174734,1
2009-02-26,train,train,0.0391076078570052,0.0204352348054506,-0.0422811985236331,8.819035941869614e-06,0.39907013499247584,0.6009210459715822,2
2009-02-27,train,train,-0.0247281997148392,0.0207179131171285,-0.0422811985236331,0.00010887394985519207,0.2917422251309122,0.7081489009192327,2
2009-03-02,train,train,-0.047069377421812,0.0231605178255101,-0.04265736214758,8.146892633157312e-11,0.011306446833279903,0.9886935530852512,2
2009-03-03,train,train,-0.0070532386703364,0.0225213210388171,-0.04265736214758,0.0005266328768705862,0.07152525834469596,0.9279481087784336,2
2009-03-04,train,train,0.0189483867364721,0.0223230774950129,-0.04265736214758,0.0004558640169093029,0.09630450765348694,0.9032396283296038,2
2009-03-05,train,train,-0.0461169411153954,0.0244136629162423,-0.0447579282083247,5.807897072938591e-11,0.004233888362591305,0.9957661115793299,2
2009-03-06,train,train,-0.0127482752110324,0.0238750169009365,-0.0447579282083247,9.838997662868398e-05,0.04896451074718909,0.9509370992761822,2
2009-03-09,train,train,-0.0173768388696859,0.0235357752760555,-0.0447579282083247,0.00020390183680865615,0.08316216439213694,0.9166339337710544,2
2009-03-10,train,train,0.048095587040936,0.0256804961856857,-0.0447579282083247,5.520762404219646e-11,0.002640442929966445,0.997359557014826,2
2009-03-11,train,train,0.0071598638593386,0.0249598563760189,-0.0447579282083247,0.0002910637280129023,0.05773593005516872,0.9419730062168183,2
2009-03-12,train,train,0.0186733610622814,0.0246279603153518,-0.0447579282083247,0.00036628497556757364,0.08506229058742884,0.9145714244370033,2
2009-03-13,train,train,0.0118227432147673,0.0240526688532522,-0.0447579282083247,0.0025012659584145603,0.15742712732110326,0.840071606720482,2
2009-03-16,train,train,0.0277620202623715,0.0242912085407305,-0.0447579282083247,5.3237955607595596e-05,0.08770004142797928,0.9122467206164132,2
2009-03-17,train,train,0.0010993066363531,0.0235527398009647,-0.0447579282083247,0.005387264849797435,0.19984229352926874,0.7947704416209336,2
2009-03-18,train,train,0.002129799746961,0.0228411869617531,-0.0447579282083247,0.02603754214589449,0.3468046442129451,0.6271578136411606,2
2009-03-19,train,train,0.0052072654861719,0.0221820551199176,-0.0447579282083247,0.07310264026307207,0.48362677512289376,0.44327058461403407,1
2009-03-20,train,train,0.0010900765187941,0.0215079578573022,-0.0447579282083247,0.17506745736684015,0.5667361590838634,0.2581963835492964,1
2009-03-23,train,train,0.0309429523379818,0.0221874895849764,-0.0447579282083247,0.0008461229829478465,0.4008335376127991,0.5983203394042531,2
2009-03-24,train,train,0.0046670140171897,0.0215419236287901,-0.0447579282083247,0.018727422935174445,0.558268458909529,0.4230041181552966,1
2009-03-25,train,train,0.0103226548122432,0.0210381709602635,-0.0447579282083247,0.037185767819806606,0.6565842429967362,0.30622998918345684,1
2009-03-26,train,train,0.0004706658066726,0.0203975893352663,-0.0447579282083247,0.09994049366182152,0.7274058866862914,0.17265361965188697,1
2009-03-27,train,train,-0.0185710927493975,0.0202926361225732,-0.0447579282083247,0.016937350937615545,0.7906665388084888,0.1923961102538961,1
2009-03-30,train,train,-0.0420574098085994,0.0222084028949288,-0.0450812427819356,6.572373233393331e-08,0.19822508191730798,0.8017748523589598,2
2009-03-31,train,train,0.0277520054964454,0.0225794330783427,-0.0450812427819356,3.644509898709595e-05,0.10907267201271559,0.8908908828882974,2
2009-04-01,train,train,0.0185096132323349,0.0223561467424875,-0.0450812427819356,0.0005656606624305015,0.1348251034955753,0.8646092358419943,2
2009-04-02,train,train,0.045872914246954,0.0244145226255161,-0.0450812427819356,5.664200780980251e-10,0.006060793935922782,0.9939392054976571,2
2009-04-03,train,train,-0.0017772655822367,0.0236747608331513,-0.0450812427819356,0.0005612451857774885,0.0688777523307649,0.9305610024834576,2
2009-04-06,train,train,0.0001441283599338,0.0229535593940362,-0.0450812427819356,0.005997282855518429,0.1714530916595541,0.8225496254849274,2
2009-04-07,train,train,0.0029879746321742,0.0222663336692049,-0.0450812427819356,0.026432211608786137,0.3091351477756831,0.6644326406155308,2
2009-04-08,train,train,0.0070087216078221,0.0216561669941572,-0.0450812427819356,0.06562882694276372,0.43984013903804126,0.49453103401919535,2
2009-04-09,train,train,0.0350835148469745,0.0226870309998282,-0.0450812427819356,2.7298176489395996e-05,0.14090748472202183,0.8590652171014886,2
2009-04-14,train,train,0.0148238858096567,0.0222935898518341,-0.0450812427819356,0.001814154408881401,0.20061564930333387,0.7975701962877848,2
2009-04-15,train,train,-0.0140085082217469,0.0218851136101419,-0.0450812427819356,0.002628582339806205,0.2743440380464248,0.7230273796137692,2
2009-04-16,train,train,0.0184920622483718,0.0216964994373965,-0.0450812427819356,0.0021187452430961352,0.29298859474018796,0.7048926600167159,2
2009-04-17,train,train,0.0174700948961325,0.0214663936306852,-0.0450812427819356,0.0027022235187724184,0.326024829209365,0.6712729472718626,2
2009-04-20,train,train,-0.035239291400377,0.0225314480600141,-0.0450812427819356,6.016619121983519e-07,0.08210684121742204,0.9178925571206659,2
2009-04-21,train,train,-0.0118151246913393,0.0220359255051509,-0.0450812427819356,0.001258022828560246,0.1534560496982094,0.8452859274732303,2
2009-04-22,train,train,0.0250215097128993,0.0222263728258843,-0.0450812427819356,0.00012553218243303282,0.11036127857935353,0.8895131892382135,2
2009-04-23,train,train,-0.0073735917284728,0.0216248269670346,-0.0450812427819356,0.0037838194169993317,0.21536619255266404,0.7808499880303367,2
2009-04-24,train,train,0.0134789853001877,0.0212244230912479,-0.0450812427819356,0.006950192842769233,0.29634536109096066,0.6967044460662701,2
2009-04-27,train,train,-0.0125899252269584,0.0208076413957984,-0.0450812427819356,0.007938398056218146,0.39386260150193875,0.5981990004418434,2
2009-04-28,train,train,-0.013847320591614,0.0204569147547422,-0.0450812427819356,0.007144110576912278,0.4782795008374353,0.5145763885856522,2
2009-04-29,train,train,0.0267859184438891,0.0208907961844154,-0.0450812427819356,0.00029113336885157505,0.3172169696136543,0.6824918970174941,2
2009-04-30,train,train,0.0163646784446192,0.0206472275461236,-0.0450812427819356,0.0028531078632216566,0.36583673078675755,0.6313101613500205,2
2009-05-04,train,train,0.0040524362197579,0.0200428256336234,-0.0450812427819356,0.02303893985825706,0.5252358950561461,0.4517251650855968,1
2009-05-05,train,train,0.0068089546164008,0.0195036837442349,-0.0450812427819356,0.06008493031768712,0.6399984536137602,0.29991661606855263,1
2009-05-06,train,train,0.0100513127691586,0.0190691319184286,-0.0450812427819356,0.09035091337950994,0.7052718224060999,0.2043772642143904,1
2009-05-07,train,train,-1.0793153966039674e-05,0.0184882095289029,-0.0450812427819356,0.18931652520968584,0.7050526628430396,0.10563081194727457,1
2009-05-08,train,train,0.0192310918456035,0.0185336221959978,-0.0450812427819356,0.055535559318835005,0.8113287401563933,0.13313570052477156,1
2009-05-11,train,train,-0.0097517878660545,0.0181270870411331,-0.0450812427819356,0.06078440951247966,0.849759489917093,0.08945610057042724,1
2009-05-12,train,train,-0.0051437076489372,0.0176199679688605,-0.0450812427819356,0.10651264094815764,0.8421853126685129,0.05130204638332934,1
2009-05-13,train,train,-0.0293842234310479,0.0185375680753705,-0.0450812427819356,0.00047024590595205317,0.83832575743534,0.16120399665870822,1
2009-05-14,train,train,-0.0018236994366809,0.0179783897253946,-0.0450812427819356,0.02819670972317083,0.8816741293372502,0.09012916093957914,1
2009-05-15,train,train,-0.0006235766874353,0.0174313647820299,-0.0450812427819356,0.07923004134774586,0.8716417197481322,0.04912823890412189,1
2009-05-18,train,train,0.019925723270836,0.0175910032785597,-0.0450812427819356,0.02027763667552657,0.9140131071364184,0.06570925618805544,1
2009-05-19,train,train,0.0197077875424111,0.0177251405059178,-0.0450812427819356,0.007837098994369877,0.9123779348325142,0.07978496617311594,1
2009-05-20,train,train,0.0051039383761013,0.0172305769147199,-0.0450812427819356,0.04136984791442039,0.9117492064734547,0.04688094561212509,1
2009-05-21,train,train,-0.0176317649670623,0.0172549112462643,-0.0450812427819356,0.010437815346100766,0.9366289128400841,0.05293327181381503,1
2009-05-22,train,train,0.0089889829988536,0.0168735341084993,-0.0450812427819356,0.03487856684196042,0.9289340428458159,0.03618739031222383,1
2009-05-25,train,train,0.004159613831124,0.0163911966416578,-0.0450812427819356,0.08826780312485955,0.8892703687083922,0.02246182816674811,1
2009-05-26,train,train,0.0062176441658333,0.0159646670382798,-0.0450812427819356,0.15715889026865615,0.8272423525848082,0.015598757146535698,1
2009-05-27,train,train,0.0111120766895342,0.0157158217388018,-0.0450812427819356,0.17284866319230408,0.812437656805602,0.014713680002093908,1
2009-05-28,train,train,-0.0079488110675421,0.0153609519754961,-0.0411378807747906,0.19372492241533557,0.7938058964061048,0.012469181178559895,1
2009-05-29,train,train,-0.0011877335225332,0.0148958369188549,-0.0411378807747906,0.31705083188798167,0.6743905912503675,0.008558576861650635,1
2009-06-01,train,train,0.0216853028808921,0.0153879154444159,-0.0411378807747906,0.05829936589177769,0.916276297085908,0.025424337022314142,1
2009-06-02,train,train,0.0035136826245656,0.014943942691144,-0.0355603082133414,0.12759234701363376,0.8559611741354213,0.016446478850945093,1
2009-06-03,train,train,-0.0209107870443201,0.0153674265462893,-0.0355603082133414,0.011631023163118261,0.9558542349664548,0.03251474187042663,1
2009-06-04,train,train,-0.0010782801935353,0.0149016137390152,-0.0355603082133414,0.05021712005281505,0.9293372850659132,0.020445594881271498,1
2009-06-05,train,train,0.0067884540159331,0.0145430255786334,-0.0355603082133414,0.09943601900093554,0.8852114602061637,0.015352520792900734,1
2009-06-08,train,train,-0.0129844416669494,0.0144542506179353,-0.0355603082133414,0.05843839551128376,0.9241873530055735,0.017374251483142703,1
2009-06-09,train,train,0.0107443226923634,0.0142589013418838,-0.0355603082133414,0.07871003187682166,0.9051565887601256,0.01613337936305262,1
2009-06-10,train,train,0.0135842622697274,0.0142193256631138,-0.0355603082133414,0.06907475376884253,0.9129581573116847,0.017967088919472796,1
2009-06-11,train,train,0.0083576058328213,0.0139373183751493,-0.0355603082133414,0.1125614010534965,0.8727616649768897,0.014676933969613906,1
2009-06-12,train,train,0.0006178312069347,0.0135135789413786,-0.0355603082133414,0.21343816314330286,0.7762831679175308,0.010278668939166572,1
2009-06-15,train,train,-0.0203510762605637,0.0140181947894291,-0.0355603082133414,0.023814543588224907,0.9517373589971385,0.02444809741463666,1
2009-06-16,train,train,-0.0021875449558696,0.0136017028059413,-0.0355603082133414,0.06771935983867489,0.9158804247585074,0.01640021540281768,1
2009-06-17,train,train,-0.0228644504621631,0.0143273488742365,-0.0355603082133414,0.0035516736594803596,0.95958692419311,0.03686140214740957,1
2009-06-18,train,train,0.0107997866667728,0.0141405330076736,-0.0355603082133414,0.021692340255833404,0.9495234653929391,0.02878419435122765,1
2009-06-19,train,train,0.0207654840975851,0.0146229173937715,-0.0355603082133414,0.006410202675772235,0.9494578597792747,0.0441319375449528,1
2009-06-22,train,train,-0.025625960747688,0.0155048805920356,-0.0355603082133414,0.0003560439292769406,0.9069316625407154,0.09271229353000782,1
2009-06-23,train,train,0.0010916784622447,0.0150349176437645,-0.0355603082133414,0.0312013945431406,0.9170143625663011,0.05178424289055853,1
2009-06-24,train,train,0.0283574248003579,0.0161472733339091,-0.0355603082133414,0.0007568101117403755,0.8618008168131984,0.13744237307506119,1
2009-06-25,train,train,0.0051440249365108,0.0157059870592593,-0.0300831585263709,0.02848033504853378,0.8916628128985609,0.0798568520529054,1
2009-06-26,train,train,0.0020357672431504,0.0152356820861877,-0.0300831585263709,0.08151317822593171,0.8744694226120274,0.044017399162041136,1
2009-06-29,train,train,0.0162603501404226,0.0152990975980561,-0.0300831585263709,0.0455315879049142,0.9086486014215426,0.04581981067354296,1
2009-06-30,train,train,-0.0058981451170465,0.0149032188142448,-0.0300831585263709,0.08014221702071948,0.8910198408206895,0.0288379421585909,1
2009-07-01,train,train,0.0117717638557786,0.01473411146355,-0.0300831585263709,0.08977860691321109,0.8857730425462621,0.024448350540526777,1
2009-07-02,train,train,-0.0266243577510919,0.015703495907682,-0.0304159575275056,0.0012405094607118152,0.9291877610812683,0.06957172945801994,1
2009-07-03,train,train,0.0066455594069821,0.0153118778825177,-0.0304159575275056,0.027938641510002242,0.9289872871363244,0.04307407135367343,1
2009-07-06,train,train,-0.014400973761732,0.0152587571823183,-0.0304159575275056,0.016593313690681486,0.9434681413343786,0.03993854497493997,1
2009-07-07,train,train,-0.0051338632466784,0.0148472651897294,-0.0304159575275056,0.046576916729852924,0.9278649660167712,0.02555811725337596,1
2009-07-08,train,train,-0.0168855170031625,0.0149773845402041,-0.0304159575275056,0.013746726785034545,0.955066860729535,0.031186412485430803,1
2009-07-09,train,train,0.00877493455981,0.0146793287788296,-0.0304159575275056,0.039985633517073065,0.936891823104326,0.02312254337860119,1
2009-07-10,train,train,-0.0104535038392677,0.0144606457789481,-0.0304159575275056,0.042498421239752934,0.9374874938485261,0.02001408491172096,1
2009-07-13,train,train,0.0235307696021765,0.0151586769491206,-0.0304159575275056,0.004744503734967877,0.9517715474301381,0.043483948834894044,1
2009-07-14,train,train,0.0069369882236072,0.0147947850938701,-0.0272115139766092,0.032983510285834294,0.9383393149778511,0.028677174736314648,1
2009-07-15,train,train,0.027771467262904,0.0158753831340048,-0.0272115139766092,0.0010073545319076757,0.9158501979094218,0.08314244755867052,1
2009-07-16,train,train,0.0092750865122423,0.0155585267959705,-0.0272115139766092,0.021928967907605124,0.922908435962177,0.055162596130217775,1
2009-07-17,train,train,0.0044213574784553,0.0151233790805631,-0.0272115139766092,0.06643253209208655,0.9008826309376018,0.032684836970311715,1
2009-07-20,train,train,0.0099976100170205,0.0148657570102802,-0.0272115139766092,0.0943257081409521,0.8810004807096162,0.024673811149431766,1
2009-07-21,train,train,-0.0020330262333415,0.0144214867243048,-0.0272115139766092,0.17566767143698195,0.8089289249646955,0.015403403598322506,1
2009-07-22,train,train,0.0030776156659034,0.0140024578438988,-0.0272115139766092,0.2995548392695242,0.690366033080702,0.010079127649774283,1
2009-07-23,train,train,0.0210890756581475,0.0145254825343896,-0.0272115139766092,0.06268324073915228,0.9111750238490403,0.0261417354118076,1
2009-07-24,train,train,0.0066127264342418,0.0141758228452211,-0.0272115139766092,0.11832400300255229,0.8635949828533758,0.018081014144072247,1
2009-07-27,train,train,0.0145602724217532,0.0141991833609714,-0.0272115139766092,0.08511857995045513,0.8942069382232435,0.020674481826301477,1
2009-07-28,train,train,0.0068028957816961,0.0138671036302602,-0.0272115139766092,0.14773729409177988,0.8372274291800605,0.015035276728159495,1
2009-07-29,train,train,-0.0002251184583195,0.0134447688714254,-0.0272115139766092,0.2613418924079535,0.7286024289751706,0.010055678616875919,1
2009-07-30,train,train,0.0197629940324426,0.013905058697944,-0.0272115139766092,0.07210798620020487,0.9052787288892515,0.022613284910543728,1
2009-07-31,train,train,-0.0017764610698712,0.0134884753321359,-0.0272115139766092,0.14420774777124046,0.8410946159441146,0.014697636284644894,1
2009-08-03,train,train,0.0042195526661126,0.0131183423594838,-0.0272115139766092,0.2502833394661849,0.7393448073705152,0.01037185316329959,1
2009-08-04,train,train,-0.0022224677758847,0.0127303500998943,-0.0272115139766092,0.3769453223548801,0.615720190639956,0.007334487005163922,1
2009-08-05,train,train,-0.0159771700815894,0.0129481389656926,-0.0250382563203143,0.1382756332616113,0.8467798911991073,0.014944475539281517,1
2009-08-06,train,train,0.0066665373884466,0.0126594473718045,-0.0250382563203143,0.21941892126201518,0.7691436358297289,0.011437442908255938,1
2009-08-07,train,train,0.0157987949933572,0.0128694221582963,-0.0250382563203143,0.12749883034964185,0.8555046246879989,0.016996544962359136,1
2009-08-10,train,train,-0.0022495628243871,0.0124895290968552,-0.0250382563203143,0.22052733993073903,0.768014952517829,0.011457707551431561,1
2009-08-11,train,train,-0.0083751458481998,0.0122815968390205,-0.0250382563203143,0.2316190894401546,0.757724133222735,0.010656777337110502,1
2009-08-12,train,train,0.0093633798329307,0.0121263241163597,-0.0250382563203143,0.2847976509270092,0.7053226813789858,0.009879667694005176,1
2009-08-13,train,train,0.0102818947582512,0.0120236397970703,-0.0250382563203143,0.31904557048865423,0.6712511570173458,0.009703272494000291,1
2009-08-14,train,train,-0.0132036667057045,0.0120976877129487,-0.0250382563203143,0.1834598290539223,0.8029838851160009,0.013556285830076682,1
2009-08-17,train,train,-0.0282246683387756,0.013615091600502,-0.0268249956125185,0.0014190236836057525,0.9393588144738035,0.05922216184259091,1
2009-08-18,train,train,0.0103066521846852,0.013439572198847,-0.0268249956125185,0.02036654006518081,0.9374587754931419,0.042174684441677365,1
2009-08-19,train,train,-0.0011960324034181,0.0130334417728143,-0.0268249956125185,0.06464059038316226,0.9102672245737237,0.02509218504311441,1
2009-08-20,train,train,0.0182514049145416,0.0134039246140783,-0.0268249956125185,0.0250806983219403,0.9413083921136247,0.03361090956443519,1
2009-08-21,train,train,0.0243510158912993,0.0142990769580627,-0.0268249956125185,0.002565668195160174,0.930121341648068,0.06731299015677206,1
2009-08-24,train,train,0.0127133896857809,0.0142089268553116,-0.0268249956125185,0.015725584765366347,0.931591814135561,0.052682601099072454,1
2009-08-25,train,train,0.0109100424032696,0.0140328802371889,-0.0268249956125185,0.03375081446482959,0.9273158206356761,0.0389333648994941,1
2009-08-26,train,train,-0.0045079023592704,0.0136501170363866,-0.0268249956125185,0.07306981550935539,0.9025349824539973,0.024395202036647377,1
2009-08-27,train,train,-0.0017155471679407,0.0132409493438256,-0.0268249956125185,0.14604031297118011,0.8384418388398204,0.015517848188999327,1
2009-08-28,train,train,0.0075264737726855,0.012969280766537,-0.0268249956125185,0.21841944791504844,0.7694927541877342,0.01208779789721693,1
2009-08-31,train,train,-0.0068047743128409,0.0126841793661282,-0.0268249956125185,0.264003447912892,0.7259367189543662,0.010059833132741884,1
2009-09-01,train,train,-0.0170470860023701,0.0129873511653038,-0.0268249956125185,0.07045313648655188,0.9106986884594304,0.018848175054017917,1
2009-09-02,train,train,-0.0156320638534575,0.0131610295225175,-0.0268249956125185,0.02557159889795816,0.9510777719272084,0.023350629174833472,1
2009-09-03,train,train,0.0016713237891477,0.0127666571818747,-0.0268249956125185,0.07632529200120278,0.9080113204163758,0.01566338758242151,1
2009-09-04,train,train,0.0183991214035203,0.0131726968980854,-0.0268249956125185,0.028031328609742612,0.9473268777595863,0.024641793630670934,1
2009-09-07,train,train,0.014674305718704,0.0132675868888905,-0.0268249956125185,0.027072009877578063,0.947160652419382,0.025767337703039912,1
2009-09-08,train,train,-0.0019336266233371,0.0128721196723039,-0.0268249956125185,0.07368207590682035,0.9093666133213024,0.016951310771877334,1
2009-09-09,train,train,0.0083580285751209,0.0126467930902019,-0.0268249956125185,0.11831635004269374,0.8676155587016519,0.014068091255654235,1
2009-09-10,train,train,-0.0106304017296375,0.0125349598880253,-0.0268249956125185,0.09957301866245724,0.8861223078610665,0.014304673476476282,1
2009-09-11,train,train,0.0098099291115244,0.0123883731289111,-0.0268249956125185,0.13275777600561253,0.853969916667181,0.01327230732720635,1
2009-09-14,train,train,0.0034865752088391,0.0120412978476356,-0.0239653706974125,0.23848391245706396,0.7518317722173458,0.009684315325590014,1
2009-09-15,train,train,0.0087240210501597,0.0118684369325182,-0.0239653706974125,0.30538594318467166,0.6856973690493633,0.008916687765965301,1
2009-09-16,train,train,0.0131620942732946,0.0119500063199748,-0.0239653706974125,0.2590297421837086,0.7294636616650237,0.011506596151267732,1
2009-09-17,train,train,0.002049472225624,0.0115968319884703,-0.0239653706974125,0.40778884487594563,0.5847439398019397,0.007467215322114418,1
2009-09-18,train,train,0.0005350544336716,0.0112443096023499,-0.0239653706974125,0.5672256286172136,0.4280151413559688,0.004759230026817488,0
2009-09-21,train,train,-0.0042459200389358,0.0109512601442077,-0.0239653706974125,0.664721093995505,0.33176574256415087,0.003513163440344286,0
2009-09-22,train,train,0.0075857917342157,0.0107790049167555,-0.0239653706974125,0.7399989459707861,0.25716013966483553,0.0028409143643784614,0
2009-09-23,train,train,0.0030924947007692,0.0104780504667695,-0.0239653706974125,0.8344930457811203,0.16383654832709385,0.0016704058917857826,0
2009-09-24,train,train,-0.0133679202148618,0.0106735301817802,-0.0207190904481027,0.6758298284420844,0.31990370382910543,0.004266467728810376,0
2009-09-25,train,train,-0.0044645581871925,0.0104059948365017,-0.0207190904481027,0.7528274543005474,0.24432378727413456,0.0028487584253181863,0
2009-09-28,train,train,0.0210248353876963,0.0113274121938705,-0.0207190904481027,0.3086006335415336,0.6749852240373981,0.016414142421068326,1
2009-09-29,train,train,-0.0031585786905495,0.0110095525862734,-0.0207190904481027,0.4321264993964512,0.5582286546370656,0.009644845966483224,1
2009-09-30,train,train,-0.0082678582292729,0.0108645792391093,-0.0204163081409117,0.43993955135414764,0.5516338685158472,0.008426580130005242,1
2009-10-01,train,train,-0.0204438321600367,0.0116633508702935,-0.0219051955003941,0.06138029639014788,0.9130387157619388,0.025580987847913204,1
2009-10-02,train,train,-0.0167656394951628,0.0120306661649747,-0.0219051955003941,0.01761381969086812,0.9511848759321554,0.03120130437697654,1
2009-10-05,train,train,0.0201285468878796,0.0126634204170808,-0.0219051955003941,0.0066969422074594906,0.9487600019637907,0.04454305582874978,1
2009-10-06,train,train,0.0222563102750786,0.0134335804789262,-0.0219051955003941,0.002592153785385705,0.928047214484305,0.06936063173030917,1
2009-10-07,train,train,-0.0081313457808803,0.0131757560112221,-0.0219051955003941,0.019874578429341906,0.9348648074079031,0.04526061416275509,1
2009-10-08,train,train,0.007894389227578,0.012919899247123,-0.0219051955003941,0.05145207508564112,0.9182796800591332,0.03026824485522562,1
2009-10-09,train,train,-0.0060362853442929,0.0126132697270741,-0.0219051955003941,0.08623793889017399,0.8932206031015635,0.02054145800826242,1
2009-10-12,train,train,0.0004767252739378,0.0122295762328323,-0.0219051955003941,0.17386466263068795,0.8128338311991067,0.013301506170205368,1
2009-10-13,train,train,-0.0120307604956028,0.0122177385235866,-0.0219051955003941,0.11612962678136207,0.8688722131478498,0.014998160070787931,1
2009-10-14,train,train,0.0223697397157011,0.0130514773818821,-0.0219051955003941,0.015717291979229147,0.9503911428490692,0.03389156517170114,1
2009-10-15,train,train,-0.0017874945305611,0.0126614496145031,-0.0219051955003941,0.05567728207885607,0.9231599116819444,0.02116280623919943,1
2009-10-16,train,train,-0.0147328377984084,0.0127951927900996,-0.0219051955003941,0.02548665313897725,0.9507425161997209,0.023770830661301527,1
2009-10-19,train,train,0.0177325994351404,0.0131438444142989,-0.0219051955003941,0.01428658265760484,0.9550894992479427,0.030623918094452356,1
2009-10-20,train,train,-0.0080336394155145,0.0128944704801542,-0.0219051955003941,0.032445204017400656,0.9450610277442781,0.022493768238321138,1
2009-10-21,train,train,0.0071835209461576,0.0126248764436246,-0.0219051955003941,0.07215703450322528,0.9109527842068964,0.016890181289878563,1
2009-10-22,train,train,-0.0039319174508399,0.012278104633623,-0.0219051955003941,0.12979306514975367,0.8577252456128642,0.012481689237382295,1
2009-10-23,train,train,-0.0075355404189765,0.0120463191205822,-0.0219051955003941,0.15667150099210725,0.8320812169168194,0.011247282091073358,1
2009-10-26,train,train,-0.0100333269713191,0.0119351177246148,-0.0219051955003941,0.13955864917745167,0.8484871147126359,0.011954236109912433,1
2009-10-27,train,train,0.0009804015392381,0.0115740176354228,-0.0219051955003941,0.25280732583778753,0.7384269332065639,0.008765740955648138,1
2009-10-28,train,train,-0.0177079007314797,0.0120305692330217,-0.0221254670767639,0.057449019539526705,0.9242453074628156,0.01830567299765754,1
2009-10-29,train,train,0.021945123866462,0.0128431237632111,-0.0221254670767639,0.009350658647842883,0.9546658386114216,0.03598350274073574,1
2009-10-30,train,train,-0.0232583460547692,0.0136932873331984,-0.0239756155178605,0.0009160225053311484,0.9348588515511919,0.06422512594347696,1
2009-11-02,train,train,0.0044579370797291,0.0133209662971787,-0.0239756155178605,0.030884653080243168,0.9309489711495746,0.03816637577018209,1
2009-11-03,train,train,-0.0196763151845825,0.0137851622137615,-0.0239756155178605,0.004973325698475912,0.9436960286906345,0.05133064561088937,1
2009-11-04,train,train,0.01284147645039,0.0137303702233294,-0.0239756155178605,0.017504426546074713,0.9407108164944472,0.04178475695947832,1
2009-11-05,train,train,0.0140563998240577,0.0137501500007212,-0.0239756155178605,0.02286581028115195,0.9396095775541083,0.03752461216474018,1
2009-11-06,train,train,0.0027410251599313,0.0133481616964823,-0.0239756155178605,0.07101788619536602,0.9060656000718256,0.022916513732808227,1
2009-11-09,train,train,0.0201910008997598,0.0138543713850523,-0.0211261644664628,0.01743250931512401,0.9459113940768412,0.03665609660803493,1
2009-11-10,train,train,-0.0002369625658587,0.0134324368288824,-0.0211261644664628,0.06128117845406406,0.9164128568729665,0.02230596467296988,1
2009-11-11,train,train,-0.0010670683424226,0.0130258533579588,-0.0211261644664628,0.13073936687046153,0.8546597204645799,0.014600912664958235,1
2009-11-12,train,train,0.0028007956783672,0.0126476540017025,-0.0211261644664628,0.23848310011289883,0.7513258535257417,0.010191046361359493,1
2009-11-13,train,train,0.0027424468921765,0.0122807419783724,-0.0211261644664628,0.3807359704163161,0.6120839030701408,0.0071801265135430625,1
2009-11-16,train,train,0.0100529906015879,0.0121585929831183,-0.0211261644664628,0.42130731700361657,0.5713218495692575,0.0073708334271262175,1
2009-11-17,train,train,-0.0022968089523507,0.0118016109159386,-0.0211261644664628,0.5593204891966477,0.4357583611511645,0.0049211496521878615,0
2009-11-18,train,train,0.0062516412646666,0.0115441032613475,-0.0211261644664628,0.6712042304662262,0.32518089013212687,0.0036148794016466813,0
2009-11-19,train,train,-0.0157621057950404,0.0118396359592589,-0.0211261644664628,0.35172314585718983,0.6377553861662358,0.010521467976574337,1
2009-11-20,train,train,-0.0107701295107914,0.0117782045426994,-0.0211261644664628,0.2839056895382303,0.7045889050413521,0.011505405420417988,1
2009-11-23,train,train,0.0186989629221345,0.0123037233785747,-0.0211261644664628,0.09984262907796633,0.8777246269628882,0.022432743959145594,1
2009-11-24,train,train,-0.002960690177226,0.0119509268936525,-0.0211261644664628,0.17648622006328998,0.8089859717415049,0.014527808195205244,1
2009-11-25,train,train,0.0050772736002577,0.0116534070911942,-0.0211261644664628,0.2862857876451608,0.7035171835448477,0.010197028809991293,1
2009-11-26,train,train,-0.0261028406826738,0.0129821138696828,-0.0232683396324932,0.005440304313885536,0.951142210817784,0.043417484868330455,1
2009-11-27,train,train,0.0101817383601184,0.0128313378669538,-0.0232683396324932,0.02533655930556178,0.9425916114828709,0.03207182921156753,1
2009-11-30,train,train,-0.011280331517992,0.0127436019365764,-0.0232683396324932,0.02772425373032764,0.9456260967249054,0.02664964954476701,1
2009-12-01,train,train,0.0184972715284158,0.01315995327266,-0.0232683396324932,0.012744981275913716,0.9520576541462308,0.035197364577855605,1
2009-12-02,train,train,0.0005646816828133,0.0127597977983373,-0.0232683396324932,0.05391011549080289,0.9244109733326759,0.02167891117652106,1
2009-12-03,train,train,0.0030705738817559,0.0123939258873444,-0.0232683396324932,0.12166290861644444,0.8637413285597478,0.014595762823808159,1
2009-12-04,train,train,0.010602753311899,0.0122938170490091,-0.0232683396324932,0.14547092298372,0.8406519526105802,0.013877124405699545,1
2009-12-07,train,train,-0.0016969235905965,0.011926543269396,-0.0232683396324932,0.24935231493101584,0.7409082537871748,0.009739431281808916,1
2009-12-08,train,train,-0.0170359829238902,0.0122931432573754,-0.0232683396324932,0.06600768600942528,0.915629379770773,0.01836293421980132,1
2009-12-09,train,train,-0.022930281830724,0.0131758095906004,-0.024097156189389,0.003397944442367952,0.9567232581128181,0.03987879744481416,1
2009-12-10,train,train,0.0046248599496894,0.0128245545980727,-0.024097156189389,0.03524791368379451,0.9394722143933689,0.025279871922836525,1
2009-12-11,train,train,0.0018353459391789,0.0124419917329822,-0.024097156189389,0.0926606204634098,0.890889127248632,0.01645025228795775,1
2009-12-14,train,train,0.0077095712401741,0.0122098819858761,-0.024097156189389,0.1488543280611377,0.837919280260292,0.013226391678570142,1
2009-12-15,train,train,0.0025254169297064,0.0118540714044842,-0.024097156189389,0.2647659667009536,0.7259001524181464,0.00933388088090011,1
2009-12-16,train,train,0.0108227629120343,0.0117947361205692,-0.024097156189389,0.28531179024567355,0.704777141140823,0.009911068613503268,1
2009-12-17,train,train,-0.0141173193597976,0.0119468311488453,-0.024097156189389,0.13870770912795316,0.846518807711656,0.014773483160391045,1
2009-12-18,train,train,-0.004446983955883,0.0116339893418943,-0.024097156189389,0.2118484563226487,0.7772020599534929,0.01094948372385838,1
2009-12-21,train,train,0.0158293963459697,0.0119274017643215,-0.024097156189389,0.12228792304617137,0.861120821859877,0.016591255093951564,1
2009-12-22,train,train,0.0050586965652929,0.0116302434511523,-0.024097156189389,0.2138620807397129,0.7743694129870422,0.011768506273245057,1
2009-12-23,train,train,0.0064296731556377,0.011385396382313,-0.024097156189389,0.316639418728679,0.6743095413589052,0.009051039912415574,1
2009-12-28,train,train,0.004643495134293,0.0110969968261316,-0.024097156189389,0.4574310319936955,0.5361578224901772,0.006411145516127398,1
2009-12-29,train,train,0.0009892159231385,0.0107616658159497,-0.024097156189389,0.6151948143284082,0.38072841308216376,0.00407677258942824,0
2009-12-30,train,train,-0.0079332476328147,0.0106132383911011,-0.024097156189389,0.6254810631674801,0.3703341787348077,0.0041847580977123575,0
2010-01-04,train,train,0.0170315923001925,0.0111034628640961,-0.024097156189389,0.3872779110573128,0.6018585470990211,0.010863541843666086,1
2010-01-05,train,train,0.004870815444119,0.0108311202054699,-0.024097156189389,0.5296883773752316,0.46363354216646396,0.0066780804583043835,0
2010-01-06,train,train,0.0014819425479075,0.0105074328089185,-0.024097156189389,0.6793417593719785,0.3168830310614978,0.003775209566523798,0
2010-01-07,train,train,-0.0046087018423547,0.0102496918753787,-0.024097156189389,0.7534776894810733,0.24384882057706117,0.002673489941865469,0
2010-01-08,train,train,-0.0002712620731366,0.0099376671062443,-0.024097156189389,0.8433642941253489,0.1550925099927885,0.0015431958818624952,0
2010-01-11,train,train,-0.0073027734727659,0.0097995726379945,-0.024097156189389,0.8489352344082761,0.14952894200809946,0.0015358235836242836,0
2010-01-12,train,train,-0.0090180994275541,0.0097544499327848,-0.024097156189389,0.8249309481676235,0.1731645677891166,0.001904484043260032,0
2010-01-13,train,train,-0.0006520383203711,0.0094586386504617,-0.024097156189389,0.8885070981291111,0.11041064104031266,0.0010822608305758787,0
2010-01-14,train,train,0.0034643884766994,0.0092096695740866,-0.024097156189389,0.9272845890980578,0.07205489065759922,0.000660520244343016,0
2010-01-15,train,train,-0.012984141858096,0.0094786185296959,-0.024097156189389,0.83316010183327,0.16492454404558934,0.0019153541211405808,0
2010-01-18,train,train,0.0021673600661201,0.0092051835210917,-0.024097156189389,0.8960382052631007,0.10291834104659471,0.001043453690304867,0
2010-01-19,train,train,0.0127149963196147,0.0094525947401773,-0.024097156189389,0.8594885294764962,0.13879134239967278,0.0017201281238312211,0
2010-01-20,train,train,-0.0264304286211058,0.0112207177982707,-0.0252638717861829,0.060549002532099064,0.9029640827114066,0.03648691475649433,1
2010-01-21,train,train,-0.0228922248542683,0.0122390144603487,-0.0252638717861829,0.003158794383699967,0.9314248030872275,0.06541640252907237,1
2010-01-22,train,train,-0.0061882515959399,0.0119625889309909,-0.0252638717861829,0.025405262561906436,0.9340649769960275,0.040529760442066,1
2010-01-25,train,train,-0.0109714541850993,0.0119054479257228,-0.0252638717861829,0.02915800067495914,0.939103657430859,0.03173834189418175,1
2010-01-26,train,train,0.0086739348200806,0.0117366748957766,-0.0252638717861829,0.05999310482998613,0.9168499027940319,0.023156992375982233,1
2010-01-27,train,train,-0.0272554390025967,0.0131930323529528,-0.0265962361021254,0.0006869927069667408,0.9295979713530795,0.0697150359399539,1
2010-01-28,train,train,-0.0194689275559339,0.0136511935345151,-0.0265962361021254,0.0018505774074898658,0.9160455615670459,0.08210386102546423,1
2010-01-29,train,train,0.0108740114903425,0.0135006824781308,-0.0265962361021254,0.019221279130830365,0.9227313366836007,0.058047384185568755,1
2010-02-01,train,train,0.0043294295518615,0.013132286904704,-0.0265962361021254,0.06214108299263942,0.903641100878701,0.03421781612865958,1
2010-02-02,train,train,0.0131641496743934,0.0131342008506647,-0.0265962361021254,0.06062920878334632,0.9089828419279462,0.030387949288707514,1
2010-02-03,train,train,-0.0229249527058437,0.0139172556727387,-0.0265962361021254,0.00314217813456759,0.9399179264849803,0.0569398953804522,1
2010-02-04,train,train,-0.0612304600109267,0.020174705924046,-0.0383054425448763,5.803994125252467e-15,0.018158845801523393,0.9818411541984708,2
2010-02-05,train,train,-0.0136054744142711,0.0198419799822667,-0.0383054425448763,0.00021865290281483093,0.06435737242589334,0.9354239746712918,2
2010-02-08,train,train,0.0101429877958181,0.019397286705239,-0.0383054425448763,0.0024297615466590647,0.1392891725225805,0.8582810659307606,2
2010-02-09,train,train,0.0067475766113186,0.0188788568255936,-0.0383054425448763,0.011985354828402685,0.25621020018924684,0.7318044449823504,2
2010-02-10,train,train,0.0173276237588256,0.0187893947120824,-0.0383054425448763,0.00636951674688209,0.2934380922978823,0.7001923909552356,2
2010-02-11,train,train,-0.016714715197878,0.0186714159794167,-0.0383054425448763,0.002747831419102503,0.3379251627173764,0.659327005863521,2
2010-02-12,train,train,-0.0055396806714996,0.0181533950519555,-0.0383054425448763,0.016575234225893184,0.49324282176159967,0.490181944012507,1
2010-02-15,train,train,0.0066963518186818,0.0176766364011481,-0.0383054425448763,0.04862970970469626,0.6189753459456621,0.33239494434964184,1
2010-02-16,train,train,0.0096968383171615,0.0173019474739649,-0.0383054425448763,0.07960340868797187,0.6940320631513605,0.22636452816066727,1
2010-02-17,train,train,0.0100227548530375,0.0169535624604086,-0.0383054425448763,0.11280906942913811,0.7368585804041704,0.15033235016669164,1
2010-02-18,train,train,0.0071752200054882,0.0165307867393136,-0.0383054425448763,0.1875578518823307,0.7264791614194804,0.08596298669818873,1
2010-02-19,train,train,0.0096467346441618,0.0162004464433891,-0.0383054425448763,0.2365210366986922,0.7089956216178704,0.05448334168343746,1
2010-02-22,train,train,-0.0099967229699107,0.0158966432077794,-0.0383054425448763,0.21052368398458388,0.7499342173190715,0.039542098696344355,1
2010-02-23,train,train,-0.0246715511724896,0.0165548239372794,-0.0383054425448763,0.005976478526225341,0.9012093250621523,0.09281419641162214,1
2010-02-24,train,train,-0.005727709286417,0.0161116995713935,-0.0383054425448763,0.029972085477678455,0.9146678467911045,0.05536006773121721,1
2010-02-25,train,train,-0.0125417428069008,0.01592009328026,-0.0383054425448763,0.024783962550244842,0.9304598670568597,0.04475617039289532,1
2010-02-26,train,train,0.0202745616493494,0.0162143726012894,-0.0383054425448763,0.007766705917743705,0.9319518492665572,0.06028144481569942,1
2010-03-01,train,train,0.0097553207415501,0.0159009906322993,-0.0383054425448763,0.029088017041487814,0.9290862058707502,0.04182577708776164,1
2010-03-02,train,train,0.008264796385622,0.0155489364414711,-0.0383054425448763,0.06207747242244722,0.9093804932531502,0.02854203432440228,1
2010-03-03,train,train,0.0134996994926385,0.01543365712256,-0.0383054425448763,0.0576498868693803,0.9154735994674378,0.02687651366318176,1
2010-03-04,train,train,0.0075479705663342,0.0150772748673743,-0.0383054425448763,0.1045724816184245,0.8762709553845304,0.019156562997045365,1
2010-03-05,train,train,0.0252252304275484,0.0158702079188695,-0.0383054425448763,0.006154054467564194,0.9424663162118893,0.05137962932054669,1
2010-03-08,train,train,0.0052945904461354,0.0154412969243001,-0.0383054425448763,0.038557924261282,0.9297422581326693,0.03169981760604854,1
2010-03-09,train,train,-0.0068384608576906,0.0150643122802292,-0.0383054425448763,0.06515865842251628,0.9128408383041149,0.022000503273368784,1
2010-03-10,train,train,0.0106853672904096,0.014838063170628,-0.0383054425448763,0.08623372649958416,0.894866441291751,0.01889983220866486,1
2010-03-11,train,train,-0.0068210445716177,0.0144827356006762,-0.0383054425448763,0.11932370722572097,0.866046795050818,0.014629497723460711,1
2010-03-12,train,train,0.0028568022453749,0.0140589591291282,-0.0383054425448763,0.22185678375258167,0.7677957203763616,0.010347495871056878,1
2010-03-15,train,train,-0.0108193834642666,0.0138859142802928,-0.0383054425448763,0.17584962291080622,0.8123665809969554,0.011783796092238206,1
2010-03-16,train,train,0.0092201806688682,0.0136510147011002,-0.0383054425448763,0.22661683129100804,0.7625454358058962,0.010837732903095715,1
2010-03-17,train,train,0.0096733095064879,0.0134455779063592,-0.0383054425448763,0.27288573068019195,0.7168913152180293,0.01022295410177875,1
2010-03-18,train,train,-0.0083901269746392,0.0131969771220856,-0.0383054425448763,0.28193109269676087,0.7083820641497675,0.009686843153471895,1
2010-03-19,train,train,-0.007496332432874,0.0129260315970466,-0.0383054425448763,0.3137255238384794,0.6774890914724384,0.008785384689082326,1
2010-03-22,train,train,-0.0117972639174767,0.0128610995421579,-0.0383054425448763,0.22084193235619531,0.7678098118145492,0.011348255829255161,1
2010-03-23,train,train,0.0122884992847883,0.012827464341312,-0.0383054425448763,0.2080011984137286,0.7792712041323013,0.01272759745397007,1
2010-03-24,train,train,-0.0118835491800283,0.0127727966948833,-0.0383054425448763,0.14201589767796435,0.8435507859262286,0.014433316395807052,1
2010-03-25,train,train,0.0205037616556835,0.0133633801789172,-0.0383054425448763,0.03103531288340203,0.9404489780044285,0.02851570911216943,1
2010-03-26,train,train,-0.0018319080372406,0.0129640459441223,-0.0383054425448763,0.0803517579156997,0.9014297669470233,0.01821847513727705,1
2010-03-29,train,train,0.0017958081525538,0.0125768037919847,-0.0383054425448763,0.16538507940216818,0.8222451420896092,0.012369778508222405,1
2010-03-30,train,train,-0.0099946861884453,0.0124370036232642,-0.0383054425448763,0.14755893350983335,0.8398417185177656,0.012599347972401266,1
2010-03-31,train,train,-0.0100129427252177,0.0123050338032324,-0.0383054425448763,0.13242440099913869,0.8547610889044931,0.012814510096368453,1
2010-04-01,train,train,0.01792280844105,0.0127123030655206,-0.0383054425448763,0.05155298399500927,0.9271260405492575,0.02132097545573326,1
2010-04-06,train,train,0.0083405423876364,0.0124932129220254,-0.0383054425448763,0.09056334161675154,0.8927165095180478,0.016720148865200617,1
2010-04-07,train,train,0.0027469922121891,0.0121312944462241,-0.0383054425448763,0.179548432295672,0.8087980975458273,0.01165347015850076,1
2010-04-08,train,train,-0.0103289230861668,0.0120307691263579,-0.0383054425448763,0.1527132189802636,0.8349263926371338,0.012360388382602611,1
2010-04-09,train,train,0.0282967395962206,0.0135682485874928,-0.0383054425448763,0.0032724053931349204,0.9419743985733211,0.05475319603354406,1
2010-04-12,train,train,0.0058280346692017,0.0132321384074686,-0.0383054425448763,0.0328634000239273,0.9331357849476994,0.03400081502837328,1
2010-04-13,train,train,1.7467696159050105e-05,0.0128290348791936,-0.0383054425448763,0.0877620404253525,0.8915872346709197,0.020650724903727873,1
2010-04-14,train,train,0.0037187760117223,0.0124715213778109,-0.0383054425448763,0.1721984441999284,0.8140580029519624,0.013743552848108988,1
2010-04-15,train,train,0.001719690587804,0.0120989237079845,-0.0383054425448763,0.29829461077018227,0.6924782018728326,0.009227187356985307,1
2010-04-16,train,train,-0.0231584556753158,0.0130299563220321,-0.0377191500620043,0.015622790359808392,0.9532239399853861,0.031153269654805433,1
2010-04-19,train,train,-0.0053608678657788,0.0127010751633585,-0.0377191500620043,0.04444452161862383,0.9345140751535974,0.021041403227778786,1
2010-04-20,train,train,0.0094290190036578,0.0125288728802413,-0.0377191500620043,0.07387643339784156,0.9087113430365823,0.017412223565576323,1
2010-04-21,train,train,-0.0215381996690225,0.0132434111545799,-0.0377191500620043,0.005769856243904799,0.9598639846994862,0.034366159056609016,1
2010-04-22,train,train,-0.0221880052149125,0.0139428518314481,-0.0377191500620043,0.0011148866764301235,0.942377303094404,0.056507810229165706,1
2010-04-23,train,train,0.0088592533714929,0.01369116913854,-0.0363534889529107,0.023356797147906214,0.9383464594840576,0.038296743368035985,1
2010-04-26,train,train,0.0019306541615814,0.0132825024436964,-0.0363534889529107,0.0724983227618707,0.9043907223220965,0.023110954916032767,1
2010-04-27,train,train,-0.0428072443279408,0.0166068356080836,-0.0429030851704523,3.321598089059147e-07,0.6109577154162191,0.38904195242397205,1
2010-04-28,train,train,-0.0304074406895149,0.0177402513098395,-0.0448150483427941,1.511474321384603e-05,0.3376898426072149,0.6622950426495713,2
2010-04-29,train,train,0.0265932097423287,0.018391994285777,-0.0448150483427941,0.00010998994570396024,0.21143364298306397,0.7884563670712322,2
2010-04-30,train,train,0.0048917842931829,0.017871913713809,-0.0448150483427941,0.010297944402068129,0.3567882845905612,0.6329137710073709,2
2010-05-03,train,train,-0.0066364538970934,0.0174035494375687,-0.0326287453966484,0.027449713215354006,0.5032378255345169,0.4693124612501292,1
2010-05-04,train,train,-0.0556008084391203,0.0216840382537333,-0.0429384978188586,4.345666119904093e-13,0.0050827013337175105,0.994917298665848,2
2010-05-05,train,train,-0.0229717903785927,0.021763452237223,-0.0429384978188586,4.1947463312835785e-06,0.025147151504169466,0.9748486537494992,2
2010-05-06,train,train,-0.0297687724565168,0.0223248688887314,-0.0429384978188586,6.017007259538879e-07,0.01960067044013262,0.9803987278591415,2
2010-05-07,train,train,-0.0333205827462957,0.0231324762772659,-0.0439095451711189,6.807132758351651e-08,0.01146317654946893,0.9885367553792036,2
2010-05-10,train,train,0.1348363669385081,0.0399231201454211,-0.0439095451711189,2.192171232634275e-69,3.263504939457065e-17,1.0000000000000002,2
2010-05-11,train,train,-0.0337253691218017,0.0395786334044152,-0.0440444739629542,8.512428686848617e-09,0.006695035771662893,0.9933049557159083,2
2010-05-12,train,train,0.008080316681491,0.0384239198923251,-0.0440444739629542,0.00042906123645236084,0.06255439678580266,0.937016541977745,2
2010-05-13,train,train,-0.0111924461590386,0.0373541164232229,-0.0440444739629542,0.001523860607882838,0.131568990341758,0.8669071490503593,2
2010-05-14,train,train,-0.0687388092021584,0.0399388488362641,-0.0557156206564065,2.001626247634395e-20,3.510886573280853e-05,0.9999648911342671,2
2010-05-17,train,train,-0.0030752052393968,0.0387294766401491,-0.0557156206564065,0.0002020451967394531,0.05780131940519192,0.9419966353980685,2
2010-05-18,train,train,0.0361153539210776,0.0385776249463513,-0.0557156206564065,1.591145541672346e-07,0.014217584477485116,0.9857822564079607,2
2010-05-19,train,train,-0.0264274010978039,0.0379584458248533,-0.0557156206564065,1.9086465631967038e-06,0.022627967442324606,0.9773701239111122,2
2010-05-20,train,train,-0.0113692554107163,0.0369072972593181,-0.0557156206564065,0.00043790904087186665,0.07735490049220432,0.9222071904669239,2
2010-05-21,train,train,0.0146486626271775,0.0359624064063335,-0.0557156206564065,0.0013891934749399356,0.13035383093853664,0.8682569755865231,2
2010-05-24,train,train,-0.0127734563949376,0.0350069516718986,-0.0557156206564065,0.0024826506956636897,0.20591136072841829,0.7916059885759181,2
2010-05-25,train,train,-0.0309990543250916,0.0347795047057908,-0.0557156206564065,4.329455987537389e-06,0.08051407057144712,0.9194815999725654,2
2010-05-26,train,train,0.0042333144571445,0.0337359210308967,-0.0557156206564065,0.004496702709459143,0.1842740047747219,0.8112292925158188,2
2010-05-27,train,train,0.0318133317564586,0.0336236659271638,-0.0557156206564065,1.1569055819126918e-05,0.06621029619070183,0.9337781347534789,2
2010-05-28,train,train,0.0096586859713685,0.0326850924526799,-0.0557156206564065,0.0022815941019161947,0.14409424305659246,0.8536241628414912,2
2010-05-31,train,train,-0.0070375620352085,0.0317362251896123,-0.0557156206564065,0.008831789452356461,0.2614940230473692,0.7296741875002744,2
2010-06-01,train,train,-0.0063990717286606,0.0308093102335633,-0.0557156206564065,0.02428392102646227,0.404494362276835,0.5712217166967027,2
2010-06-02,train,train,-0.0034145595980443,0.0298824419062229,-0.0557156206564065,0.06602771496607238,0.5478528283688183,0.3861194566651095,1
2010-06-03,train,train,0.0008843955950966,0.028972912238092,-0.0557156206564065,0.15817492308139847,0.6219095791869484,0.21991549773165292,1
2010-06-04,train,train,-0.0387748497565,0.0296525412631221,-0.0557156206564065,3.082419253800858e-06,0.22564381247183252,0.7743531051089136,2
2010-06-07,train,train,-0.0144596323154395,0.028966561224304,-0.0557156206564065,0.0017461833464455033,0.2961881372835125,0.7020656793700419,2
2010-06-08,train,train,-0.0143717802088226,0.0283039017273928,-0.0557156206564065,0.0030469800620785675,0.3717365353183041,0.6252164846196172,2
2010-06-09,train,train,0.0226825689479683,0.0279984667055008,-0.0557156206564065,0.0007714871547059588,0.3107369649798478,0.6884915478654462,2
2010-06-10,train,train,0.0364795171441676,0.0285783939340858,-0.0557156206564065,8.116815289160733e-07,0.06618238307475988,0.9338168052437114,2
2010-06-11,train,train,0.0387577623377705,0.0292890930611815,-0.0557156206564065,3.045982922194315e-08,0.010688245002001221,0.9893117245381695,2
2010-06-14,train,train,0.0023294878007172,0.028402561588888,-0.0557156206564065,0.0008720574787119433,0.07650412822366044,0.9226238142976275,2
2010-06-15,train,train,0.0163514105370629,0.0278270604289249,-0.0557156206564065,0.0011396696232826714,0.11829435042948093,0.8805659799472366,2
2010-06-16,train,train,-0.0060437093480023,0.0270199215385449,-0.0557156206564065,0.006843554503583672,0.23182152659837496,0.7613349188980413,2
2010-06-17,train,train,0.0073874604423855,0.0262592091400225,-0.0557156206564065,0.02349943066564157,0.3645045965578314,0.6119959727765272,2
2010-06-18,train,train,0.0219709263386018,0.0260218484552972,-0.0557156206564065,0.0030853489284609283,0.3239869090976345,0.6729277419739049,2
2010-06-21,train,train,0.0099883269783698,0.0253474732815371,-0.0557156206564065,0.013500188474008164,0.4477148611906769,0.5387849503353146,2
2010-06-22,train,train,-0.0055556530296609,0.0246129367302624,-0.0557156206564065,0.03744160811251897,0.5909785975825662,0.37157979430491456,1
2010-06-23,train,train,-0.0130741572798859,0.0240770610858837,-0.0557156206564065,0.02570946418310539,0.6752448509433402,0.2990456848735541,1
2010-06-24,train,train,-0.0307637869699294,0.0245297210262417,-0.0557156206564065,5.001709456281758e-05,0.4097935756333383,0.590156407272099,2
2010-06-25,train,train,-0.0053866252260072,0.0238190202293725,-0.0557156206564065,0.013507432506887303,0.5657166627326248,0.4207759047604878,1
2010-06-28,train,train,0.0159703923328706,0.0234223864514693,-0.0557156206564065,0.011934894349278484,0.6129519491458055,0.37511315650491595,1
2010-06-29,train,train,-0.0560497847700867,0.0265365106640537,-0.0601298008037884,2.1958697916963283e-13,0.006900244643488152,0.9930997553562924,2
2010-06-30,train,train,0.0111813174184377,0.0258734714694944,-0.0601298008037884,0.0002819058800896021,0.05636773865466794,0.9433503554652426,2
2010-07-01,train,train,-0.0092400755934371,0.0251871608989208,-0.0601298008037884,0.0018463871918999728,0.13202570532246288,0.8661279074856371,2
2010-07-02,train,train,0.0078788932530803,0.0244960018621987,-0.0601298008037884,0.009253563160929325,0.24120423057602003,0.7495422062630503,2
2010-07-05,train,train,0.0033131620008586,0.0237636167984906,-0.0601298008037884,0.03689471556934769,0.39036543771836724,0.5727398467122853,2
2010-07-06,train,train,0.0353012438682245,0.024608892365635,-0.0601298008037884,1.2884571915257859e-05,0.10983104368840241,0.8901560717396823,2
2010-07-07,train,train,0.0379999964688414,0.025610578133918,-0.0601298008037884,8.347715789198684e-08,0.017964273279967698,0.9820356432428745,2
2010-07-08,train,train,0.0092785359797672,0.0249341750095723,-0.0601298008037884,0.0007614260247673726,0.07692004570267272,0.9223185282725599,2
2010-07-09,train,train,0.0046317718640189,0.0242011879262056,-0.0601298008037884,0.006462651249043906,0.17766259409228874,0.8158747546586673,2
2010-07-12,train,train,-0.0068463969602429,0.023523775978728,-0.0601298008037884,0.01742328788685452,0.30408374266909405,0.6784929694440514,2
2010-07-13,train,train,0.0198157878362733,0.0233179304607821,-0.0601298008037884,0.0044858075129602755,0.30397310457106114,0.6915410879159785,2
2010-07-14,train,train,0.001850231307415,0.02261211466159,-0.0601298008037884,0.026756815943899587,0.4665056108397298,0.5067375732163707,2
2010-07-15,train,train,-0.0115762009330685,0.0221058763993497,-0.0601298008037884,0.02609599943946933,0.5737267899506386,0.4001772106098921,1
2010-07-16,train,train,-0.0167232984109786,0.0218203965977909,-0.0601298008037884,0.008423631504471599,0.6174616094472245,0.3741147590483043,1
2010-07-19,train,train,-0.0062144567955525,0.0212103534534345,-0.0601298008037884,0.028973408849539688,0.730108217885273,0.24091837326518728,1
2010-07-20,train,train,0.0131560572184326,0.0208151689518611,-0.0601298008037884,0.03428496975807967,0.7800650899758558,0.1856499402660648,1
2010-07-21,train,train,-0.0020395906321012,0.0201872380176597,-0.0601298008037884,0.08661375731449031,0.8116673958393938,0.10171884684611572,1
2010-07-22,train,train,0.0257686039638332,0.02056488174217,-0.0601298008037884,0.003981855693061928,0.7984993369893165,0.19751880731762164,1
2010-07-23,train,train,0.0082451270430814,0.0200404198210184,-0.0601298008037884,0.026709824573565973,0.8484044045612491,0.12488577086518475,1
2010-07-26,train,train,0.0113426137567934,0.0196275473306436,-0.0601298008037884,0.04249560285013317,0.869434188882926,0.08807020826694065,1
2010-07-27,train,train,0.0130771441339462,0.0192973282939803,-0.0545211479095817,0.045987889013341665,0.8851116064973302,0.06890050448932793,1
2010-07-28,train,train,-0.0001033036432608,0.0187094710461594,-0.0545211479095817,0.11002272648097003,0.8524428988451921,0.03753437467383814,1
2010-07-29,train,train,0.0014645199929874,0.0181430520460601,-0.0545211479095817,0.21188392211999174,0.7673493168109975,0.020766761069010785,1
2010-07-30,train,train,-0.0150953378888159,0.017974767616076,-0.0545211479095817,0.0829814594871471,0.8914212943264773,0.025597246186375308,1
2010-08-02,train,train,0.0314624286811926,0.019055177766475,-0.0545211479095817,0.0005258320459446531,0.8825022526209657,0.11697191533308948,1
2010-08-03,train,train,0.0033169391473412,0.0184925373285462,-0.0545211479095817,0.03038831523034808,0.9035512010247999,0.06606048374485216,1
2010-08-04,train,train,-0.00258816646544,0.0179403850843839,-0.0545211479095817,0.07700101457116781,0.8856056042739001,0.037393381154931925,1
2010-08-05,train,train,-0.0003043640047623,0.0173940084570599,-0.0545211479095817,0.15842581851310278,0.8201939289674762,0.02138025251942083,1
2010-08-06,train,train,-0.0175798770546589,0.0174052165464101,-0.0419412296172261,0.035185675634277006,0.9341890135360035,0.030625310829719928,1
2010-08-09,train,train,0.0150489631752147,0.0172729078850297,-0.0419412296172261,0.02943773022556294,0.9394554223637548,0.03110684741068248,1
2010-08-10,train,train,-0.0087408728862713,0.0168830186141364,-0.0419412296172261,0.04391368573069835,0.9327937842946405,0.023292529974661094,1
2010-08-11,train,train,-0.0325914836838103,0.0182117112594199,-0.0424720394034656,5.7346948620941256e-05,0.8779677212304772,0.12197493182090186,1
2010-08-12,train,train,-0.0031277850066638,0.0176735232401343,-0.0424720394034656,0.026373817337621112,0.9046308451854459,0.06899533747693294,1
2010-08-13,train,train,-0.0064603977404607,0.0172080336655381,-0.0424720394034656,0.05313549398893609,0.904386820629167,0.04247768538189686,1
2010-08-16,train,train,-0.0017044840416321,0.0166890309253451,-0.0424720394034656,0.1160201036938786,0.8593714573883354,0.024608438917786114,1
2010-08-17,train,train,0.0107817013339963,0.0163947257693694,-0.0424720394034656,0.13736664503931997,0.8423727944387369,0.020260560521943076,1
2010-08-18,train,train,0.0020712439426827,0.0159033711570177,-0.0424720394034656,0.25012655125325034,0.7373301484485052,0.012543300298244497,1
2010-08-19,train,train,-0.0148337742845368,0.0158412320505656,-0.0424720394034656,0.10480442536311259,0.8772355459282721,0.01796002870861533,1
2010-08-20,train,train,-0.0141353174744487,0.0157440905394145,-0.0424720394034656,0.04952996020509266,0.9297177848845752,0.020752254910331884,1
2010-08-23,train,train,0.0124930415355448,0.015568184509024,-0.0424720394034656,0.05591498227465822,0.9240295386686368,0.020055479056704986,1
2010-08-24,train,train,-0.016662489718031,0.0156360027049372,-0.0424720394034656,0.016733947133722914,0.9573334176171555,0.025932635249121885,1
2010-08-25,train,train,-0.0158729473511618,0.0156503205465652,-0.0424720394034656,0.009075421637714574,0.9618412672303516,0.02908331113193381,1
2010-08-26,train,train,0.0110965333542454,0.0154150758793636,-0.0424720394034656,0.02651439409448946,0.9493248688548441,0.024160737050666535,1
2010-08-27,train,train,0.0142712514395964,0.0153488503661896,-0.0398016851412754,0.027970948864570713,0.9472377248374994,0.024791326297929767,1
2010-08-30,train,train,-0.0012029273610271,0.0148841794252828,-0.0398016851412754,0.07713334536980683,0.9065201678186462,0.01634648681154704,1
2010-08-31,train,train,0.0050189598948861,0.0144830199488836,-0.0398016851412754,0.14945023700542948,0.8383577179383317,0.012192045056238792,1
2010-09-01,train,train,0.0345204670667103,0.0163912218464519,-0.0398016851412754,0.00026721800850582924,0.8899822540831741,0.10975052790832018,1
2010-09-02,train,train,-0.0006830534597623,0.0158927599278464,-0.0398016851412754,0.029889685084508604,0.9091770631364134,0.0609332517790778,1
2010-09-03,train,train,0.0058476624094113,0.0154750359733339,-0.0398016851412754,0.07463080546079374,0.8887308021940372,0.0366383923451691,1
2010-09-06,train,train,0.0021958088025032,0.0150132417768864,-0.0398016851412754,0.15680675467774638,0.8219908852112454,0.02120236011100848,1
2010-09-07,train,train,-0.0136104929671111,0.0149327932437518,-0.0398016851412754,0.0804756338031263,0.8966341614971507,0.022890204699723086,1
2010-09-08,train,train,0.010168534889441,0.0146905738936526,-0.0398016851412754,0.10779802109719633,0.8733745156654156,0.018827463237387716,1
2010-09-09,train,train,0.0118973866631573,0.0145381240952929,-0.0398016851412754,0.11345795093935461,0.8686731010923604,0.017868947968284886,1
2010-09-10,train,train,-0.0021773917856108,0.0141053213780052,-0.0398016851412754,0.20160753714331975,0.7863835406972726,0.01200892215940781,1
2010-09-13,train,train,0.0070474649247426,0.0137841391250281,-0.0398016851412754,0.2928807639726563,0.6975723534908013,0.009546882536541984,1
2010-09-14,train,train,0.0038382987507376,0.013397249500216,-0.0398016851412754,0.43828860941289344,0.5550818364893834,0.0066295540977232455,1
2010-09-15,train,train,-0.005083863256716,0.0130486725936991,-0.0398016851412754,0.5294983864490999,0.46526704341763936,0.005234570133260839,0
2010-09-16,train,train,-0.0032605821218755,0.0126763428802045,-0.0354070485028519,0.6466712576938779,0.3496489237542054,0.0036798185519168075,0
2010-09-17,train,train,-0.0120346837347807,0.0126387620217841,-0.0354070485028519,0.5077053673098055,0.4859218715417199,0.006372761148474473,0
2010-09-20,train,train,0.0144857524631799,0.0127571246204686,-0.0354070485028519,0.3903503053279507,0.5995164486998387,0.01013324597221078,1
2010-09-21,train,train,0.0018042198888985,0.0123763842632525,-0.0222982197164826,0.551522121931187,0.4426061190457161,0.005871759023096701,0
2010-09-22,train,train,-0.0194492413660104,0.0129104908337593,-0.0232068673681598,0.1175060435393686,0.8620673796495594,0.02042657681107228,1
2010-09-23,train,train,-0.005100549091324,0.012579382465624,-0.0232068673681598,0.17735392739732792,0.8084310883531982,0.014214984249474122,1
2010-09-24,train,train,0.0213017407197069,0.0132654536629864,-0.0232068673681598,0.03216639903302361,0.936992403450354,0.030841197516622183,1
2010-09-27,train,train,-0.0107401692964619,0.0131276425691267,-0.0232068673681598,0.03509211476873566,0.9396992877523165,0.02520859747894777,1
2010-09-28,train,train,-0.0021033909458043,0.0127381456525523,-0.0232068673681598,0.08582679383478675,0.8975939439691962,0.01657926219601716,1
2010-09-29,train,train,-0.0098589811998183,0.0125839860141213,-0.0232068673681598,0.08377741087371592,0.9008733693087937,0.015349219817490756,1
2010-09-30,train,train,0.0026379547905007,0.0122177260606051,-0.0232068673681598,0.1693641034575985,0.819548872438467,0.011087024103934699,1
2010-10-01,train,train,-0.0061437528397377,0.0119407370887988,-0.0232068673681598,0.22270343780813634,0.7677335823983559,0.009562979793507596,1
2010-10-04,train,train,-0.0064416636847677,0.0116840075296127,-0.0232068673681598,0.2759105802198931,0.7155388815245787,0.008550538255527856,1
2010-10-05,train,train,0.0255027529315082,0.0129363246117302,-0.0232068673681598,0.0166199527275606,0.9472437604616876,0.03613628681075209,1
2010-10-06,train,train,0.0045898755521627,0.0125925216794538,-0.0232068673681598,0.057308542416490346,0.9196744585496271,0.023016999033882598,1
2010-10-07,train,train,0.0037405560795769,0.0122432353444557,-0.0232068673681598,0.12524307609524385,0.8594039593849123,0.01535296451984387,1
2010-10-08,train,train,-0.0018172437799052,0.0118786003171705,-0.0232068673681598,0.22065513369481107,0.7686981921112409,0.010646674193948134,1
2010-10-11,train,train,-0.0018672766025451,0.0115258093026044,-0.0232068673681598,0.3449346925783273,0.6474288982704159,0.00763640915125675,1
2010-10-12,train,train,-0.0049276096061327,0.0112396843132283,-0.0232068673681598,0.4386154400552993,0.5551822929788122,0.006202266965888532,1
2010-10-13,train,train,0.0202569532580346,0.0119737764540374,-0.0232068673681598,0.12826944024225267,0.8522066000623332,0.019523959695414282,1
2010-10-14,train,train,-0.0015103688146151,0.0116149006045835,-0.0232068673681598,0.22734982190714792,0.7601998473748911,0.01245033071796115,1
2010-10-15,train,train,0.0017036658648399,0.0112687936237129,-0.0232068673681598,0.3697484756138191,0.6221309832926155,0.008120541093565473,1
2010-10-18,train,train,0.0027106663774237,0.0109456580378881,-0.0232068673681598,0.5278543349067365,0.46681104286485703,0.005334622228406336,0
2010-10-19,train,train,-0.0002202902767959,0.0106123463832371,-0.0232068673681598,0.6735685152689458,0.3230736330359642,0.003357851695090254,0
2010-10-20,train,train,0.0001468954491984,0.0102891144764123,-0.0232068673681598,0.7890656756052141,0.20889162766299824,0.002042696731787518,0
2010-10-21,train,train,-0.0004222817268056,0.0099762028556762,-0.0232068673681598,0.8662545287798875,0.13251035713198148,0.0012351140881311452,0
2010-10-22,train,train,0.0029793195820164,0.009699779725481,-0.0232068673681598,0.9148914275958157,0.0843479247048695,0.0007606476993150994,0
2010-10-25,train,train,-0.0050011395491045,0.0094837369705648,-0.0232068673681598,0.9279242154481508,0.0714441480294829,0.0006316365223662018,0
2010-10-26,train,train,-0.0066918967281122,0.0093397901379222,-0.0232068673681598,0.927006958824973,0.07234498809446394,0.0006480530805627032,0
2010-10-27,train,train,-0.0090893499597216,0.0093249534043137,-0.0232068673681598,0.90368745644289,0.09538568131173261,0.0009268622453772818,0
2010-10-28,train,train,0.0049782372523861,0.0091227430853624,-0.0232068673681598,0.9328128128333772,0.06657201104658766,0.0006151761200352301,0
2010-10-29,train,train,0.0055086244280132,0.008947159968547,-0.0229010715892838,0.949089335563444,0.050466707544326854,0.0004439568922293359,0
2010-11-01,train,train,-0.0152269744658479,0.0094424687606377,-0.0229010715892838,0.8094194552078773,0.1882521524313754,0.0023283923607472744,0
2010-11-02,train,train,0.0105177345380305,0.009510413645401,-0.0229010715892838,0.813343118720937,0.1842630238579329,0.0023938574211301105,0
2010-11-03,train,train,-0.0180581897957771,0.0102267777313409,-0.0180566402932728,0.3893993314777884,0.5983973850757933,0.012203283446418516,1
2010-11-04,train,train,0.003145606877232,0.0099451221389101,-0.0180566402932728,0.5464403476863148,0.4467621914800859,0.006797460833599242,0
2010-11-05,train,train,-0.0166140675990032,0.010465790062266,-0.0180566402932728,0.21190384430847367,0.7718421327969934,0.01625402289453304,1
2010-11-08,train,train,-0.0131566190911668,0.0106464357173837,-0.0180566402932728,0.11835682566365435,0.8630429220809626,0.01860025225538308,1
2010-11-09,train,train,0.0114002205314166,0.010693161345702,-0.0180566402932728,0.13044831948949764,0.8524145333305021,0.017137147180000218,1
2010-11-10,train,train,-0.0168953308704931,0.0111628943336712,-0.0181342540107602,0.03394196473627893,0.9415240689194272,0.0245339663442936,1
2010-11-11,train,train,-0.0084279037883964,0.0110179567546081,-0.0181342540107602,0.050040886017025756,0.9307768251846562,0.019182288798317994,1
2010-11-12,train,train,0.0075872712667598,0.0108427694755608,-0.0181342540107602,0.09393302323162582,0.8909658343165064,0.015101142451867723,1
2010-11-15,train,train,0.0119458586710961,0.0109120998561016,-0.0181342540107602,0.10015540183022745,0.8843224070247837,0.015522191144988668,1
2010-11-16,train,train,-0.0248775688176105,0.0122091397604359,-0.0207949999931326,0.002598263005054665,0.9537801116157563,0.04362162537918879,1
2010-11-17,train,train,0.0092581307310312,0.0120524722420936,-0.0207949999931326,0.024453048408469985,0.9444643421505065,0.03108260944102372,1
2010-11-18,train,train,0.0132590581775757,0.0121282529386153,-0.0207949999931326,0.03119577733835151,0.940500661379778,0.028303561281870542,1
2010-11-19,train,train,-0.0052046206997605,0.0118276850135668,-0.0207949999931326,0.06581480521708565,0.9149188589657364,0.019266335817177974,1
2010-11-22,train,train,-0.0271674237830555,0.0132583792265054,-0.0238314113222254,0.0007723360267291605,0.9379875887324239,0.061240075240846834,1
2010-11-23,train,train,-0.0309449509449354,0.0149228999148982,-0.0276633145152004,3.0506392457370562e-05,0.8025164661627059,0.1974530274448369,1
2010-11-24,train,train,0.0052278406300243,0.014524847139197,-0.0276633145152004,0.025994313827584617,0.8579014859082503,0.11610420026416506,1
2010-11-25,train,train,-0.0021372181112372,0.0140920891079824,-0.0276633145152004,0.07175119046372805,0.8645927641095003,0.06365604542677149,1
2010-11-26,train,train,-0.0181228465499688,0.0143658626934167,-0.0276633145152004,0.014334864587644821,0.9128628488682492,0.07280228654410625,1
2010-11-29,train,train,-0.0235811482742339,0.0150784469858941,-0.0276633145152004,0.0009437230472804171,0.8811401933722613,0.11791608358045819,1
2010-11-30,train,train,-0.0061855154695591,0.0146974020082967,-0.0276633145152004,0.021931511529070274,0.9073848158275827,0.07068367264334711,1
2010-12-01,train,train,0.0434153780976822,0.0177805093168828,-0.0276633145152004,3.0516942427634757e-07,0.36475264780751454,0.6352470470230611,2
2010-12-02,train,train,0.0274346653518674,0.0185023612723303,-0.0276633145152004,8.493965108374716e-05,0.21528558097536402,0.7846294793735522,2
2010-12-03,train,train,0.0067327091811727,0.0180143524076724,-0.0276633145152004,0.009118653314487293,0.3524080252615491,0.6384733214239637,2
2010-12-06,train,train,-0.0125499178284298,0.017734032405456,-0.0276633145152004,0.009873320882560866,0.45245863193798536,0.5376680471794539,2
2010-12-07,train,train,0.0035125487005191,0.0172152964232019,-0.0276633145152004,0.04198881112516594,0.5993151290361722,0.3586960598386615,1
2010-12-08,train,train,0.0153679545545894,0.0171100814350459,-0.0276633145152004,0.030241631078693643,0.6562071982015594,0.3135511707197474,1
2010-12-09,train,train,0.0105704959420983,0.016789690782703,-0.0276633145152004,0.05035685805379729,0.7295047409313571,0.22013840101484547,1
2010-12-10,train,train,-0.0062637150375798,0.0163503559945457,-0.0276633145152004,0.08611592145459723,0.7821079082540179,0.13177617029138475,1
2010-12-13,train,train,0.00289051553944,0.0158680621842901,-0.0276633145152004,0.1780992006764696,0.753428740165815,0.06847205915771507,1
2010-12-14,train,train,0.001132230952208,0.0153871566720813,-0.0276633145152004,0.31184766764758887,0.655040981120703,0.03311135123170809,1
2010-12-15,train,train,-0.0151594990855688,0.0153735922859827,-0.0276633145152004,0.12791391593096954,0.8327788512939683,0.03930723277506207,1
2010-12-16,train,train,4.9949850165819565e-05,0.0149052557538722,-0.0276633145152004,0.23618476836879587,0.7426209483831415,0.02119428324806259,1
2010-12-17,train,train,-0.0112717743901917,0.0147125736707499,-0.0276633145152004,0.1767656714537425,0.8035411446615546,0.019693183884702904,1
2010-12-20,train,train,0.0098522074540114,0.014467072754335,-0.0276633145152004,0.21656674655058517,0.7675961726753879,0.015837080774026714,1
2010-12-21,train,train,0.0205259826564337,0.0149002476581835,-0.0276633145152004,0.04854232436437294,0.9198560509076825,0.03160162472794444,1
2010-12-22,train,train,-0.0019522749938497,0.0144542388287238,-0.0276633145152004,0.10755169530433419,0.873001947601934,0.01944635709373167,1
2010-12-23,train,train,-0.0075502772388431,0.014135413686685,-0.0276633145152004,0.1334316085345213,0.8513387988756148,0.015229592589863759,1
2010-12-27,train,train,-0.0207846759154761,0.0146199004806046,-0.0276633145152004,0.01262823521054157,0.9566570614166704,0.030714703372788085,1
2010-12-28,train,train,0.0004544885257744,0.0141749565871723,-0.0276633145152004,0.05366571812583632,0.9268800961679643,0.019454185706199483,1
2010-12-29,train,train,0.0078451573210621,0.0138768303368189,-0.0276633145152004,0.09693895735161027,0.8877070822062113,0.015353960442178545,1
2010-12-30,train,train,-0.0123385448398048,0.0137893733110275,-0.0276633145152004,0.06387932025181585,0.9194100351111176,0.01671064463706623,1
2011-01-03,train,train,0.0029573762968086,0.013388904802331,-0.0276633145152004,0.1376647039945715,0.8502922814574738,0.012043014547954468,1
2011-01-04,train,train,1.0172175928771066e-05,0.0129810250637582,-0.0276633145152004,0.24788776431680415,0.7432761406621885,0.008836095021007262,1
2011-01-05,train,train,-0.0088371287707311,0.0127703673282405,-0.0276633145152004,0.246526342484186,0.7441716791453103,0.009301978370503453,1
2011-01-06,train,train,-0.0101210651834101,0.0126270939817169,-0.0276633145152004,0.2129935586374109,0.776533034645983,0.010473406716606567,1
2011-01-07,train,train,-0.014743265802264,0.0127639619816378,-0.0276633145152004,0.0892691438515924,0.894921243354654,0.015809612793753664,1
2011-01-10,train,train,-0.012938098415331,0.012774477107767,-0.0276633145152004,0.05352513450146158,0.9288410911787112,0.01763377431982711,1
2011-01-11,train,train,0.0151738680027024,0.0129310017270147,-0.0276633145152004,0.03918684875358522,0.939725392968749,0.021087758277666183,1
2011-01-12,train,train,0.0527575665057525,0.0180049939389256,-0.0276633145152004,8.800412813586754e-10,0.21399797930214537,0.7860020198178134,2
2011-01-13,train,train,0.0263398290065909,0.018610647862503,-0.0276633145152004,7.233521028854728e-05,0.1340591419603479,0.8658685228293636,2
2011-01-14,train,train,0.0013779043216994,0.0180468489839514,-0.0276633145152004,0.007781878128098587,0.2659866876737677,0.7262314341981335,2
2011-01-17,train,train,-0.0101717994889457,0.0176735781053293,-0.0276633145152004,0.013098661874411143,0.38475238477998647,0.6021489533456025,2
2011-01-18,train,train,0.029086542702039,0.0185573613222332,-0.0276633145152004,0.000131024256539841,0.20197393195163352,0.7978950437918266,2
2011-01-19,train,train,-0.0025449914130292,0.0180028258494833,-0.0276633145152004,0.009931913881553182,0.35278381611367277,0.6372842700047738,2
2011-01-20,train,train,0.0075873485475638,0.0175530540286227,-0.0276633145152004,0.03153664968290633,0.4910425210832083,0.47742082923388546,1
2011-01-21,train,train,0.0179078121169599,0.0175745414585082,-0.0276633145152004,0.013379549744780325,0.5194122789283814,0.4672081713268384,1
2011-01-24,train,train,-0.0012658397447049,0.0170419710727301,-0.0276633145152004,0.049919450299948896,0.6557028749387477,0.29437767476130317,1
2011-01-25,train,train,-0.014059966390857,0.0168779148787955,-0.0276633145152004,0.026607996190219987,0.7280475471241502,0.24534445668562968,1
2011-01-26,train,train,0.0005905583795217,0.0163643849737316,-0.0276633145152004,0.07912928856935567,0.7846559448990992,0.1362147665315453,1
2011-01-27,train,train,0.0146983636346278,0.0162692354905363,-0.0276633145152004,0.058581037384037554,0.8257645126661887,0.1156544499497742,1
2011-01-28,train,train,-0.0075733965924044,0.0158823210582234,-0.0276633145152004,0.08294801581712671,0.8457750037347582,0.07127698044811474,1
2011-01-31,train,train,0.0054748950203479,0.0154567688536035,-0.0276633145152004,0.15720682229118604,0.8026285518378811,0.04016462587093305,1
2011-02-01,train,train,0.0148713396534769,0.015422269799723,-0.0276633145152004,0.10619396805789952,0.8544627984765966,0.039343233465504134,1
2011-02-02,train,train,0.003849276974704,0.0149821439528059,-0.0276633145152004,0.20005502824266627,0.777568029818249,0.022376941939084575,1
2011-02-03,train,train,-0.01367135990939,0.014906747602464,-0.0276633145152004,0.1020723409682767,0.8736791427801307,0.024248516251592942,1
2011-02-04,train,train,-0.0005526037725234,0.0144532618773174,-0.0276633145152004,0.19500658600863835,0.7901650262264628,0.01482838776489891,1
2011-02-07,train,train,0.0062358236955837,0.0140959604848482,-0.0276633145152004,0.2965671034283707,0.6928318668945909,0.010601029677038538,1
2011-02-08,train,train,0.0038834684911569,0.0136996064002689,-0.0276633145152004,0.4422558634662425,0.5507035342286234,0.00704060230513389,1
2011-02-09,train,train,-0.0026939821862359,0.0132986433515654,-0.0276633145152004,0.5744945537175518,0.42076348887446446,0.004741957407983791,0
2011-02-10,train,train,-0.0132276107318337,0.0132943920971582,-0.0272311743340749,0.3822036416071772,0.6089639172032514,0.008832441189571561,1
2011-02-11,train,train,0.0010834879056795,0.0128921234217451,-0.0272311743340749,0.5430956755528699,0.4514793443324575,0.005424980114672352,0
2011-02-14,train,train,-0.0026785669284896,0.0125165857481041,-0.0272311743340749,0.666177604900804,0.3302460738611759,0.0035763212380198585,0
2011-02-15,train,train,0.0047683335296794,0.0121913593967728,-0.0272311743340749,0.7731818713518833,0.22447337597968334,0.0023447526684334235,0
2011-02-16,train,train,0.0202621750540185,0.0128197048944187,-0.0251035917115484,0.37539713169945665,0.6114584566709746,0.013144411629568774,1
2011-02-17,train,train,0.0058842165922292,0.012512457147157,-0.0208295569132262,0.5049265554835657,0.4870085046616447,0.008064939854789663,0
2011-02-18,train,train,-0.0040484486021025,0.0121717412473691,-0.0208295569132262,0.6128661820345308,0.3820228349087448,0.005110983056724508,0
2011-02-21,train,train,-0.0235492007235547,0.0131352997368323,-0.0226383416377549,0.04714273252630874,0.92199121420654,0.030866053267151323,1
2011-02-22,train,train,-0.0100965618359053,0.0129730631263483,-0.0226383416377549,0.05045773543876928,0.9250554355300455,0.02448682903118514,1
2011-02-23,train,train,-0.0064213113331912,0.0126758171027224,-0.0198311252415332,0.08197964777937856,0.9003206098997765,0.01769974232084503,1
2011-02-24,train,train,0.0013344518765143,0.0122940068560667,-0.0198311252415332,0.16799715040238727,0.8199311984592056,0.012071651138407198,1
2011-02-25,train,train,0.0163113365905546,0.0125713018571911,-0.0198311252415332,0.08883233010264655,0.8929418600007865,0.01822580989656692,1
2011-02-28,train,train,0.0025929963295021,0.0122048674863526,-0.0198311252415332,0.1773474578868544,0.8102989087866568,0.01235363332648917,1
2011-03-01,train,train,-0.008226644797388,0.0120034130152721,-0.0198311252415332,0.19266485867024213,0.796034045697296,0.011301095632462073,1
2011-03-02,train,train,-0.0110346217828939,0.0119475010461512,-0.0198311252415332,0.14865770330687417,0.8386709327148176,0.012671363978308516,1
2011-03-03,train,train,-0.007251041047993,0.0117189107919506,-0.0198311252415332,0.181167084721543,0.8077561529503715,0.011076762328085538,1
2011-03-04,train,train,-0.0064750589827933,0.0114720739742452,-0.0198311252415332,0.2300041209753732,0.7603716593102351,0.009624219714391351,1
2011-03-07,train,train,-0.0002857907856017,0.011122808682015,-0.0198311252415332,0.36826849701753356,0.6247890115833059,0.006942491399160187,1
2011-03-08,train,train,0.0069311601898133,0.0109167907139744,-0.0198311252415332,0.47964821693840537,0.5145369259455477,0.0058148571160469955,1
2011-03-09,train,train,-0.0008708934186771,0.0105863708438707,-0.0198311252415332,0.6274744824376333,0.36870239875485955,0.003823118807507502,0
2011-03-10,train,train,-0.0118029405042566,0.0106632798452512,-0.0198311252415332,0.4979140448852807,0.49569435626919783,0.006391598845521691,0
2011-03-11,train,train,-0.0035710182049955,0.0103753715642321,-0.0196923808137649,0.6138519246424354,0.3817874691242401,0.004360606233324672,0
2011-03-14,train,train,0.001681538320298,0.0100677251282244,-0.0196923808137649,0.746623323455356,0.25077152775829187,0.0026051487863525003,0
2011-03-15,train,train,-0.0083102709233979,0.0099710170028563,-0.0196923808137649,0.7403288641450987,0.25682152346190174,0.002849612392999482,0
2011-03-16,train,train,-0.0232207443221034,0.011216420430749,-0.0225182069870447,0.08804970396268814,0.8863715459875372,0.02557875004977468,1
2011-03-17,train,train,0.0228236946258679,0.0122276270888941,-0.0225182069870447,0.010605123468997762,0.9393470675945086,0.05004780893649327,1
2011-03-18,train,train,0.0002712098557716,0.0118553104412624,-0.0225182069870447,0.04986696914715511,0.9209592647396483,0.02917376611319649,1
2011-03-21,train,train,0.0235386265886849,0.0128592184451496,-0.0225182069870447,0.005312083172456746,0.9374416357887737,0.05724628103876954,1
2011-03-22,train,train,0.0001606789891207,0.0124675369717969,-0.020504403615974,0.040363258830763166,0.9266415578091378,0.03299518336009936,1
2011-03-23,train,train,0.005835800729724,0.0121719556220009,-0.020504403615974,0.09045087342203476,0.8879839861030427,0.02156514047492226,1
2011-03-24,train,train,0.0109940275716616,0.0121045128765642,-0.020504403615974,0.10862525148679823,0.8726087556771969,0.018765992836004965,1
2011-03-25,train,train,-0.0042112485593243,0.0117810082304478,-0.020504403615974,0.17624459452918764,0.8106568012490688,0.013098604221743469,1
2011-03-28,train,train,0.0037835087842289,0.0114596475492724,-0.020504403615974,0.29626372118610594,0.6945379921149802,0.009198286698914199,1
2011-03-29,train,train,-0.0014893436615782,0.0111165282039345,-0.020504403615974,0.43749304307617615,0.5561450875496005,0.006361869374223356,1
2011-03-30,train,train,-0.0002515638253205,0.0107780501210484,-0.020504403615974,0.5923980805374567,0.40339046082987906,0.00421145863266411,0
2011-03-31,train,train,-0.0146233236564586,0.0110465776706097,-0.020504403615974,0.3341130922785956,0.6560387110063646,0.00984819671503993,1
2011-04-01,train,train,0.0143997290154101,0.0112759211278671,-0.0204644229007055,0.24526426495555445,0.7411349506083946,0.01360078443605094,1
2011-04-04,train,train,0.0024387282818613,0.0109487194311906,-0.0204644229007055,0.39051713085442474,0.600992372008641,0.008490497136934382,1
2011-04-05,train,train,-0.0072313042143889,0.0107619466357354,-0.0204644229007055,0.4295577044981922,0.5630771555030802,0.007365139998727628,1
2011-04-06,train,train,0.0154716422838255,0.011101019257911,-0.0204644229007055,0.2842465976919692,0.7031414158786593,0.012611986429371815,1
2011-04-07,train,train,0.000368762540282,0.0107632165266387,-0.0204644229007055,0.43625127830809185,0.5561023578254931,0.0076463638664149465,1
2011-04-08,train,train,0.0058909982100272,0.0105346215781101,-0.0204644229007055,0.5645129607508111,0.4301554994758346,0.005331539773354446,0
2011-04-11,train,train,-0.0032031255189814,0.0102437862859279,-0.0204644229007055,0.6779999795187173,0.3184736976199037,0.003526322861378762,0
2011-04-12,train,train,-0.0086600517737108,0.0101557293104365,-0.0204644229007055,0.6646602924993787,0.331457663259103,0.003882044241518285,0
2011-04-13,train,train,0.0001390789732671,0.009846403817379,-0.0204644229007055,0.7826772431662676,0.21507948767953472,0.0022432691541976035,0
2011-04-14,train,train,-0.0152557730498892,0.010251774711131,-0.0206752393651824,0.509124553446762,0.48351758374311005,0.0073578628101282385,0
2011-04-15,train,train,-0.0060525885789809,0.0100494269167203,-0.0206752393651824,0.5757079815103029,0.418763025174369,0.005528993315328119,0
2011-04-18,train,train,-0.0204469953469582,0.0109551950962247,-0.0224056467975387,0.09965822450922145,0.8779498619397786,0.02239191355100007,1
2011-04-19,train,train,0.0030499547364598,0.0106476971714184,-0.0224056467975387,0.19269808311842876,0.7930777072794982,0.014224209602073188,1
2011-04-20,train,train,0.0151974339230743,0.0109740041744912,-0.0224056467975387,0.12295568572577657,0.8585112285435367,0.01853308573068703,1
2011-04-21,train,train,0.0046117904878824,0.0106994933643931,-0.0224056467975387,0.2182780545951267,0.7691919576844106,0.012529987720462363,1
2011-04-26,train,train,0.006263360172405,0.0104863811488219,-0.0224056467975387,0.3243540617148512,0.6663441646172666,0.009301773667881996,1
2011-04-27,train,train,0.0084427373796203,0.0103751205819566,-0.0224056467975387,0.4037921461740156,0.5882796681256899,0.007928185700294731,1
2011-04-28,train,train,0.011745361630709,0.0104623969841953,-0.0224056467975387,0.39343014621170935,0.5976101618806209,0.008959691907669572,1
2011-04-29,train,train,0.0010208995175007,0.0101467521781649,-0.0224056467975387,0.5543241971112997,0.4402810205707672,0.005394782317933387,0
2011-05-02,train,train,-0.000147138517444,0.0098377072513766,-0.0224056467975387,0.69614404191016,0.30061362082511295,0.0032423372647270923,0
2011-05-03,train,train,-0.0047643721055086,0.009609141971037,-0.0224056467975387,0.7647373636716743,0.2328405772564439,0.0024220590718821767,0
2011-05-04,train,train,-0.0104930916824571,0.0096644591797865,-0.0224056467975387,0.6965590092320706,0.29984425322832303,0.003596737539606462,0
2011-05-05,train,train,-0.0079944467600981,0.0095724780335865,-0.0224056467975387,0.7008904778934575,0.2955793176929475,0.0035302044135948913,0
2011-05-06,train,train,-0.0015820683254337,0.0092889489164527,-0.0224056467975387,0.800962864460525,0.19695859098080032,0.0020785445586747695,0
2011-05-09,train,train,-0.0203941428992641,0.010298677659285,-0.0224056467975387,0.2396311961819179,0.7441349201770052,0.01623388364107667,1
2011-05-10,train,train,0.0074842751001844,0.0101518401417959,-0.0224056467975387,0.33071624096760527,0.6577650758413534,0.011518683191041457,1
2011-05-11,train,train,0.0054365494789759,0.0099322520599784,-0.0224056467975387,0.4638410908774852,0.5285950725979653,0.007563836524549641,1
2011-05-12,train,train,-0.004177200750552,0.0096838831824115,-0.0224056467975387,0.5720985545045999,0.4227129559352366,0.005188489560163477,0
2011-05-13,train,train,-0.0125792407149461,0.0098815573519072,-0.0224056467975387,0.40904477769784187,0.5823856986832675,0.008569523618890802,1
2011-05-16,train,train,0.0007143103871938,0.0095821229128437,-0.0224056467975387,0.5691240962434977,0.4257266826954323,0.005149221061069971,0
2011-05-17,train,train,-0.0055635579463043,0.0093896349964813,-0.0224056467975387,0.6417909880929318,0.3541810426065801,0.004027969300488434,0
2011-05-18,train,train,0.0036125619731969,0.009146494786842,-0.0213539608561085,0.762233734309552,0.23528476247191715,0.0024815032185305924,0
2011-05-19,train,train,0.0031948719238872,0.0089023197689809,-0.0213539608561085,0.8490512053538833,0.1494652461239606,0.0014835485221559403,0
2011-05-20,train,train,-0.014580410718764,0.0093408523185364,-0.0213539608561085,0.6432608027925987,0.35181955869359305,0.004919638513808274,0
2011-05-23,train,train,-0.0141709455542171,0.0096987304627224,-0.0213539608561085,0.4040941538325614,0.5858598925262696,0.010045953641169125,1
2011-05-24,train,train,0.0032873819326036,0.0094376831389635,-0.0213539608561085,0.5598955404546039,0.43420832438939494,0.005896135156001103,0
2011-05-25,train,train,0.0099836194777827,0.0094713267667322,-0.0213539608561085,0.5966361200703495,0.39784321206837686,0.0055206678612735125,0
2011-05-26,train,train,-0.0013907732519013,0.0091891089825497,-0.0213539608561085,0.7232356743244345,0.27359067787147434,0.00317364780409145,0
2011-05-27,train,train,0.0056684012316579,0.0090167170750207,-0.0213539608561085,0.8082447479518619,0.1896760858720114,0.0020791661761265638,0
2011-05-30,train,train,-0.0003509551999879,0.008742454219237,-0.0213539608561085,0.8787744000996924,0.12004562299634484,0.0011799769039630616,0
2011-05-31,train,train,0.0210680923087253,0.0099235349669695,-0.0213539608561085,0.4935243305852045,0.4958485756272457,0.010627093787549818,1
2011-06-01,train,train,-0.0131347905636804,0.0101449158131219,-0.0213539608561085,0.3155427728437711,0.670001357768466,0.014455869387763123,1
2011-06-02,train,train,-0.0076018566872621,0.0100105669844236,-0.0213539608561085,0.3453818096884832,0.6433996382892627,0.011218552022254009,1
2011-06-03,train,train,0.0024043016935853,0.0097234563950624,-0.0213539608561085,0.5040097082273086,0.48932517548675203,0.00666511628593936,0
2011-06-06,train,train,-0.0125225554219286,0.0099137143225128,-0.0213539608561085,0.34942462689117443,0.6405582502187714,0.010017122890054145,1
2011-06-07,train,train,0.0010232734811962,0.0096149702592016,-0.0213539608561085,0.5093255582886248,0.48457156410342256,0.006102877607952464,0
2011-06-08,train,train,-0.0084539945444471,0.0095492929228118,-0.0213539608561085,0.5081022235570907,0.485757911755484,0.006139864687425637,0
2011-06-09,train,train,0.003880312741318,0.0093070438499208,-0.0213539608561085,0.6519989989761251,0.34410360008522506,0.0038974009386499612,0
2011-06-10,train,train,-0.0170286430052323,0.0099409397074355,-0.0192899270838182,0.2711730053746121,0.7158633508522629,0.012963643773124804,1
2011-06-13,train,train,-0.0004623424608732,0.0096387639749048,-0.0192899270838182,0.41718207914702027,0.5748590983037491,0.007958822549230651,1
2011-06-14,train,train,0.0185672435230182,0.0103930734928928,-0.0192899270838182,0.16752034065322668,0.8139350620713597,0.018544597275413778,1
2011-06-15,train,train,-0.0198852578227101,0.0111919804660073,-0.0202421320229774,0.020623739065401343,0.9460536711601283,0.033322589774470175,1
2011-06-16,train,train,-0.0014708765699963,0.0108570074062538,-0.0202421320229774,0.06446158622011998,0.9148149693175731,0.020723444462306655,1
2011-06-17,train,train,0.0216127570881666,0.0117825637858409,-0.0202421320229774,0.01122046906915584,0.9505575507694525,0.038221980161391805,1
2011-06-20,train,train,-0.009626631130519,0.0116644503694237,-0.0202421320229774,0.02375275934394801,0.94772924052759,0.028518000128461923,1
2011-06-21,train,train,0.0191224377165637,0.0122407473517321,-0.0202421320229774,0.01005685658423645,0.9512531403648157,0.03869000305094819,1
2011-06-22,train,train,-0.0005572561755881,0.0118686298304359,-0.0202421320229774,0.04820516701895283,0.9282838786070222,0.023510954374025134,1
2011-06-23,train,train,-0.0281244887044801,0.0134116264301577,-0.0229885423169008,0.000411264706104538,0.9233388453809758,0.07624988991291956,1
2011-06-24,train,train,-0.0131510446254511,0.0133961344639569,-0.0229885423169008,0.0079616732279302,0.9312797133053227,0.06075861346674703,1
2011-06-27,train,train,0.0060452670888382,0.0130721745976847,-0.0229885423169008,0.03977522646227713,0.9228769130879493,0.03734786044977349,1
2011-06-28,train,train,0.0065122536107425,0.0127739348133239,-0.0229885423169008,0.08624361685024524,0.889433051276516,0.02432333187323885,1
2011-06-29,train,train,0.0206078567523614,0.0133740058162727,-0.0229885423169008,0.01867573544628102,0.9413912815607773,0.03993298299294143,1
2011-06-30,train,train,0.0210997178600928,0.0139586559276245,-0.0229885423169008,0.005375375182051777,0.9362770715721529,0.05834755324579531,1
2011-07-01,train,train,0.0126704530791688,0.0138847345549471,-0.0229885423169008,0.01821242765103203,0.935477278155618,0.04631029419334959,1
2011-07-04,train,train,-0.0022900796841024,0.0134734320178355,-0.0229885423169008,0.05847196833964118,0.9140333503416553,0.027494681318703276,1
2011-07-05,train,train,-0.0132610725544003,0.0134607849264619,-0.0229885423169008,0.03537548827901397,0.9381979106992683,0.026426601021718097,1
2011-07-06,train,train,-0.0122331391407319,0.0133903005410807,-0.0229885423169008,0.029287370213674693,0.9466009596039349,0.024111670182390285,1
2011-07-07,train,train,-0.0008136793155782,0.0129839078904371,-0.0229885423169008,0.08019368945920725,0.903854384227772,0.015951926313020736,1
2011-07-08,train,train,-0.0256291126954619,0.0140669128565693,-0.0247335322489667,0.001623080422255108,0.9513311255011755,0.04704579407656927,1
2011-07-11,train,train,-0.0272956498779162,0.0151890916519364,-0.0270164170926194,0.00015065793436473487,0.8864079752045133,0.11344136686112183,1
2011-07-12,train,train,-0.0069730786693484,0.0148250944167652,-0.0270164170926194,0.019315129629312703,0.9111881370994053,0.06949673327128228,1
2011-07-13,train,train,0.0065904829324217,0.0144638337557853,-0.0270164170926194,0.05562170848924371,0.9019413041614718,0.042436987349284444,1
2011-07-14,train,train,-0.0070905127452674,0.0141303524357867,-0.0270164170926194,0.08276364534199562,0.8892443155816716,0.027992039076332836,1
2011-07-15,train,train,-0.0119899493589846,0.0140111520404223,-0.0270164170926194,0.05907112441345052,0.9158573687615259,0.025071506825023848,1
2011-07-18,train,train,-0.0144862911444437,0.0140401138341944,-0.0270164170926194,0.02810771095409265,0.945380145969776,0.02651214307613154,1
2011-07-19,train,train,0.0102174308670772,0.0138405585978283,-0.0270164170926194,0.05033569314943135,0.9281551716856864,0.021509135164882,1
2011-07-20,train,train,0.0301432143718938,0.01531614184193,-0.0270164170926194,0.0005838638290019157,0.9112746146202865,0.0881415215507113,1
2011-07-21,train,train,0.0288419310240429,0.0164444692215508,-0.0270164170926194,0.00020625230665618,0.7865672792420135,0.21322646845133014,1
2011-07-22,train,train,0.0041540573556681,0.0159759414574125,-0.0270164170926194,0.02724182387418822,0.849114886313534,0.12364328981227768,1
2011-07-25,train,train,-0.0193827852878215,0.0162005680472771,-0.0270164170926194,0.004765304059213382,0.8556506863958999,0.1395840095448867,1
2011-07-26,train,train,-0.0033300033037229,0.0157281987548275,-0.0270164170926194,0.03345657734418884,0.8876574499503217,0.07888597270548976,1
2011-07-27,train,train,-0.0195214601765504,0.015981204784138,-0.0270164170926194,0.005381580137423717,0.9003702597280542,0.09424816013452177,1
2011-07-28,train,train,0.0014196889806243,0.0154982548365777,-0.0270164170926194,0.04042105837629367,0.9071535759649647,0.052425365658741785,1
2011-07-29,train,train,-0.0027271107859118,0.0150409566449429,-0.0270164170926194,0.09191495616472672,0.8778511426806233,0.030233901154649738,1
2011-08-01,train,train,-0.0329864690087897,0.0166716220700752,-0.029468869197062,8.714708139432438e-05,0.8429326120019188,0.15698024091668686,1
2011-08-02,train,train,-0.0220589341948326,0.0170429515685896,-0.029468869197062,0.0007323959992338308,0.7958458306389208,0.2034217733618455,1
2011-08-03,train,train,-0.0085057493710097,0.0166545889358122,-0.029468869197062,0.015639040685699695,0.8533406541976575,0.13102030511664287,1
2011-08-04,train,train,-0.0396346818312174,0.0188411064668542,-0.0335818798481624,4.180837718232877e-07,0.36024765791753915,0.639751923998689,2
2011-08-05,train,train,-0.0017628860934123,0.0182722336172762,-0.0335818798481624,0.01574520539941585,0.5286884480458701,0.45556634655471384,1
2011-08-08,train,train,-0.0247289421275575,0.0187225341449106,-0.0335818798481624,0.00041873009820004605,0.4126321564526333,0.5869491134491666,2
2011-08-09,train,train,-0.003611975568229,0.0181737192057441,-0.0335818798481624,0.016522077964393082,0.5743419532249979,0.409135968810609,1
2011-08-10,train,train,-0.0564838380223501,0.0224029565693277,-0.0430349962874524,1.5530749299802996e-13,0.005425359474646725,0.9945746405251981,2
2011-08-11,train,train,0.0349580096294807,0.0233474337240658,-0.0430349962874524,3.749832888420363e-08,0.006712707110423245,0.993287255391248,2
2011-08-12,train,train,0.0471066421469942,0.0254074525655675,-0.0430349962874524,1.1822633124099173e-11,0.0009981818996754376,0.999001818088502,2
2011-08-15,train,train,0.0071098700079005,0.0246949254344091,-0.0430349962874524,0.00021778724150806593,0.05519079341533755,0.9445914193431542,2
2011-08-16,train,train,-0.0039923693294279,0.023962581715043,-0.0430349962874524,0.003369143134773332,0.1463848684855933,0.8502459883796334,2
2011-08-17,train,train,0.0061945832413527,0.0232820826988298,-0.0430349962874524,0.015145454201131671,0.2676032685107217,0.7172512772881464,2
2011-08-18,train,train,-0.0481734373095302,0.0254710199254046,-0.0480973190543659,1.2173781473649786e-10,0.008434336708596349,0.991565663169666,2
2011-08-19,train,train,-0.0213622046174859,0.0252433577767518,-0.0480973190543659,1.086872811111815e-05,0.03138476876364232,0.9686043625082466,2
2011-08-22,train,train,0.0184967557363143,0.0248901844810464,-0.0480973190543659,0.00017666618284822673,0.060963993581082204,0.9388593402360694,2
2011-08-23,train,train,-0.0017015638184139,0.0241355282862459,-0.0480973190543659,0.004080261099318332,0.15859828297656037,0.8373214559241212,2
2011-08-24,train,train,0.0107275265630068,0.0235473372525729,-0.0480973190543659,0.01034221405871195,0.25577123608281016,0.7338865498584778,2
2011-08-25,train,train,-0.0083992859015798,0.0229225074196653,-0.0480973190543659,0.020751419232571854,0.38627131139253296,0.5929772693748951,2
2011-08-26,train,train,-0.0137826868531011,0.0224791595268545,-0.0480973190543659,0.01349359865530178,0.47373409147550977,0.5127723098691882,2
2011-08-29,train,train,0.0252719613606609,0.0226564378954996,-0.0480973190543659,0.0007367953178456271,0.3499931167521979,0.6492700879299564,2
2011-08-30,train,train,0.0059145598431397,0.0220139557670619,-0.0480973190543659,0.015714650559540164,0.5036041602289377,0.4806811892115221,1
2011-08-31,train,train,0.0319078182545634,0.0227293626296314,-0.0480973190543659,4.8338303264373876e-05,0.2248484614294581,0.7751032002672775,2
2011-09-01,train,train,0.0048627983761789,0.0220691028023155,-0.0480973190543659,0.010675351036344644,0.3729835302819198,0.6163411186817354,2
2011-09-02,train,train,-0.0345586588828705,0.0230104462107143,-0.0480973190543659,1.9587783532674514e-06,0.10773163846246289,0.8922664027591838,2
2011-09-05,train,train,-0.0480431071000228,0.0252230094381432,-0.050900127477301,1.0847527628230144e-11,0.0032757176488296042,0.996724282340323,2
2011-09-06,train,train,-0.0162598788353628,0.0247768281342488,-0.050900127477301,3.455490443517615e-05,0.03942590030815266,0.9605395447874121,2
2011-09-07,train,train,0.0273676345307586,0.0249398673781359,-0.050900127477301,8.78870300447338e-06,0.03224771274275267,0.9677434985542429,2
2011-09-08,train,train,0.0147497374758381,0.0244485265626588,-0.050900127477301,0.0004735155212370436,0.07743210175864626,0.9220943827201169,2
2011-09-09,train,train,-0.045424044299157,0.0261852487490464,-0.050900127477301,8.460708876518923e-11,0.00400961061311797,0.9959903893022749,2
2011-09-12,train,train,-0.0346638778571609,0.0267698016916869,-0.050900127477301,1.0076473580096636e-08,0.006656640476705773,0.9933433494468205,2
2011-09-13,train,train,0.025009567265379,0.0266674643140963,-0.050900127477301,5.389650267520002e-06,0.02188500842315517,0.978109601926577,2
2011-09-14,train,train,0.0266389874354537,0.0266657565589682,-0.050900127477301,6.870433654579347e-06,0.02604721615813854,0.9739459134082069,2
2011-09-15,train,train,0.0356735990463451,0.0272902026123954,-0.050900127477301,8.294244155299926e-08,0.00954332740345799,0.9904565896541003,2
2011-09-16,train,train,0.0060384190358376,0.0265001433840498,-0.050900127477301,0.0006664039504312617,0.0705258771951727,0.9288077188543961,2
2011-09-19,train,train,-0.019951220715512,0.0261534933784195,-0.050900127477301,0.00016855807661115115,0.08862309576692665,0.9112083461564621,2
2011-09-20,train,train,0.016822945518551,0.0256894062347991,-0.050900127477301,0.0007931143043166621,0.12773521472075428,0.871471670974929,2
2011-09-21,train,train,-0.0183321533616994,0.0253083568796427,-0.050900127477301,0.00045694024689191975,0.15375007738464797,0.84579298236846,2
2011-09-22,train,train,-0.0473247160039958,0.0271377942538086,-0.050900127477301,3.3945151827433855e-11,0.005232457057965525,0.9947675429080892,2
2011-09-23,train,train,0.0209892630550372,0.0268086783366867,-0.050900127477301,2.0396783727909636e-05,0.02996229958351595,0.9700173036327561,2
2011-09-26,train,train,0.0252874856844348,0.0267198491022081,-0.050900127477301,1.6288303341669766e-05,0.03428177597664023,0.9657019357200183,2
2011-09-27,train,train,0.0394706935468075,0.0276512107298404,-0.050900127477301,1.0421702705693016e-08,0.006308075717666957,0.9936919138606304,2
2011-09-28,train,train,-0.0060780745605318,0.0268501520844535,-0.050900127477301,0.0004003578756291364,0.06514107679333202,0.934458565331039,2
2011-09-29,train,train,0.0131556858244492,0.0262308816304653,-0.050900127477301,0.0016471706451194157,0.1247772928355794,0.8735755365193012,2
2011-09-30,train,train,-0.0053562378987046,0.025465603450742,-0.050900127477301,0.008723555440866287,0.24316593224501487,0.7481105123141187,2
2011-10-03,train,train,-0.0228170192896022,0.0253145042163488,-0.050900127477301,0.00040637066575638554,0.20199408899317606,0.7975995403410676,2
2011-10-04,train,train,-0.0154895430266867,0.0248348592282482,-0.050900127477301,0.001345166102005882,0.2591279180387392,0.7395269158592549,2
2011-10-05,train,train,0.030165036412089,0.0251865000390735,-0.050900127477301,2.1188037170138608e-05,0.11314089643217878,0.8868379155306512,2
2011-10-06,train,train,0.0264826224744255,0.0252661424588822,-0.050900127477301,3.502507654722798e-05,0.07410526699558179,0.925859707927871,2
2011-10-07,train,train,0.0106953666927118,0.0246361265134938,-0.050900127477301,0.002205283048241676,0.1496350875223621,0.8481596294293964,2
2011-10-10,train,train,0.0106271026645859,0.0240270373636901,-0.050900127477301,0.007466193731268618,0.24592653276428295,0.7466072735044483,2
2011-10-11,train,train,-0.0052881733876921,0.0233310629778047,-0.050900127477301,0.024277650687406435,0.3923599356059524,0.5833624137066411,2
2011-10-12,train,train,0.0202558601921932,0.0231580694795868,-0.050900127477301,0.005485632326668836,0.3814078890977703,0.6131064785755609,2
2011-10-13,train,train,-0.0092376929797857,0.0225663135978258,-0.050900127477301,0.014120530923661,0.5130173494267758,0.4728621196495632,1
2011-10-14,train,train,0.0035716351815233,0.0218963374449675,-0.050900127477301,0.05202390491706639,0.6451322553413553,0.30284383974157825,1
2011-10-17,train,train,-0.0124667032492043,0.0214477910118472,-0.050900127477301,0.03773552060490048,0.7268702294990589,0.23539424989604063,1
2011-10-18,train,train,-0.0059969916404222,0.0208462253047097,-0.050900127477301,0.07142499963135282,0.7874462783013755,0.1411287220672719,1
2011-10-19,train,train,0.0043259980669551,0.0202389243400916,-0.050900127477301,0.14917883263110138,0.7746581719644837,0.07616299540441482,1
2011-10-20,train,train,-0.0276457280492641,0.0207579958497864,-0.050900127477301,0.0012919415578844778,0.8040408617341442,0.19466719670797145,1
2011-10-21,train,train,0.0280411528221513,0.0212654438771797,-0.050900127477301,0.0002296563451544058,0.6306669726519837,0.3691033710028619,1
2011-10-24,train,train,0.0116900971816492,0.0208155100687649,-0.050900127477301,0.012089053445169596,0.7129522153561472,0.2749587311986831,1
2011-10-25,train,train,-0.0086900118834156,0.0202933316695292,-0.050900127477301,0.0262634725602709,0.7920904104049655,0.18164611703476308,1
2011-10-26,train,train,-0.0053183719801961,0.0197181960753445,-0.050900127477301,0.05909925793608774,0.8349612981621795,0.10593944390173259,1
2011-10-27,train,train,0.0483991569779694,0.0224950555644673,-0.050900127477301,1.2960081810207594e-08,0.13110564107226808,0.8688943459676501,2
2011-10-28,train,train,-0.0049851313123863,0.0218439228484645,-0.050900127477301,0.005488052906817656,0.2537329665371601,0.7407789805560222,2
2011-10-31,train,train,-0.0296512001895639,0.0223892645668853,-0.050900127477301,1.4764972636541916e-05,0.11636066010658282,0.8836245749207806,2
2011-11-01,train,train,-0.0428137082222026,0.0241077422103228,-0.050900127477301,7.242965197587594e-10,0.008838354474210542,0.9911616448014929,2
2011-11-02,train,train,-0.000594565132187,0.0233737769920139,-0.0478470868045162,0.0007516505738766903,0.07401366019136549,0.9252346892347578,2
2011-11-03,train,train,0.0159775428812648,0.0229971814884219,-0.0478470868045162,0.0011603880346898346,0.11805250615416467,0.8807871058111456,2
2011-11-04,train,train,-0.0134266661745073,0.0225378494293584,-0.0478470868045162,0.0018908402164898878,0.18617113810085667,0.8119380216826535,2
2011-11-07,train,train,-0.0140576934355932,0.0221209064500113,-0.0478470868045162,0.002522847075593567,0.25793168538565264,0.739545467538754,2
2011-11-08,train,train,0.0049543966797951,0.0214813219990667,-0.0478470868045162,0.01808174101337666,0.40904223890125024,0.5728760200853729,2
2011-11-09,train,train,-0.0211051816155889,0.021458939503143,-0.0478470868045162,0.0015540934651556634,0.3787668514873876,0.6196790550474566,2
2011-11-10,train,train,-0.003567159906869,0.0208235539068539,-0.0469306224677252,0.01808872466147945,0.5416540581056494,0.44025721723287153,1
2011-11-11,train,train,0.0290765102548892,0.0214086379853813,-0.0469306224677252,0.00021137429828145223,0.32163530488153924,0.6781533208201791,2
2011-11-14,train,train,-0.0217277389839744,0.0214279180520905,-0.0469306224677252,0.00028161368248989555,0.28266429072004623,0.717054095597464,2
2011-11-15,train,train,-0.0162077419941647,0.0211510705581832,-0.0469306224677252,0.0014463892589777908,0.33296495840920487,0.6655886523318175,2
2011-11-16,train,train,0.0080403383037722,0.0206010810642101,-0.0469306224677252,0.014035889241335524,0.4730040996083974,0.5129600111502671,2
2011-11-17,train,train,-0.0040423154233729,0.0199980170865071,-0.0469306224677252,0.04381640572179663,0.6156516042177475,0.34053199006045565,1
2011-11-18,train,train,0.0047645899705789,0.0194238905784593,-0.0469306224677252,0.10611928782945136,0.6917579989228483,0.20212271324770031,1
2011-11-21,train,train,-0.0354084703432853,0.0207334478564179,-0.0469306224677252,1.691106016783948e-05,0.3628176261669369,0.6371654627728953,2
2011-11-22,train,train,-0.0145802478085531,0.0204166188675658,-0.0469306224677252,0.0026230748005753486,0.4362948300011855,0.5610820951982392,2
2011-11-23,train,train,-0.0211716101545439,0.0204627039028716,-0.0469306224677252,0.000615445294501897,0.3969356351593239,0.602448919546174,2
2011-11-24,train,train,-0.0022637490994811,0.0198470750881515,-0.0469306224677252,0.017927285208027034,0.5625315272569069,0.41954118753506603,1
2011-11-25,train,train,0.0053857966864144,0.0192876233512137,-0.0469306224677252,0.055962827544894976,0.6767157816250934,0.2673213908300117,1
2011-11-28,train,train,0.0448845473962172,0.0216926030103301,-0.0451874895084518,7.779091814623351e-08,0.08863087049444072,0.9113690517146412,2
2011-11-29,train,train,0.000997065054857,0.0210331769394301,-0.0451874895084518,0.0052637392838595495,0.20131897631819048,0.7934172843979501,2
2011-11-30,train,train,0.0387923582548422,0.022497592843986,-0.0451874895084518,2.473000267184222e-07,0.029013047929118962,0.9709867047708544,2
2011-12-01,train,train,-0.0033786854932956,0.0218279205076228,-0.0451874895084518,0.001663213372245427,0.10591114027423848,0.892425646353516,2
2011-12-02,train,train,0.0162080104667822,0.0215321295524468,-0.0418489648564945,0.001849388925509075,0.15070583713673433,0.8474447739377566,2
2011-12-05,train,train,0.0170528853979858,0.0212899671419043,-0.0418489648564945,0.0018916112500173457,0.1895772431777335,0.8085311455722491,2
2011-12-06,train,train,0.0008037394047659,0.020642327840411,-0.0418489648564945,0.015689242853087756,0.3382790513318341,0.646031705815078,2
2011-12-07,train,train,-0.0078930727536897,0.0201066504570117,-0.0418489648564945,0.030845311645860695,0.47607832219382984,0.4930763661603094,2
2011-12-08,train,train,-0.0214091129907441,0.0201871681071776,-0.0418489648564945,0.0022318474158886064,0.4420433906080388,0.5557247619760727,2
2011-12-09,train,train,0.0220336528646489,0.0203026934747534,-0.0418489648564945,0.0010165671311990355,0.38595933868034676,0.613024094188454,2
2011-12-12,train,train,-0.0315574543021443,0.0211475713951253,-0.0418489648564945,4.80730476201616e-06,0.15589225308872323,0.8441029396065148,2
2011-12-13,train,train,-0.0063679536146955,0.0205625786163005,-0.0418489648564945,0.005503605674868664,0.28082003415100354,0.713676360174128,2
2011-12-14,train,train,-0.0176626318232183,0.0204002101647459,-0.0418489648564945,0.0018975875485809691,0.31147957098392215,0.6866228414674967,2
2011-12-15,train,train,0.0083250610868282,0.0198835826451326,-0.0365932109558774,0.013925165303791192,0.44843707771894087,0.5376377569772679,2
2011-12-16,train,train,-0.0057129873722963,0.0193285731692857,-0.0365932109558774,0.03759534474779111,0.5909091419682209,0.3714955132839881,1
2011-12-19,train,train,0.0060280269524885,0.0187978281418679,-0.0365932109558774,0.08925201693894981,0.6798769457653813,0.23087103729566902,1
2011-12-20,train,train,0.0241103168683284,0.0191581649708316,-0.0365932109558774,0.006343725606142217,0.6446296136560102,0.34902666073784727,1
2011-12-21,train,train,-0.0090300594399252,0.0187057661258752,-0.0365932109558774,0.018609567823827004,0.7423343915536904,0.23905604062248262,1
2011-12-22,train,train,0.0100349490091566,0.0183017309911266,-0.0365932109558774,0.03954221566072545,0.7990752657829964,0.16138251855627833,1
2011-12-23,train,train,0.0093851990130045,0.0178924865087582,-0.0365932109558774,0.06912158459641021,0.8266533947638308,0.10422502063975908,1
2011-12-27,train,train,-0.001534720236584,0.0173514820989563,-0.0365932109558774,0.14389549553269668,0.8011689754724581,0.05493552899484555,1
2011-12-28,train,train,-0.0202753744410379,0.0175406654289977,-0.0365932109558774,0.015596516007022719,0.9048553043028035,0.07954817969017386,1
2011-12-29,train,train,0.0153746140141667,0.0174182999295451,-0.0365932109558774,0.016989977218949643,0.9120502498378273,0.07095977294322292,1
2011-12-30,train,train,0.0091942215120274,0.0170371759585381,-0.0365932109558774,0.04216135129371492,0.9105983040138562,0.047240344692429014,1
2012-01-03,train,train,0.0192044324470463,0.0171749252196464,-0.0365932109558774,0.014376056430899686,0.9268134748159,0.0588104687532003,1
2012-01-04,train,train,-0.0173966496066071,0.0171883093402034,-0.0365932109558774,0.005796394797328474,0.932097830983974,0.06210577421869773,1
2012-01-05,train,train,-0.0298283010346217,0.0181960257158747,-0.0365932109558774,6.390749607355953e-05,0.8200879638137498,0.17984812869017663,1
2012-01-06,train,train,-0.0048740424846268,0.0176820532786813,-0.0365932109558774,0.022439679999066837,0.872366138595222,0.10519418140571105,1
2012-01-09,train,train,-0.0012311963857353,0.0171460391441735,-0.0365932109558774,0.06814470449615104,0.8743613610142039,0.05749393448964517,1
2012-01-10,train,train,0.0231627488483757,0.0175652564708374,-0.0365932109558774,0.007510153850910015,0.8958757187477386,0.09661412740135163,1
2012-01-11,train,train,-0.0054558066365568,0.017082502461772,-0.0365932109558774,0.032769979385709205,0.9101179991957369,0.05711202141855383,1
2012-01-12,train,train,2.375672235687692e-05,0.0165621016419406,-0.0365932109558774,0.08785782484986643,0.8800740756785495,0.03206809947158413,1
2012-01-13,train,train,0.0027965646633388,0.0160721580562495,-0.0365932109558774,0.17604784143874924,0.8050444967817125,0.018907661779538534,1
2012-01-16,train,train,-0.0001183419234693,0.015582562337389,-0.0365932109558774,0.3007578604792398,0.6878398146836833,0.011402324837076991,1
2012-01-17,train,train,0.0100914358341959,0.0153087392913472,-0.0365932109558774,0.3402349906001105,0.6494312345428693,0.01033377485702025,1
2012-01-18,train,train,-0.0135175127596244,0.0152072166368934,-0.0365932109558774,0.18820014486207226,0.7972921301979924,0.014507724939935455,1
2012-01-19,train,train,0.0215109822595473,0.0156571776842813,-0.0365932109558774,0.03254246386135887,0.9354213383760746,0.03203619776256675,1
2012-01-20,train,train,-0.0048817746672988,0.0152272217981175,-0.0365932109558774,0.06936987745577804,0.9095980033053788,0.021032119238843332,1
2012-01-23,train,train,0.0067164676759049,0.0148547246002815,-0.0365932109558774,0.1267947058700699,0.8578299122510968,0.015375381878833102,1
2012-01-24,train,train,-0.0032768895223281,0.0144245399465525,-0.0365932109558774,0.20993723090171587,0.77908883332082,0.010973935777464229,1
2012-01-25,train,train,-0.0041990445052513,0.0140228823711437,-0.0365932109558774,0.3022129146727345,0.6893395649526338,0.008447520374631671,1
2012-01-26,train,train,0.0183452639277145,0.0143190669636638,-0.0322647418933504,0.11552403279267139,0.8663137666606127,0.018162200546715995,1
2012-01-27,train,train,-0.0065050869182224,0.0139739939650807,-0.0322647418933504,0.1564185442236031,0.8297582050804246,0.01382325069597238,1
2012-01-30,train,train,-0.016338723674656,0.0141270446440489,-0.0322647418933504,0.04627393318634486,0.933024747861638,0.020701318952017118,1
2012-01-31,train,train,-0.0009162130359453,0.0136985164792428,-0.0322647418933504,0.1074836517390738,0.878471314587862,0.014045033673064589,1
2012-02-01,train,train,0.0217841679502537,0.0143130496717245,-0.0322647418933504,0.01705437529299463,0.9521973326362503,0.030748292070755395,1
2012-02-02,train,train,0.0086669163919385,0.0140384655085814,-0.0322647418933504,0.04461894599533066,0.9326459264406679,0.022735127564001655,1
2012-02-03,train,train,0.0100832202868629,0.013833079298793,-0.0322647418933504,0.06935406562983193,0.9116928156075741,0.01895311876259375,1
2012-02-06,train,train,-0.0029271816286729,0.013430820579947,-0.0322647418933504,0.13319921250804945,0.8535611243238768,0.013239663168073592,1
2012-02-07,train,train,0.0013121216823744,0.0130256295342009,-0.0322647418933504,0.244089800123984,0.7464976281514278,0.00941257172458806,1
2012-02-08,train,train,0.0002711787201916,0.0126289910741282,-0.0322647418933504,0.3879712598140842,0.6053198518472892,0.006708888338626652,1
2012-02-09,train,train,0.0059488281965283,0.0123306627572119,-0.0322647418933504,0.5157712763009679,0.47895781561903833,0.005270908079993662,0
2012-02-10,train,train,-0.0118650945516261,0.0123032254922564,-0.0322647418933504,0.38703007056135263,0.6048437399984665,0.008126189440180826,1
2012-02-13,train,train,-0.0010008091384198,0.011930938487747,-0.0322647418933504,0.538394178091877,0.45636765592973033,0.005238165978392514,0
2012-02-14,train,train,-0.0018677959321579,0.0115765182721382,-0.0322647418933504,0.670792584789855,0.3257914804157194,0.003415934794425554,0
2012-02-15,train,train,-0.0034602839976793,0.0112558092870978,-0.0275982894425033,0.761610486951467,0.2360145075344333,0.0023750055140997726,0
2012-02-16,train,train,-0.0212150588911716,0.0120870331996904,-0.0275982894425033,0.16677749710643902,0.8145200543493026,0.018702448544258475,1
2012-02-17,train,train,0.0114900967107033,0.0120520508056294,-0.0275982894425033,0.17528770859131976,0.8076835274622588,0.017028763946421707,1
2012-02-20,train,train,0.0184381593276369,0.0125273602992675,-0.0275982894425033,0.0615120632786097,0.9113462646135468,0.027141672107843476,1
2012-02-21,train,train,-0.0058003544153985,0.0122285451867447,-0.0275982894425033,0.10050458509543207,0.8808637182158617,0.018631696688705946,1
2012-02-22,train,train,-0.0126378049122382,0.012253486243563,-0.0275982894425033,0.06272571027856559,0.9179017128889914,0.019372576832442843,1
2012-02-23,train,train,-0.0150485461556583,0.0124389137024845,-0.0275982894425033,0.026285845536832317,0.9508637864708628,0.022850367992305255,1
2012-02-24,train,train,0.0,0.0120599742807348,-0.0275982894425033,0.07660226477350059,0.9080545040229488,0.015343231203550595,1
2012-02-27,train,train,0.0011133977403506,0.0116957590666258,-0.0275982894425033,0.15942819336840247,0.8295302999639457,0.01104150666765192,1
2012-02-28,train,train,-0.0012306696477705,0.011343465352475,-0.0275982894425033,0.27142656592886755,0.7202976417373317,0.008275792333800594,1
2012-02-29,train,train,-0.0071560708715325,0.0111367102346132,-0.0275982894425033,0.31122089738303205,0.6808607114827965,0.007918391134171157,1
2012-03-01,train,train,0.0096158974807184,0.0110513648487567,-0.0275982894425033,0.36249535934801413,0.6295402989899711,0.007964341662014655,1
2012-03-02,train,train,0.0018350912927343,0.0107241204171845,-0.0275982894425033,0.522701272993352,0.47203986012586674,0.00525886688078141,0
2012-03-05,train,train,-0.0129168097177203,0.0108681641318102,-0.0275336047426458,0.34910620751524507,0.6417630833020077,0.00913070918274719,1
2012-03-06,train,train,-0.034527855988291,0.0135114892757644,-0.031971203775019,0.0002070932267889602,0.890784152168139,0.10900875460507212,1
2012-03-07,train,train,-0.0005879691845318,0.0131006665619681,-0.0285237386380281,0.02986909433591474,0.9096150935955464,0.060515812068538836,1
2012-03-08,train,train,0.0176819809729463,0.0134197229320674,-0.0285237386380281,0.0157637079580968,0.9194512612988788,0.06478503074302415,1
2012-03-09,train,train,-0.0029777082551942,0.0130313326465957,-0.0285237386380281,0.05259041889823156,0.9100461740977371,0.03736340700403092,1
2012-03-12,train,train,-0.0124523553155278,0.0129973213350946,-0.0285237386380281,0.03767201605700407,0.9301823325872135,0.03214565135578239,1
2012-03-13,train,train,0.0237492981312118,0.0138793476027497,-0.0285237386380281,0.004033738189982219,0.9337391563177326,0.06222710549228502,1
2012-03-14,train,train,0.001705618908111,0.0134630108310459,-0.0285237386380281,0.038392293442609214,0.9258425165784957,0.03576518997889516,1
2012-03-15,train,train,0.0042336901065414,0.0130940043116589,-0.0285237386380281,0.09372504845779871,0.8840695124210329,0.022205439121168343,1
2012-03-16,train,train,0.0070478233335635,0.0128119507025037,-0.0285237386380281,0.1571228027891318,0.8270119239382225,0.015865273272645607,1
2012-03-19,train,train,0.0123551745277274,0.0127850043493077,-0.0285237386380281,0.15019087804819609,0.8336434718218995,0.016165650129904268,1
2012-03-20,train,train,-0.0028322654305142,0.0124149208490123,-0.0285237386380281,0.24563304675628636,0.7433972120801913,0.010969741163522345,1
2012-03-21,train,train,-0.0089809362441375,0.0122360891241966,-0.0285237386380281,0.24100388584890142,0.7483296466636558,0.010666467487442561,1
2012-03-22,train,train,-0.0163025278776043,0.0125173842852239,-0.0285237386380281,0.07457519476302348,0.907225882229844,0.018198923007132176,1
2012-03-23,train,train,-0.0086322335422965,0.012318877470738,-0.0285237386380281,0.08726165391278771,0.8972788277539266,0.01545951833328569,1
2012-03-26,train,train,-0.0069184742906311,0.0120632240632975,-0.0285237386380281,0.11925978314796296,0.8679146785740849,0.01282553827795237,1
2012-03-27,train,train,-0.0103147862866859,0.0119655246972977,-0.0285237386380281,0.10477890662420097,0.8819556700016042,0.013265423374194861,1
2012-03-28,train,train,-0.0197883981676538,0.0125729151960569,-0.0285237386380281,0.013169927958640412,0.9612774323615656,0.025552639679793987,1
2012-03-29,train,train,-0.0087843840064908,0.012378345159108,-0.0251771043490388,0.028526669772155643,0.951330158622599,0.020143171605245046,1
2012-03-30,train,train,0.0121867969614978,0.0123669359324038,-0.0251771043490388,0.03995584761171002,0.9406477711321417,0.019396381256148478,1
2012-04-02,train,train,0.0043362194573182,0.0120371427691845,-0.0251771043490388,0.09568551117804242,0.8903115160560324,0.01400297276592514,1
2012-04-03,train,train,-0.02751738675437,0.0134770780256835,-0.0277534338779442,0.0009538998968676782,0.946163674271295,0.05288242583183775,1
2012-04-04,train,train,-0.0211564690855015,0.0140566534151513,-0.0277534338779442,0.0011772308119108864,0.925407927934133,0.07341484125395602,1
2012-04-05,train,train,-2.6133137629503868e-05,0.0136284326280067,-0.0277534338779442,0.03261965733405218,0.9258835149534979,0.041496827712449814,1
2012-04-10,train,train,-0.0300669444860445,0.0151271740383313,-0.0307040624095685,0.00013478444541876165,0.86133899535469,0.13852622019989097,1
2012-04-11,train,train,0.0190674518694775,0.0153920620441348,-0.0307040624095685,0.003780309764833101,0.8485086824633761,0.14771100777179097,1
2012-04-12,train,train,-0.007511644249605,0.0150361606632885,-0.0307040624095685,0.02189362722760248,0.8865377925564335,0.09156858021596383,1
2012-04-13,train,train,-0.0364818716872186,0.0170990227074781,-0.0336922240538513,3.905002833163426e-06,0.5652059441791133,0.4347901508180537,1
2012-04-16,train,train,-0.0057401129248171,0.0166376355495959,-0.0336922240538513,0.01630557155416399,0.6971675005966901,0.2865269278491461,1
2012-04-17,train,train,0.0225212328941913,0.0170480091959376,-0.0336922240538513,0.0027192861010977244,0.6375223402648922,0.35975837363400986,1
2012-04-18,train,train,-0.0407044473980416,0.0193030480176288,-0.0372380583578504,4.720894290569958e-08,0.12040007544869231,0.8795998773423649,2
2012-04-19,train,train,-0.0244662392174203,0.0196511326567013,-0.0372380583578504,3.301883374402746e-05,0.09324876996865236,0.9067182111976034,2
2012-04-20,train,train,0.0189987066660113,0.019612599142099,-0.0372380583578504,0.0004225106465718033,0.11605314284728344,0.8835243465061446,2
2012-04-23,train,train,-0.0279411728907606,0.0202093382116492,-0.0372380583578504,7.879152850774869e-06,0.06512864281401624,0.934863478033133,2
2012-04-24,train,train,0.022143608448543,0.0203305846842386,-0.0372380583578504,0.0001073497547447936,0.0714045885254417,0.9284880617198134,2
2012-04-25,train,train,0.0168573735911688,0.0201390907404071,-0.0372380583578504,0.000627762621889168,0.1095960354619274,0.8897762019161835,2
2012-04-26,train,train,-0.0129791019991023,0.0197827051391239,-0.0372380583578504,0.0016702293162475885,0.1795503452318689,0.8187794254518834,2
2012-04-27,train,train,0.0167506446752703,0.0196140037495269,-0.0372380583578504,0.0021818154389665716,0.22215071798619412,0.7756674665748392,2
2012-04-30,train,train,-0.019044419673803,0.0195802959564963,-0.0372380583578504,0.0007230520894811238,0.23504382089110154,0.7642331270194173,2
2012-05-02,train,train,-0.0258774950577979,0.0200140799285735,-0.0372380583578504,4.2675423983240505e-05,0.1524354009850202,0.8475219235909963,2
2012-05-03,train,train,0.0029231696618781,0.0194175767519126,-0.0372380583578504,0.008373689824740923,0.28837207569468604,0.703254234480573,2
2012-05-04,train,train,0.0035111191935002,0.0188456739646235,-0.0372380583578504,0.03539351133206149,0.44283332300843,0.5217731656595086,2
2012-05-07,train,train,0.0268611039555746,0.0194201183284955,-0.0372380583578504,0.0007913740974628565,0.297130873576846,0.7020777523256911,2
2012-05-08,train,train,-0.0080028786827186,0.0189302746987945,-0.0372380583578504,0.008811629624533485,0.43694116413267153,0.5542472062427949,2
2012-05-09,train,train,-0.0281067760052949,0.0196023833654538,-0.0372380583578504,5.998135239907973e-05,0.2549262440627163,0.7450137745848846,2
2012-05-10,train,train,0.0336289472396396,0.0207135847485806,-0.0372380583578504,2.7935196688577087e-06,0.07501895823613838,0.9249782482441926,2
2012-05-11,train,train,-0.0071361428767644,0.0201584947269852,-0.0372380583578504,0.0026065650691924967,0.16701948313190187,0.8303739517989058,2
2012-05-14,train,train,-0.026977354663052,0.0206312790431273,-0.0372380583578504,2.8502537219584437e-05,0.09933705496974542,0.9006344424930349,2
2012-05-15,train,train,-0.0160919847974729,0.0203874425306703,-0.0372380583578504,0.0005315236054793677,0.14405958711208344,0.8554088892824373,2
2012-05-16,train,train,-0.0134014844487717,0.0200370888926197,-0.0372380583578504,0.0017880362150642498,0.21660377983684298,0.7816081839480927,2
2012-05-17,train,train,-0.0111945706035632,0.0196192492229745,-0.0372380583578504,0.005032729126201921,0.32053632048113334,0.6744309503926649,2
2012-05-18,train,train,0.0043954594829028,0.0190520142639235,-0.0372380583578504,0.026741203156811364,0.47672613848078216,0.4965326583624067,2
2012-05-21,train,train,-0.0065237750026359,0.0185406060062524,-0.0372380583578504,0.05411612562053126,0.6063370567672652,0.33954681761220346,1
2012-05-22,train,train,0.0208269682172477,0.0186856785566292,-0.0372380583578504,0.010284423623459498,0.5967641658330956,0.392951410543445,1
2012-05-23,train,train,-0.033708413892493,0.0199093128501018,-0.0372380583578504,5.150117368873205e-06,0.24609854286020694,0.7538963070224242,2
2012-05-24,train,train,0.0144742771873496,0.0196257019206756,-0.0372380583578504,0.003254601076095302,0.3181730032879456,0.6785723956359593,2
2012-05-25,train,train,0.0013152626594448,0.0190305512342196,-0.0372380583578504,0.02398462004392735,0.48325969853964007,0.4927556814164328,2
2012-05-28,train,train,-0.0219102194501904,0.019215504948944,-0.0372380583578504,0.0015453211047184794,0.43551959541286156,0.5629350834824203,2
2012-05-29,train,train,-0.0236320690105263,0.0195087153282684,-0.0372380583578504,0.00022396082061881744,0.3456674833744648,0.6541085558049161,2
2012-05-30,train,train,-0.0261397399199908,0.0199687690035949,-0.0372380583578504,5.227559363838325e-05,0.22393186282182867,0.776015861584533,2
2012-05-31,train,train,-9.853669014416372e-05,0.0193604549005584,-0.0372380583578504,0.011624895235603934,0.3821421951118102,0.6062329096525856,2
2012-06-01,train,train,-0.0040806702541018,0.0187972522806533,-0.0369649109925844,0.03807101438772382,0.5358281415874266,0.4261008440248495,1
2012-06-04,train,train,0.0283655378401603,0.0195041717568849,-0.0369649109925844,0.0005051324767327364,0.3440556467542654,0.6554392207690017,2
2012-06-05,train,train,0.0045253383463961,0.0189424569207826,-0.0369649109925844,0.016280102064263408,0.5041002448573996,0.4796196530783368,1
2012-06-06,train,train,0.0238213873648718,0.0192700592501217,-0.0369649109925844,0.001455407083162948,0.41153166682887726,0.5870129260879596,2
2012-06-07,train,train,0.0029867354039595,0.0186973342430252,-0.0369649109925844,0.021729800690055586,0.5728052294486246,0.4054649698613198,1
2012-06-08,train,train,0.017536808467859,0.018629741501212,-0.0369649109925844,0.011461774166242215,0.6005244539735763,0.38801377186018166,1
2012-06-11,train,train,-0.0054482910270297,0.0181114401637411,-0.0369649109925844,0.03584899611670216,0.7168565615906023,0.24729444229269562,1
2012-06-12,train,train,0.0009356777861968,0.0175611884134208,-0.0369649109925844,0.09678074734153329,0.7669447575859061,0.1362744950725606,1
2012-06-13,train,train,0.014127395161576,0.0173743090747587,-0.0369649109925844,0.07682734930090059,0.8108073380575562,0.11236531264154313,1
2012-06-14,train,train,0.0121252271530193,0.017104849806019,-0.0369649109925844,0.08381845295248684,0.8335567373537414,0.08262480969377181,1
2012-06-15,train,train,0.0034290042455095,0.0166050238747261,-0.0369649109925844,0.1702186027208669,0.785825880085525,0.043955517193607914,1
2012-06-18,train,train,-0.0300803415873628,0.0177051638176029,-0.0369649109925844,0.0005747987348327022,0.8374049904888579,0.16202021077630924,1
2012-06-19,train,train,0.026337653171977,0.0183380690023815,-0.0369649109925844,0.0004402497889563504,0.7167221545674541,0.2828375956435893,1
2012-06-20,train,train,0.0151522986284304,0.0181626875069591,-0.0369649109925844,0.007600972263029884,0.7541542586547942,0.2382447690821759,1
2012-06-21,train,train,-0.0033309959262998,0.0176282715108028,-0.0369649109925844,0.03696886354023614,0.8253833546151088,0.13764778184465545,1
2012-06-22,train,train,0.0150627632316129,0.017484959515005,-0.0369649109925844,0.029951719743443076,0.8525062364727486,0.11754204378380863,1
2012-06-25,train,train,-0.0373813089648191,0.019267125272917,-0.0381892093500264,2.560905949640831e-06,0.46652929335878546,0.5334681457352649,2
2012-06-26,train,train,-0.0145375568595087,0.0190165512875481,-0.0381892093500264,0.0033078471542117662,0.5377727021790464,0.4589194506667419,1
2012-06-27,train,train,0.0209931160426705,0.0191409018797572,-0.0381892093500264,0.001824923502474722,0.4981507642873443,0.5000243122101811,2
2012-06-28,train,train,0.0081861665234538,0.0186658103661547,-0.0381892093500264,0.01828745617896585,0.6267413150547794,0.35497122876625464,1
2012-06-29,train,train,0.0550634806513372,0.0225704883003036,-0.0381892093500264,6.176244969362104e-12,0.009326298287840776,0.9906737017059829,2
2012-07-02,train,train,0.0030647458770814,0.0218957732365121,-0.0381892093500264,0.0007758487961674195,0.07366968942703465,0.925554461776798,2
2012-07-03,train,train,0.0133163466015706,0.0214778699524898,-0.0381892093500264,0.0021086518750804257,0.13426597973356796,0.8636253683913516,2
2012-07-04,train,train,-0.0070892779426126,0.0208958473276189,-0.0381892093500264,0.008206168748226664,0.2483703449489199,0.7434234863028534,2
2012-07-05,train,train,-0.0303505672922724,0.0215802610156729,-0.0381892093500264,1.2997412603534031e-05,0.10603081492497726,0.8939561876624191,2
2012-07-06,train,train,-0.0314491607232108,0.022295923129262,-0.0381892093500264,9.869695570961573e-07,0.04097884643758302,0.9590201665928598,2
2012-07-09,train,train,-0.0075369980064914,0.02169539299556,-0.0372647234184512,0.0014327073997466694,0.11581988287159123,0.8827474097286621,2
2012-07-10,train,train,0.0057547027794293,0.0210816429350907,-0.0372647234184512,0.009450716067465987,0.22930734337756353,0.7612419405549703,2
2012-07-11,train,train,0.0116754815515485,0.0206385208016401,-0.0372647234184512,0.016829430970190056,0.3291019528543324,0.6540686161754774,2
2012-07-12,train,train,-0.0261699935669429,0.0210115145152504,-0.0341796278601743,0.00018530140552587896,0.21564219369977444,0.7841725048946998,2
2012-07-13,train,train,0.0051900550467398,0.0204110489190143,-0.0341796278601743,0.010474344989554537,0.3605290861271085,0.628996568883337,2
2012-07-16,train,train,-0.0200814730968496,0.0203914245848666,-0.0341796278601743,0.0014399390230797413,0.34971541764301206,0.6488446433339085,2
2012-07-17,train,train,0.0039877098184835,0.0197943349112838,-0.0341796278601743,0.019163007479268593,0.5108847770413207,0.4699522154794106,1
2012-07-18,train,train,0.0050192560286443,0.0192306611631043,-0.0341796278601743,0.059290920505678975,0.6356712205976903,0.30503785889663065,1
2012-07-19,train,train,0.0062614497328853,0.0187077944774195,-0.0341796278601743,0.1231013922453626,0.6943523389714125,0.1825462687832247,1
2012-07-20,train,train,-0.0600076273015309,0.0233460403455998,-0.0436991167196143,5.0140112219040496e-14,0.006368099930295303,0.9936319000696546,2
2012-07-23,train,train,-0.011091813350406,0.0227973034202136,-0.0436991167196143,0.000178700411511223,0.0556802876843509,0.944141011904138,2
2012-07-24,train,train,-0.0364479611911025,0.0238378114167088,-0.0446122991524841,3.124224087933461e-08,0.013104100148692368,0.9868958686090668,2
2012-07-25,train,train,0.0081263441651214,0.0231971771153229,-0.0446122991524841,0.0006852757395039571,0.07231739242647778,0.9269973318340183,2
2012-07-26,train,train,0.0588352308694506,0.0267117492508479,-0.0446122991524841,4.745668553761282e-15,0.00025202600870721776,0.999747973991288,2
2012-07-27,train,train,0.0383217067704187,0.0275466819734363,-0.0446122991524841,2.1684337206198298e-09,0.0035786722486519534,0.9964213255829143,2
2012-07-30,train,train,0.0274545010868035,0.0275411598208285,-0.0446122991524841,1.3487862184241097e-06,0.015756228051277126,0.9842424231625044,2
2012-07-31,train,train,-0.0094092632557402,0.0268014292402622,-0.0446122991524841,0.00047307559508793075,0.07319099796123252,0.9263359264436795,2
2012-08-01,train,train,-0.0026898487640646,0.0259933016360744,-0.0446122991524841,0.005310405765207664,0.17611117751650507,0.8185784167182871,2
2012-08-02,train,train,-0.0529550694141884,0.0283437292667532,-0.0501146685601794,7.002918019231621e-13,0.002013202800575484,0.9979867971987242,2
2012-08-03,train,train,0.0582535421517993,0.0309640675592867,-0.0501146685601794,3.9008905065340793e-16,8.843103675382856e-05,0.9999115689632458,2
2012-08-06,train,train,0.0431514902494414,0.0318271917968262,-0.0501146685601794,8.193970795291568e-11,0.0016548049848684324,0.998345194933192,2
2012-08-07,train,train,0.0220834031268337,0.0313281427957576,-0.0501146685601794,8.435451677275585e-06,0.024795321356843647,0.9751962431914792,2
2012-08-08,train,train,-0.0084811720755776,0.0304447236143807,-0.0501146685601794,0.0008140757660619818,0.0889732993232446,0.9102126249106933,2
2012-08-09,train,train,-0.0056099611369075,0.0295492237467607,-0.0501146685601794,0.00546334849830694,0.19237339170785706,0.8021632597938358,2
2012-08-10,train,train,-0.0088290592450157,0.0287305475726286,-0.0501146685601794,0.01209249705925637,0.31070650547035394,0.6772009974703898,2
2012-08-13,train,train,0.0031025680803549,0.0278656644944147,-0.0501146685601794,0.04569076272972985,0.4641826335753649,0.49012660369490507,2
2012-08-14,train,train,0.0077777211636348,0.027083853474761,-0.0501146685601794,0.09336534962652031,0.5716252139324215,0.33500943644105796,1
2012-08-15,train,train,0.0005753035446596,0.0262591483172988,-0.0501146685601794,0.2045303403060424,0.6140564870135682,0.1814131726803896,1
2012-08-16,train,train,0.0396581920464728,0.0272495253153628,-0.0501146685601794,1.1505530555737784e-05,0.2343677274021636,0.7656207670672807,2
2012-08-17,train,train,0.0191883275393589,0.0268342308804129,-0.0501146685601794,0.0009717771785390526,0.24484366269425728,0.7541845601272038,2
2012-08-20,train,train,-0.012162005958004,0.0261867572154716,-0.0501146685601794,0.003866873337698354,0.34267242647319274,0.6534607001891092,2
2012-08-21,train,train,0.0099773680936677,0.0255063590247398,-0.0501146685601794,0.015067005770544007,0.4667003782958137,0.5182326159336426,2
2012-08-22,train,train,-0.0273845506703439,0.0256229332158125,-0.0501146685601794,0.00012137763603557725,0.2959254960090687,0.7039531263548959,2
2012-08-23,train,train,-0.0079051193250203,0.0249177061319785,-0.0501146685601794,0.007927642660225475,0.43654238527979755,0.5555299720599768,2
2012-08-24,train,train,0.0037551685162025,0.0241761169665843,-0.0501146685601794,0.03696568775289914,0.5867889164363029,0.37624539581079813,1
2012-08-27,train,train,0.0120470534371707,0.023624636367109,-0.0501146685601794,0.047931995772793785,0.6668412451983003,0.2852267590289055,1
2012-08-28,train,train,-0.0088784444367052,0.0230079473966362,-0.0501146685601794,0.06230002144806948,0.7472865461293239,0.19041343242260672,1
2012-08-29,train,train,-0.0037569670908517,0.0223260070972241,-0.0501146685601794,0.12244793507311662,0.7722696134000195,0.10528245152686388,1
2012-08-30,train,train,-0.0153096034996261,0.0219683088764231,-0.0501146685601794,0.04553556467322791,0.8551985855533968,0.09926584977337541,1
2012-08-31,train,train,0.0308601309489917,0.0226006871605239,-0.0501146685601794,0.00034198310522919674,0.7115664400914147,0.28809157680335634,1
2012-09-03,train,train,0.00184456266728,0.0219168369343345,-0.0501146685601794,0.027283319621969625,0.8048803499705809,0.16783633040744936,1
2012-09-04,train,train,0.0072374149987944,0.0213229849525277,-0.0501146685601794,0.06488156255532655,0.833973149603867,0.10114528784080619,1
2012-09-05,train,train,0.0007742268759264,0.0206742707654684,-0.0501146685601794,0.14370492982442606,0.8033466254729924,0.0529484447025814,1
2012-09-06,train,train,0.0479383754249976,0.0232306955058635,-0.0501146685601794,6.666861981794854e-08,0.22945455265704098,0.7705453806743392,2
2012-09-07,train,train,0.0026421215495964,0.0225322912559276,-0.0501146685601794,0.011684202179224192,0.38564724240830045,0.6026685554124752,2
2012-09-10,train,train,-0.0031891814827016,0.021859829665375,-0.0501146685601794,0.04067669482677879,0.5407581152626242,0.418565189910597,1
2012-09-11,train,train,0.0092095049265527,0.0213136088609787,-0.0501146685601794,0.07358664834399523,0.6362699600576133,0.29014339159839136,1
2012-09-12,train,train,0.0077500490870278,0.020751325812322,-0.0501146685601794,0.13180158746386664,0.6887644389207219,0.1794339736154113,1
2012-09-13,train,train,-0.0070567550355647,0.0201932746004434,-0.0501146685601794,0.17507160756497214,0.717906179170293,0.10702221326473503,1
2012-09-14,train,train,0.027173131835409,0.020678611761147,-0.0501146685601794,0.004929937729854712,0.7451776290460362,0.24989243322410898,1
2012-09-17,train,train,-0.0007974245623291,0.0200496094341538,-0.0498035526356072,0.03614975021108004,0.8216921710699597,0.1421580787189604,1
2012-09-18,train,train,-0.011069917784091,0.0196270276134512,-0.0498035526356072,0.03608698580837693,0.8630909228617994,0.10082209132982374,1
2012-09-19,train,train,0.0050132916696127,0.0190686912441494,-0.0498035526356072,0.08805383662735408,0.8548453689737862,0.05710079439885987,1
2012-09-20,train,train,-0.0095156430756682,0.0186341335834921,-0.0498035526356072,0.09039058800051668,0.8696677831987704,0.03994162880071287,1
2012-09-21,train,train,0.0256708112171201,0.0191294670928305,-0.0498035526356072,0.004558387313355188,0.9042670564407845,0.09117455624586024,1
2012-09-24,train,train,-0.0112774530952973,0.0187512980211862,-0.0498035526356072,0.013750047436151894,0.9204923294100261,0.06575762315382201,1
2012-09-25,train,train,0.0044871328517663,0.0182132525514897,-0.0498035526356072,0.052608698423873376,0.9088187355064411,0.038572566069685316,1
2012-09-26,train,train,-0.0400068241743002,0.0201953453356184,-0.0509898402966731,1.2495027831828053e-06,0.6249292888223308,0.375069461674886,1
2012-09-27,train,train,-0.0015417396425644,0.019583755321667,-0.0509898402966731,0.023219635229643428,0.7487723042444154,0.22800806052594141,1
2012-09-28,train,train,-0.0172085349537082,0.019449423761751,-0.0509898402966731,0.007342402750375092,0.7747005416994479,0.21795705555017705,1
2012-10-01,train,train,0.0097595979370571,0.0190078474504057,-0.0509898402966731,0.026873175067857035,0.8277928255963865,0.14533399933575633,1
2012-10-02,train,train,0.0106063253819693,0.0186110187013638,-0.0509898402966731,0.046622475214456956,0.8544061161628923,0.09897140862265061,1
2012-10-03,train,train,-0.0051485339501998,0.018088069553895,-0.0509898402966731,0.08758857749463483,0.8554929956073721,0.0569184268979931,1
2012-10-04,train,train,-0.0017776026308778,0.0175424387370214,-0.0509898402966731,0.168938370673669,0.8002158204228984,0.030845808903432623,1
2012-10-05,train,train,0.0179617894961994,0.0175678820677385,-0.0509898402966731,0.06524693259585382,0.8942706043062268,0.04048246309791924,1
2012-10-08,train,train,-0.0080022993738415,0.0171451118176967,-0.0509898402966731,0.08479020597525701,0.8874204761997629,0.027789317824980234,1
2012-10-09,train,train,-0.0186237819998864,0.0172374094064509,-0.0509898402966731,0.014713535217651492,0.9468655973637764,0.03842086741857222,1
2012-10-10,train,train,-0.0100432911482332,0.0168923843162579,-0.0509898402966731,0.0251191662053229,0.9457495675883818,0.029131266206295386,1
2012-10-11,train,train,0.0086609073822964,0.0165146046884553,-0.0509898402966731,0.054932145723113945,0.9233699973717499,0.021697856905136117,1
2012-10-12,train,train,-0.0106974232771319,0.0162244978295539,-0.0431366182598637,0.051804813967423737,0.9288627603257231,0.0193324257068534,1
2012-10-15,train,train,0.0034049076882731,0.0157523291552033,-0.0431366182598637,0.11740504328054154,0.8690321141318265,0.013562842587631938,1
2012-10-16,train,train,0.0335143064071078,0.0173389805185313,-0.0401154814196108,0.0003223392058282843,0.8983833309276034,0.10129432986656835,1
2012-10-17,train,train,0.0234009950898265,0.0177611436841306,-0.0401154814196108,0.0012528984900817307,0.8470280644338433,0.15171903707607484,1
2012-10-18,train,train,-0.0034384504612926,0.0172406527708413,-0.0401154814196108,0.02734230218689017,0.8864863032507218,0.0861713945623878,1
2012-10-19,train,train,-0.0233435236802462,0.0176663778787687,-0.0401154814196108,0.0014503908586243025,0.8634598981904322,0.13508971095094352,1
2012-10-22,train,train,-0.0045976890600401,0.017165173392532,-0.0401154814196108,0.025737212152647043,0.8961533223117576,0.07810946553559531,1
2012-10-23,train,train,-0.0165637944567532,0.0171296860493204,-0.0401154814196108,0.00969048868084762,0.9140052734746291,0.07630423784452346,1
2012-10-24,train,train,0.0056373512374144,0.016665154041827,-0.0401154814196108,0.04332024157778395,0.9112369233688252,0.0454428350533908,1
2012-10-25,train,train,-0.0015798672422265,0.0161621000032093,-0.0302449661749634,0.10105332044893367,0.8726891692043962,0.026257510346670173,1
2012-10-26,train,train,-0.0004628926465238,0.0156701475455417,-0.0302449661749634,0.19396476748790556,0.790276664413496,0.0157585680985985,1
2012-10-29,train,train,-0.0060628978916573,0.0152651838018342,-0.0302449661749634,0.25220071163348884,0.7360965392935881,0.01170274907292294,1
2012-10-30,train,train,0.0135327251290701,0.0151668179022065,-0.0302449661749634,0.20427431025284284,0.7815189357534043,0.01420675399375329,1
2012-10-31,train,train,0.0011481947937288,0.0147074649222438,-0.0302449661749634,0.34066822417569487,0.6502744761711492,0.009057299653155878,1
2012-11-01,train,train,0.0055310986059914,0.0143236355748128,-0.0302449661749634,0.47288908678037295,0.520639471850769,0.0064714413688580705,1
2012-11-02,train,train,0.0104066578524978,0.0141192937349846,-0.0302449661749634,0.5015200050940348,0.4918544117474075,0.0066255831585578275,0
2012-11-05,train,train,-0.0190408881419352,0.0144618986828947,-0.0302449661749634,0.10917578424377457,0.8705870320054273,0.020237183750798304,1
2012-11-06,train,train,0.0024271570435607,0.0140339298908858,-0.0302449661749634,0.20845841841201013,0.778568969223511,0.012972612364478562,1
2012-11-07,train,train,-0.0228293116415567,0.0147107023997157,-0.0302449661749634,0.011083645812311338,0.9541327932024335,0.034783560985255285,1
2012-11-08,train,train,-0.0047890982312978,0.0143107165054571,-0.0302449661749634,0.040226790094817805,0.9370431665962539,0.02273004330892819,1
2012-11-09,train,train,0.0016381968630457,0.0138805558902845,-0.0302449661749634,0.1010139340397578,0.8838779206303173,0.015108145329924464,1
2012-11-12,train,train,-0.0090501215046994,0.0136390587603729,-0.0302449661749634,0.10679166007020309,0.8793900002520587,0.013818339677738385,1
2012-11-13,train,train,0.016460444074886,0.0138245890204851,-0.0302449661749634,0.05591713443782029,0.924234660083985,0.019848205478194908,1
2012-11-14,train,train,-0.0026551352562921,0.0134192060303115,-0.0287265531653677,0.11510704348018598,0.8711123084068422,0.013780648112971972,1
2012-11-15,train,train,0.0029280722192895,0.0130301573847055,-0.0287265531653677,0.21542814194727372,0.774550455131033,0.010021402921693474,1
2012-11-16,train,train,-0.0140413219223969,0.0130930296212025,-0.0287265531653677,0.1030391679830759,0.8823379888468552,0.014622843170068955,1
2012-11-19,train,train,0.0228774683160832,0.0138760402339856,-0.0287265531653677,0.01218213580441306,0.9531796437314817,0.03463822046410537,1
2012-11-20,train,train,0.0019173762482741,0.0134615156249705,-0.0287265531653677,0.05310515912763562,0.9253513537946689,0.021543487077695635,1
2012-11-21,train,train,0.0034265385562944,0.0130783840261215,-0.0287265531653677,0.11947774982032741,0.8659003696764198,0.014621880503253026,1
2012-11-22,train,train,0.0089536042650766,0.0128682361950177,-0.0287265531653677,0.16670988302406078,0.82057410163905,0.012716015336889399,1
2012-11-23,train,train,0.0043078435260816,0.0125207613009445,-0.0287265531653677,0.2799169271455377,0.7108351218266743,0.009247951027788217,1
2012-11-26,train,train,-0.004409465550706,0.0121872843131063,-0.0287265531653677,0.37881888656170243,0.6139864652968691,0.007194648141428655,1
2012-11-27,train,train,-0.0014105057324171,0.0118210607213587,-0.0287265531653677,0.5263781818910532,0.46863486944649974,0.004986948662446993,0
2012-11-28,train,train,-0.0033245842296651,0.0114898389719515,-0.0287265531653677,0.6429436111049616,0.35344202242902883,0.003614366466009638,0
2012-11-29,train,train,0.0172159287428143,0.0119112848918138,-0.0287265531653677,0.39544092001282116,0.5942710700945245,0.010288009892654243,1
2012-11-30,train,train,-0.0049156386276847,0.0116110204329591,-0.0287265531653677,0.491153525312207,0.5017993101601782,0.007047164527614302,1
2012-12-03,train,train,-0.0057382007995768,0.0113447108676199,-0.0287265531653677,0.5659900343559081,0.42865299193894485,0.005356973705147261,0
2012-12-04,train,train,0.0016717397963735,0.0110067251999179,-0.0287265531653677,0.709059141026977,0.2877880693022567,0.0031527896707663453,0
2012-12-05,train,train,-0.0024325632708937,0.0106880382434257,-0.0287265531653677,0.8007389716828913,0.19726263523819024,0.0019983930789183265,0
2012-12-06,train,train,0.0034949556505992,0.0103977398843852,-0.0287265531653677,0.8732445450568094,0.1255401796558133,0.0012152752873771915,0
2012-12-07,train,train,-0.0079064668824293,0.0102653274733401,-0.0287265531653677,0.867047771382721,0.13161341251725933,0.0013388161000198713,0
2012-12-10,train,train,-0.0056347716572494,0.0100478540168823,-0.0287265531653677,0.8879648146869071,0.11094301136687176,0.0010921739462212711,0
2012-12-11,train,train,0.0148171734274863,0.0103958994717492,-0.0287265531653677,0.8022512111390757,0.19506400506773086,0.0026847837931934636,0
2012-12-12,train,train,0.0082852780733757,0.0102814878418593,-0.0287265531653677,0.8405159211489254,0.15747711893731098,0.002006959913763763,0
2012-12-13,train,train,0.0037866221096903,0.0100113317359809,-0.0287265531653677,0.8976050105784928,0.10129760130145996,0.0010973881200471286,0
2012-12-14,train,train,0.0008727536099083,0.0097087001844739,-0.0287265531653677,0.9341766383409593,0.06521337525830657,0.0006099864007339183,0
2012-12-17,train,train,0.0020168483556696,0.0094258892605987,-0.0287265531653677,0.9547139596859746,0.044909425549034404,0.00037661476499108886,0
2012-12-18,train,train,0.0158556399539567,0.0099297846982125,-0.0287265531653677,0.8800181847830858,0.11851802000088954,0.0014637952160247109,0
2012-12-19,train,train,0.0116109138100756,0.0100385948157092,-0.021737907821246,0.861321827472459,0.13687481522924375,0.0018033572982972717,0
2012-12-20,train,train,0.0,0.0097327787769755,-0.021737907821246,0.9122139835569913,0.0868627183700269,0.0009232980729817061,0
2012-12-21,train,train,0.0032376360584441,0.0094695459760787,-0.021737907821246,0.9414386499972707,0.058021598374603675,0.0005397516281254911,0
2012-12-24,train,train,0.0010246839757386,0.0091844957166136,-0.021737907821246,0.9587546067905284,0.04090991184219546,0.00033548136727610796,0
2012-12-27,train,train,-0.002243569088513,0.0089216411051823,-0.021737907821246,0.9653593844454226,0.034383302268540146,0.00025731328603715973,0
2012-12-28,train,train,-0.018267747603631,0.009738715282813,-0.021737907821246,0.7319398816297036,0.2645085557191028,0.003551562651193484,0
2012-12-31,train,train,0.0044789518296385,0.0095055605519952,-0.021737907821246,0.8230665472167894,0.17490341692844946,0.0020300358547610535,0
2013-01-02,train,train,0.0337194425212199,0.0123755560990082,-0.021737907821246,0.008505824056680206,0.9075232246218106,0.08397095132150909,1
2013-01-03,train,train,-0.0052459042452407,0.0120671577480006,-0.021737907821246,0.03486613106926581,0.9153939216959651,0.04973994723476933,1
2013-01-04,train,train,0.0038481029370175,0.0117374525396722,-0.021737907821246,0.08923865288482662,0.8815623764947491,0.029198970620424442,1
2013-01-07,train,train,-0.0019934769877346,0.0113903538849252,-0.021737907821246,0.16872009392883336,0.8136729801588097,0.017606925912356824,1
2013-01-08,train,train,0.0040303557903088,0.0110873972596904,-0.021737907821246,0.28504001023933684,0.7036009389538059,0.011359050806857212,1
2013-01-09,train,train,0.0179847685104139,0.0116173004272477,-0.021737907821246,0.11552528390536092,0.8636521949820585,0.020822521112580712,1
2013-01-10,train,train,0.0014513552023262,0.011268999732865,-0.021737907821246,0.21896499027695726,0.7679965222653032,0.013038487457739755,1
2013-01-11,train,train,0.0052998168110217,0.0110025550293728,-0.021737907821246,0.3373341231213823,0.6535001802042346,0.009165696674382993,1
2013-01-14,train,train,-0.0037695594606964,0.0107072601003047,-0.021737907821246,0.4524501888560148,0.5410014104024078,0.00654840074157737,1
2013-01-15,train,train,-0.0036092955490901,0.0104186522442149,-0.021737907821246,0.5707253345892133,0.42458444715642296,0.004690218254363818,0
2013-01-16,train,train,-0.0023164130502012,0.0101171815183815,-0.0200459824623743,0.6935972103447798,0.30328217065168905,0.0031206190035311873,0
2013-01-17,train,train,0.0055550206849604,0.0099028993457445,-0.0200459824623743,0.7871930812223532,0.21063678171256187,0.002170137065084866,0
2013-01-18,train,train,-0.0028898714423188,0.009627276455053,-0.0200459824623743,0.8530003871855133,0.1455831396707671,0.0014164731437196218,0
2013-01-21,train,train,0.0071686248692058,0.0094977226626397,-0.0200459824623743,0.8887940764354122,0.1100982701172348,0.001107653447353151,0
2013-01-22,train,train,-0.0039080655125561,0.0092580078954849,-0.0200459824623743,0.9159324596889554,0.08328883161619031,0.0007787086948539932,0
2013-01-23,train,train,-0.002180272065131,0.0089918453477564,-0.0200459824623743,0.9400041149242419,0.05948286679159319,0.0005130182841650419,0
2013-01-24,train,train,0.0060536283424691,0.0088431256215783,-0.0200459824623743,0.9520599664831593,0.047534612000657166,0.00040542151618361207,0
2013-01-25,train,train,0.006785464073329,0.0087333481480415,-0.0200459824623743,0.9576475591963205,0.041999590650593874,0.0003528501530854531,0
2013-01-28,train,train,-0.0059894831826058,0.008593458105448,-0.0200459824623743,0.9542109933174951,0.045422956189196576,0.00036605049330784963,0
2013-01-29,train,train,-0.0034073585503113,0.0083733670894633,-0.0200459824623743,0.960293502385349,0.03940536965923434,0.00030112795541712334,0
2013-01-30,train,train,-0.0082602959804285,0.0083666259155689,-0.0200459824623743,0.9442510474447187,0.055295195448292284,0.0004537571069892352,0
2013-01-31,train,train,-0.0247559974056644,0.0101277819837989,-0.0219510188836173,0.21494914399614318,0.7654337272527851,0.019617128751071695,1
2013-02-01,train,train,-0.015983916701315,0.010571035210591,-0.0219510188836173,0.0702159675017096,0.9034769350113001,0.026307097486990193,1
2013-02-04,train,train,-0.0384087924287624,0.0139124440142013,-0.0271441791460192,4.355433548566751e-06,0.741292851433645,0.25870279313280664,1
2013-02-05,train,train,0.0217328870224333,0.0145010977253855,-0.0271441791460192,0.0015681932811093813,0.6883402841324923,0.3100915225863984,1
2013-02-06,train,train,-0.00463163716829,0.0141050362955304,-0.0271441791460192,0.02307825270831821,0.7880606545460734,0.18886109274560867,1
2013-02-07,train,train,-0.0051771203409657,0.0137340118124977,-0.0271441791460192,0.05524025907611166,0.8346297626161895,0.11012997830769891,1
2013-02-08,train,train,0.0198036020802224,0.0141716849724718,-0.0271441791460192,0.015048076916041557,0.8543985051317183,0.13055341795224018,1
2013-02-11,train,train,-0.0118498821686416,0.0140432061191911,-0.0271441791460192,0.018621574926487326,0.8859641763275022,0.09541424874601052,1
2013-02-12,train,train,0.0191383147118478,0.0143998418470588,-0.0271441791460192,0.008420820634669568,0.8849221297328511,0.10665704963247934,1
2013-02-13,train,train,0.0086452997875596,0.0141208565962584,-0.0271441791460192,0.03285656967071196,0.8990349842925116,0.06810844603677672,1
2013-02-14,train,train,-0.0071042084315678,0.013800828315638,-0.0271441791460192,0.057145410665061576,0.900108480002869,0.04274610933206912,1
2013-02-15,train,train,-0.0118555085300557,0.0136919054706139,-0.0271441791460192,0.044549266951198735,0.9205931444691021,0.03485758857969903,1
2013-02-18,train,train,-0.0050802841139508,0.013332994265804,-0.0271441791460192,0.08433506119858106,0.8932191930241145,0.02244574577730432,1
2013-02-19,train,train,0.0142524896615279,0.0133899447205566,-0.0271441791460192,0.06617745956071264,0.9102658659198368,0.023556674519450427,1
2013-02-20,train,train,-0.0076029462744685,0.0131149330903949,-0.0271441791460192,0.08930549221815673,0.8928647575537805,0.01782975022806285,1
2013-02-21,train,train,-0.0183593662271008,0.0134872295696059,-0.0271747186871758,0.01654283747483075,0.956003887327503,0.027453275197666386,1
2013-02-22,train,train,0.020317513499969,0.0139913945360976,-0.0271747186871758,0.006207697889982918,0.9527821574006383,0.04101014470937865,1
2013-02-25,train,train,0.0079763664438891,0.0137051420678404,-0.0271747186871758,0.03249808322641437,0.939335554445773,0.02816636232781265,1
2013-02-26,train,train,-0.0325201340281832,0.01549240494521,-0.03189497462087,4.700660869068428e-05,0.8636798870554068,0.13627310633590248,1
2013-02-27,train,train,0.0193585849693541,0.0157511594191706,-0.03189497462087,0.003513408458136208,0.8482492918875811,0.1482372996542823,1
2013-02-28,train,train,0.0114376781591942,0.015526181454744,-0.03189497462087,0.018785601460688747,0.8764105825503531,0.1048038159889581,1
2013-03-01,train,train,-0.0052626315588263,0.015108285454913,-0.03189497462087,0.04888134839544527,0.8899637965221701,0.06115485508238465,1
2013-03-04,train,train,0.0072047825460784,0.0147539555887933,-0.03189497462087,0.09550835325712444,0.8667048802258617,0.037786766517013945,1
2013-03-05,train,train,0.0212370834578149,0.0152210142898813,-0.03189497462087,0.01740528224108803,0.9231710318950364,0.05942368586387575,1
2013-03-06,train,train,-0.00767477409066,0.0148765805510731,-0.03189497462087,0.03705432209229694,0.9242647631918639,0.038680914715839426,1
2013-03-07,train,train,0.0036063151631008,0.0144504055480235,-0.03189497462087,0.09331560115518854,0.8832375981101854,0.023446800734625985,1
2013-03-08,train,train,0.028091104776936,0.0156087147878208,-0.03189497462087,0.002113580362149436,0.9201597338152797,0.0777266858225709,1
2013-03-11,train,train,-0.008578466009843,0.0152783985886219,-0.03189497462087,0.018233685281775547,0.9307624318141984,0.051003882904025855,1
2013-03-12,train,train,-0.0025868799412159,0.0148265037178916,-0.03189497462087,0.05767338781954819,0.912334477184397,0.029992134996054694,1
2013-03-13,train,train,-0.0039928224541461,0.0144080622436146,-0.03189497462087,0.10958640350932675,0.8712117611191308,0.019201835371542166,1
2013-03-14,train,train,0.0186061426130498,0.0146938094017565,-0.03189497462087,0.03717761307264886,0.9337537469694102,0.029068639957940953,1
2013-03-15,train,train,-0.0044916230780697,0.014288598018125,-0.03189497462087,0.07783980654781647,0.9029132443337499,0.01924694911843347,1
2013-03-18,train,train,-0.0129972720736619,0.0142144270445755,-0.03189497462087,0.047037570004310046,0.9328008431587387,0.020161586836951212,1
2013-03-19,train,train,-0.0222009500906456,0.0148155280408383,-0.03189497462087,0.0032407058264220497,0.9573508658410872,0.03940842833249053,1
2013-03-20,train,train,0.0113878505833158,0.0146325277145,-0.03189497462087,0.019838391820561692,0.9489580854370888,0.031203522742349932,1
2013-03-21,train,train,-0.0077650221826077,0.0143136979654615,-0.03189497462087,0.03933035448711337,0.9380923188654207,0.02257732664746571,1
2013-03-22,train,train,-0.0026018368734935,0.013892271440864,-0.03189497462087,0.0903769638274836,0.8942925266173439,0.015330509555172643,1
2013-03-25,train,train,-0.0229394955036388,0.0145941330909765,-0.03189497462087,0.004492001957394304,0.9594540763014862,0.03605392174111961,1
2013-03-26,train,train,-0.018610582479341,0.0148657534033673,-0.03189497462087,0.002938759210508253,0.9524534225943564,0.044607818195135346,1
2013-03-27,train,train,-0.0113399073440599,0.0146781060327638,-0.03189497462087,0.01288739917768918,0.9522620755950074,0.03485052522730309,1
2013-03-28,train,train,0.0024778295319217,0.0142438887687972,-0.03189497462087,0.05405204277017254,0.924207313346524,0.021740643883303393,1
2013-04-02,train,train,0.0163305170050381,0.0143776288852337,-0.03189497462087,0.032021118697759025,0.9416644126717838,0.026314468630457388,1
2013-04-03,train,train,-0.0183148343094883,0.014643743680045,-0.03189497462087,0.007369526706526305,0.9577388151449691,0.034891658148504576,1
2013-04-04,train,train,-0.00716092994601,0.014305579690818,-0.03189497462087,0.028031418609162282,0.9476756879964647,0.024292893394373023,1
2013-04-05,train,train,-0.0063274020310484,0.01395610241653,-0.03189497462087,0.05576203004378107,0.9264838294558538,0.017754140500365147,1
2013-04-08,train,train,-0.0014500424106884,0.0135356043219578,-0.03189497462087,0.1205308017051006,0.8669062221861608,0.012562976108738886,1
2013-04-09,train,train,0.0109071539071342,0.013392452713383,-0.03189497462087,0.13972628360115655,0.8474017819267716,0.01287193447207155,1
2013-04-10,train,train,0.0329721079260626,0.0152913673804753,-0.03189497462087,0.0004857778681120736,0.905930938536458,0.09358328359543014,1
2013-04-11,train,train,0.0028350857333152,0.0148417864170624,-0.03189497462087,0.03104835422463497,0.9160355382485186,0.05291610752684668,1
2013-04-12,train,train,-0.0147040866066485,0.014833560475586,-0.03189497462087,0.01666452324800044,0.9348567212025578,0.04847875554944172,1
2013-04-15,train,train,-0.0032763219545085,0.0144040446588057,-0.03189497462087,0.05315346255275278,0.9178226214326916,0.02902391601455552,1
2013-04-16,train,train,-0.0081940317237117,0.0141087363620648,-0.03189497462087,0.0706901730370563,0.9078365503647896,0.021473276598153963,1
2013-04-17,train,train,-0.0185001610718836,0.014410010853963,-0.03189497462087,0.012950964846360581,0.9558330685698772,0.031215966583762255,1
2013-04-18,train,train,0.0012167411453773,0.0139742025025954,-0.03189497462087,0.05453266093765116,0.9257319406951027,0.01973539836724631,1
2013-04-19,train,train,0.013097860481632,0.0139231775252745,-0.03189497462087,0.055237312358462194,0.9247326410923116,0.02003004654922632,1
2013-04-22,train,train,0.0140751757963602,0.0139323441846014,-0.03189497462087,0.04814134589246515,0.9303996489519409,0.02145900515559413,1
2013-04-23,train,train,0.0320673913061166,0.0156257049991442,-0.03189497462087,0.00026244840270448145,0.8912164005022549,0.10852115109504061,1
2013-04-24,train,train,0.011991570761172,0.0154318101166479,-0.03189497462087,0.014879070331428972,0.9058589688161901,0.07926196085238106,1
2013-04-25,train,train,-0.0028888218472371,0.0149784189809073,-0.03189497462087,0.051378084859449405,0.9036707805303025,0.04495113461024823,1
2013-04-26,train,train,-0.008174247184551,0.0146595004034788,-0.03189497462087,0.06924110780635635,0.9000941620331012,0.03066473016054261,1
2013-04-29,train,train,0.0183790064050667,0.014908862047154,-0.0312894739868614,0.02582044553104732,0.9345863152679285,0.03959323920102428,1
2013-04-30,train,train,-0.0037819383812334,0.0144843329485265,-0.0312894739868614,0.06511401621552582,0.9103856979437028,0.024500285840771317,1
2013-05-02,train,train,-0.0014976909435662,0.014047872849499,-0.0258868598741558,0.13497838063109283,0.8493719213785071,0.015649697990399815,1
2013-05-03,train,train,0.0163295378934482,0.0141951187444404,-0.0258868598741558,0.0714102366537475,0.9071947841925204,0.021394979153731848,1
2013-05-06,train,train,-0.004809793443979,0.0138130141235381,-0.0258868598741558,0.12160568126545376,0.8633379944133003,0.015056324321245939,1
2013-05-07,train,train,0.0047161876296524,0.0134419471495734,-0.0258868598741558,0.21541187500105055,0.7736509543069828,0.010937170691966607,1
2013-05-08,train,train,0.0061840293162411,0.0131201874871,-0.0258868598741558,0.32181715268030797,0.6696336103952262,0.008549236924465988,1
2013-05-09,train,train,-0.0028305498072943,0.0127393752298749,-0.0258868598741558,0.4500766943716215,0.5437673056665341,0.006155999961844664,1
2013-05-10,train,train,-0.0032949605617637,0.0123776244198518,-0.0258868598741558,0.5732972024186338,0.42222646511431594,0.0044763324670503025,0
2013-05-13,train,train,-0.0101987422230958,0.0122578183898346,-0.0258868598741558,0.5087678003212821,0.4853026841130872,0.00592951556563105,0
2013-05-14,train,train,0.0019843410528851,0.0118943314878276,-0.0258868598741558,0.6608549415908428,0.33549667474949146,0.0036483836596654215,0
2013-05-15,train,train,0.0126518509694413,0.0119411378949815,-0.0258868598741558,0.6119977790946868,0.3827648643934307,0.005237356511882767,0
2013-05-16,train,train,-0.004694981649931,0.0116343413623178,-0.0258868598741558,0.6961080832943423,0.300301383371618,0.00359053333403999,0
2013-05-17,train,train,0.0046833754681599,0.0113380979597721,-0.0258868598741558,0.7960589330264283,0.2017289945403543,0.002212072433217491,0
2013-05-20,train,train,-0.0078608235235007,0.011160056909027,-0.0258868598741558,0.7967977001618064,0.2009641419952771,0.00223815784291665,0
2013-05-21,train,train,-0.0059718838253808,0.010918510053363,-0.0258868598741558,0.8287320014127895,0.16946072812031882,0.0018072704668918834,0
2013-05-22,train,train,-0.0002480798631414,0.0105860626625472,-0.0258868598741558,0.891837922533218,0.10713065840694268,0.0010314190598394136,0
2013-05-23,train,train,-0.0141381511843356,0.0108320856010429,-0.0258868598741558,0.7346420062282459,0.26192235148577947,0.003435642285974533,0
2013-05-24,train,train,-0.0095134551799341,0.0107575268313799,-0.0212503426912084,0.6957746657280051,0.3002737660584993,0.003951568213495564,0
2013-05-27,train,train,0.0119076363151738,0.0108299782397313,-0.0212503426912084,0.6713587620645386,0.3239076306539623,0.004733607281499212,0
2013-05-28,train,train,0.0175057779545757,0.0113418807373541,-0.0212503426912084,0.4099873173649908,0.5776019004484203,0.012410782186588885,1
2013-05-29,train,train,-0.0082109446791275,0.0111787807873741,-0.0212503426912084,0.42062662889656516,0.5693194197318797,0.010053951371554855,1
2013-05-30,train,train,-0.000971864559212,0.0108408441895418,-0.0212503426912084,0.5722181304190554,0.4220525124252541,0.0057293571556904285,0
2013-05-31,train,train,-0.0134775631859897,0.0110168575893195,-0.0212503426912084,0.3689012367361322,0.6209639157641712,0.010134847499696802,1
2013-06-03,train,train,-0.0043600499146563,0.0107344997177439,-0.0212503426912084,0.47508695084673513,0.5179720794753735,0.0069409696778913975,1
2013-06-04,train,train,0.0094429489986898,0.0106614198063082,-0.0212503426912084,0.5303761737377244,0.463345191235636,0.006278635026639701,0
2013-06-05,train,train,-0.0086827953405894,0.0105531690048418,-0.0212503426912084,0.5210278044692458,0.4726981418572825,0.006274053673471976,0
2013-06-06,train,train,-0.0089657453934216,0.0104647163797997,-0.0212503426912084,0.5025011007880734,0.4909937407677251,0.006505158444201083,0
2013-06-07,train,train,0.0060545667798453,0.0102537377725669,-0.0212503426912084,0.6239689204094487,0.3715212640151536,0.004509815575397448,0
2013-06-10,train,train,-0.0047531628867104,0.0100093128363393,-0.0212503426912084,0.7051979282062233,0.29154668055704064,0.0032553912367359154,0
2013-06-11,train,train,-0.0169278761495199,0.010553120027005,-0.0212503426912084,0.3248579948788825,0.6633678655141707,0.011774139606947072,1
2013-06-12,train,train,0.0042558287101329,0.010284598506831,-0.0212503426912084,0.47060779752196463,0.5220209334994578,0.007371268978577825,1
2013-06-13,train,train,-0.0064338665062971,0.0100950615031885,-0.0212503426912084,0.5294211135732072,0.46464982802604354,0.005929058400749112,0
2013-06-14,train,train,-9.915302214167954e-05,0.0097875553958727,-0.0200167463516211,0.6755805013256302,0.3208733362752591,0.0035461623991105687,0
2013-06-17,train,train,0.0080705273574482,0.009693114612924,-0.0200167463516211,0.7412782138534167,0.2557918013275318,0.0029299848190513095,0
2013-06-18,train,train,0.0053811223271973,0.0094898088123702,-0.0200167463516211,0.8235818190872889,0.17453488158029198,0.0018832993324192566,0
2013-06-19,train,train,-0.0100624953418278,0.0095251410366397,-0.0200167463516211,0.7742121415614842,0.22314608735554395,0.0026417710829722226,0
2013-06-20,train,train,-0.0347010395696502,0.0125512685372702,-0.0239372610402916,0.0011364342212170908,0.9006751574733155,0.09818840830546727,1
2013-06-21,train,train,-0.0157067610888022,0.0127626181489157,-0.0238386783170073,0.004778456986016201,0.9072461269051483,0.08797541610883554,1
2013-06-24,train,train,-0.0192750072751655,0.0132439764052037,-0.0241587359722331,0.00237920852323251,0.8977528807806169,0.09986791069615068,1
2013-06-25,train,train,0.0071895849881688,0.0129607154238654,-0.0241587359722331,0.028136789998423676,0.9105937099932073,0.06126950000836901,1
2013-06-26,train,train,0.0279072230032696,0.0143048985101527,-0.0241587359722331,0.0008189047075661382,0.8491562836562823,0.15002481163615147,1
2013-06-27,train,train,0.0027317789968253,0.0138852465261468,-0.0241587359722331,0.03069825212256598,0.8851568756676089,0.08414487220982483,1
2013-06-28,train,train,-0.0104696624738411,0.013704338611014,-0.0241587359722331,0.03544524864138849,0.9053561113923223,0.05919863996628938,1
2013-07-01,train,train,0.0184308837767241,0.0140328974758201,-0.0241587359722331,0.015056242795526871,0.9178033396094101,0.06714041759506312,1
2013-07-02,train,train,-0.0025959758055629,0.0136202505225069,-0.0241587359722331,0.05250687483107224,0.909075233851665,0.03841789131726249,1
2013-07-03,train,train,-0.0156932649114344,0.0137534455556753,-0.0241587359722331,0.01979325044977753,0.9404248946914251,0.03978185485879722,1
2013-07-04,train,train,0.0302195994688314,0.015251271432151,-0.0241587359722331,0.0002903138351576598,0.8655863201680044,0.1341233659968379,1
2013-07-05,train,train,-0.0168367403280805,0.0153510179783566,-0.0241587359722331,0.003358358247258196,0.870857419047631,0.12578422270511075,1
2013-07-08,train,train,0.0187843693149789,0.0155783721751411,-0.0241587359722331,0.004947228452617616,0.862163444517926,0.13288932702945638,1
2013-07-09,train,train,-0.0003493295968155,0.0151040345841636,-0.0241587359722331,0.038320552516861464,0.888437053932195,0.07324239355094395,1
2013-07-10,train,train,-0.0024734644474483,0.0146564330810331,-0.0241587359722331,0.09005107807979555,0.8691649663024903,0.04078395561771396,1
2013-07-11,train,train,0.0044553799104952,0.0142517856224434,-0.0236346409981118,0.17292522538963134,0.803351818175489,0.02372295643487944,1
2013-07-12,train,train,-0.0234335144117084,0.0149624318104853,-0.025803187085508,0.007340184964156661,0.9386527540364872,0.05400706099935609,1
2013-07-15,train,train,0.0013248466886484,0.0145102452380145,-0.025803187085508,0.04444123590709776,0.924196576819487,0.0313621872734154,1
2013-07-16,train,train,-0.0072700591811823,0.0141804657710936,-0.025803187085508,0.0687794422090028,0.9091301622314895,0.022090395559507946,1
2013-07-17,train,train,0.0018576787142584,0.0137559998229272,-0.025803187085508,0.14731039935547394,0.8383281654795158,0.01436143516501047,1
2013-07-18,train,train,0.0183390388659,0.0140731339811774,-0.025803187085508,0.05255345793170072,0.9236592762397157,0.02378726582858377,1
2013-07-19,train,train,-0.0017734208454745,0.013651322842082,-0.025803187085508,0.1143658168097678,0.8700830108589684,0.0155511723312638,1
2013-07-22,train,train,0.0028661849528866,0.0132540559599495,-0.025803187085508,0.21465734108474122,0.7745132313835075,0.01082942753175139,1
2013-07-23,train,train,0.0134294187682605,0.0132646431061413,-0.025803187085508,0.17632783159891777,0.8101222474965947,0.01354992090448734,1
2013-07-24,train,train,0.0146071672712284,0.0133490026395489,-0.025803187085508,0.12330537950138405,0.8595517896763333,0.017142830822282518,1
2013-07-25,train,train,0.0108774222791047,0.0132137510990907,-0.025803187085508,0.1431029762574158,0.8412241547562012,0.01567286898638329,1
2013-07-26,train,train,0.0085960337323121,0.0129830864118598,-0.025803187085508,0.19958852336976807,0.7875606921305055,0.012850784499726198,1
2013-07-29,train,train,0.0026898316476448,0.0126048011673612,-0.025803187085508,0.3323158372287699,0.6590252869966694,0.008658875774560672,1
2013-07-30,train,train,0.0095530206739692,0.0124428197752931,-0.025803187085508,0.385801919418793,0.606006456844237,0.008191623736970048,1
2013-07-31,train,train,-0.0027353207874798,0.0120823531197952,-0.025803187085508,0.5184983740067538,0.47594778222993395,0.005553843763312616,0
2013-08-01,train,train,0.0125844041414673,0.0121130629963063,-0.025803187085508,0.4740104967709894,0.5185707924979744,0.007418710731036409,1
2013-08-02,train,train,0.0039499226330108,0.0117838376928632,-0.025803187085508,0.621214756346006,0.37421613013955884,0.004569113514435511,0
2013-08-05,train,train,-0.0015407488404927,0.0114310863589078,-0.025803187085508,0.7414051073298952,0.25584042569452364,0.0027544669755812006,0
2013-08-06,train,train,-0.0036628815449116,0.0111191075764578,-0.025803187085508,0.8134220185326563,0.1847048718986009,0.001873109568742847,0
2013-08-07,train,train,0.0052152479382967,0.0108558006965173,-0.025803187085508,0.8743230249202861,0.12444046385519729,0.0012365112245167143,0
2013-08-08,train,train,0.0113303850101287,0.0108848592873505,-0.025803187085508,0.8600800936506854,0.13830460020319282,0.0016153061461220137,0
2013-08-09,train,train,0.0073188311450854,0.0107044509136579,-0.025803187085508,0.8927741681626283,0.10605409877875925,0.0011717330586122562,0
2013-08-12,train,train,-0.0020397209207281,0.010390369622261,-0.025803187085508,0.9263302657304607,0.07297263639799668,0.0006970978715424871,0
2013-08-13,train,train,0.0046691980400555,0.0101385540711784,-0.025803187085508,0.9471692482082512,0.05236605004341349,0.00046470174833521095,0
2013-08-14,train,train,0.0035103964613151,0.0098672303578001,-0.025803187085508,0.960892849581907,0.03879277415980608,0.00031437625828662245,0
2013-08-15,train,train,-0.0058995485616963,0.0096751631113779,-0.025803187085508,0.9570064330128156,0.04265918990535054,0.0003343770818338398,0
2013-08-16,train,train,0.0095337311415371,0.0096667355465332,-0.025803187085508,0.9506879407825429,0.04888498505519089,0.0004270741622663262,0
2013-08-19,train,train,-0.0187894998138516,0.0104413479854995,-0.025803187085508,0.6485500976868876,0.3460625327490128,0.005387369564099391,0
2013-08-20,train,train,-0.018031244336599,0.0110448173017305,-0.025803187085508,0.2223811543750916,0.7598946390439589,0.01772420658094928,1
2013-08-21,train,train,-0.0047866336237052,0.0107723452210623,-0.025803187085508,0.3078545395511248,0.680413364501061,0.011732095947814235,1
2013-08-22,train,train,0.0196478910133174,0.0114997040633362,-0.025803187085508,0.09028400214663868,0.8846009940162016,0.02511500383715945,1
2013-08-23,train,train,0.006594851648515,0.0112657945138196,-0.025803187085508,0.15680748471744937,0.8260495530612966,0.017142962221254176,1
2013-08-26,train,train,-0.0042568085944316,0.0109722497068982,-0.025803187085508,0.23721396883637333,0.750949308215036,0.011836722948590355,1
2013-08-27,train,train,-0.0300306714080117,0.0129335734167188,-0.0293884084631234,0.0009271182072448155,0.9301764502730373,0.0688964315197178,1
2013-08-28,train,train,0.000488278874391,0.0125401350479836,-0.0293884084631234,0.03249934812212539,0.9283409886413053,0.039159663236569414,1
2013-08-29,train,train,0.0040403659305528,0.0121983261643363,-0.0293884084631234,0.0847454744871475,0.8912855044529164,0.02396902105993623,1
2013-08-30,train,train,-0.0169355418288008,0.0125331546771331,-0.0293884084631234,0.022359334441354684,0.9471772434916388,0.030463422067006488,1
2013-09-02,train,train,0.0166390114978884,0.0128166520748946,-0.0293884084631234,0.01648297246207935,0.9493410623186824,0.03417596521923811,1
2013-09-03,train,train,0.0018489827213851,0.0124344561767133,-0.0293884084631234,0.06063470250719776,0.9181600213528941,0.021205276139908254,1
2013-09-04,train,train,0.0053260621531726,0.0121260370554248,-0.0293884084631234,0.12332386102019804,0.8617353268855632,0.014940812094238622,1
2013-09-05,train,train,0.0070069777930417,0.0118812538251185,-0.0293884084631234,0.19611585195689155,0.7921310916135167,0.01175305642959182,1
2013-09-06,train,train,0.0122059181504413,0.0119009834544544,-0.0293884084631234,0.18766642211780613,0.7992930049455879,0.01304057293660612,1
2013-09-09,train,train,-0.0026030409929667,0.0115560353104717,-0.0293884084631234,0.29626427443387693,0.6946096653474434,0.009126060218679469,1
2013-09-10,train,train,0.0193993480367454,0.0121700253584823,-0.0293884084631234,0.09086002377578187,0.8881940410603639,0.02094593516385408,1
2013-09-11,train,train,0.0083274218484913,0.0119742934435022,-0.0293884084631234,0.14016482603411595,0.8437637477049185,0.01607142626096589,1
2013-09-12,train,train,0.0055058227915676,0.0116875800035578,-0.0242463976982952,0.23433810241405356,0.7541869233355902,0.011474974250356332,1
2013-09-13,train,train,0.0019477926398985,0.0113415690505887,-0.0242463976982952,0.3780102244603802,0.6143205169785522,0.007669258561067359,1
2013-09-16,train,train,0.0064545261583717,0.0111091391067563,-0.0240845618778572,0.4979315920950431,0.4961627314093672,0.005905676495589323,0
2013-09-17,train,train,-0.0008337279006336,0.0107726458924632,-0.0240845618778572,0.6441275491853431,0.3521193425096161,0.003753108305040759,0
2013-09-18,train,train,0.0078097346332069,0.0106182118483013,-0.0240845618778572,0.7192264762880405,0.27766900121042515,0.0031045225015343576,0
2013-09-19,train,train,0.0100131799547816,0.010582885421873,-0.0240845618778572,0.7420753242841887,0.2547966299278488,0.003128045787962463,0
2013-09-20,train,train,0.0019752429152769,0.0102718893634912,-0.0240845618778572,0.8381382116371597,0.16015213751263505,0.00170965085020518,0
2013-09-23,train,train,-0.0068156130234681,0.0100979286630078,-0.0240845618778572,0.8513484579177872,0.1471041131080589,0.0015474289741540313,0
2013-09-24,train,train,0.0063575609614271,0.0099133843045097,-0.0240845618778572,0.8931462276986053,0.10577021197906646,0.0010835603223282961,0
2013-09-25,train,train,0.0081802537726341,0.0098180278148846,-0.0240845618778572,0.9103282368900076,0.08875033081683391,0.0009214322931583795,0
2013-09-26,train,train,0.0031865597464054,0.0095508795272719,-0.0240845618778572,0.9404167245241257,0.059039526347257495,0.0005437491286167211,0
2013-09-27,train,train,-0.0047565648567375,0.009332932889182,-0.0240845618778572,0.9469791591286681,0.052571825822269866,0.00044901504906176006,0
2013-09-30,train,train,-0.0045943034589012,0.0091183263591234,-0.0240845618778572,0.9520711228160943,0.04754253786196392,0.0003863393219420177,0
2013-10-01,train,train,0.0167754271508161,0.0097488532875172,-0.0240845618778572,0.8546015289347508,0.1435278765704537,0.0018705944947954923,0
2013-10-02,train,train,0.0009095053332071,0.0094544890921356,-0.0240845618778572,0.909151640706774,0.08989383006800465,0.0009545292252216982,0
2013-10-03,train,train,-0.005824400746711,0.0092768281646913,-0.0240845618778572,0.9185308018854473,0.08068026423810694,0.0007889338764458678,0
2013-10-04,train,train,0.0133787321959398,0.0095726379258602,-0.0222838051861541,0.8739286532703131,0.12453807461659562,0.0015332721130910498,0
2013-10-07,train,train,-0.0041483284211507,0.0093364763572466,-0.0222838051861541,0.9044522656247844,0.09455328663902457,0.000994447736191044,0
2013-10-08,train,train,-0.0067377119159467,0.0092012721422092,-0.0222838051861541,0.9075163672036072,0.09156769394794867,0.0009159388484443348,0
2013-10-09,train,train,0.0128054177781906,0.0094563379783792,-0.0222838051861541,0.8707777814878324,0.12765991362232715,0.001562304889840741,0
2013-10-10,train,train,0.0231953880983478,0.0107860349538482,-0.0222838051861541,0.3390109606160996,0.6423910919137142,0.01859794747018618,1
2013-10-11,train,train,0.0008277726256425,0.0104594143944717,-0.0222838051861541,0.4993201183228069,0.491217476395441,0.009462405281752479,0
2013-10-14,train,train,0.0028402536831643,0.0101646156329617,-0.0222838051861541,0.6508530284171654,0.3441509960603688,0.004995975522465938,0
2013-10-15,train,train,0.0112096177956477,0.0102303263963262,-0.0222838051861541,0.6483893210973151,0.346387891092867,0.005222787809817759,0
2013-10-16,train,train,0.0074882635969093,0.010086845343647,-0.0222838051861541,0.7283300128916633,0.2680574857241473,0.0036125013841896065,0
2013-10-17,train,train,0.0039399998917256,0.009827064566607,-0.0222838051861541,0.8233841864373076,0.1746015779393631,0.0020142356233289536,0
2013-10-18,train,train,0.0084137774510701,0.0097480472493856,-0.0222838051861541,0.8553934202222739,0.14295891406022737,0.001647665717498521,0
2013-10-21,train,train,0.0035928935223488,0.0094919699060551,-0.0222838051861541,0.9072161877883075,0.09185039555798458,0.0009334166537078672,0
2013-10-22,train,train,-0.0024836490370613,0.0092228929240215,-0.0222838051861541,0.9338076648260222,0.06559665933071164,0.0005956758432660422,0
2013-10-23,train,train,-0.018608359638698,0.0100366484227194,-0.0224761769535204,0.6041298891582643,0.38955714670850694,0.00631296413322879,0
2013-10-24,train,train,0.0088231928458158,0.0099680076638848,-0.0224761769535204,0.6655338067006537,0.3296014570822775,0.004864736217068594,0
2013-10-25,train,train,-0.0101263846267084,0.0099775811756413,-0.0224761769535204,0.6044482680339293,0.38986925796013766,0.005682474005932906,0
2013-10-28,train,train,-0.0081118591175611,0.0098755827195215,-0.0224761769535204,0.6103702329976963,0.38442607302603415,0.005203693976269955,0
2013-10-29,train,train,0.0130307626705314,0.0100927475225355,-0.0224761769535204,0.5475815013456518,0.4453717814030313,0.007046717251317029,0
2013-10-30,train,train,-0.008675105313681,0.0100133504149528,-0.0224761769535204,0.5381015537059766,0.4552703954005989,0.0066280508934247265,0
2013-10-31,train,train,0.013125900320842,0.010226852443183,-0.0224761769535204,0.4729603253436159,0.5183913555314803,0.008648319124903343,1
2013-11-01,train,train,-0.0070495530616014,0.0100645403344147,-0.0224761769535204,0.5155254360903605,0.477609443370882,0.006865120538757482,0
2013-11-04,train,train,0.0036018561449467,0.0097977383041092,-0.0224761769535204,0.660508141560313,0.33541394738800484,0.0040779110516821985,0
2013-11-05,train,train,-0.0079412387056581,0.0096963772437996,-0.0224761769535204,0.6682949209735362,0.3277522003238848,0.003952878702579098,0
2013-11-06,train,train,0.0042173828513144,0.0094575751036777,-0.0224761769535204,0.778665706714531,0.21893385771363127,0.002400435571837712,0
2013-11-07,train,train,-0.009878697649448,0.0094833698264992,-0.0224761769535204,0.730719230933176,0.26608909308220513,0.0031916759846185253,0
2013-11-08,train,train,0.0006978603392982,0.0091960570688407,-0.0224761769535204,0.8302466822898306,0.16799111743881356,0.001762200271355938,0
2013-11-11,train,train,0.0043303027278424,0.0089787810408462,-0.0222234251277695,0.8892967473683668,0.10961906122054245,0.001084191411090628,0
2013-11-12,train,train,-0.0084013474863998,0.0089451862370733,-0.0218581909585035,0.8751691845493589,0.12355413170885539,0.0012766837417860508,0
2013-11-13,train,train,-0.0033431162899474,0.0087112548463844,-0.0218581909585035,0.9098149193512244,0.08933786988536038,0.0008472107634150744,0
2013-11-14,train,train,0.0034564836211952,0.0084882059400177,-0.0218581909585035,0.9397295067458447,0.059741336456959365,0.0005291567971957135,0
2013-11-15,train,train,-0.0013192561599618,0.00823596308177,-0.0218581909585035,0.9558021738314427,0.04384401406838173,0.00035381210017534345,0
2013-11-18,train,train,0.008953220255137,0.0082807506777732,-0.0218581909585035,0.9524725172630671,0.047118261364006465,0.0004092213729261897,0
2013-11-19,train,train,-0.015793946318452,0.0089119866639714,-0.0171126159286502,0.7979689899707966,0.19951399886425647,0.0025170111649469064,0
2013-11-20,train,train,-0.0073270198976221,0.0088249197818272,-0.0171126159286502,0.8085896296235487,0.18917465073231976,0.002235719644131437,0
2013-11-21,train,train,0.0041547385972367,0.0086163894860333,-0.0171126159286502,0.8761260039920299,0.12257818666308117,0.0012958093448888154,0
2013-11-22,train,train,0.0081031599419319,0.0085864608408352,-0.0148428968612861,0.8983607133557141,0.10056856266715232,0.0010707239771337456,0
2013-11-25,train,train,0.0012081927009938,0.0083301413530076,-0.0148428968612861,0.934711740000095,0.06468802656516731,0.0006002334347379244,0
2013-11-26,train,train,0.0026283689579365,0.008101992289935,-0.0148428968612861,0.9547062056901152,0.04491676490027204,0.0003770294096123899,0
2013-11-27,train,train,0.0096093425070883,0.008200250613689,-0.0148428968612861,0.9484632254208312,0.051073890780372506,0.0004628837987962564,0
2013-11-28,train,train,0.005226668592424,0.0080528595786944,-0.0148428968612861,0.9591280408510433,0.040531892357235276,0.0003400667917216689,0
2013-11-29,train,train,-0.0022541276905537,0.0078270364793605,-0.0148428968612861,0.9655632635998999,0.03417898349265158,0.00025775290744924686,0
2013-12-02,train,train,-0.0094061085435366,0.0079306520994338,-0.0148428968612861,0.9413020848472963,0.05821349458756668,0.00048442056513729,0
2013-12-03,train,train,-0.0145218584440583,0.0084719885811463,-0.0163080548004027,0.8150367995584747,0.18280411104999586,0.0021590893915294073,0
2013-12-04,train,train,-0.0067379081059783,0.008378071342893,-0.0163080548004027,0.8329444432402203,0.16521191457571416,0.0018436421840655336,0
2013-12-05,train,train,-0.0156770423639667,0.0089848057351234,-0.0166931161070389,0.5605158913728918,0.43258979705980205,0.006894311567306181,0
2013-12-06,train,train,0.000894011482147,0.0087138444697988,-0.0166931161070389,0.7045924419151056,0.2917264598135348,0.003681098271359799,0
2013-12-09,train,train,0.0092017738194068,0.0087438880826909,-0.0166931161070389,0.7457552923910551,0.25104337505799273,0.003201332550952218,0
2013-12-10,train,train,-0.00518879050878,0.0085722608972842,-0.0166931161070389,0.7986512239104936,0.1990773284189181,0.0022714476705881026,0
2013-12-11,train,train,-0.0084694544769503,0.0085661273061909,-0.0166931161070389,0.7866951427381431,0.21086111067166557,0.0024437465901913967,0
2013-12-12,train,train,-0.0092965735604692,0.0086117014348054,-0.0166931161070389,0.7551427357787129,0.2419384923487918,0.002918771872495436,0
2013-12-13,train,train,6.477142666069307e-05,0.0083493693909396,-0.0166931161070389,0.8454243569760362,0.1529738673741656,0.0016017756497981683,0
2013-12-16,train,train,0.0167684701146237,0.0090774526422273,-0.0166931161070389,0.6695134909823934,0.32516105288539415,0.00532545613221235,0
2013-12-17,train,train,-0.0091728290108014,0.0090832034661374,-0.0166931161070389,0.6410246993610902,0.3536764373345471,0.005298863304362181,0
2013-12-18,train,train,0.0106669796147021,0.0091859336673439,-0.0166931161070389,0.6543709181462661,0.3405108095637752,0.005118272289958872,0
2013-12-19,train,train,0.0182055199396838,0.0099601682755286,-0.0166931161070389,0.3573172166272574,0.6282403887314087,0.014442394641333818,1
2013-12-20,train,train,0.0075414305620502,0.0098318383554434,-0.0166931161070389,0.4579090209572368,0.5324346484529658,0.00965633058979736,1
2013-12-23,train,train,0.0070443534195501,0.0096872347771016,-0.0166931161070389,0.5670736530228099,0.4264649316182223,0.006461415358967953,0
2013-12-24,train,train,0.006241718210357,0.0095157505926824,-0.0166931161070389,0.6783320119952453,0.31748943393494555,0.004178554069809357,0
2013-12-27,train,train,0.0081746221664501,0.0094406570552827,-0.0166931161070389,0.7419851445392149,0.25479013320179766,0.003224722258987533,0
2013-12-30,train,train,0.0001818789042647,0.0091531650314785,-0.0166931161070389,0.8369436508163791,0.16131743202348903,0.0017389171601318871,0
2013-12-31,train,train,0.0014935284617734,0.00888186027383,-0.0166931161070389,0.8986208206896368,0.10040617342154072,0.0009730058888228158,0
2014-01-02,train,train,-0.0158971224911506,0.0094507833335829,-0.0167664761494335,0.6687185981735603,0.3265427565053487,0.004738645321091053,0
2014-01-03,train,train,0.0038551694196163,0.0092114063614882,-0.0167664761494335,0.78125822503757,0.21612029309774683,0.002621481864682917,0
2014-01-06,train,train,0.0091941916853732,0.0092103743882602,-0.0167664761494335,0.8110255197952688,0.1866771055804199,0.002297374624310903,0
2014-01-07,train,train,0.0289247872154518,0.011399111172243,-0.0167664761494335,0.05057703931392311,0.9013322488063601,0.0480907118797167,1
2014-01-08,train,train,0.0073315122652171,0.0111968038167964,-0.0167664761494335,0.09682976901789792,0.8724903508223781,0.030679880159723994,1
2014-01-09,train,train,-0.001893755345933,0.010865610398304,-0.0167664761494335,0.18053197980295846,0.8013134072127328,0.01815461298430854,1
2014-01-10,train,train,0.0054957530002311,0.0106202635574849,-0.0167664761494335,0.2875221857859126,0.7004812596858093,0.011996554528278068,1
2014-01-13,train,train,0.0072521723095159,0.0104488390905894,-0.0167664761494335,0.38828739960093067,0.6028101439687229,0.008902456430346206,1
2014-01-14,train,train,0.0015905550610536,0.0101380143995115,-0.0167664761494335,0.5494136257348774,0.4451654519615899,0.00542092230353282,0
2014-01-15,train,train,0.0136798562214902,0.0103846465409882,-0.0167664761494335,0.46220377888146325,0.5296044115351796,0.00819180958335734,1
2014-01-16,train,train,-0.0066252306081218,0.0101982376708444,-0.0167664761494335,0.5164615069672069,0.4770700092304892,0.006468483802304002,0
2014-01-17,train,train,0.0009751072118504,0.0098904427878657,-0.0167664761494335,0.6677155353960649,0.32851495763254773,0.0037695069713874958,0
2014-01-20,train,train,-0.0011090544984693,0.0095929873939496,-0.0157893703911897,0.7795384428546982,0.21820594364791307,0.0022556134973887197,0
2014-01-21,train,train,-0.0092929403913612,0.0095752497188894,-0.0157893703911897,0.747832932985064,0.2493298749946561,0.002837192020280174,0
2014-01-22,train,train,-0.0075301899156882,0.0094650149687323,-0.0157893703911897,0.7593933209359854,0.23790455037113103,0.0027021286928838933,0
2014-01-23,train,train,-0.0037522803334059,0.0092225860971234,-0.0157893703911897,0.8259161151606466,0.17228976724175057,0.0017941175976027763,0
2014-01-24,train,train,-0.0370303219520288,0.0127368525661553,-0.0229071302538771,0.00048190645612383406,0.8772695041440407,0.12224858939983543,1
2014-01-27,train,train,-0.0112599565964863,0.0126531010368108,-0.0229071302538771,0.010836620093260287,0.9023321733166637,0.08683120659007608,1
2014-01-28,train,train,0.012292894589613,0.0126317783126668,-0.0229071302538771,0.023708784351933906,0.911133291538132,0.06515792410993383,1
2014-01-29,train,train,0.0017294915635649,0.0122542883271141,-0.0229071302538771,0.07325572921467483,0.8901671850943143,0.03657708569101081,1
2014-01-30,train,train,0.0068779187471413,0.0119998280586573,-0.0229071302538771,0.1313485064023594,0.8450454080768719,0.02360608552076885,1
2014-01-31,train,train,-0.0044556790955315,0.0116853457631017,-0.0229071302538771,0.20301264079061965,0.7816742953786565,0.01531306383072407,1
2014-02-03,train,train,-0.0198320618606592,0.0123269261345132,-0.0242531687679461,0.0259048845014792,0.9442789189869476,0.02981619651157317,1
2014-02-04,train,train,0.0029671364498398,0.0119734771630015,-0.0242531687679461,0.0758692477918812,0.9050699108861876,0.019060841321931234,1
2014-02-05,train,train,0.0021199145872204,0.0116203247941686,-0.0242531687679461,0.1581264018975967,0.8290120371048542,0.012861560997549131,1
2014-02-06,train,train,0.0192106863037717,0.0122095478834545,-0.0242531687679461,0.046805149776948045,0.9292450018734004,0.023949848349651498,1
2014-02-07,train,train,0.0107602861167375,0.01212747712371,-0.0242531687679461,0.06664788757431517,0.9130365114372735,0.020315600988411613,1
2014-02-10,train,train,-0.0089454431248643,0.0119604521848027,-0.0242531687679461,0.07675603850609912,0.9062840019572194,0.016959959536681706,1
2014-02-11,train,train,0.0108101724191393,0.0118945727599165,-0.0242531687679461,0.09681248409828683,0.8873800218248227,0.015807494076890544,1
2014-02-12,train,train,-0.0010311720817583,0.0115349819429517,-0.0242531687679461,0.184590800897289,0.8043340744575266,0.011075124645184295,1
2014-02-13,train,train,0.0017939422425106,0.0111922095068372,-0.0242531687679461,0.3145425999255365,0.6774965297584106,0.00796087031605287,1
2014-02-14,train,train,0.003351028658536,0.0108822508705901,-0.0242531687679461,0.46567364768244457,0.5285836745793537,0.005742677738201628,1
2014-02-17,train,train,-0.001402296716935,0.0105563235614854,-0.0242531687679461,0.6104680765134052,0.3856056787420291,0.003926244744566049,0
2014-02-18,train,train,-0.0075292611969898,0.0103995767008583,-0.0242531687679461,0.6322570267859535,0.36378594397334485,0.003957029240701499,0
2014-02-19,train,train,0.0011046322783649,0.0100863936355784,-0.0242531687679461,0.7604685162866961,0.23714239045082203,0.002389093262481533,0
2014-02-20,train,train,0.0008351957913618,0.0097812611404727,-0.0242531687679461,0.8501152697457343,0.14847073574787786,0.0014139945063877835,0
2014-02-21,train,train,0.0008741594678654,0.0094857015879032,-0.0242531687679461,0.9063295558087009,0.09283142186149047,0.0008390223298085449,0
2014-02-24,train,train,0.012050891613135,0.0096588437122751,-0.0242531687679461,0.8812130592795963,0.11746341134079429,0.0013235293796095106,0
2014-02-25,train,train,0.0048347530517573,0.0094391819757305,-0.0242531687679461,0.9194991494545198,0.07969616820452069,0.0008046823409597064,0
2014-02-26,train,train,-0.0017785114809066,0.0091619895859994,-0.0242531687679461,0.9431448369700333,0.05635517894401762,0.0004999840859492475,0
2014-02-27,train,train,-0.0059053614238724,0.0089998848657256,-0.0242531687679461,0.9436958923084162,0.055826294837630276,0.0004778128539536407,0
2014-02-28,train,train,-0.0049213779414869,0.0088085895347164,-0.0242531687679461,0.9485692414266943,0.05101014834909956,0.0004206102242057495,0
2014-03-03,train,train,-0.023559475434289,0.0103072162866596,-0.026807286415659,0.30355277973184347,0.6809878712865032,0.015459348981653628,1
2014-03-04,train,train,0.0247945032689078,0.0116940338919594,-0.026807286415659,0.023222902929943782,0.9272352391356236,0.04954185793443257,1
2014-03-05,train,train,0.0087013160180344,0.0115363849178613,-0.026807286415659,0.052286413008106276,0.914110194763879,0.03360339222801486,1
2014-03-06,train,train,0.0086553521764643,0.0113841026713831,-0.026807286415659,0.08926592886611195,0.8868241159587797,0.023909955175108025,1
2014-03-07,train,train,-0.0136604219286035,0.0115333582988948,-0.026807286415659,0.046929235862271435,0.928483957580518,0.024586806557210576,1
2014-03-10,train,train,0.002986371399805,0.0112059072492993,-0.026807286415659,0.11062186357173401,0.8732749759689391,0.016103160459326665,1
2014-03-11,train,train,-0.0030749599205011,0.0108906078137938,-0.026807286415659,0.19005792949218728,0.798507838728075,0.011434231779737562,1
2014-03-12,train,train,-0.0091826194448158,0.0107957513973198,-0.026807286415659,0.1852170259558011,0.8034436415906973,0.011339332453501619,1
2014-03-13,train,train,-0.011997796541197,0.010871622723835,-0.026807286415659,0.1242026046894913,0.862237325950493,0.013560069360015792,1
2014-03-14,train,train,-0.013996569278078,0.0110839923720564,-0.026807286415659,0.05962127509745158,0.9231837367082925,0.01719498819425592,1
2014-03-17,train,train,0.0164758526433197,0.0114791470462329,-0.026807286415659,0.03369245083059595,0.9436527663930496,0.022654782776354455,1
2014-03-18,train,train,0.0076300118140931,0.0112852821281299,-0.026807286415659,0.07156060367421828,0.911219634848659,0.017219761477122682,1
2014-03-19,train,train,0.0041598549196717,0.0109888307260582,-0.026807286415659,0.1455632209594586,0.8419961082592827,0.012440670781258323,1
2014-03-20,train,train,-0.0013284386092789,0.0106590347419793,-0.026807286415659,0.2520304231201554,0.7389256763282955,0.009043900551549244,1
2014-03-21,train,train,-0.0026623774977076,0.010354874000648,-0.026807286415659,0.3736078454674476,0.6195461447338609,0.006846009798691384,1
2014-03-24,train,train,-0.0140239441574536,0.0106108562905649,-0.026807286415659,0.19405540419971654,0.7939537917872816,0.011990804013001592,1
2014-03-25,train,train,0.0077775737317082,0.0104625185369016,-0.026807286415659,0.27236511099880606,0.7176709264117622,0.009963962589431738,1
2014-03-26,train,train,0.0149321479836055,0.0107830690942406,-0.026807286415659,0.18309205747310162,0.802404366166783,0.01450357636011521,1
2014-03-27,train,train,0.005722811058867,0.0105481343530799,-0.026807286415659,0.28791806745093673,0.7017294955149893,0.010352437034073757,1
2014-03-28,train,train,0.0126561662947834,0.0106863493648514,-0.026807286415659,0.25835404263884076,0.7295479293020547,0.012098028059104659,1
2014-03-31,train,train,0.0011223956603003,0.0103644471779201,-0.026807286415659,0.40748652684115555,0.58484841201675,0.0076650611420945175,1
2014-04-01,train,train,0.0117865328698696,0.0104552283959373,-0.026807286415659,0.3956015158821339,0.5955976924409028,0.00880079167696345,1
2014-04-02,train,train,-0.0026125632493015,0.010156900214457,-0.026807286415659,0.5301443805143901,0.46415220862655926,0.0057034108590505415,0
2014-04-03,train,train,0.0141106685635261,0.0104364516329561,-0.026807286415659,0.42646009635016835,0.564546489290555,0.008993414359276749,1
2014-04-04,train,train,0.0087578159315645,0.0103434187636042,-0.026807286415659,0.5004013898518241,0.4923531917073736,0.007245418440802332,0
2014-04-07,train,train,-0.0066718976989833,0.0101606095363647,-0.026807286415659,0.5518745099064778,0.44231200989303826,0.005813480200484182,0
2014-04-08,train,train,-0.0119223786717247,0.0102748378952155,-0.026807286415659,0.41840332160303484,0.5730901269635292,0.008506551433435866,1
2014-04-09,train,train,0.0004483704492513,0.0099624303415464,-0.026807286415659,0.577493116130047,0.4174357096256088,0.005071174244343881,0
2014-04-10,train,train,-0.0143221883233213,0.0102763087688954,-0.026807286415659,0.33497661818178853,0.6545304054280948,0.01049297639011662,1
2014-04-11,train,train,-0.0127255671915179,0.0104394815110524,-0.026807286415659,0.20858384467941327,0.7777623306720693,0.013653824648517136,1
2014-04-14,train,train,-0.0016868249859686,0.0101298830436697,-0.026807286415659,0.3319622211257783,0.6590363037868249,0.009001475087396685,1
2014-04-15,train,train,-0.0083482207450778,0.0100319103876696,-0.026807286415659,0.34023231450249125,0.6511149193668729,0.008652766130635595,1
2014-04-16,train,train,0.0161405839057313,0.0104991418408238,-0.026807286415659,0.19577357817622906,0.7892936333823266,0.014932788441444304,1
2014-04-17,train,train,0.0023832372355002,0.0101960212736809,-0.026807286415659,0.32855884870216034,0.661893438121917,0.009547713175922679,1
2014-04-22,train,train,0.0140280313507038,0.0104655844862641,-0.0192379085394231,0.25236431510212737,0.7347417481349395,0.012893936762932911,1
2014-04-23,train,train,-0.0012845653458059,0.0101516381736369,-0.0192379085394231,0.3889861231369349,0.6028100856209087,0.008203791242156358,1
2014-04-24,train,train,0.0036003991079873,0.009881810794391,-0.0192379085394231,0.5424895569924821,0.45216109067290033,0.005349352334617678,0
2014-04-25,train,train,-0.0150039856305191,0.0102614983598704,-0.0194651743084891,0.27565389259343825,0.7126150214195717,0.011731085986990002,1
2014-04-28,train,train,0.0014253300458897,0.00995501590248,-0.0194651743084891,0.42800855524426656,0.5646182014099727,0.007373243345760961,1
2014-04-29,train,train,0.0134830668996803,0.0102011659482035,-0.0194651743084891,0.3564705227355556,0.6333837284226961,0.010145748841748209,1
2014-04-30,train,train,-0.0001912047858557,0.0098905082304615,-0.0176285497960431,0.5126968663694544,0.4811638906128218,0.0061392430177236515,0
2014-05-02,train,train,0.0014808817197838,0.009596061927348,-0.0176285497960431,0.664721770074765,0.33159566609768193,0.003682563827553203,0
2014-05-05,train,train,0.0002386466434816,0.0093039108645727,-0.0176285497960431,0.7829542761393131,0.21486804975942844,0.002177674101258376,0
2014-05-06,train,train,0.0004199170851278,0.0090210626732587,-0.0176285497960431,0.8641802350631782,0.13454149248772265,0.0012782724490988052,0
2014-05-07,train,train,-0.0064704707937929,0.0088886903977566,-0.0176285497960431,0.8772112112863717,0.12160573141846535,0.0011830572951628331,0
2014-05-08,train,train,0.0168916724756516,0.0095597073129579,-0.0176285497960431,0.7148790941713205,0.28072207227850227,0.004398833550177377,0
2014-05-09,train,train,-0.0098680116152058,0.0095784854162402,-0.0176285497960431,0.6643728024508595,0.33070953256822616,0.0049176649809143415,0
2014-05-12,train,train,0.0075804606689545,0.0094704985578475,-0.0176285497960431,0.7401022400957525,0.2564668999784417,0.003430859925805602,0
2014-05-13,train,train,0.001909807204365,0.0091938982032439,-0.0176285497960431,0.836941261888847,0.16125192005436842,0.0018068180567844248,0
2014-05-14,train,train,0.0025187594744991,0.0089351411448694,-0.0176285497960431,0.8979460945178916,0.10104689114118834,0.0010070143409201791,0
2014-05-15,train,train,-0.0237297780617966,0.0104322904701576,-0.0207644130422015,0.1852007091493151,0.7933687701349549,0.021430520715729987,1
2014-05-16,train,train,0.0109099093937819,0.0104615625393795,-0.0207644130422015,0.20482667163498447,0.7772062350080624,0.01796709335695331,1
2014-05-19,train,train,-0.0050899211018243,0.0102192011003206,-0.0207644130422015,0.28226082637016314,0.7055736725191993,0.012165501110637427,1
2014-05-20,train,train,0.0027108046153078,0.00993010848686,-0.0207644130422015,0.4331519215995183,0.5592490994459454,0.00759897895453611,1
2014-05-21,train,train,0.0073957854464993,0.0097965549980286,-0.0207644130422015,0.5362102594151371,0.45792948833009595,0.005860252254766489,0
2014-05-22,train,train,-0.0010261061391124,0.0095014374737804,-0.0207644130422015,0.6760317154700223,0.32041495963628974,0.0035533248936877255,0
2014-05-23,train,train,0.0036339441101612,0.0092548910426766,-0.0207644130422015,0.7874974814896496,0.2103206196283702,0.0021818988819802985,0
2014-05-26,train,train,0.0121057033238917,0.0094502227961605,-0.0207644130422015,0.7577707993592582,0.23917634941500507,0.0030528512257363806,0
2014-05-27,train,train,0.002495150920223,0.0091826932285756,-0.0207644130422015,0.8478670034830156,0.15048842184916345,0.001644574667821035,0
2014-05-28,train,train,0.0040053373073218,0.0089568469480642,-0.0207644130422015,0.9014696532972089,0.09755686279377747,0.0009734839090139366,0
2014-05-29,train,train,-0.0020845357462145,0.0086989837436691,-0.0176853173385456,0.9314917908031884,0.06789585040009838,0.0006123587967131174,0
2014-05-30,train,train,0.0059349982074241,0.0085583544741725,-0.0176853173385456,0.947101297596838,0.05243697455729336,0.0004617278458688029,0
2014-06-02,train,train,0.0026542224345774,0.0083230642933469,-0.0176853173385456,0.9615364761544856,0.03815837464271728,0.0003051492027972732,0
2014-06-03,train,train,-0.0046935847762935,0.0081509986848515,-0.0176853173385456,0.9615947137599621,0.03811610385593405,0.00028918238410351714,0
2014-06-04,train,train,-0.0019599033950745,0.0079172549577429,-0.0176853173385456,0.9674311768466438,0.03233675521012382,0.00023206794323235108,0
2014-06-05,train,train,0.0111688384780874,0.0081490200440867,-0.0176853173385456,0.9508553255043236,0.04872163515244872,0.0004230393432278018,0
2014-06-06,train,train,0.0171283678466428,0.0089456690707619,-0.0176853173385456,0.8429753438239709,0.15489513970940166,0.002129516466627821,0
2014-06-09,train,train,0.0089794679032599,0.0089477006010321,-0.0176853173385456,0.8644865014027318,0.1337945699724866,0.0017189286247818324,0
2014-06-10,train,train,-0.00094988901038,0.0086782372997568,-0.0176853173385456,0.9122084733236868,0.08688077953258093,0.0009107471437323105,0
2014-06-11,train,train,-0.0070719474571325,0.0085903341566684,-0.0176853173385456,0.910969582029228,0.08814936703007142,0.0008810509407006996,0
2014-06-12,train,train,0.0012271265293663,0.0083340602852976,-0.0176853173385456,0.941855667444382,0.05763213044406394,0.0005122021115539707,0
2014-06-13,train,train,0.0022700662560429,0.0080992814025101,-0.0176853173385456,0.9588468129061376,0.04082268579920357,0.00033050129465870236,0
2014-06-16,train,train,-0.0095380531057361,0.0081927361183974,-0.0176853173385456,0.9328728364326588,0.06654069118763006,0.0005864723797107815,0
2014-06-17,train,train,0.0045589000922007,0.0080212644765269,-0.0176853173385456,0.9512239742255496,0.04836698492406883,0.0004090408503815191,0
2014-06-18,train,train,0.0048531391465706,0.0078672371483772,-0.0176853173385456,0.9614124778875038,0.038280004296389156,0.0003075178161067889,0
2014-06-19,train,train,0.0067713031914535,0.0078058214136959,-0.0176853173385456,0.9636847669641139,0.0360286716850849,0.0002865613508012492,0
2014-06-20,train,train,-0.0029271270802323,0.007601913012038,-0.0176853173385456,0.9671178608027752,0.032643514730652495,0.00023862446657220906,0
2014-06-23,train,train,-0.0033043790228055,0.0074146390201829,-0.0176853173385456,0.9685051472979495,0.03127532912777335,0.00021952357427746505,0
2014-06-24,train,train,-0.0011158492378984,0.0071939534793425,-0.0176853173385456,0.9723036342797609,0.027510736426585674,0.00018562929365358613,0
2014-06-25,train,train,-0.0126130317332068,0.0076284403932482,-0.0176853173385456,0.9164312254042615,0.08283117811355357,0.0007375964821851027,0
2014-06-26,train,train,0.0020313480306581,0.0074127659583073,-0.0176853173385456,0.9448054034610738,0.05473390080517137,0.00046069573375473726,0
2014-06-27,train,train,-0.0026515820283089,0.00721623214972,-0.0176853173385456,0.9562834665684603,0.04337403648943156,0.0003424969421079154,0
2014-06-30,train,train,-0.0033267645140446,0.0070436927658897,-0.0176853173385456,0.9617710753193521,0.03794336532493721,0.000285559355711029,0
2014-07-01,train,train,0.0076876704252568,0.0070839824892129,-0.0176853173385456,0.961425964146246,0.03826956637798019,0.0003044694757739723,0
2014-07-02,train,train,0.0007628404673938,0.0068707172091236,-0.0176853173385456,0.9695505195299198,0.03023002917729107,0.0002194512927892282,0
2014-07-03,train,train,0.00667678539193,0.0068592359239114,-0.0176853173385456,0.9690655559488006,0.030707799334380892,0.0002266447168186129,0
2014-07-04,train,train,-0.0072942315777646,0.0068861106054788,-0.0176853173385456,0.9575200992961816,0.042160282236631215,0.0003196184671872133,0
2014-07-07,train,train,-0.0110423132410083,0.0072034275881268,-0.0176853173385456,0.9151626520842714,0.08406590350536433,0.000771444410363931,0
2014-07-08,train,train,-0.0184827106988574,0.0083230188371169,-0.019072158130391,0.5593165284845976,0.43350284893161156,0.007180622583790807,0
2014-07-09,train,train,0.0053928885302808,0.0081768746359,-0.019072158130391,0.6824007963251235,0.3133206047399292,0.004278598934947426,0
2014-07-10,train,train,-0.020047286505531,0.0093254074364953,-0.0207532584220616,0.16150714832304788,0.8180716584425475,0.020421193234404715,1
2014-07-11,train,train,0.0004935556333903,0.0090421262021185,-0.0207532584220616,0.2832703695827399,0.7045188493599776,0.012210781057282382,1
2014-07-14,train,train,0.006384486156558,0.0089050627897131,-0.0207532584220616,0.3981185644715578,0.593252052065784,0.008629383462657726,1
2014-07-15,train,train,-0.0123707401233404,0.0091500954838385,-0.0207532584220616,0.26746993994020374,0.720842117894309,0.011687942165487408,1
2014-07-16,train,train,0.0182087377879171,0.0099294652641171,-0.0207532584220616,0.10267832835811207,0.8758015916508375,0.021520079991050156,1
2014-07-17,train,train,-0.0117955809283876,0.010051207259415,-0.0207532584220616,0.07360655150370238,0.9059737634006323,0.020419685095665076,1
2014-07-18,train,train,-0.0015471848725699,0.0097523734645064,-0.0207532584220616,0.14754543221184252,0.8388573096244112,0.013597258163746207,1
2014-07-21,train,train,-0.0042838892700483,0.0095133255666154,-0.0207532584220616,0.22498869785824713,0.7647659065034175,0.010245395638335287,1
2014-07-22,train,train,0.0157971528003423,0.010002307920279,-0.0207532584220616,0.13091625413732977,0.8531652306626288,0.01591851520004132,1
2014-07-23,train,train,0.0009573146060237,0.0097004319998361,-0.0207532584220616,0.2407592932147705,0.7486249640040158,0.010615742781213652,1
2014-07-24,train,train,0.0187368550819541,0.0104650208994616,-0.0207532584220616,0.08175151445307237,0.8971518005893347,0.021096684957592683,1
2014-07-25,train,train,0.0025196292090036,0.0101649680059334,-0.0207532584220616,0.1667456720782152,0.8194685889800163,0.01378573894176823,1
2014-07-28,train,train,-0.0007625736524723,0.0098570721414869,-0.0207532584220616,0.28451312562646963,0.7061385590064598,0.009348315367070526,1
2014-07-29,train,train,0.0019650538194141,0.0095688998908505,-0.0207532584220616,0.43749192017689714,0.5561284626090658,0.0063796172140373015,1
2014-07-30,train,train,0.0033152549257208,0.0093128657956186,-0.0207532584220616,0.5913879820498275,0.40429542101113564,0.004316596939037024,0
2014-07-31,train,train,-0.0212717350037242,0.0104247255969493,-0.0216829331903506,0.0847643418185432,0.8935813953588221,0.02165426282263451,1
2014-08-01,train,train,-0.018208746649868,0.0110475298967205,-0.0216829331903506,0.01638194757141728,0.9526246689555651,0.03099338347301752,1
2014-08-04,train,train,-0.0016943986237315,0.0107190158602161,-0.0216829331903506,0.05698360610501975,0.9233302057786779,0.01968618811630252,1
2014-08-05,train,train,-0.0136597363589403,0.010917818774582,-0.0216829331903506,0.03213743155472944,0.9466708864362433,0.021191682009027074,1
2014-08-06,train,train,-0.0104466699173011,0.0108901246792037,-0.0216829331903506,0.036672107654001924,0.94452410827194,0.01880378407405845,1
2014-08-07,train,train,-0.016492519390128,0.0113048360601519,-0.0199339107360375,0.012665632098408904,0.9630166690468324,0.0243176988547585,1
2014-08-08,train,train,0.0025962163107603,0.0109788787949422,-0.0199339107360375,0.05364621707998323,0.9298549778054986,0.016498805114518258,1
2014-08-11,train,train,0.0087396357131191,0.01085755528479,-0.0199339107360375,0.09008448686923898,0.8956732503664944,0.01424226276426662,1
2014-08-12,train,train,0.0046978359426134,0.0105894993323177,-0.0199339107360375,0.17032643515622867,0.8187600715907121,0.010913493253059039,1
2014-08-13,train,train,0.0060840824655727,0.0103744980557847,-0.0199339107360375,0.26717033185628775,0.7239179140517054,0.008911754092006832,1
2014-08-14,train,train,-0.0008932758808512,0.0100608286846994,-0.0199339107360375,0.40904641980302037,0.5845557507451246,0.0063978294518551235,1
2014-08-15,train,train,-0.0070770569195139,0.0099071762612775,-0.0199339107360375,0.4518375870195103,0.5420582546225337,0.0061041583579558596,1
2014-08-18,train,train,0.0127531743235819,0.010100575246161,-0.0199339107360375,0.40453930591869913,0.5871297915011926,0.008330902580108449,1
2014-08-19,train,train,0.0031918833881829,0.0098240322810434,-0.0199339107360375,0.5605850943349806,0.4341802292239823,0.005234676441037228,0
2014-08-20,train,train,0.0033065598624968,0.0095591272578045,-0.0199339107360375,0.699966035678197,0.2967959609211481,0.0032380034006549412,0
2014-08-21,train,train,0.0129189188587264,0.0097932735570772,-0.0199339107360375,0.6428409606263835,0.35228629441775905,0.004872744955857688,0
2014-08-22,train,train,-0.005338030312653,0.0095845390396748,-0.0199339107360375,0.7112033389448407,0.2853288248406512,0.003467836214508143,0
2014-08-25,train,train,0.0179237379608278,0.0102775098266153,-0.0199339107360375,0.43161182346311083,0.5573611967612196,0.011026979775669639,1
2014-08-26,train,train,0.0127157839039012,0.0104398776505975,-0.0199339107360375,0.3874572367137583,0.6005371665271139,0.012005596759127952,1
2014-08-27,train,train,0.0009693376528502,0.010124621453022,-0.0199339107360375,0.5488006968426871,0.4446385081694021,0.0065607949879109865,0
2014-08-28,train,train,-0.0106867848542256,0.0101592285250507,-0.0199339107360375,0.4662692638272285,0.5258158625631936,0.00791487360957804,1
2014-08-29,train,train,0.0006153201429408,0.0098508906147338,-0.0199339107360375,0.6228555168921992,0.37258665118689227,0.004557831920908475,0
2014-09-01,train,train,0.0016484256042288,0.0095593243258927,-0.0199339107360375,0.7535680386600146,0.24380399489405685,0.002627966445928326,0
2014-09-02,train,train,0.0007906433445136,0.0092701320210362,-0.0199339107360375,0.8455649122015585,0.15292556192881493,0.0015095258696269061,0
2014-09-03,train,train,0.0121802776286171,0.0094699934853624,-0.0199339107360375,0.8157569830809476,0.18200878794459494,0.0022342289744575194,0
2014-09-04,train,train,0.0194029848221468,0.0103386884669451,-0.0199339107360375,0.48498702309351577,0.504084516854217,0.010928460052267256,1
2014-09-05,train,train,0.0043867958935534,0.0100811611015921,-0.0199339107360375,0.6282156446363701,0.36589680563127375,0.005887549732356297,0
2014-09-08,train,train,-0.004161597810656,0.0098270623477791,-0.0199339107360375,0.7184393379650658,0.27793350739736483,0.0036271546375694907,0
2014-09-09,train,train,-0.0136936766816777,0.0101008857031277,-0.0199339107360375,0.5094931982411355,0.4828259321269851,0.007680869631879215,0
2014-09-10,train,train,-0.0012608678565519,0.0097980409130341,-0.0199339107360375,0.651527350760997,0.34411438817647927,0.0043582610625238416,0
2014-09-11,train,train,-0.0047195666455098,0.0095696378170109,-0.0199339107360375,0.7289663733846328,0.2679784904169378,0.003055136198429199,0
2014-09-12,train,train,0.0002388578283913,0.0092782925722124,-0.0199339107360375,0.8281959891321476,0.17006952178556972,0.0017344890822825563,0
2014-09-15,train,train,-0.0043810649426075,0.0090594223918591,-0.0199339107360375,0.8702894803638173,0.12845456087877005,0.0012559587574124571,0
2014-09-16,train,train,-0.003937126312038,0.0088362211292773,-0.0199339107360375,0.9031767680300198,0.09592772498497483,0.0008955069850058541,0
2014-09-17,train,train,0.0100157290949842,0.0089113952539995,-0.0199339107360375,0.9027184583935797,0.09626982774489597,0.0010117138615242873,0
2014-09-18,train,train,0.0076352697949725,0.008840024216095,-0.0199339107360375,0.9207823584221806,0.07841373798931653,0.0008039035885034102,0
2014-09-19,train,train,0.0009912655422723,0.0085741601860004,-0.0199339107360375,0.9473190300673296,0.0522172633423832,0.0004637065902869118,0
2014-09-22,train,train,-0.0049203327480544,0.0083998708313031,-0.0199339107360375,0.9510951503906974,0.048502138153222955,0.00040271145607973695,0
2014-09-23,train,train,-0.0134349371720825,0.0087837470587837,-0.0199339107360375,0.8636638659607258,0.1348707431651308,0.0014653908741436967,0
2014-09-24,train,train,0.0050880947583571,0.0086068741216153,-0.0199339107360375,0.9075847792631705,0.09149439155068685,0.0009208291861428226,0
2014-09-25,train,train,-0.0068208078227571,0.0085102873264015,-0.0199339107360375,0.9093431359374226,0.08977865337271401,0.0008782106898633521,0
2014-09-26,train,train,0.0063140887002999,0.0083947337016817,-0.0199339107360375,0.9317414552454769,0.06761673383096516,0.0006418109235579911,0
2014-09-29,train,train,-0.0153596817051347,0.0089665182770016,-0.0199339107360375,0.7646713001574297,0.2322251051562779,0.0031035946862922534,0
2014-09-30,train,train,0.0129700016167311,0.0092556901162137,-0.0198425893863744,0.709581661098275,0.286027286984921,0.004391051916804275,0
2014-10-01,train,train,-0.0067010660108899,0.0091226086563368,-0.0198425893863744,0.7427709910571476,0.2538631734272341,0.003365835515618516,0
2014-10-02,train,train,-0.0316587944381097,0.0117628833748933,-0.0237130920305673,0.003907627402662275,0.9233889362391942,0.07270343635814333,1
2014-10-03,train,train,0.0142480534594096,0.0119266056116898,-0.0237130920305673,0.013171959210832977,0.9256786904580802,0.0611493503310868,1
2014-10-06,train,train,0.0073634011339747,0.0117030964580906,-0.0237130920305673,0.04393806873923664,0.9172293265651464,0.03883260469561697,1
2014-10-07,train,train,-0.0204026943218578,0.0123984238853332,-0.0244444079212305,0.005209038737265744,0.9392821062517619,0.05550885501097228,1
2014-10-08,train,train,-0.0088302561090278,0.0122137654033078,-0.0244444079212305,0.020749098477292394,0.9412661234353573,0.03798477808735022,1
2014-10-09,train,train,-0.0063359085009056,0.0119429529681451,-0.0244444079212305,0.04688803660213537,0.9278564699923914,0.025255493405473166,1
2014-10-10,train,train,-0.0120642980401214,0.0119502684193879,-0.0244444079212305,0.036893648449686414,0.9399592123730278,0.023147139177285538,1
2014-10-13,train,train,0.0036188657649169,0.0116200753759674,-0.0244444079212305,0.09283097574818978,0.8914513277974161,0.015717696454394164,1
2014-10-14,train,train,0.0017262098922838,0.0112740130687394,-0.0244444079212305,0.18453037515235277,0.8044293148733836,0.011040309974263817,1
2014-10-15,train,train,-0.0365647148970349,0.0141313789477088,-0.0298317481129562,3.329996376751185e-05,0.8623436518754176,0.13762304816081505,1
2014-10-16,train,train,-0.0173059723495911,0.0143416846794165,-0.0298317481129562,0.0029285758318139707,0.8645928394781532,0.1324785846900324,1
2014-10-17,train,train,0.0292584389399666,0.0156430898236061,-0.0298317481129562,0.00018062051640085924,0.6968526325602811,0.302966746923318,1
2014-10-20,train,train,-0.0041867664078147,0.0152011718118328,-0.0298317481129562,0.021676273102219114,0.7955161566441641,0.1828075702536172,1
2014-10-21,train,train,0.0236115160278886,0.0158322868952594,-0.0298317481129562,0.0025392511322937287,0.7355060509455037,0.26195469792220244,1
2014-10-22,train,train,0.0095874554835209,0.0155285797158878,-0.0298317481129562,0.020639904015542283,0.8035220844799481,0.17583801150450956,1
2014-10-23,train,train,0.0081424389084732,0.0151870517018879,-0.0295420678856674,0.05101711295483199,0.8394488122446665,0.10953407480050165,1
2014-10-24,train,train,0.0005417322431512,0.014724990847585,-0.0295420678856674,0.1204849161623003,0.8215829480919642,0.05793213574573543,1
2014-10-27,train,train,-0.0140351238731616,0.0146845128030137,-0.0295420678856674,0.057815084379258905,0.8894530080672395,0.05273190755350149,1
2014-10-28,train,train,0.0193886420974655,0.0150083972438491,-0.0295420678856674,0.017588348589134477,0.916358138788502,0.06605351262236345,1
2014-10-29,train,train,-0.0142426477982433,0.0149635573824447,-0.0295420678856674,0.013039760030629444,0.9299725188157413,0.056987721153629246,1
2014-10-30,train,train,0.0015503898266407,0.0145126768406909,-0.0295420678856674,0.054546912174280905,0.9127147913766004,0.032738296449118534,1
2014-10-31,train,train,0.0206453183927668,0.0149517380939377,-0.0295420678856674,0.012463709575838847,0.9383327706370042,0.04920351978715704,1
2014-11-03,train,train,-0.0099174539974591,0.0146983862153445,-0.0295420678856674,0.02371873494629695,0.9406154615175429,0.0356658035361599,1
2014-11-04,train,train,-0.0214341456451487,0.0151870128684857,-0.0298858849934311,0.002533118023719341,0.9420401915578109,0.05542669041847,1
2014-11-05,train,train,0.0119915611890672,0.0150144760368308,-0.0298858849934311,0.01751841756921704,0.9396382257293695,0.042843356701412955,1
2014-11-06,train,train,-0.0014704537590702,0.0145615299771825,-0.0298858849934311,0.059317076598544044,0.9151364653584799,0.02554645804297622,1
2014-11-07,train,train,-0.0132922774012735,0.0144885107678652,-0.0298858849934311,0.03557558304026255,0.939374804687236,0.025049612272501465,1
2014-11-10,train,train,0.0143831288580986,0.0144822094778122,-0.0298858849934311,0.03321138512378231,0.9411416164419635,0.025646998434254754,1
2014-11-11,train,train,0.0063847017165638,0.0141278516710167,-0.0298858849934311,0.0771348726910665,0.9047339335889459,0.01813119371998747,1
2014-11-12,train,train,-0.0177111682889931,0.0143680739905395,-0.0298858849934311,0.017065868988567472,0.9566229203731744,0.026311210638257802,1
2014-11-13,train,train,-0.001665157696896,0.0139363346040159,-0.0298858849934311,0.05818293249900812,0.9244738234184725,0.017343244082519044,1
2014-11-14,train,train,0.0007491588919499,0.0135130237625081,-0.0298858849934311,0.12998150328189317,0.8578036107039291,0.012214886014177896,1
2014-11-17,train,train,0.0157406749090852,0.0136569335258451,-0.0298858849934311,0.07643628945786514,0.9060634774566906,0.01750023308544397,1
2014-11-18,train,train,0.0119470241715057,0.0135604205879782,-0.0298858849934311,0.08435754856234691,0.8984507487903582,0.0171917026472948,1
2014-11-19,train,train,-0.0053917912551165,0.0132134851915692,-0.0298858849934311,0.13254145382716737,0.8544187212105743,0.013039824962258613,1
2014-11-20,train,train,-0.0162832495335275,0.0134174912847229,-0.0298858849934311,0.03963059349601079,0.9406788005963965,0.019690605907592536,1
2014-11-21,train,train,0.0300649689615791,0.0149486276812529,-0.0298858849934311,0.0005036052488571239,0.9175940065266978,0.08190238822444483,1
2014-11-24,train,train,0.0115011989149124,0.0147644991777026,-0.0298858849934311,0.016451942456190766,0.9240298107710403,0.05951824677276879,1
2014-11-25,train,train,0.0053509077495815,0.0143745936511245,-0.0298858849934311,0.055067231687707364,0.9091109871033966,0.035821781208896536,1
2014-11-26,train,train,-0.0049281637106692,0.013988867499923,-0.0298858849934311,0.09939954989294532,0.8778946448473078,0.02270580525974658,1
2014-11-27,train,train,0.0075416685114153,0.0136879404926652,-0.0298858849934311,0.15955446745453272,0.8240687711457411,0.016376761399726457,1
2014-11-28,train,train,0.0040096832910365,0.0133072456068325,-0.0298858849934311,0.27275798229773834,0.7163362863480073,0.010905731354254202,1
2014-12-01,train,train,-0.0091310811135303,0.0130942894820697,-0.0298858849934311,0.262327507488361,0.7270589219014756,0.010613570610163511,1
2014-12-02,train,train,0.0071329279410985,0.012815050201954,-0.0298858849934311,0.3620568529191046,0.6295532527245299,0.00838989435636523,1
2014-12-03,train,train,0.0117180283599628,0.0127518905381351,-0.0298858849934311,0.3545415722252338,0.6359848986200589,0.00947352915470728,1
2014-12-04,train,train,-0.0238197555410807,0.0136710246434199,-0.0306810882920751,0.016055019050464244,0.9487763025553488,0.035168678394186526,1
2014-12-05,train,train,0.0260974149744624,0.0147155565308925,-0.0306810882920751,0.001151660651905628,0.9175977040060423,0.08125063534205196,1
2014-12-08,train,train,-0.0087995161713791,0.0144291592570073,-0.0306810882920751,0.016765992602596147,0.9296802288183341,0.05355377857906964,1
2014-12-09,train,train,-0.0323161771936857,0.0160738519701115,-0.0335132288429434,3.223016823213818e-05,0.7926748168471391,0.20729295298462858,1
2014-12-10,train,train,-0.0062036572992751,0.0156580878769039,-0.0335132288429434,0.019427648777469313,0.8550183133307895,0.12555403789174122,1
2014-12-11,train,train,0.0033510955933793,0.0152032550298859,-0.0335132288429434,0.0642503079432136,0.8660773234231152,0.06967236863367131,1
2014-12-12,train,train,-0.0278778703320395,0.0162450350860971,-0.0335132288429434,0.000533531063309089,0.8276261498901412,0.17184031904654956,1
2014-12-15,train,train,-0.0240522420485233,0.0168159958344803,-0.0335132288429434,0.00037480593063510774,0.7464328687657985,0.25319232530356633,1
2014-12-16,train,train,0.0178131346961477,0.0168774855654843,-0.0335132288429434,0.004483409964132723,0.7519198325841802,0.24359675745168688,1
2014-12-17,train,train,-0.0032188967887659,0.0163823144172167,-0.0335132288429434,0.031771699244930875,0.8271063964901709,0.14112190426489823,1
2014-12-18,train,train,0.0334459547576043,0.0178716346623227,-0.0335132288429434,7.498352142748083e-05,0.5547562564740569,0.4451687600045157,1
2014-12-19,train,train,-0.0026692724335326,0.0173395244136853,-0.0335132288429434,0.020534550270165215,0.6962137032799085,0.2832517464499265,1
2014-12-22,train,train,0.0007138212212101,0.0168122019058591,-0.0335132288429434,0.06765700287927709,0.7716506469836277,0.16069235013709518,1
2014-12-23,train,train,0.0102357687391545,0.0164917367990414,-0.0335132288429434,0.09529720518111773,0.7977993740911148,0.10690342072776762,1
2014-12-24,train,train,0.0003911938385514,0.0159896191839295,-0.0335132288429434,0.19244179780921003,0.7531905350859465,0.05436766710484343,1
2014-12-29,train,train,-0.0083924328114168,0.0156382167160424,-0.0322529208075867,0.20680893135047473,0.7574810557810144,0.035710012868510874,1
2014-12-30,train,train,-0.0111255336362857,0.0154047798639241,-0.0322529208075867,0.15848823132169473,0.8120398259529468,0.029471942725358604,1
2014-12-31,train,train,2.9165754447248777e-05,0.0149354899194863,-0.0322529208075867,0.2785087128601724,0.7052480502011345,0.01624323693869336,1
2015-01-02,train,train,0.0069121790275165,0.0145791433466263,-0.0322529208075867,0.38471966392454904,0.6044689545731569,0.010811381502293991,1
2015-01-05,train,train,-0.0351488830464567,0.0165506789662237,-0.0346765917123924,0.00017474440379312777,0.8667326005444038,0.1330926550518031,1
2015-01-06,train,train,-0.0123036044992679,0.0163270388254847,-0.0346765917123924,0.00878316832646034,0.8925243648230494,0.09869246685049048,1
2015-01-07,train,train,0.002054477768891,0.01583764874388,-0.0346765917123924,0.04645718660609824,0.8987016765302598,0.054841136863641976,1
2015-01-08,train,train,0.0223537602082425,0.0163022294916158,-0.0346765917123924,0.006913067668369396,0.9076737542048485,0.08541317812678229,1
2015-01-09,train,train,-0.0399367774360049,0.0185879987285304,-0.0372167917931655,3.1807831988874116e-07,0.45774259744365337,0.5422570844780268,2
2015-01-12,train,train,0.0080445266210092,0.0181291406150789,-0.0358006125587157,0.01446123877778555,0.5933797380379429,0.3921590231842716,1
2015-01-13,train,train,0.0170520656200589,0.018066327008816,-0.0358006125587157,0.009978072583748611,0.6244665460075056,0.3655553814087457,1
2015-01-14,train,train,-0.0121140304658622,0.0177655178742916,-0.0358006125587157,0.01337272615976487,0.7074889345821855,0.2791383392580497,1
2015-01-15,train,train,0.01376829218155,0.017551374874837,-0.0358006125587157,0.019309791047530396,0.7590200717259945,0.2216701372264749,1
2015-01-16,train,train,0.0056340309602948,0.017072558469337,-0.0358006125587157,0.05841332593462601,0.8111673137711155,0.1304193602942587,1
2015-01-19,train,train,0.0117446786764639,0.0168006001726247,-0.0358006125587157,0.07060257880592335,0.8358185863597942,0.09357883483428259,1
2015-01-20,train,train,0.0123672676164983,0.0165680872368738,-0.0358006125587157,0.07550630940045866,0.8541816552200835,0.07031203537945806,1
2015-01-21,train,train,0.0049856030882094,0.0161097112977399,-0.0358006125587157,0.14922619960298086,0.8114034614733259,0.03937033892369331,1
2015-01-22,train,train,0.0168190505256501,0.016153150090487,-0.0358006125587157,0.0719819634986869,0.8833086367570574,0.044709399744255536,1
2015-01-23,train,train,0.0067229655847572,0.0157474029081078,-0.0358006125587157,0.1310601665486841,0.8411299829347956,0.02780985051652046,1
2015-01-26,train,train,0.0107719700835614,0.0154939980901681,-0.0358006125587157,0.15295117853554513,0.8249168171171192,0.022132004347335907,1
2015-01-27,train,train,-0.00912890273178,0.0151875063823599,-0.0358006125587157,0.15303684384601351,0.8291168645288894,0.017846291625096974,1
2015-01-28,train,train,-0.0134881878123793,0.0150909443619374,-0.0358006125587157,0.08026400807102983,0.8996812388086113,0.020054753120358638,1
2015-01-29,train,train,0.0048366876904085,0.0146791014200413,-0.0358006125587157,0.15529309694267857,0.8307985069958095,0.013908396061511947,1
2015-01-30,train,train,-0.0099757332034132,0.0144401652541308,-0.0358006125587157,0.13954901017150412,0.8468720767757167,0.013578913052778887,1
2015-02-02,train,train,-0.0072547541597978,0.0141125886246201,-0.0358006125587157,0.17146143181220583,0.8169103606187146,0.011628207569079674,1
2015-02-03,train,train,0.0258159222212462,0.0150732530873232,-0.0358006125587157,0.008550161545195271,0.9499700091218031,0.041479829333001594,1
2015-02-04,train,train,-0.0019267489264858,0.0146216798898748,-0.0358006125587157,0.04353463559633982,0.9312982603687593,0.025167104034900918,1
2015-02-05,train,train,-0.0040069439375046,0.0142101811183725,-0.0358006125587157,0.08947162789700373,0.8935505646387073,0.016977807464289306,1
2015-02-06,train,train,0.0035624994652237,0.0138048895945718,-0.0358006125587157,0.17524442161861914,0.8128131062456886,0.011942472135692089,1
2015-02-09,train,train,-0.0198878875470877,0.0142433199212948,-0.0358006125587157,0.021674762190568908,0.9531855761165433,0.025139661692887602,1
2015-02-10,train,train,0.0129596213951832,0.0141695779697182,-0.0358006125587157,0.0304640003273893,0.9458319911991147,0.023704008473496144,1
2015-02-11,train,train,-0.0129693259293347,0.0141004442608453,-0.0358006125587157,0.023237734268735818,0.9536522594948014,0.02311000623646269,1
2015-02-12,train,train,0.0188661966235097,0.0144308412490135,-0.0358006125587157,0.010553474005477926,0.9569211222981108,0.03252540369641124,1
2015-02-13,train,train,0.0166469414479326,0.0145733135552361,-0.0358006125587157,0.011487296289153896,0.9526839419643404,0.035828761746505476,1
2015-02-16,train,train,-0.0046665864825177,0.0141755141587317,-0.0358006125587157,0.041171693681719766,0.9356159586639878,0.023212347654292753,1
2015-02-17,train,train,0.0007948576491906,0.0137450499266277,-0.0358006125587157,0.10236767103970026,0.8823624029740051,0.01526992598629474,1
2015-02-18,train,train,0.0099799382836992,0.013548681254098,-0.0358006125587157,0.13368880628728327,0.8523703524399082,0.013940841272808549,1
2015-02-19,train,train,0.0096797717426172,0.0133482072489525,-0.0358006125587157,0.17228660707738627,0.8150115056593302,0.012701887263283685,1
2015-02-20,train,train,-0.0028546182318304,0.012960443251305,-0.0358006125587157,0.2738308126092398,0.7169887915379475,0.009180395852812434,1
2015-02-23,train,train,0.0101329587965476,0.0128084079866481,-0.0358006125587157,0.3114800965698406,0.6792573547041882,0.009262548725970937,1
2015-02-24,train,train,0.0067469595144964,0.0125277006671097,-0.0358006125587157,0.4230488601470639,0.5697462459335465,0.007204893919389482,1
2015-02-25,train,train,-0.0013566082005445,0.012150601224343,-0.0358006125587157,0.5708366606315491,0.42445709494231443,0.004706244426136469,0
2015-02-26,train,train,0.0081120923051525,0.0119468508821473,-0.0358006125587157,0.6500614594370768,0.3459305555635507,0.004007984999372745,0
2015-02-27,train,train,0.0034770349105749,0.0116141722712559,-0.0358006125587157,0.7691255427828515,0.22844694234976023,0.002427514867388363,0
2015-03-02,train,train,1.790913942313402e-05,0.0112603586504987,-0.0358006125587157,0.8544556320061439,0.14413776460280575,0.0014066033910504839,0
2015-03-03,train,train,-0.0147614554703406,0.0115005204394306,-0.0358006125587157,0.6433411447534271,0.35174157802500683,0.00491727722156604,0
2015-03-04,train,train,0.0033172916317498,0.0111797369191453,-0.0358006125587157,0.7650046384946764,0.23225348881128566,0.0027418726940378092,0
2015-03-05,train,train,0.0065927973001001,0.0109587966994937,-0.0358006125587157,0.8304805910450616,0.1676362622276999,0.0018831467272385325,0
2015-03-06,train,train,-0.0029257847911283,0.010649090317648,-0.034321176938167,0.8824019547379376,0.11642751114313872,0.0011705341189241214,0
2015-03-09,train,train,-0.0034045987693558,0.0103583017278237,-0.034321176938167,0.9142705259270181,0.08493779427513581,0.0007916797978463961,0
2015-03-10,train,train,-0.0138458558161246,0.010599962886747,-0.034321176938167,0.7849972718568915,0.2123583986500958,0.002644329493012747,0
2015-03-11,train,train,0.0109105010941245,0.0106188512776044,-0.0330459675103282,0.7831882297731481,0.21395706035081394,0.002854709876038141,0
2015-03-12,train,train,-0.0009077055601116,0.0102977588858722,-0.0316578493431831,0.8610324299157898,0.13745096978016413,0.0015166003040458515,0
2015-03-13,train,train,0.001995865763039,0.009996010033804,-0.0316578493431831,0.9128952711804854,0.08626480135383968,0.0008399274656747185,0
2015-03-16,train,train,0.00730522210337,0.0098553021160657,-0.0316578493431831,0.9296285118059464,0.06969644086508765,0.0006750473289658058,0
2015-03-17,train,train,-0.0078219682713534,0.0097452733296341,-0.0316578493431831,0.919404438637156,0.07982831616159164,0.0007672452012524507,0
2015-03-18,train,train,0.0019839043674099,0.009460881762577,-0.0316578493431831,0.9465062243312954,0.053033487930943125,0.0004602877377617587,0
2015-03-19,train,train,0.0037034562024763,0.0092174140610344,-0.0316578493431831,0.9603123026318684,0.03937023158436477,0.000317465783766813,0
2015-03-20,train,train,0.0291972049193364,0.0114460335994747,-0.0316578493431831,0.16874686269344333,0.8003946667531783,0.030858470553378443,1
2015-03-23,train,train,0.0029030843725061,0.0111201015275545,-0.0316578493431831,0.2924537084318426,0.6905884343957879,0.01695785717236961,1
2015-03-24,train,train,0.0109847910427467,0.0111120293627807,-0.0316578493431831,0.30913948537226676,0.6762735570235051,0.014586957604227943,1
2015-03-25,train,train,-0.0099462481069951,0.0110455527634472,-0.0316578493431831,0.27271198717587986,0.7137963886120333,0.013491624212086906,1
2015-03-26,train,train,-0.0009512317642232,0.0107115952225262,-0.0316578493431831,0.4157202116348912,0.5760637377377568,0.008216050627351808,1
2015-03-27,train,train,-0.0023075234334254,0.0104006468905699,-0.0316578493431831,0.553877162114548,0.44084013685641815,0.005282701029033862,0
2015-03-30,train,train,0.008860234608432,0.010314711524651,-0.0248620401511444,0.618808744742786,0.3765212236056939,0.00467003165152041,0
2015-03-31,train,train,-0.0006941379013452,0.0100019291665222,-0.0248620401511444,0.7449462179178648,0.25232303861005484,0.0027307434720802576,0
2015-04-01,train,train,0.0042181394565463,0.0097521194546361,-0.0248620401511444,0.8333546437601854,0.16495628983127833,0.001689066408535864,0
2015-04-02,train,train,0.0055336129877005,0.009551693891028,-0.0248620401511444,0.8858396582291386,0.11303147086152943,0.001128870909331902,0
2015-04-07,train,train,0.0082604503006669,0.0094791807223417,-0.0161650662778509,0.9043174212054182,0.09470359346475164,0.0009789853298303593,0
2015-04-08,train,train,-0.0064141223207347,0.0093237349300335,-0.0161650662778509,0.9102049202190291,0.08892033340646195,0.0008747463745087284,0
2015-04-09,train,train,0.0067635445332759,0.009190258056334,-0.0161650662778509,0.9303895908955753,0.06894728547780406,0.0006631236266207618,0
2015-04-10,train,train,0.0012519396071758,0.0089155613239039,-0.0161650662778509,0.9527069268048897,0.04689417107184406,0.000398902123266119,0
2015-04-13,train,train,0.0099172720643182,0.0089788160026217,-0.0161650662778509,0.9451449685453194,0.0543509718837579,0.0005040595709229578,0
2015-04-14,train,train,-0.0137204363604666,0.0093315063647675,-0.0161650662778509,0.8456012654701602,0.1526086845926878,0.0017900499371518107,0
2015-04-15,train,train,0.0062768977698603,0.0091769470473765,-0.0161650662778509,0.8897908105183412,0.10902655817698127,0.0011826313046777216,0
2015-04-16,train,train,-0.0142541657109024,0.00955794172877,-0.0163011695761102,0.7264451876259753,0.26977320008503597,0.0037816122889888985,0
2015-04-17,train,train,-0.0219676203371091,0.0107157629537822,-0.0188723211181791,0.11806226530900292,0.8566608231792291,0.025276911511768,1
2015-04-20,train,train,0.0022159035375288,0.0104034866679402,-0.0188723211181791,0.22232283547739848,0.7625672353825447,0.015109929140057056,1
2015-04-21,train,train,0.003306040659802,0.0101190106754398,-0.0188723211181791,0.3586346593470782,0.631872598539573,0.009492742113348746,1
2015-04-22,train,train,-0.0020243753466554,0.0098232683033364,-0.0188723211181791,0.49960771372279256,0.4942825413385527,0.006109744938654693,0
2015-04-23,train,train,0.0023307468766738,0.0095411082694811,-0.0188723211181791,0.6521724940348298,0.3440490905108694,0.0037784154543006616,0
2015-04-24,train,train,0.0069425923060325,0.0094054642344241,-0.0188723211181791,0.7391681799265567,0.2579755970723293,0.002856223001113956,0
2015-04-27,train,train,0.0116481285338987,0.0095548796914279,-0.0188723211181791,0.7214775562043856,0.2749355544389612,0.0035868893566530927,0
2015-04-28,train,train,-0.0027959560554774,0.0092890809329261,-0.0188723211181791,0.8069561248137705,0.1909103877187245,0.00213348746750501,0
2015-04-29,train,train,-0.0199079105817648,0.0102415476041288,-0.0205878061553205,0.2724418180333329,0.712178765083273,0.015379416883394226,1
2015-04-30,train,train,0.0005359025207823,0.0099304164554507,-0.0205878061553205,0.4234644442782065,0.5676821857155163,0.00885337000627729,1
2015-05-04,train,train,0.0038660048269138,0.0096743547753464,-0.0205878061553205,0.5746497906920991,0.4199406957679333,0.0054095135399675216,0
2015-05-05,train,train,-0.0278132373655783,0.0115927616323873,-0.0232295894281507,0.009197090612173187,0.9432533348671305,0.047549574520696025,1
2015-05-06,train,train,0.0043089631986323,0.0112890488864324,-0.0232295894281507,0.04540419175847995,0.9256007684561774,0.028995039785342545,1
2015-05-07,train,train,0.0014948345076542,0.0109512619860435,-0.0232295894281507,0.10974230068643065,0.8722355991220956,0.018022100191473697,1
2015-05-08,train,train,0.0216244342189514,0.0118655509800063,-0.0232295894281507,0.01810876694886261,0.946200032466651,0.035691200584486535,1
2015-05-11,train,train,0.0018451399824177,0.0115129533373876,-0.0232295894281507,0.06345685142902782,0.9146206744492674,0.021922474121704588,1
2015-05-12,train,train,-0.0108221506760123,0.0114726782222457,-0.0232295894281507,0.05695191666533443,0.9234534490969712,0.0195946342376944,1
2015-05-13,train,train,0.0001766224649393,0.0111232583618932,-0.0232295894281507,0.12724930717992453,0.8594561514043285,0.013294541415746958,1
2015-05-14,train,train,0.0065220215083872,0.0109020855740383,-0.0232295894281507,0.2065665528972932,0.7827688073110842,0.01066463979162229,1
2015-05-15,train,train,-0.0071668271727216,0.0107147536777685,-0.0232295894281507,0.24379368302697016,0.7466210247269158,0.009585292246113885,1
2015-05-18,train,train,0.0024446095933742,0.0104055829513093,-0.0232295894281507,0.3881967777012827,0.6049520084449368,0.006851213853780491,1
2015-05-19,train,train,0.0133699278403006,0.0106068320148136,-0.0232295894281507,0.3247371944980415,0.6654677568715254,0.009795048630432884,1
2015-05-20,train,train,0.0066227837938707,0.0104108725944499,-0.0232295894281507,0.4395506427793276,0.5531524785817159,0.007296878638956376,1
2015-05-21,train,train,0.0018386938689504,0.0101037586964366,-0.0232295894281507,0.5987740299433807,0.3967100825257374,0.004515887530881941,0
2015-05-22,train,train,-0.0035594808966506,0.0098346823875144,-0.0232295894281507,0.7020803762939528,0.2947977400574746,0.0031218836485723536,0
2015-05-25,train,train,-0.0202748298107408,0.0107508996104865,-0.0233518958378094,0.16478392755287474,0.8172115176863423,0.01800455476078297,1
2015-05-26,train,train,-0.0072687055243965,0.0105743546700826,-0.0233518958378094,0.1982802841914341,0.7878633013722377,0.013856414436328507,1
2015-05-27,train,train,0.016832177251324,0.0110502167195298,-0.0233518958378094,0.09588799455441477,0.883266518319496,0.02084548712608918,1
2015-05-28,train,train,-0.004234254354733,0.0107636697632404,-0.0233518958378094,0.15931603041128456,0.826417254962381,0.014266714626334255,1
2015-05-29,train,train,-0.0146195034830272,0.0110330859006528,-0.0233518958378094,0.06752840828170087,0.9137814064451034,0.01869018527319553,1
2015-06-01,train,train,0.0018258195295147,0.0107063188089546,-0.0233518958378094,0.14522140705383185,0.8420022842120511,0.012776308734116896,1
2015-06-02,train,train,0.002958825404247,0.010405432502256,-0.0233518958378094,0.2582401637505166,0.7325263748742283,0.009233461375255068,1
2015-06-03,train,train,-0.0003372629875617,0.0100887793515782,-0.0233518958378094,0.40215115127569534,0.5912975245626605,0.006551324161644162,1
2015-06-04,train,train,-0.0108417014059795,0.0101355320550589,-0.0233518958378094,0.32481128621117217,0.6665624520209227,0.008626261767905227,1
2015-06-05,train,train,-0.0075737340294352,0.0100003478072363,-0.0233518958378094,0.35469613885344103,0.6372921410095689,0.0080117201369901,1
2015-06-08,train,train,-0.0131671553361959,0.010218071132489,-0.0233518958378094,0.2085554107301423,0.779358598089022,0.012085991180835424,1
2015-06-09,train,train,0.0019034043734346,0.0099177525630063,-0.0233518958378094,0.34573910609103176,0.6460973562877658,0.00816353762120247,1
2015-06-10,train,train,0.0144677122242541,0.0102478772810366,-0.0233518958378094,0.2523012028404746,0.7354699717625033,0.012228825397021779,1
2015-06-11,train,train,0.0053203796844308,0.0100207901804371,-0.0233518958378094,0.3770591153466752,0.6144400745774204,0.008500810075904346,1
2015-06-12,train,train,-0.0113759921378888,0.0101072277859561,-0.0233518958378094,0.2849643120787254,0.7044454078204152,0.0105902801008591,1
2015-06-15,train,train,-0.0172275119186602,0.0106692980237983,-0.0233518958378094,0.07421532163835678,0.9058606280964537,0.019924050265189328,1
2015-06-16,train,train,0.0026988581322044,0.0103653709636681,-0.0233518958378094,0.15460676205942617,0.8320170323010878,0.013376205639485744,1
2015-06-17,train,train,-0.0053493870070123,0.0101346641178992,-0.0233518958378094,0.21858155553203487,0.770935547218793,0.01048289724917228,1
2015-06-18,train,train,0.0053953782297034,0.0099144005441665,-0.0233518958378094,0.33550109612391243,0.6564543144801389,0.008044589395948404,1
2015-06-19,train,train,0.0066372466788193,0.0097488871400632,-0.0233518958378094,0.4505803558328651,0.5429865396899449,0.0064331044771897905,1
2015-06-22,train,train,0.0380011968222893,0.0132658889652028,-0.0233518958378094,0.0002252285219682061,0.8488733072360132,0.15090146424201878,1
2015-06-23,train,train,0.0030126316397398,0.0128829087708743,-0.0233518958378094,0.02941063077615239,0.8856420253885512,0.0849473438352963,1
2015-06-24,train,train,-0.0070936992046753,0.0126107260773967,-0.0233518958378094,0.05331023410144022,0.8942126100508373,0.0524771558477224,1
2015-06-25,train,train,-0.0011930920152979,0.0122300447906213,-0.0233518958378094,0.11855171332669846,0.852072894529357,0.029375392143944537,1
2015-06-26,train,train,0.0056347157372818,0.0119375272620491,-0.0233518958378094,0.2045987643221822,0.7771122672523759,0.018288968425441792,1
2015-06-29,train,train,-0.0466560176985781,0.0162653411570012,-0.0321456251337551,7.096639332049891e-08,0.4601539616454213,0.5398459673881852,2
2015-06-30,train,train,-0.0078064413159024,0.0158853415178125,-0.0321456251337551,0.011104371615834881,0.5988471901497731,0.390048438234392,1
2015-07-01,train,train,0.013099227082446,0.0157320950810353,-0.0321456251337551,0.01868332809215267,0.6732401583122232,0.308076513595624,1
2015-07-02,train,train,-0.0059840211369297,0.0153231001183978,-0.0321456251337551,0.04513338986007035,0.7637997023953926,0.19106690774453688,1
2015-07-03,train,train,-0.0061592755130689,0.0149327075205701,-0.0321456251337551,0.07964071982983446,0.8070253254752048,0.11333395469496053,1
2015-07-06,train,train,-0.0224870233036839,0.0154902092201759,-0.0323187594559467,0.004360457683134354,0.8275385733219609,0.16810096899490456,1
2015-07-07,train,train,-0.0185870412126366,0.0156932620205663,-0.0323187594559467,0.0026124968849636273,0.8239091769112576,0.17347832620377873,1
2015-07-08,train,train,0.0081150498670488,0.0153444780470389,-0.0323187594559467,0.0253897516185023,0.8657626399489259,0.10884760843257206,1
2015-07-09,train,train,0.0261267434880716,0.0161951298130452,-0.0323187594559467,0.001337262414898938,0.7940924097910489,0.20457032779405213,1
2015-07-10,train,train,0.0303299821621497,0.0173706581613674,-0.0323187594559467,8.86075851856218e-05,0.5536582488039177,0.4462531436108968,1
2015-07-13,train,train,0.0169004261359509,0.0173428037893571,-0.0323187594559467,0.004082196441199327,0.5850858107078536,0.4108319928509471,1
2015-07-14,train,train,0.0030334412161624,0.0168308816945603,-0.0323187594559467,0.031994621097872836,0.7123791883887736,0.2556261905133535,1
2015-07-15,train,train,0.0068514449583503,0.0164042190237862,-0.0323187594559467,0.07442446883838794,0.7701589945957391,0.15541653656587284,1
2015-07-16,train,train,0.0153112768242542,0.0163407040715161,-0.0323187594559467,0.04993949019788222,0.8138205657381492,0.13623994406396903,1
2015-07-17,train,train,-0.0026009370198036,0.0158557051367182,-0.0323187594559467,0.10900874399498102,0.8172766618590882,0.07371459414593061,1
2015-07-20,train,train,0.0065460272828291,0.0154560735845444,-0.0323187594559467,0.18517901078147367,0.7727014587454037,0.042119530473122495,1
2015-07-21,train,train,-0.0084729052210663,0.0151282585046961,-0.0323187594559467,0.19720552720221182,0.7741068987468284,0.028687574050959903,1
2015-07-22,train,train,0.0022403648163692,0.0146776533251212,-0.0323187594559467,0.3322873135004653,0.6523058290804102,0.015406857419124322,1
2015-07-23,train,train,-0.0036987817767617,0.0142593252260554,-0.0323187594559467,0.4492159335451839,0.5415603403275989,0.009223726127217106,1
2015-07-24,train,train,-0.01165672341413,0.0141167066482762,-0.0323187594559467,0.336355738867644,0.6523809249036759,0.011263336228679897,1
2015-07-27,train,train,-0.0145985022739429,0.0141460771352491,-0.0323187594559467,0.15483464933694266,0.8283140747648307,0.016851275898226707,1
2015-07-28,train,train,0.009554592168779,0.0139133828491899,-0.0298059569376675,0.19779146839376321,0.7880967801000462,0.014111751506190283,1
2015-07-29,train,train,0.0027068687159157,0.0135058105000906,-0.0298059569376675,0.3300628028103349,0.6607182351100177,0.009218962079647413,1
2015-07-30,train,train,-0.0101821159464365,0.0133297798682985,-0.0298059569376675,0.28358659231429306,0.7062529440167091,0.010160463668997893,1
2015-07-31,train,train,0.0010828616480562,0.0129264227386384,-0.0298059569376675,0.436775788508721,0.5565508608465758,0.006673350644703145,1
2015-08-03,train,train,0.0075914117256539,0.0126698315872079,-0.0298059569376675,0.5357520379217543,0.4587528433531625,0.0054951187250832055,0
2015-08-04,train,train,-0.0102961696568066,0.0125400885593932,-0.0298059569376675,0.4685946846384111,0.5245177223020632,0.006887593059525644,1
2015-08-05,train,train,0.0115025909158293,0.012480271138056,-0.0298059569376675,0.4634422763076769,0.5288526935556789,0.007705030136644366,1
2015-08-06,train,train,-0.0022988784872569,0.0121131675525678,-0.0298059569376675,0.5995747942301559,0.39563250423103735,0.004792701538806537,0
2015-08-07,train,train,-0.006722579325774,0.0118590338069619,-0.0298059569376675,0.6431465903008812,0.35273294933752497,0.00412046036159404,0
2015-08-10,train,train,0.0118721474839369,0.0118598210364831,-0.0298059569376675,0.6204493145241643,0.37441271930448133,0.005137966171354601,0
2015-08-11,train,train,-0.0141918832197192,0.0120125187481931,-0.0298059569376675,0.3806551968933707,0.6089845026804097,0.010360300426219483,1
2015-08-12,train,train,-0.0247102770201925,0.0131254880937826,-0.0312844393408181,0.013255466350002706,0.945335316737374,0.04140921691262331,1
2015-08-13,train,train,0.006212302183877,0.012816290155246,-0.0312844393408181,0.04774153661251016,0.925446621585253,0.026811841802236835,1
2015-08-14,train,train,-0.0062858157457485,0.0125208843345116,-0.0312844393408181,0.07979676601240115,0.9013120908278018,0.018891143159797476,1
2015-08-17,train,train,0.00192841260628,0.0121486344235855,-0.0312844393408181,0.16445004394298116,0.8228459291383228,0.012704026918696137,1
2015-08-18,train,train,-0.00022014812375,0.0117786615185358,-0.0312844393408181,0.28409720190814036,0.7070455932996912,0.008857204792168422,1
2015-08-19,train,train,-0.0106549450882935,0.0117142787412719,-0.0312844393408181,0.23028922815016128,0.7592412887559312,0.010469483093907281,1
2015-08-20,train,train,-0.018288396464411,0.0122089636561377,-0.0312844393408181,0.04473496287153736,0.9342425001654169,0.0210225369630457,1
2015-08-21,train,train,-0.0302343045789369,0.0139628813769147,-0.0338668664325691,0.00016512046398638766,0.9118209818466588,0.08801389768935466,1
2015-08-24,train,train,-0.0514485760084461,0.0184954505585253,-0.042779632761987,4.032648446243526e-11,0.09540518710714667,0.9045948128525269,2
2015-08-25,train,train,0.0361151501475325,0.0199953753176031,-0.042779632761987,2.2342910252534257e-07,0.02081121730929777,0.9791885592615998,2
2015-08-26,train,train,-0.0130251758402606,0.0196470212598879,-0.042779632761987,0.00028171067529712173,0.06958738232085385,0.9301309070038493,2
2015-08-27,train,train,0.0301580486365717,0.0204307511261149,-0.042779632761987,4.859490194928864e-06,0.0344411813942152,0.9655539591155899,2
2015-08-28,train,train,0.006074712771109,0.0198641582806244,-0.042779632761987,0.001883533257850137,0.10986540957584912,0.8882510571663006,2
2015-08-31,train,train,-0.0091113518238513,0.0193879008938389,-0.042779632761987,0.005290482943398501,0.20535949144678287,0.7893500256098184,2
2015-09-01,train,train,-0.0262904851485273,0.0198697920363011,-0.042779632761987,6.391376216324858e-05,0.12926580619317174,0.8706702800446647,2
2015-09-02,train,train,-0.0054688592510176,0.019310997455397,-0.042779632761987,0.00530080942184492,0.2494081492384705,0.7452910413396848,2
2015-09-03,train,train,0.0104202183730491,0.0188958885055858,-0.042779632761987,0.014530596301151255,0.36334000360637686,0.6221294000924721,2
2015-09-04,train,train,-0.0222118051882526,0.0191110748953022,-0.042779632761987,0.0008556101377199077,0.3148045235341751,0.6843398663281048,2
2015-09-07,train,train,-0.0016710925689777,0.0185333954163037,-0.042779632761987,0.016431341372165464,0.4819826549324622,0.5015860036953723,2
2015-09-08,train,train,0.0061815060131887,0.0180324763111756,-0.042779632761987,0.05005609608326223,0.6112479785195861,0.33869592539715143,1
2015-09-09,train,train,0.0172431701677557,0.017986094763577,-0.042779632761987,0.023723701128359507,0.6510327209791252,0.32524357789251523,1
2015-09-10,train,train,-0.0179732213399015,0.0179853226180042,-0.042779632761987,0.005829169975151621,0.6726934665541805,0.32147736347066797,1
2015-09-11,train,train,-0.0123592271384609,0.0176982640284542,-0.042779632761987,0.010588606063833605,0.7449259027975481,0.24448549113861837,1
2015-09-14,train,train,-0.0042708101776963,0.0171909634930116,-0.042779632761987,0.03942053354551268,0.8172060262241907,0.1433734402302968,1
2015-09-15,train,train,0.0088403610796532,0.0168073374247706,-0.042779632761987,0.0725695549595156,0.8368484351658232,0.090582009874661,1
2015-09-16,train,train,0.0196673223868891,0.0169925162946421,-0.042779632761987,0.01972381730909198,0.8706691452723194,0.10960703741858863,1
2015-09-17,train,train,0.0129262716512601,0.0167763578690486,-0.042779632761987,0.028586302905920628,0.8876312093020117,0.08378248779206762,1
2015-09-18,train,train,-0.0260014919332247,0.0174678008723072,-0.042779632761987,0.0005846318659565149,0.8350159102413037,0.1643994578927398,1
2015-09-21,train,train,0.0009743828308935,0.0169373430203728,-0.0359911219119701,0.03029446010128049,0.8783457629366906,0.09135977696202885,1
2015-09-22,train,train,-0.0315994671875217,0.0181541387255496,-0.0377607825916349,5.764414488077281e-05,0.7121638601206424,0.2877784957344767,1
2015-09-23,train,train,-0.0079476328022966,0.0177084239762921,-0.0377607825916349,0.014923162379195932,0.7981401404395794,0.18693669718122483,1
2015-09-24,train,train,-0.0195252296222641,0.0178226557630674,-0.0377607825916349,0.003095471736245113,0.7921173387065157,0.2047871895572391,1
2015-09-25,train,train,0.0242530684095566,0.018272408559864,-0.0377607825916349,0.0009653472854485183,0.701878223599563,0.2971564291149884,1
2015-09-28,train,train,-0.0132498417443069,0.0180105957169335,-0.0377607825916349,0.006648145599828639,0.7609834067840298,0.23236844761614156,1
2015-09-29,train,train,-3.191434895910878e-05,0.0174619221652611,-0.0377607825916349,0.04041245715946581,0.8287427251670604,0.1308448176734738,1
2015-09-30,train,train,0.0175167416313031,0.0174652161854919,-0.0377607825916349,0.019784704957342893,0.8501155783310771,0.13009971671158002,1
2015-10-01,train,train,0.0007737067539205,0.0169342158705407,-0.0377607825916349,0.06624016562673465,0.8630519819686103,0.07070785240465505,1
2015-10-02,train,train,0.0037869777799748,0.0164445151696068,-0.0377607825916349,0.14066535376233547,0.8204835793232473,0.03885106691441712,1
2015-10-05,train,train,0.0375729970536349,0.0184092520453486,-0.0377607825916349,5.0597483934754964e-05,0.6901731883645202,0.3097762141515451,1
2015-10-06,train,train,0.0131511495593812,0.0181368048812632,-0.0377607825916349,0.010191364580004669,0.7496755200521786,0.24013311536781645,1
2015-10-07,train,train,0.0065800365524274,0.0176579976974976,-0.0377607825916349,0.04011313941253872,0.8136490436857939,0.14623781690166746,1
2015-10-08,train,train,0.001100692652977,0.0171221868107645,-0.0377607825916349,0.1028794321957272,0.8190047485168978,0.07811581928737504,1
2015-10-09,train,train,0.0125325736917434,0.0168820333050286,-0.0377607825916349,0.10150507282217847,0.8384422415989582,0.06005268557886349,1
2015-10-12,train,train,-0.0061490060260073,0.0164368939312706,-0.0377607825916349,0.1465562157352277,0.8174613693903521,0.03598241487442022,1
2015-10-13,train,train,-0.0128772697542347,0.016245326643708,-0.0377607825916349,0.0859406395599206,0.8811987361721098,0.032860624267969596,1
2015-10-14,train,train,-0.0077111143198117,0.0158632807621348,-0.0377607825916349,0.10914669541897759,0.8678550789727271,0.022998225608295036,1
2015-10-15,train,train,0.0063657490762429,0.0154588622357571,-0.0377607825916349,0.1845492268822866,0.7997793743047367,0.015671398812976762,1
2015-10-16,train,train,0.0127673677484082,0.0153107209849849,-0.0377607825916349,0.16590754685095968,0.817689717718767,0.01640273543027327,1
2015-10-19,train,train,-0.0023680678211077,0.0148556235536438,-0.0377607825916349,0.2710015189291763,0.7182095886665781,0.010788892404245222,1
2015-10-20,train,train,-0.0105082565325641,0.0146312537199917,-0.0377607825916349,0.2235782266531492,0.7647462738545057,0.011675499492345259,1
2015-10-21,train,train,0.0056174688037736,0.0142521060773251,-0.0377607825916349,0.339078488401873,0.6523081225065471,0.008613389091579543,1
2015-10-22,train,train,0.0202610465739561,0.014682158440682,-0.0377607825916349,0.08932219046291139,0.8882466339951294,0.022431175541959402,1
2015-10-23,train,train,0.0106421812050281,0.014471599467118,-0.0377607825916349,0.11172808738854031,0.8693223421794307,0.018949570432029036,1
2015-10-26,train,train,0.0001908890738951,0.0140308141597984,-0.0377607825916349,0.21152013415547027,0.7762565150325346,0.01222335081199543,1
2015-10-27,train,train,-0.014990119840089,0.014090214434025,-0.0377607825916349,0.0844651403063607,0.8978565228507481,0.017678336842891336,1
2015-10-28,train,train,0.0095930797723606,0.0138615917195728,-0.0377607825916349,0.11848450835949619,0.8663034898496117,0.015212001790891959,1
2015-10-29,train,train,-0.0023728433694213,0.0134518743913059,-0.0377607825916349,0.20692276375556917,0.782312280638809,0.010764955605621442,1
2015-10-30,train,train,-0.0035167405863136,0.0130704933733271,-0.0377607825916349,0.3085812893894246,0.683246413747237,0.008172296863338396,1
2015-11-02,train,train,0.0055344801834941,0.0127446207262102,-0.0377607825916349,0.43795546734379254,0.5557124971611297,0.006332035495077607,1
2015-11-03,train,train,0.0045011949039083,0.0124054617544623,-0.0377607825916349,0.5825684200638407,0.4129591764646449,0.004472403471514264,0
2015-11-04,train,train,0.0007927725752684,0.0120291089346762,-0.0377607825916349,0.7217081018527343,0.2755157506681639,0.002776147479101645,0
2015-11-05,train,train,-0.0040469277718401,0.0117047063833314,-0.0377607825916349,0.7942658960327452,0.20371996528015401,0.002014138687100789,0
2015-11-06,train,train,0.0021068386315437,0.0113598621721375,-0.0377607825916349,0.8718411704767871,0.12696086838784967,0.0011979611353634591,0
2015-11-09,train,train,-0.0123206550191294,0.011419789527911,-0.0377607825916349,0.768236690468737,0.22901963191473834,0.002743677616524747,0
2015-11-10,train,train,0.0011227976628509,0.0110753120843424,-0.0377607825916349,0.855504550236207,0.1430041410137282,0.0014913087500647538,0
2015-11-11,train,train,0.0039007901666749,0.010780341151147,-0.0377607825916349,0.906465617991484,0.09263632425896379,0.0008980577495522253,0
2015-11-12,train,train,-0.0227287367545051,0.0118422353667853,-0.0377607825916349,0.2543086999577077,0.7281073574404665,0.017583942601825626,1
2015-11-13,train,train,-0.0032187656954163,0.0115085122118161,-0.0364461761148317,0.36992398296995677,0.6194028269751557,0.010673190054887765,1
2015-11-16,train,train,0.0012945950181333,0.0111624218118385,-0.0279638147564245,0.5310539007283753,0.46274498975092393,0.006201109520700786,0
2015-11-17,train,train,0.0233607415410178,0.0122420233533455,-0.0279638147564245,0.08407643407918985,0.8867406450934754,0.029182920827334598,1
2015-11-18,train,train,-0.0099589480707585,0.0121171756790677,-0.0279638147564245,0.08142478022139893,0.8953303193302989,0.023244900448301953,1
2015-11-19,train,train,0.0090805428390965,0.0119567455917698,-0.0279638147564245,0.12066611364673493,0.8612879836543252,0.018045902698939964,1
2015-11-20,train,train,-0.006238863311617,0.0116927902642094,-0.0279638147564245,0.16598510337075575,0.8204445194394765,0.013570377189767665,1
2015-11-23,train,train,-0.0012543385119032,0.0113407436008036,-0.0279638147564245,0.28028736027548895,0.7103905114312256,0.009322128293285723,1
2015-11-24,train,train,-0.0068539821863916,0.0111226948983914,-0.0267765652917505,0.3277376434176624,0.6640078210155881,0.008254535566749483,1
2015-11-25,train,train,0.0019672257201686,0.0107946134676784,-0.0267765652917505,0.4856472653241943,0.5087305359488009,0.005622198727004574,1
2015-11-26,train,train,0.0102143061754926,0.0107606775883488,-0.0267765652917505,0.5192918726821095,0.4747637090398721,0.005944418278018072,0
2015-11-27,train,train,-0.0020926841774597,0.0104454492892725,-0.0267765652917505,0.652100152813309,0.3441025208781047,0.0037973263085859786,0
2015-11-30,train,train,0.0073632321169829,0.0102865930917866,-0.0267765652917505,0.7330236846457139,0.2640112207438483,0.0029650946104379195,0
2015-12-01,train,train,-0.000741612860835,0.0099748762883533,-0.0267765652917505,0.827876744105176,0.17039849499977644,0.0017247608950475973,0
2015-12-02,train,train,-0.0035905520431097,0.0097109109453405,-0.0267765652917505,0.8762520970540679,0.12256862378245474,0.0011792791634773541,0
2015-12-03,train,train,-0.0243809577986348,0.0111494192716823,-0.0273273056397937,0.13152048549112452,0.8442638691484285,0.02421564536044678,1
2015-12-04,train,train,-0.0014079409660306,0.0108152630553235,-0.0273273056397937,0.2329417814143052,0.752542607336116,0.01451561124957872,1
2015-12-07,train,train,-0.0036081405338132,0.0105229672975449,-0.0273273056397937,0.338836739451544,0.6515057836789006,0.009657476869555327,1
2015-12-08,train,train,-0.020655276243805,0.0113880330392461,-0.0273273056397937,0.03921572990461937,0.9345474131055482,0.026236856989832493,1
2015-12-09,train,train,-0.0001626232423173,0.0110411795335426,-0.0273273056397937,0.09791633979186579,0.8853180202718062,0.016765639936328083,1
2015-12-10,train,train,-0.0057917243075263,0.0107984179855046,-0.0273273056397937,0.14478804911598553,0.8423356609528689,0.012876289931145604,1
2015-12-11,train,train,-0.0152506532359539,0.0111159536962731,-0.0262363872468871,0.05401092508157852,0.9277539610982405,0.018235113820180858,1
2015-12-14,train,train,-0.0212189375216892,0.0119651644182596,-0.0262363872468871,0.004872297649266996,0.9610366112069958,0.034091091143737234,1
2015-12-15,train,train,0.0295840200931689,0.0136780153777881,-0.0227762106916097,0.00022169692498891707,0.8887583533706709,0.11101994970434016,1
2015-12-16,train,train,-6.174353487318464e-05,0.0132613365514323,-0.0227762106916097,0.03021420894419999,0.9082455255006552,0.061540265555145156,1
2015-12-17,train,train,0.017101431810517,0.0135225294416658,-0.0227762106916097,0.017918732655616464,0.9188348205796079,0.06324644676477571,1
2015-12-18,train,train,-0.0164735149447346,0.0137175025434202,-0.0227762106916097,0.008070784963298498,0.9293922993343356,0.06253691570236579,1
2015-12-21,train,train,-0.0368224816963451,0.0160696419675011,-0.0279773920831616,2.3456135753343233e-06,0.6449960662513333,0.35500158813509136,1
2015-12-22,train,train,0.0053031163533611,0.0156341540215418,-0.0279773920831616,0.02256364447121344,0.7552132393504343,0.22222311617835216,1
2015-12-23,train,train,0.0236570152457212,0.0162277671868717,-0.0279773920831616,0.0024709959158181268,0.6864821864079743,0.31104681767620757,1
2015-12-24,train,train,0.0043366502408771,0.0157692230093221,-0.0279773920831616,0.02943762620863504,0.783050868251215,0.1875115055401499,1
2015-12-28,train,train,-0.0135585969685617,0.0156453962482266,-0.0279773920831616,0.019911580950938614,0.8310333968905392,0.14905502215852215,1
2015-12-29,train,train,0.0122668261750999,0.0154635125312068,-0.0279773920831616,0.031383626124780906,0.8592405758734682,0.10937579800175093,1
2015-12-30,train,train,-0.0029514918844033,0.0150098529265027,-0.0279773920831616,0.07748580580205482,0.8620689250045165,0.060445269193428935,1
2015-12-31,train,train,-0.0101845749044035,0.0147648731027982,-0.0279773920831616,0.07410975861224897,0.8824816814953643,0.04340855989238672,1
2016-01-04,train,train,-0.0245009163556675,0.015522212574671,-0.0285681186168824,0.0021879440026722516,0.9105296223191851,0.08728243367814287,1
2016-01-05,train,train,0.0023594552655395,0.0150604369116398,-0.0285681186168824,0.03448793666048555,0.9163018856830915,0.04921017765642317,1
2016-01-06,train,train,-0.0148713602159919,0.0150491593004972,-0.0285681186168824,0.017287435360820978,0.9366327945457144,0.04607977009346453,1
2016-01-07,train,train,-0.0151289534608248,0.0150539588773792,-0.0285681186168824,0.010793814669903666,0.9453436127273951,0.043862572602701246,1
2016-01-08,train,train,-0.0167073765448836,0.0151582506599431,-0.0285681186168824,0.0061022225655823605,0.9476899400173577,0.04620783741705987,1
2016-01-11,train,train,-0.0025962610336065,0.0147102224173111,-0.0285681186168824,0.03821194295422996,0.9339611105652297,0.027826946480540186,1
2016-01-12,train,train,0.0032919514247757,0.0142848668738544,-0.0285681186168824,0.09578696868466283,0.8862920105532167,0.01792102076212038,1
2016-01-13,train,train,0.0021400271211704,0.0138596089148388,-0.0285681186168824,0.18873900675930752,0.7992057436144778,0.01205524962621449,1
2016-01-14,train,train,-0.0165671650646486,0.0140367977549262,-0.0285681186168824,0.05361020911623212,0.9267947219228173,0.019595068960950097,1
2016-01-15,train,train,-0.0281706483596311,0.015258601360546,-0.0298313488038812,0.0004422615694589687,0.931558846906727,0.0679988915238139,1
2016-01-18,train,train,-0.0087345903866752,0.0149476755619271,-0.0298313488038812,0.016371546082216443,0.9382450151253704,0.045383438792413154,1
2016-01-19,train,train,0.010056436690533,0.0147001680111826,-0.0298313488038812,0.038003732190915684,0.9289950239019463,0.033001243907138295,1
2016-01-20,train,train,-0.0324922143969521,0.0163240277801965,-0.0324951148176427,5.234559551111131e-05,0.847915654926226,0.15203199947826296,1
2016-01-21,train,train,0.0194677753548961,0.0165295222746041,-0.0324951148176427,0.0033562354357516678,0.8313963860085978,0.16524737855565058,1
2016-01-22,train,train,0.0324719911838395,0.0178912663865819,-0.0324951148176427,4.29110083367653e-05,0.5499048903749322,0.4500521986167312,1
2016-01-25,train,train,-0.0179524731497996,0.0178949446959848,-0.0324951148176427,0.0016027833883467252,0.5643754550989142,0.43402176151273925,1
2016-01-26,train,train,0.0144612583048054,0.0177077096892148,-0.0324951148176427,0.007928478774272746,0.6286506821739876,0.3634208390517397,1
2016-01-27,train,train,0.0055640203086786,0.0172222734507086,-0.0324951148176427,0.03703284702386592,0.7349880190521838,0.22797913392395047,1
2016-01-28,train,train,-0.0173560804553086,0.0172303311740835,-0.0324951148176427,0.009810536480254888,0.7680965176020763,0.22209294591766882,1
2016-01-29,train,train,0.0258770333613577,0.017867526548506,-0.0324951148176427,0.000757307808763944,0.6436994870161331,0.355543205175103,1
2016-02-01,train,train,-0.00310149839907,0.0173398602129036,-0.0324951148176427,0.02331072875439363,0.7600184912399562,0.2166707800056503,1
2016-02-02,train,train,-0.0300071096275124,0.0183481907762784,-0.0331072685736031,7.816388425244587e-05,0.5371935766497864,0.4627282594659613,1
2016-02-03,train,train,-0.0254360175100188,0.0188487717818203,-0.0331072685736031,0.00011859450506138118,0.3960001308231892,0.6038812746717495,2
2016-02-04,train,train,0.0183051568658922,0.0188165977768366,-0.0331072685736031,0.0021140588838521553,0.4117567034663485,0.5861292376497993,2
2016-02-05,train,train,0.0037012258332994,0.0182658817236311,-0.0331072685736031,0.022855630844088325,0.5704231011345774,0.4067212680213343,1
2016-02-08,train,train,-0.0454185727176745,0.0209139832144865,-0.0382444229369905,3.1523354749098192e-09,0.047081772629285194,0.9529182242183794,2
2016-02-09,train,train,-0.0242383629453058,0.0211282016877484,-0.0382444229369905,1.4465129603365071e-05,0.04815184372006641,0.95183369115033,2
2016-02-10,train,train,0.026894258383596,0.0215177814889198,-0.0382444229369905,1.2678854293623149e-05,0.038119831177534716,0.9618674899681717,2
2016-02-11,train,train,-0.050029350639277,0.0241952511976187,-0.0440901350177655,7.145886071697555e-13,0.0010500663400962935,0.9989499336591892,2
2016-02-12,train,train,0.0222769235910288,0.0240844607406051,-0.0440901350177655,6.996802975244544e-06,0.023960231140227134,0.9760327720567978,2
2016-02-15,train,train,0.0321021554946203,0.0246392061044964,-0.0440901350177655,5.548553207018904e-07,0.0146548361463913,0.9853446089982879,2
2016-02-16,train,train,-0.0050990671419331,0.023921226514444,-0.0440901350177655,0.000812719413029524,0.08014142615036138,0.9190458544366092,2
2016-02-17,train,train,0.027549087591863,0.0241542689168326,-0.0440901350177655,2.392144186396735e-05,0.050706638651785096,0.9492694399063508,2
2016-02-18,train,train,-0.0083432439062962,0.0235074364324369,-0.0440901350177655,0.0015727487229932138,0.12744282820602074,0.870984423070986,2
2016-02-19,train,train,-0.0122745937089456,0.0229887697063314,-0.0440901350177655,0.002871659524156997,0.20637749706197042,0.7907508434138728,2
2016-02-22,train,train,0.0232563018933028,0.0230049093742888,-0.0440901350177655,0.0004071014713204816,0.16727833724985572,0.8323145612788236,2
2016-02-23,train,train,-0.0143386890287335,0.0225789323083234,-0.0440901350177655,0.001545370093363088,0.23402796665977446,0.7644266632468623,2
2016-02-24,train,train,-0.0311915854625905,0.0231860862017078,-0.0440901350177655,3.7077281901206637e-06,0.09006620581308604,0.909930086458724,2
2016-02-25,train,train,0.0248821030287072,0.0232913301642417,-0.0440901350177655,5.3001566029395395e-05,0.0715844880651669,0.9283625103688039,2
2016-02-26,train,train,0.0161310279985188,0.0229248664342428,-0.0440901350177655,0.0007272133099459874,0.11441573084388074,0.8848570558461731,2
2016-02-29,train,train,0.0133489554024288,0.0224657118201574,-0.0440901350177655,0.002711103706876651,0.1828075543514711,0.8144813419416521,2
2016-03-01,train,train,0.0175257830337326,0.0222003355692635,-0.0440901350177655,0.0021912854607373388,0.21677027362774576,0.7810384409115166,2
2016-03-02,train,train,0.0176690338424481,0.0219548466366806,-0.0440901350177655,0.002133235756826212,0.24850165965947518,0.7493651045836985,2
2016-03-03,train,train,0.0002852012119439,0.0212861282006295,-0.0440901350177655,0.018509577726216902,0.409144339160606,0.572346083113177,2
2016-03-04,train,train,0.0050743234004181,0.0206750628542101,-0.0440901350177655,0.05738350566916274,0.5488771796700673,0.39373931466077,1
2016-03-07,train,train,-0.0028184206178867,0.0200571019908352,-0.0440901350177655,0.12793381586046876,0.6388536416369676,0.23321254250256357,1
2016-03-08,train,train,-0.0053060867765608,0.0194894682653823,-0.0440901350177655,0.20109433829195453,0.6671302449400203,0.13177541676802498,1
2016-03-09,train,train,0.0023769339673178,0.0189047084023108,-0.0440901350177655,0.3490182282845791,0.5892785562654101,0.06170321545001084,1
2016-03-10,train,train,0.0006618880966624,0.0183295118740508,-0.0440901350177655,0.5169058838700112,0.4570214316159348,0.0260726845140539,0
2016-03-11,train,train,0.0362575946518818,0.0198667947944534,-0.0440901350177655,0.000561405118634743,0.6999411066436496,0.2994974882377156,1
2016-03-14,train,train,0.0057149038874085,0.0193123735171823,-0.0440901350177655,0.024262355403265008,0.791499209586899,0.18423843500983575,1
2016-03-15,train,train,-0.0170320746592977,0.0191832009489326,-0.0440901350177655,0.008033140394346265,0.8164513224371085,0.1755155371685452,1
2016-03-16,train,train,-0.0028410562781405,0.0186118183629336,-0.0426467125846345,0.039497782602375464,0.861671719630332,0.09883049776729248,1
2016-03-17,train,train,0.0017835667126357,0.0180501153021649,-0.0426467125846345,0.10096529674677401,0.8457964376109622,0.05323826564226344,1
2016-03-18,train,train,0.0080200406057307,0.0176101540525691,-0.0426467125846345,0.1574737926872822,0.8090904675925035,0.033435739720214255,1
2016-03-21,train,train,-0.0033310646947078,0.0170931633622897,-0.0426467125846345,0.2510645673072293,0.7298594924643537,0.019075940228416924,1
2016-03-22,train,train,-0.0032199026653386,0.0165911942335861,-0.0426467125846345,0.36631016004722045,0.6223312600089096,0.011358579943870033,1
2016-03-23,train,train,-0.0072437499084909,0.0161833240496195,-0.0426467125846345,0.40553683647811484,0.5854569990758807,0.009006164446004399,1
2016-03-24,train,train,-0.0154996296383406,0.0161431189611189,-0.0426467125846345,0.16706928133183924,0.8166800107444455,0.01625070792371523,1
2016-03-29,train,train,0.0021025026229691,0.0156598053449601,-0.0426467125846345,0.2910909984546208,0.6985041019113557,0.010404899634023503,1
2016-03-30,train,train,0.0070029363516209,0.0152793390003694,-0.0426467125846345,0.39644635490879143,0.5955527157213548,0.008000929369854016,1
2016-03-31,train,train,-0.0167227481589245,0.0153697666420192,-0.0426467125846345,0.12742371934672267,0.855620775144186,0.016955505509091355,1
2016-04-01,train,train,-0.0139450620406282,0.0152880289230279,-0.0426467125846345,0.061724938348863265,0.9184418060747079,0.01983325557642874,1
2016-04-04,train,train,-0.00055812390516,0.0148229244343978,-0.0426467125846345,0.1330731481540763,0.8535540670864065,0.013372784759517593,1
2016-04-05,train,train,-0.0247051185878692,0.0155934767299354,-0.0426467125846345,0.0036603950918100187,0.9563566350011607,0.03998296990702939,1
2016-04-06,train,train,0.001298609834758,0.0151217825928556,-0.0426467125846345,0.03804862248153888,0.9376045582935644,0.0243468192248966,1
2016-04-07,train,train,-0.012665217982335,0.0149857490653907,-0.0426467125846345,0.028542899625029587,0.9482348671872621,0.023222233187708597,1
2016-04-08,train,train,0.0161122304221098,0.0150557149514168,-0.0426467125846345,0.02118650190460619,0.9517995407357664,0.027013957359627666,1
2016-04-11,train,train,0.0082717456879229,0.0147370073671678,-0.0426467125846345,0.05165853596999157,0.9281047437861267,0.02023672024388157,1
2016-04-12,train,train,0.0057146990712472,0.0143564650976504,-0.0426467125846345,0.10779303797531645,0.8774733047565938,0.014733657268089522,1
2016-04-13,train,train,0.0316028681891905,0.015926898045792,-0.0426467125846345,0.0006542579224568519,0.9146168798222398,0.08472886225530332,1
2016-04-14,train,train,0.004614801009372,0.0154830197242255,-0.0426467125846345,0.02990215991451691,0.9206783962015648,0.04941944388391852,1
2016-04-15,train,train,-0.0011968588023991,0.0150142070737513,-0.042213169606514,0.08049607180771311,0.8910283270966253,0.028475601095661704,1
2016-04-18,train,train,0.0034624875062883,0.0145815005535831,-0.042213169606514,0.16250080773773806,0.819978399911647,0.017520792350614635,1
2016-04-19,train,train,0.0100489042571681,0.0143499748256462,-0.042213169606514,0.1975716991476297,0.7875657014119245,0.01486259944044577,1
2016-04-20,train,train,0.0194172903839534,0.0147033445446322,-0.042213169606514,0.05660280426086968,0.916204755991874,0.027192439747256145,1
2016-04-21,train,train,0.0054511673051317,0.014317819451634,-0.042213169606514,0.11674982952270804,0.8651632592972994,0.01808691117999221,1
2016-04-22,train,train,0.0038632329221494,0.0139138575073651,-0.042213169606514,0.21405949417014583,0.7737624784530398,0.01217802737681427,1
2016-04-25,train,train,-0.0101018583978796,0.0137150485772597,-0.042213169606514,0.18612757071857589,0.8014668545192858,0.012405574762138494,1
2016-04-26,train,train,0.0155242945656608,0.0138302793657135,-0.042213169606514,0.11262865853637405,0.8699380226042123,0.017433318859413675,1
2016-04-27,train,train,0.0053288403088405,0.0134723354336168,-0.042213169606514,0.1982863957586816,0.7893251716324834,0.012388432608834987,1
2016-04-28,train,train,-0.0068381134218797,0.0131688716458155,-0.042213169606514,0.2418063404802681,0.7478226554329359,0.010371004086796205,1
2016-04-29,train,train,-0.0265993339186625,0.0143340679324997,-0.042213169606514,0.003659697381603336,0.9517632827166046,0.044577019901792095,1
2016-05-02,train,train,-0.0003990059210677,0.0138977381478933,-0.042213169606514,0.03718986262613397,0.9361888251645969,0.026621312209269235,1
2016-05-03,train,train,-0.0289219543695087,0.0152232409414973,-0.042213169606514,0.0002450633127387492,0.9102246597056064,0.08953027698165487,1
2016-05-04,train,train,-0.0126988819930847,0.0150836977266705,-0.036714296823792,0.008496019693599937,0.9226103173060051,0.06889366300039489,1
2016-05-05,train,train,0.0040476563870356,0.0146577580897162,-0.036714296823792,0.04440099550769134,0.9154808690570991,0.04011813543520941,1
2016-05-06,train,train,0.0014603954624423,0.0142157252779465,-0.036714296823792,0.10829813963421651,0.8682663441502896,0.023435516215494036,1
2016-05-09,train,train,-0.0047572612619892,0.0138318301952508,-0.0289042912502539,0.1700098623097521,0.8143475639132687,0.015642573776979182,1
2016-05-10,train,train,0.0131225220929282,0.0137903005812782,-0.0289042912502539,0.14674852825504897,0.8363924254159301,0.016859046329020713,1
2016-05-11,train,train,-0.0127645835333464,0.0137309184791647,-0.0289042912502539,0.08739619973063908,0.8942448230381832,0.018358977231177964,1
2016-05-12,train,train,-9.243170346379104e-05,0.0133126386400956,-0.0289042912502539,0.17419822711171862,0.8135072888788426,0.012294484009438587,1
2016-05-13,train,train,0.0067186671735949,0.0130115793055045,-0.0289042912502539,0.2641372294430842,0.7260707708543518,0.009791999702563923,1
2016-05-16,train,train,-0.004527856146866,0.0126638545924703,-0.0289042912502539,0.35914206784568253,0.6332613915887728,0.007596540565544878,1
2016-05-17,train,train,0.0019102236906263,0.0122869751209877,-0.0289042912502539,0.5190463812758237,0.47580653002922957,0.005147088694946836,0
2016-05-18,train,train,0.0087445179188877,0.0121037005822339,-0.0289042912502539,0.5890840569402448,0.4061609486592635,0.004754994400491546,0
2016-05-19,train,train,-0.0115073667579056,0.012068751513697,-0.0289042912502539,0.47197416239487383,0.520935455630378,0.00709038197474823,1
2016-05-20,train,train,0.0110628949232064,0.0120107758266615,-0.0267421356253468,0.4808224809486552,0.5117111856351485,0.007466333416196562,1
2016-05-23,train,train,-0.006542728276103,0.0117546437376261,-0.0267421356253468,0.5364906310174005,0.4575411165717254,0.005968252410874252,0
2016-05-24,train,train,0.0231519710054755,0.0127295787880395,-0.0267421356253468,0.09053033247394505,0.8814554193769929,0.02801424814906219,1
2016-05-25,train,train,0.0229350461969544,0.0135602590755869,-0.0267421356253468,0.010529722002152053,0.9352990851712413,0.054171192826606485,1
2016-05-26,train,train,-0.0050317998104484,0.0132048070483881,-0.0267421356253468,0.03855608581612525,0.9282466092951193,0.03319730488875556,1
2016-05-27,train,train,0.0030901667605349,0.0128248922518095,-0.0267421356253468,0.09683119927473352,0.8826562336316743,0.020512567093591786,1
2016-05-30,train,train,0.0010536095941636,0.0124368724036595,-0.0267421356253468,0.19080895149212707,0.7960475569729517,0.013143491534921283,1
2016-05-31,train,train,-0.0091346484826193,0.0122638393518455,-0.0267421356253468,0.18700487756182985,0.8006731053499716,0.012322017088198495,1
2016-06-01,train,train,-0.0130468536456056,0.0123122245639037,-0.0267421356253468,0.10588763428320065,0.8787737450916929,0.015338620625106651,1
2016-06-02,train,train,0.0045874762717511,0.0119899173309038,-0.0267421356253468,0.1939907536757798,0.7947900483612017,0.01121919796301846,1
2016-06-03,train,train,-0.0176024067891015,0.0123985206388477,-0.0267421356253468,0.04350481091678544,0.936124045121484,0.02037114396173092,1
2016-06-06,train,train,0.0024851404217499,0.012036214960068,-0.0267421356253468,0.10575820739664626,0.8802188685008564,0.01402292410249769,1
2016-06-07,train,train,0.0080144994333505,0.0118335191046915,-0.0267421356253468,0.16199503585227043,0.8260431480905225,0.011961816057206937,1
2016-06-08,train,train,-0.0071195185675755,0.0116048048934515,-0.0267421356253468,0.1976088462175014,0.7918523094716275,0.010538844310870717,1
2016-06-09,train,train,-0.0070338114845491,0.0113824284341339,-0.0267421356253468,0.2370398558424985,0.7534530923803112,0.009507051777190242,1
2016-06-10,train,train,-0.0323319337454286,0.0135833476292782,-0.0292844073445332,0.00034432457377669767,0.920640340251888,0.07901533517433523,1
2016-06-13,train,train,-0.0222346968443614,0.0142513086232243,-0.0292844073445332,0.000787241518574404,0.8868472676172076,0.11236549086421778,1
2016-06-14,train,train,-0.02155821968366,0.0147918632964769,-0.0292844073445332,0.0009555682402855934,0.8533809725007133,0.1456634592590012,1
2016-06-15,train,train,0.0151551367207888,0.0148139109196832,-0.0292844073445332,0.009040019417664164,0.8678845704738737,0.12307541010846214,1
2016-06-16,train,train,-0.0061881415709639,0.0144423829439005,-0.0292844073445332,0.032350158093684904,0.8941380505082767,0.07351179139803844,1
2016-06-17,train,train,0.0195756470008228,0.0148006701511256,-0.0292844073445332,0.010785167404786314,0.9013261904866495,0.08788864210856415,1
2016-06-20,train,train,0.0335263611619145,0.0165335192948332,-0.0292844073445332,4.672295286349081e-05,0.6743375227229399,0.3256157543241965,1
2016-06-21,train,train,0.0023333439990977,0.0160400278774494,-0.0292844073445332,0.025701389053633634,0.7805884586912416,0.1937101522551248,1
2016-06-22,train,train,0.003995587270074,0.0155821509333198,-0.0292844073445332,0.0742462937446293,0.8167982910400057,0.1089554152153651,1
2016-06-23,train,train,0.0208453403646403,0.0159470033216682,-0.0292844073445332,0.014889172507932213,0.8437275573424484,0.1413832701496193,1
2016-06-24,train,train,-0.1318516236113468,0.035806976121724,-0.0643685039087613,8.655065090395405e-66,1.9614372644962736e-14,0.9999999999999802,2
2016-06-27,train,train,-0.0184283515803188,0.0350083906394007,-0.0643685039087613,9.438605953797273e-06,0.031095514786806853,0.9688950466072394,2
2016-06-28,train,train,0.024483636341915,0.0344676526204297,-0.0643685039087613,2.2776729726838854e-05,0.037646831009603685,0.9623303922606697,2
2016-06-29,train,train,0.0339172687865319,0.0344348776656623,-0.0643685039087613,3.2104088920613327e-07,0.014605555532363475,0.9853941234267475,2
2016-06-30,train,train,0.0071303304681281,0.0334315068253476,-0.0643685039087613,0.0008306846922763035,0.07667170118154214,0.9224976141261815,2
2016-07-01,train,train,0.0128530614837756,0.0325655919809054,-0.0643685039087613,0.0024213474242160272,0.1407100265784222,0.8568686259973619,2
2016-07-04,train,train,-0.001573392969023,0.031575864962482,-0.0643685039087613,0.014407680916607914,0.2735521590693374,0.7120401600140548,2
2016-07-05,train,train,-0.0230720911917967,0.0311312129021489,-0.0643685039087613,0.0005520088156410961,0.22377230961955882,0.7756756815647999,2
2016-07-06,train,train,-0.0176822998853017,0.0304920169143894,-0.0643685039087613,0.0008171399216376638,0.25428463927630296,0.7448982208020595,2
2016-07-07,train,train,0.0102922886147884,0.0296704091996179,-0.0643685039087613,0.008133253150970571,0.37101839801365877,0.6208483488353705,2
2016-07-08,train,train,0.0219471089721963,0.0292645472659779,-0.0643685039087613,0.0015074420365167247,0.32547381591617186,0.6730187420473114,2
2016-07-11,train,train,0.0144565868103231,0.0285931543767727,-0.0643685039087613,0.005305275411769991,0.40064433565886415,0.5940503889293657,2
2016-07-12,train,train,0.0239020599338354,0.0283335997841072,-0.0643685039087613,0.0006589845437800003,0.312605382430649,0.686735633025571,2
2016-07-13,train,train,-0.0037808994017314,0.027486051301334,-0.0643685039087613,0.01400941072285545,0.47515470174486174,0.5108358875322828,2
2016-07-14,train,train,0.0092093323539018,0.0267440225716975,-0.0643685039087613,0.03460610892259591,0.5937391258673261,0.3716547652100777,1
2016-07-15,train,train,-0.0024936418570545,0.0259364853767663,-0.0643685039087613,0.08789605434168962,0.6913959489393312,0.2207079967189793,1
2016-07-18,train,train,-0.0007739026411853,0.0251470700638294,-0.0643685039087613,0.1834534170569371,0.7011261457212027,0.11542043722185999,1
2016-07-19,train,train,-0.0046091928512946,0.0244071158548457,-0.0643685039087613,0.27387643545368884,0.665542022709375,0.060581541836935926,1
2016-07-20,train,train,0.0105858079559209,0.0238052184593111,-0.0643685039087613,0.3048261709854309,0.6542290627463677,0.04094476626820144,1
2016-07-21,train,train,0.0009440600219069,0.0230811740451237,-0.0643685039087613,0.465441567279713,0.515907426376049,0.018651006344237945,1
2016-07-22,train,train,0.0018972602950139,0.0223828536022742,-0.0643685039087613,0.6248939041867128,0.36672044377755125,0.008385652035735935,0
2016-07-25,train,train,-0.0028179755585098,0.0217119567619523,-0.0643685039087613,0.7334990834770864,0.26225581466610054,0.004245101856813312,0
2016-07-26,train,train,-0.0018090679653754,0.0210551866783725,-0.0624185495161907,0.8230583628606832,0.17474462996628543,0.002197007173031533,0
2016-07-27,train,train,0.0117528402423575,0.0206157558222635,-0.0624185495161907,0.8020453089676081,0.1952657493278138,0.002688941704577905,0
2016-07-28,train,train,-0.0212602886601763,0.0206549949714504,-0.0624185495161907,0.19756394204058153,0.7812900206061135,0.02114603735330506,1
2016-07-29,train,train,0.0126566164198199,0.0202643155469488,-0.0624185495161907,0.17961527598089605,0.8003150555823916,0.02006966843671235,1
2016-08-01,train,train,-0.0086313065423024,0.0197604125126163,-0.0624185495161907,0.1872858574384468,0.7966840617075863,0.01603008085396665,1
2016-08-02,train,train,-0.0281246339761594,0.0203594000571287,-0.0641027304443116,0.0015040222837483287,0.9331517257930818,0.06534425192316967,1
2016-08-03,train,train,-0.0016685780678295,0.0197434016727398,-0.0641027304443116,0.031787446694388446,0.9306562416651304,0.03755631164048158,1
2016-08-04,train,train,0.0146557971908016,0.0194756601560089,-0.0641027304443116,0.029381144504116954,0.9349291157054934,0.035689739790389974,1
2016-08-05,train,train,0.0181867696753555,0.0194007415753903,-0.0641027304443116,0.014112348953810179,0.9427442524399179,0.04314339860627171,1
2016-08-08,train,train,0.0027014101234429,0.0188213523492302,-0.0641027304443116,0.05596026202459617,0.9180862410612993,0.02595349691410467,1
2016-08-09,train,train,0.0119459263160634,0.018481098866993,-0.0641027304443116,0.06594966384791935,0.9111728069368012,0.02287752921527935,1
2016-08-10,train,train,-0.0007503910705637,0.0179190328873297,-0.0641027304443116,0.13917940496909367,0.8460564584099874,0.014764136620918744,1
2016-08-11,train,train,0.0069741579935345,0.0174569346685865,-0.0641027304443116,0.21688160921870683,0.7716347889505972,0.011483601830695904,1
2016-08-12,train,train,-0.000355543371803,0.0169253501767985,-0.0641027304443116,0.35176726170048467,0.6403969359255803,0.007835802373934915,1
2016-08-15,train,train,0.0004816446442826,0.016410159925626,-0.0641027304443116,0.5102175565151845,0.48451569817043016,0.005266745314385144,0
2016-08-16,train,train,-0.0114056944378738,0.0161536726410483,-0.0641027304443116,0.4006269819684056,0.5916380523169679,0.007734965714626697,1
2016-08-17,train,train,-0.0157467226744438,0.0161295451859516,-0.0641027304443116,0.15688335213104931,0.8279414032749219,0.015175244594028827,1
2016-08-18,train,train,0.0074073521125639,0.0157430818504664,-0.0641027304443116,0.23344609485029888,0.7548158081165168,0.011738097033184191,1
2016-08-19,train,train,-0.0117055345591918,0.0155304578470965,-0.0641027304443116,0.16391674673654205,0.8225554934631633,0.013527759800295034,1
2016-08-22,train,train,0.0020569547317066,0.0150657650801449,-0.0641027304443116,0.286615102299819,0.704134176091542,0.009250721608639066,1
2016-08-23,train,train,0.0132444953536536,0.0149627417351728,-0.0641027304443116,0.24059020995169306,0.7474925710529725,0.011917218995334378,1
2016-08-24,train,train,0.0086561084083748,0.0146610475269036,-0.0641027304443116,0.3092826430819774,0.6806747397204451,0.010042617197577673,1
2016-08-25,train,train,-0.0064908950002371,0.0143030569734307,-0.0641027304443116,0.36667163998903074,0.6250809044635077,0.008247455547461459,1
2016-08-26,train,train,0.0069529221525509,0.0139715203197669,-0.0641027304443116,0.47780721540459964,0.5157700925470738,0.006422692048326781,1
2016-08-29,train,train,-0.0049895748200956,0.0136009164638284,-0.0641027304443116,0.5695056328443375,0.42560921592458145,0.004885151231080921,0
2016-08-30,train,train,0.0079760906596516,0.0133305256561523,-0.0641027304443116,0.6515693993469708,0.3443821513601376,0.004048449292891654,0
2016-08-31,train,train,0.0036086756599848,0.0129546166216648,-0.0641027304443116,0.7696240127158634,0.2279305668644214,0.002445420419715496,0
2016-09-01,train,train,0.0052632906038823,0.0126259613489155,-0.0641027304443116,0.8443089021827982,0.15409700258969927,0.0015940952275024071,0
2016-09-02,train,train,0.0165353546273955,0.0128939940726089,-0.0610161162597676,0.6780065966574145,0.3169098817614969,0.005083521581088495,0
2016-09-05,train,train,0.0049713366794985,0.0125603594478288,-0.0610161162597676,0.7808479092703066,0.21631189560437608,0.002840195125317517,0
2016-09-06,train,train,-0.0060270622126076,0.0122668822618471,-0.0610161162597676,0.8150406860076971,0.18281439155638232,0.002144922435920532,0
2016-09-07,train,train,0.012928016922571,0.0123075518968427,-0.0610161162597676,0.7653112303797613,0.23143292571741395,0.003255843902824798,0
2016-09-08,train,train,0.0094721301105128,0.012156091419601,-0.0610161162597676,0.7931012892065127,0.20412829214616304,0.0027704186473241224,0
2016-09-09,train,train,-0.0083413380713753,0.0119615634569588,-0.0610161162597676,0.7842637200344134,0.21302558700080004,0.0027106929647869107,0
2016-09-12,train,train,-0.0177625401078775,0.012386473678162,-0.0610161162597676,0.36755794355648225,0.6201009165997309,0.012341139843787059,1
2016-09-13,train,train,-0.0161905685108189,0.0126470279864964,-0.0610161162597676,0.128264329649466,0.850825195856792,0.020910474493742018,1
2016-09-14,train,train,-0.0025019011540817,0.0122770537361712,-0.0610161162597676,0.21969260277406316,0.7669933874034093,0.013314009822527378,1
2016-09-15,train,train,0.0020776811529852,0.0119139200548264,-0.0610161162597676,0.35974375280260373,0.6316730397315594,0.008583207465836691,1
2016-09-16,train,train,-0.0100381284655077,0.0118097774320192,-0.0241523379427107,0.3144852906854055,0.6760036013321564,0.009511107982437948,1
2016-09-19,train,train,0.0094646024117046,0.011682350548708,-0.0241523379427107,0.36975346903529904,0.6215234687911352,0.008723062173565953,1
2016-09-20,train,train,-0.0033790478185165,0.0113566611876869,-0.0241523379427107,0.49271467235442346,0.5012547449335144,0.006030582712062032,1
2016-09-21,train,train,0.0083006555552984,0.0111968469262941,-0.0241523379427107,0.5744553663188996,0.42039942000131614,0.005145213679784528,0
2016-09-22,train,train,0.0199403429164052,0.0119039596253868,-0.0241523379427107,0.21213749193787376,0.7698886627879368,0.017973845274189583,1
2016-09-23,train,train,-0.0125350945884104,0.0119427683247014,-0.0241523379427107,0.13123080723325087,0.8496895551145207,0.019079637652228143,1
2016-09-26,train,train,-0.0127973481613321,0.011995760065114,-0.0241523379427107,0.07810727938009421,0.9018991713901808,0.01999354922972497,1
2016-09-27,train,train,-0.0026667519115802,0.0116486504760368,-0.0223824875814044,0.1476647949880256,0.838771689831337,0.013563515180637321,1
2016-09-28,train,train,0.0059901942378169,0.011388702299143,-0.0223824875814044,0.23917937075051895,0.7504465348606045,0.010374094388876492,1
2016-09-29,train,train,0.0063751564165072,0.011151634176886,-0.0223824875814044,0.34738715661090497,0.6444604628329315,0.00815238055616362,1
2016-09-30,train,train,-0.0019230436435163,0.0108221667856986,-0.0223824875814044,0.4886880043511645,0.505669857035427,0.005642138613408525,1
2016-10-03,train,train,-0.0031716165141008,0.010521201707979,-0.0223824875814044,0.6111850831425824,0.3847802462258749,0.004034670631542744,0
2016-10-04,train,train,0.0019862786358642,0.0102122799817836,-0.0223824875814044,0.7442046089049481,0.25327534966309556,0.002520041431956256,0
2016-10-05,train,train,0.0010599699853236,0.0099045764605532,-0.0223824875814044,0.8395470038201895,0.15894338890908336,0.0015096072707271194,0
2016-10-06,train,train,-0.0023836429369988,0.0096205770092149,-0.0223824875814044,0.8912383761362125,0.1077748823029978,0.0009867415607898236,0
2016-10-07,train,train,-0.0153153242887796,0.0100536421935063,-0.0223824875814044,0.68230451310373,0.3133963249144284,0.004299161981840966,0
2016-10-10,train,train,0.0089116470353278,0.0099888049959283,-0.0223824875814044,0.7321542546170487,0.2643354003623822,0.0035103450205689075,0
2016-10-11,train,train,-0.0009542912754084,0.0096873263619113,-0.0223824875814044,0.8264944416204006,0.17159787041941066,0.0019076879601883957,0
2016-10-12,train,train,-0.000771036964866,0.0093941100908879,-0.0223824875814044,0.8891624928959238,0.10975579747578774,0.001081709628288358,0
2016-10-13,train,train,-0.00899675384825,0.0093707438831769,-0.0223824875814044,0.8661687759048843,0.13243690772881078,0.001394316366305051,0
2016-10-14,train,train,0.018324027079281,0.0101335279430604,-0.0223824875814044,0.6293163034200454,0.36409752831796527,0.006586168261989519,0
2016-10-17,train,train,-0.0031070692442006,0.00985425380309,-0.0223824875814044,0.7334032458285277,0.26295461564425837,0.0036421385272139006,0
2016-10-18,train,train,0.0141544575313569,0.0101637030168728,-0.0223824875814044,0.633962462200436,0.3599959035382478,0.00604163426131619,0
2016-10-19,train,train,0.009519903893933,0.0101262293912029,-0.0223824875814044,0.6768413816505956,0.31824856034327476,0.004910058006129913,0
2016-10-20,train,train,0.0123369214061217,0.0102722961488226,-0.0206925808649519,0.6390600546151423,0.3551058152919047,0.0058341300929531,0
2016-10-21,train,train,0.0043168283545992,0.0100153364647201,-0.0206925808649519,0.7563030103441807,0.2405155253620226,0.0031814642937967224,0
2016-10-24,train,train,0.0126444147745966,0.0101922235126091,-0.0206925808649519,0.7106586995865126,0.2850539316339797,0.004287368779507562,0
2016-10-25,train,train,-0.0083352427593028,0.0100904465329595,-0.0165666104310467,0.7056006455903143,0.2904094446398301,0.003989909769855671,0
2016-10-26,train,train,0.0036694858381377,0.0098242552969383,-0.0165666104310467,0.8087288019137262,0.18906693984827772,0.0022042582379958515,0
2016-10-27,train,train,0.0026020417637014,0.0095462699465004,-0.0165666104310467,0.8804011358623591,0.11838156096204229,0.0012173031755982689,0
2016-10-28,train,train,0.0004456460518899,0.0092560958142288,-0.0165666104310467,0.9239310670535689,0.07537364777981251,0.0006952851666184813,0
2016-10-31,train,train,-0.0063234079236508,0.0091068062681154,-0.0165666104310467,0.9264197082794579,0.07291713660553023,0.000663155115012004,0
2016-11-01,train,train,-0.0112847226317634,0.009251950230802,-0.0165666104310467,0.8697715632943855,0.1288512747998902,0.001377161905724139,0
2016-11-02,train,train,-0.0186785451976058,0.0100695556570676,-0.017543884605434,0.4440793710544711,0.5456867646079252,0.010233864337603753,1
2016-11-03,train,train,0.0007322582285438,0.0097644439774998,-0.017543884605434,0.6030443497819727,0.39143885198694495,0.005516798231082479,0
2016-11-04,train,train,-0.009993663939841,0.0097783487028688,-0.017543884605434,0.5461716973152799,0.447480793353365,0.006347509331354815,0
2016-11-07,train,train,0.0143647107657479,0.0101123603612915,-0.017543884605434,0.4313654871382029,0.5588306943492909,0.009803818512506095,1
2016-11-08,train,train,0.0020385759041429,0.0098170051265668,-0.017543884605434,0.5911734554107961,0.40334479505223514,0.005481749536968859,0
2016-11-09,train,train,-0.0039801605364746,0.0095677413713741,-0.017543884605434,0.689809367230304,0.3065781653690584,0.0036124674006375278,0
2016-11-10,train,train,-0.0163892827593589,0.0101077044779963,-0.0176101226882807,0.33773589964945977,0.6507616883785123,0.011502411972027778,1
2016-11-11,train,train,-0.0135205105593018,0.010344273815628,-0.0176101226882807,0.18654025406551608,0.7979280207141393,0.015531725220344465,1
2016-11-14,train,train,0.0021968627900629,0.0100435717298891,-0.0176101226882807,0.3169537200269086,0.6731633173331334,0.00988296263995814,1
2016-11-15,train,train,0.0033322503651413,0.0097717535098661,-0.0176101226882807,0.46873729314426105,0.5247752119972079,0.006487494858530712,1
2016-11-16,train,train,-0.0056101650666239,0.0095732112575986,-0.0176101226882807,0.5473888591923219,0.44742805800294744,0.00518308280473076,0
2016-11-17,train,train,0.0091608971835012,0.0095489744783435,-0.0176101226882807,0.6057286451627132,0.38947803119862323,0.004793323638663888,0
2016-11-18,train,train,-0.0109683535044069,0.0096400324423018,-0.0176101226882807,0.5109227670876978,0.48249150074444397,0.00658573216785807,0
2016-11-21,train,train,-0.0009631073985941,0.0093493350838969,-0.0176101226882807,0.6548056552955754,0.3412612731332725,0.0039330715711524055,0
2016-11-22,train,train,0.0042743234013663,0.0091247823509767,-0.0176101226882807,0.7681768158017096,0.22936473491748666,0.002458449280803505,0
2016-11-23,train,train,-0.0027779403245445,0.0088729347412419,-0.0176101226882807,0.8405225144481803,0.15790521166148888,0.0015722738903307734,0
2016-11-24,train,train,0.0034365912289163,0.0086437169217575,-0.0176101226882807,0.8984142640570313,0.10063262573760062,0.0009531102053677385,0
2016-11-25,train,train,0.0019848369888292,0.008394485473357,-0.0176101226882807,0.934619227254205,0.06480975556674011,0.0005710171790548992,0
2016-11-28,train,train,-0.0063723519860142,0.0082870836468976,-0.0176101226882807,0.9344967425719214,0.06493340116302432,0.000569856265054466,0
2016-11-29,train,train,0.0055188579304549,0.0081475565429047,-0.0176101226882807,0.9500811297518132,0.04949433262356599,0.00042453762462101225,0
2016-11-30,train,train,0.0024430955124394,0.0079219845937501,-0.0176101226882807,0.963278557151132,0.036436012508058765,0.000285430340809433,0
2016-12-01,train,train,-0.0021892688030652,0.0076993469452234,-0.0176101226882807,0.9680821130115757,0.03168886889798354,0.0002290180904411816,0
2016-12-02,train,train,-0.0071891381956838,0.0076696916013451,-0.0176101226882807,0.9571725949798138,0.04250686453204822,0.00032054048813833,0
2016-12-05,train,train,0.0066699244007866,0.007613408736886,-0.0170861321559278,0.9612236762780909,0.038473798923675584,0.0003025247982339279,0
2016-12-06,train,train,0.0260408392179093,0.0097556994351804,-0.0167943840819147,0.3792457898277079,0.604384420156994,0.016369790015297946,1
2016-12-07,train,train,0.0075167501575183,0.0096360439578302,-0.0167943840819147,0.4813074971443654,0.5083267869618584,0.010365715893776172,1
2016-12-08,train,train,0.0204361509053872,0.0105990715818636,-0.0167943840819147,0.14227662082593787,0.8298955498042537,0.02782782936980837,1
2016-12-09,train,train,0.0026425588678311,0.010296547301684,-0.0167943840819147,0.25640540450233773,0.7276310975739837,0.0159634979236787,1
2016-12-12,train,train,0.0018305497866086,0.0099929379016855,-0.0167943840819147,0.40559511514407476,0.5851206874675132,0.009284197388411887,1
2016-12-13,train,train,0.0156501476970835,0.0104193525139021,-0.0167943840819147,0.25903744678580704,0.7261573365086457,0.014805216705547498,1
2016-12-14,train,train,-0.0121727906068661,0.010532793659326,-0.0167943840819147,0.1708258708952438,0.8128748920884906,0.01629923701626551,1
2016-12-15,train,train,0.0131903516758898,0.0107108580596402,-0.0167943840819147,0.1461298635911754,0.8364534593497364,0.017416677059088274,1
2016-12-16,train,train,0.0076785636103367,0.0105535184606089,-0.0167943840819147,0.21656395690180366,0.7702741787628469,0.013161864335349781,1
2016-12-19,train,train,-0.0081175527085391,0.0104234268119013,-0.0167943840819147,0.2336839127466048,0.7548490363056656,0.011467050947729415,1
2016-12-20,train,train,0.00759691169919,0.0102757842014513,-0.0167943840819147,0.3214402719876278,0.6692917907733219,0.0092679372390503,1
2016-12-21,train,train,-0.0038552726384327,0.0100073984693579,-0.0167943840819147,0.43399939820315564,0.5592708107425679,0.006729791054276443,1
2016-12-22,train,train,-0.0040737800545751,0.0097537112789451,-0.0167943840819147,0.5450550228270041,0.44995242354661485,0.004992553626380921,0
2016-12-23,train,train,0.0036468720449943,0.0094986720773481,-0.0167943840819147,0.6850743030591012,0.3116587733754293,0.0032669235654695155,0
2016-12-27,train,train,0.000949559580664,0.0092122410282649,-0.0167943840819147,0.7988369691366124,0.19920563402905764,0.001957396834330217,0
2016-12-28,train,train,-0.0033864005601165,0.0089700347938171,-0.0167943840819147,0.8574516015549556,0.14120229047955488,0.0013461079654895148,0
2016-12-29,train,train,-0.0019066823739076,0.0087093030152045,-0.0167943840819147,0.904764931868309,0.0943793144005302,0.0008557537311607921,0
2016-12-30,train,train,0.002676775876158,0.008469400758937,-0.0167943840819147,0.9377649631847139,0.06170193606558226,0.0005331007497033478,0
2017-01-03,train,train,0.0151328935153471,0.0090092825591921,-0.0161961128387554,0.8669920776986098,0.13137002189315222,0.001637900408237426,0
2017-01-04,train,train,-0.0033548374825953,0.0087733937543894,-0.0161961128387554,0.904402861048234,0.09460282934095077,0.0009943096108152734,0
2017-01-05,train,train,0.0026700105994236,0.008531226704727,-0.0161961128387554,0.9375961011980998,0.061830835144759136,0.0005730636571411693,0
2017-01-06,train,train,0.0029151829421513,0.0083020971349035,-0.0161961128387554,0.9560999716015873,0.04353561898655054,0.0003644094118620204,0
2017-01-09,train,train,-0.0024305288707078,0.0080711694358755,-0.0161961128387554,0.9634812099729438,0.03624244374884073,0.0002763462782153944,0
2017-01-10,train,train,-0.0043072366227761,0.0078960931313106,-0.0161961128387554,0.9639597991702351,0.03577733911221326,0.0002628617175518283,0
2017-01-11,train,train,-0.0046022362096251,0.0077381021072212,-0.0161961128387554,0.9634819758571272,0.036254311710523,0.0002637124323495985,0
2017-01-12,train,train,-0.0001274679795518,0.0075024333155066,-0.0161961128387554,0.9702789186069122,0.029515532954127805,0.0002055484389595396,0
2017-01-13,train,train,0.0110154101558452,0.0077582002402938,-0.0161961128387554,0.9543998803265296,0.045219321320983226,0.00038079835248707925,0
2017-01-16,train,train,-0.0107391116940414,0.0079685633528894,-0.0161961128387554,0.9148915874021517,0.0843053189458143,0.0008030936520338805,0
2017-01-17,train,train,-0.0016059231696512,0.0077358167731714,-0.0161961128387554,0.9407842588137096,0.05870662569608838,0.0005091154902019898,0
2017-01-18,train,train,-0.0009264841423988,0.0075035852664684,-0.0161961128387554,0.9569496690964081,0.042710089820154375,0.0003402410834372348,0
2017-01-19,train,train,-0.0007567783462334,0.0072773571540781,-0.0161961128387554,0.9662107328666708,0.03354173417733877,0.00024753295599024754,0
2017-01-20,train,train,0.0001066143590977,0.0070557078678489,-0.0161961128387554,0.9718879293281564,0.027918896905003664,0.00019317376684018411,0
2017-01-23,train,train,-0.0080600072459209,0.0071199617775447,-0.0161961128387554,0.9562614377181909,0.043413778672311526,0.0003247836094977404,0
2017-01-24,train,train,0.008816704943534,0.0072329994839317,-0.0161961128387554,0.9534059830560551,0.046206452161719085,0.00038756478222589405,0
2017-01-25,train,train,0.0171207529280727,0.0081709556045746,-0.0161961128387554,0.848475029902425,0.14951381801396213,0.0020111520836128202,0
2017-01-26,train,train,-0.0038295933141035,0.0079773799996928,-0.0161961128387554,0.8889959452344205,0.10978053084184115,0.0012235239237383942,0
2017-01-27,train,train,-0.0009149962599121,0.007737603585689,-0.0140275279751756,0.9269625269785269,0.0723457987557045,0.000691674265768872,0
2017-01-30,train,train,-0.0151390944793744,0.0083683815396788,-0.0150162959326783,0.7628485864420019,0.2340308049877813,0.003120608570216908,0
2017-01-31,train,train,-0.004936653334156,0.008203063682949,-0.0150162959326783,0.8155013024989093,0.18238173063637975,0.0021169668647110147,0
2017-02-01,train,train,0.0016732396240007,0.0079637191317679,-0.0150162959326783,0.8854900237268193,0.11335826877550348,0.0011517074976772018,0
2017-02-02,train,train,0.0080696150331867,0.007970112563329,-0.0150162959326783,0.9055042540590645,0.09352647034593627,0.0009692755949992343,0
2017-02-03,train,train,0.0059674250504327,0.0078643462741513,-0.0150162959326783,0.9306525548883565,0.06868011719323878,0.0006673279184045387,0
2017-02-06,train,train,-0.0112010087785967,0.0081033833452493,-0.0136107985485141,0.876970200768398,0.12170326838669834,0.0013265308449033216,0
2017-02-07,train,train,-0.0027609928242185,0.0078855765308685,-0.012837631288279,0.9137495906474818,0.08542500097672251,0.0008254083757956775,0
2017-02-08,train,train,-0.0001928927051039,0.0076454961020508,-0.012837631288279,0.9424934591387849,0.05701076207976827,0.0004957787814470336,0
2017-02-09,train,train,0.0115836347175115,0.0079370794127191,-0.012837631288279,0.9235225523833941,0.07569817067304312,0.0007792769435629425,0
2017-02-10,train,train,-0.0064093734413811,0.0078538016210142,-0.012837631288279,0.9255217986681328,0.07377033283432616,0.0007078684975411473,0
2017-02-13,train,train,0.0112395288223711,0.0080969678520447,-0.012837631288279,0.9104223484186961,0.08861088302707401,0.0009667685542298488,0
2017-02-14,train,train,0.0027482563330931,0.0078791122511084,-0.012837631288279,0.9409679045210406,0.058482978607967986,0.000549116870991294,0
2017-02-15,train,train,0.0077405072502728,0.007870864782419,-0.012837631288279,0.9469576839859237,0.052556759391280954,0.0004855566227954046,0
2017-02-16,train,train,-0.0030722341512199,0.0076681027013552,-0.012837631288279,0.9566247747674212,0.0430220335869857,0.0003531916455930452,0
2017-02-17,train,train,-0.0057098439698931,0.0075649157421515,-0.012837631288279,0.9546043409301083,0.04503707641167086,0.00035858265822091796,0
2017-02-20,train,train,0.002764488408187,0.0073656511554811,-0.012837631288279,0.9655801694299583,0.034162506918470045,0.0002573236515713048,0
2017-02-21,train,train,0.0036044791984244,0.0071956364656018,-0.012837631288279,0.9710232051833012,0.028770661759449624,0.00020613305724918575,0
2017-02-22,train,train,-0.0088033895044531,0.007302091008911,-0.012837631288279,0.9512115679525367,0.04841122509767997,0.0003772069497834146,0
2017-02-23,train,train,0.0017079268710685,0.0070919899864628,-0.012837631288279,0.9640980319961476,0.0356356539108444,0.00026631409300771457,0
2017-02-24,train,train,-0.004211818164078,0.0069529063983948,-0.012837631288279,0.9646064868155437,0.03513825549272388,0.0002552576917321763,0
2017-02-27,train,train,0.0011417613012333,0.006746891882481,-0.012837631288279,0.9713263781498948,0.028475843816748454,0.0001977780333567843,0
2017-02-28,train,train,0.009590100339819,0.0069503610367464,-0.012837631288279,0.9618906299709041,0.03781058724627237,0.0002987827828235538,0
2017-03-01,train,train,0.0203042143835972,0.0083752453535857,-0.012837631288279,0.7597106006474144,0.23647896515279598,0.0038104341997894677,0
2017-03-02,train,train,-0.0036471081905699,0.008169096310977,-0.012837631288279,0.8274402627792945,0.170391632444461,0.002168104776244319,0
2017-03-03,train,train,0.0084553015970457,0.0081865507982029,-0.012837631288279,0.8581355515281646,0.14016053082422855,0.0017039176476070941,0
2017-03-06,train,train,0.0005713129522505,0.0079383890710035,-0.012837631288279,0.9109743684616629,0.08812741238987952,0.0008982191484579873,0
2017-03-07,train,train,-0.0002447657426253,0.0076967872775721,-0.012837631288279,0.9408546347330272,0.058620859589887886,0.0005245056770850251,0
2017-03-08,train,train,0.004966355370403,0.0075608189683613,-0.012837631288279,0.9551310811220941,0.044492968760331035,0.00037595011757480786,0
2017-03-09,train,train,0.0149029039444304,0.0081891279891455,-0.012837631288279,0.8977829326110411,0.10103644415667618,0.0011806232322827018,0
2017-03-10,train,train,0.0007998080574699,0.0079420708738325,-0.0123597383173374,0.9342633446611972,0.06510391601039806,0.0006327393284051715,0
2017-03-13,train,train,-0.0010498793193139,0.0077044166018062,-0.0123597383173374,0.9530821192544993,0.04652312676276221,0.00039475398273859164,0
2017-03-14,train,train,-0.0091253114256351,0.007796975797104,-0.0123597383173374,0.9303987988343722,0.0689797950183157,0.0006214061473122159,0
2017-03-15,train,train,0.0078539632016738,0.0078004067819686,-0.0123597383173374,0.939065261107804,0.06037435756183843,0.0005603813303572394,0
2017-03-16,train,train,0.0183418341115279,0.0087966435599506,-0.0123597383173374,0.7774844430978806,0.21905098480243926,0.0034645720996803048,0
2017-03-17,train,train,0.0076223125640445,0.0087306391847911,-0.0123597383173374,0.8292765586265055,0.16842375334503545,0.0022996880284593285,0
2017-03-20,train,train,-0.0031085182257453,0.0084988463966645,-0.0123597383173374,0.880581929009879,0.11809292705472611,0.001325143935395083,0
2017-03-21,train,train,-0.0002055830433167,0.0082400911726093,-0.0123597383173374,0.923271104543123,0.075996516266057,0.0007323791908200606,0
2017-03-22,train,train,0.0017023871493246,0.0079999402311086,-0.0123597383173374,0.9487415063430378,0.05082001416370639,0.0004384794932552927,0
2017-03-23,train,train,0.0093023590720055,0.0080840048328475,-0.0123597383173374,0.9453328940619288,0.054167933889870255,0.0004991720482007668,0
2017-03-24,train,train,-0.0015023531041536,0.0078463679483074,-0.0123597383173374,0.958749976793124,0.04091789741951753,0.00033212578735848414,0
2017-03-27,train,train,-0.0006306913803016,0.0076089044466627,-0.0123597383173374,0.9673246541306415,0.03243579180618447,0.0002395540631741544,0
2017-03-28,train,train,0.0083221071693843,0.0076535710181627,-0.0123597383173374,0.9633364760785372,0.036377067165711825,0.0002864567557511465,0
2017-03-29,train,train,-0.0020620331471029,0.007437582887756,-0.0123597383173374,0.9682983972645044,0.03147399878684887,0.00022760394864670586,0
2017-03-30,train,train,0.0036874695789678,0.0072673534916953,-0.0123597383173374,0.9724554307594186,0.027353522973747494,0.0001910462668336369,0
2017-03-31,train,train,0.0054627136789802,0.0071718920523925,-0.0123597383173374,0.9728971577873246,0.02691521361037445,0.00018762860230100856,0
2017-04-03,train,train,-0.0132385290000946,0.007672378541214,-0.0131928774193552,0.9081257167129254,0.09103179729313456,0.0008424859939399859,0
2017-04-04,train,train,0.0034709038906062,0.007487075487797,-0.0131928774193552,0.9387255738015139,0.06074140425870335,0.0005330219397829047,0
2017-04-05,train,train,0.003997327523122,0.0073247279156292,-0.0131928774193552,0.9555303755943291,0.04410465958136445,0.0003649648243063071,0
2017-04-06,train,train,0.0111082696275197,0.0076050088719724,-0.0131928774193552,0.9400207835745007,0.05941188759246887,0.0005673288330306126,0
2017-04-07,train,train,0.0009596786342288,0.0073770759336658,-0.0131928774193552,0.9579643147971943,0.04168887708136839,0.0003468081214373875,0
2017-04-10,train,train,-0.0087090844923681,0.007463703071058,-0.0131928774193552,0.9388059081361092,0.06066790111327226,0.0005261907506183788,0
2017-04-11,train,train,-0.0020524022381479,0.0072537709515654,-0.0131928774193552,0.9539732707550178,0.04565908488422697,0.0003676443607553441,0
2017-04-12,train,train,-0.0053713699291058,0.0071548066592764,-0.0131928774193552,0.9540219413536665,0.04561728972368729,0.0003607689226463578,0
2017-04-13,train,train,-0.0033258653412573,0.0069845161355543,-0.0131928774193552,0.9603684993448132,0.03933326389161959,0.00029823676356724904,0
2017-04-18,train,train,-0.0059832927952177,0.0069285240325301,-0.0131928774193552,0.9562732318478149,0.04339368509961834,0.0003330830525673464,0
2017-04-19,train,train,0.0102545925152534,0.0071717207567236,-0.0131928774193552,0.946195384533549,0.053328268031939796,0.000476347434511207,0
2017-04-20,train,train,0.0002121406311074,0.0069534354181596,-0.0131928774193552,0.9610280126337072,0.03866436320761364,0.00030762415867893246,0
2017-04-21,train,train,0.0004337453982553,0.0067424429083142,-0.0131928774193552,0.9692278051386405,0.030550241064166823,0.00022195379719287605,0
2017-04-24,train,train,0.0368754886213534,0.0111499329080213,-0.0131928774193552,0.009651029186122883,0.9034565567459104,0.0868924140679668,1
2017-04-25,train,train,0.0015127502437671,0.0108166098395096,-0.0131928774193552,0.048260644344706324,0.9033884795764863,0.04835087607880748,1
2017-04-26,train,train,-0.0018285312453287,0.010496652661962,-0.0111882830681087,0.10798402236941439,0.8643646775977429,0.027651300032842545,1
2017-04-27,train,train,-0.0074135542673399,0.0103376293845354,-0.0111882830681087,0.13605161089256046,0.8442950689493937,0.01965332015804603,1
2017-04-28,train,train,0.0029812976255318,0.0100492723391502,-0.0111882830681087,0.24579862630267632,0.7417643510499558,0.012437022647367709,1
2017-05-02,train,train,0.0097047118148098,0.0100289325433036,-0.0111882830681087,0.29264351917360854,0.69634537936014,0.011011101466251522,1
2017-05-03,train,train,0.0015422235249232,0.0097307464197098,-0.0111882830681087,0.4474680301557896,0.5455842565948501,0.006947713249360426,1
2017-05-04,train,train,0.0161011434925188,0.0102255068156847,-0.0103890766433942,0.2745760839767344,0.7123541947269127,0.013069721296352827,1
2017-05-05,train,train,0.0110619094763652,0.0102776106530242,-0.0103890766433942,0.28921348563282745,0.6984246523357953,0.012361862031377301,1
2017-05-08,train,train,-0.0035175560942795,0.0100016956534195,-0.0103890766433942,0.40458692677542374,0.5872120412181508,0.0082010320064253,1
2017-05-09,train,train,-0.0042536569860026,0.0097528199436003,-0.0103890766433942,0.5129972317920185,0.48116118694491,0.005841581263071534,0
2017-05-10,train,train,-0.0013041471351218,0.0094611043238172,-0.0103890766433942,0.653877817941121,0.34242705332267925,0.003695128736199675,0
2017-05-11,train,train,-0.0158386420888263,0.0099595933811406,-0.0127341608381853,0.33119140230788174,0.6580534321181053,0.010755165574012846,1
2017-05-12,train,train,0.0032722663892372,0.0096893938890896,-0.0127341608381853,0.48476800456998037,0.5085203201433481,0.006711675286671033,1
2017-05-15,train,train,0.0055639916251033,0.0094925640830023,-0.0127341608381853,0.6144286098073788,0.3810037191340318,0.004567671058589498,0
2017-05-16,train,train,0.0022425133798166,0.009219760217773,-0.0127341608381853,0.7463907877973313,0.2509210770386284,0.002688135164040266,0
2017-05-17,train,train,-0.0180357950656226,0.0099710146917846,-0.0157043220515145,0.30796794774631003,0.6793804183460315,0.012651633907658381,1
2017-05-18,train,train,-0.0094266655624954,0.0099391945026942,-0.0157043220515145,0.28669433898808644,0.7015391686562961,0.011766492355617456,1
2017-05-19,train,train,0.013987021383479,0.0102273426730288,-0.0157043220515145,0.21984762337926,0.7654159414214678,0.01473643519927223,1
2017-05-22,train,train,-0.0038837153493737,0.0099613061672333,-0.0157043220515145,0.31922417386748875,0.6708012506891141,0.0099745754433969,1
2017-05-23,train,train,0.0113221947653308,0.0100481584871141,-0.0157043220515145,0.32533303511097134,0.6642753406937068,0.010391624195321799,1
2017-05-24,train,train,-0.0008155733882108,0.0097440992010718,-0.0157043220515145,0.47552420394307265,0.5179497974897328,0.006525998567194485,1
2017-05-25,train,train,0.0027740613048771,0.0094716601529669,-0.0157043220515145,0.629324576248072,0.3665833678141135,0.0040920559378142575,0
2017-05-26,train,train,-0.0030675010570726,0.0092138037234473,-0.0157043220515145,0.7332974513312944,0.26396065503882243,0.002741893629883363,0
2017-05-29,train,train,-0.0018542331095806,0.0089446531031918,-0.0157043220515145,0.8222771374493393,0.17600293688876054,0.001719925661899925,0
2017-05-30,train,train,-0.0006525106497852,0.0086736356965887,-0.0157043220515145,0.8867886193673591,0.1121748045861316,0.0010365760465095206,0
2017-05-31,train,train,0.0002849311565821,0.0084096914313873,-0.0157043220515145,0.9274701812067114,0.07190254959128885,0.0006272692019996305,0
2017-06-01,train,train,9.19075410783518e-05,0.0081535294316416,-0.0157043220515145,0.9505272428717715,0.04907241354717791,0.0004003435810506126,0
2017-06-02,train,train,0.0022858140460996,0.0079249439374855,-0.0157043220515145,0.963584044325234,0.03613924816091096,0.0002767075138554164,0
2017-06-05,train,train,-0.0019458116280802,0.0076982870303119,-0.0157043220515145,0.9685989604937534,0.031178308745859324,0.00022273076038740823,0
2017-06-06,train,train,-0.0004594659166549,0.0074646146815974,-0.0157043220515145,0.9728651753276506,0.02695235908536801,0.00018246558698096815,0
2017-06-07,train,train,-0.0007355848558763,0.0072394550284429,-0.0157043220515145,0.9750130619614229,0.024825358765958698,0.00016157927261849534,0
2017-06-08,train,train,0.0074593849408926,0.0072528388913653,-0.0157043220515145,0.9709322562608863,0.028863902892246718,0.0002038408468665308,0
2017-06-09,train,train,0.0022980937903142,0.0070543834435902,-0.0157043220515145,0.9746094866732629,0.02522082834784233,0.00016968497889496769,0
2017-06-12,train,train,-0.0124561695983613,0.0074891812561078,-0.0157043220515145,0.9224430783917408,0.07688734662211795,0.0006695749861413319,0
2017-06-13,train,train,0.0036547918654234,0.0073160109314024,-0.0157043220515145,0.9466973923428107,0.05285745048935456,0.0004451571678347761,0
2017-06-14,train,train,-0.0098163405643431,0.0074896066329285,-0.0157043220515145,0.9165130746099228,0.08271177458050913,0.0007751508095678891,0
2017-06-15,train,train,-0.0070965399651415,0.0074666061790921,-0.0157043220515145,0.9143575725226916,0.08484167190335799,0.0008007555739506475,0
2017-06-16,train,train,0.0055735063194065,0.0073667519114726,-0.0157043220515145,0.9375642577832436,0.061871086560559056,0.0005646556561977984,0
2017-06-19,train,train,0.0082839009618374,0.0074249762700231,-0.0157043220515145,0.9421041206189589,0.05735991282573829,0.0005359665553030636,0
2017-06-20,train,train,-0.0095208666632574,0.0075671177059005,-0.0157043220515145,0.9147351526775324,0.08443839388119362,0.0008264534412739544,0
2017-06-21,train,train,-0.0005025796512492,0.0073376255921658,-0.0157043220515145,0.9426693653920967,0.05683374084340022,0.0004968937645027969,0
2017-06-22,train,train,-0.002871698228716,0.0071487833520094,-0.0157043220515145,0.9544753232053316,0.04515979102829965,0.0003648857663683847,0
2017-06-23,train,train,-0.0074131539696425,0.0071649206775642,-0.0157043220515145,0.9443915978172728,0.055149371285834387,0.0004590308968925646,0
2017-06-26,train,train,0.0061704675929191,0.0071091773951531,-0.0157043220515145,0.9544756530547248,0.04514738019888153,0.00037696674639320696,0
2017-06-27,train,train,-0.0045631711451087,0.0069826449784865,-0.0157043220515145,0.9572369842559588,0.042428469175428446,0.0003345465686126159,0
2017-06-28,train,train,0.0051333380345351,0.0068857069792764,-0.0157043220515145,0.9644599269491032,0.03526789473692278,0.00027217831397426166,0
2017-06-29,train,train,-0.0161633172986325,0.0077616591353888,-0.0166792514843604,0.8175058867233022,0.180361140817836,0.002132972458861742,0
2017-06-30,train,train,-0.0082572229666647,0.007792281774243,-0.0166792514843604,0.8091571051225515,0.18864173026497208,0.002201164612476002,0
2017-07-03,train,train,0.0151746434059942,0.0084197781493453,-0.0166792514843604,0.6849095054713092,0.31016159211430344,0.0049289024143871416,0
2017-07-04,train,train,-0.003542602206512,0.0082092695206551,-0.0166792514843604,0.772082896473536,0.22504755406364696,0.002869549462817126,0
2017-07-05,train,train,-0.0040872482931381,0.0080219022442047,-0.0166792514843604,0.8320643143913402,0.1660879582532717,0.0018477273553879322,0
2017-07-06,train,train,-0.0023974151669283,0.007799661316211,-0.0166792514843604,0.8863407611524867,0.11254041376187517,0.0011188250856382937,0
2017-07-07,train,train,-0.000914899225988,0.0075653721709091,-0.0166792514843604,0.9253511029818967,0.07397940688816466,0.0006694901299386382,0
2017-07-10,train,train,0.0019716074358957,0.0073507821945818,-0.0166792514843604,0.9498241999269774,0.04975895614687014,0.0004168439261528037,0
2017-07-11,train,train,-0.0057637971015138,0.0072653451646494,-0.0166792514843604,0.9493556738803447,0.050232548885553556,0.0004117772341018575,0
2017-07-12,train,train,0.0105953804218293,0.0075069202151616,-0.0166792514843604,0.9379696458115441,0.06144819066095049,0.0005821635275053486,0
2017-07-13,train,train,0.0092277196854573,0.0076211330316034,-0.0166792514843604,0.9373174609687148,0.06207405786331597,0.000608481167969508,0
2017-07-14,train,train,-0.0003002989128461,0.0073893287469496,-0.0166792514843604,0.955713288921445,0.043915546430654755,0.0003711646478998784,0
2017-07-17,train,train,-0.0003660339093866,0.0071647810448077,-0.0166792514843604,0.9658655999837047,0.0338777479822475,0.00025665203404803827,0
2017-07-18,train,train,-0.0119667076996776,0.0075396397636097,-0.0166792514843604,0.9149677929275931,0.08425151715877603,0.0007806899136309072,0
2017-07-19,train,train,0.0060248195799867,0.0074574328530258,-0.0166792514843604,0.9364297370267823,0.06299475703007207,0.0005755059431456601,0
2017-07-20,train,train,-0.0022029901106758,0.007250358363392,-0.0166792514843604,0.9522574112197171,0.04735041583711737,0.0003921729431655142,0
2017-07-21,train,train,-0.0131675063086785,0.0077341210203292,-0.0166792514843604,0.8716777729884494,0.12696751662781275,0.0013547103837378595,0
2017-07-24,train,train,0.0019067984177759,0.0075130408685188,-0.0166792514843604,0.9192044801996024,0.08003446174031176,0.0007610580600857847,0
2017-07-25,train,train,0.0073343920494981,0.0075024419031843,-0.0166792514843604,0.9337966866879447,0.06557927519181601,0.000624038120238945,0
2017-07-26,train,train,0.0049292000835637,0.0073734155754199,-0.0166792514843604,0.9510385526690321,0.04853462263644954,0.0004268246945182986,0
2017-07-27,train,train,0.0026441550305735,0.0071780718276231,-0.0166792514843604,0.963703838647367,0.03601132250210577,0.0002848388505275141,0
2017-07-28,train,train,-0.0063673226547467,0.0071320263684415,-0.0166792514843604,0.957248264482948,0.042422194065848795,0.0003295414512033112,0
2017-07-31,train,train,-0.0032226409658095,0.0069596678800505,-0.0166792514843604,0.9625994026515592,0.03712416207672401,0.0002764352717166754,0
2017-08-01,train,train,0.0080137371460861,0.0070273720097462,-0.0166792514843604,0.9609814089794627,0.03870970711401495,0.0003088839065224854,0
2017-08-02,train,train,-0.0069002863921314,0.007019811753827,-0.0166792514843604,0.9526652979961803,0.046959571774298346,0.000375130229521805,0
2017-08-03,train,train,0.0033422828198364,0.0068550231875964,-0.0157888728909778,0.9641006385900857,0.03562729439878486,0.0002720670111292161,0
2017-08-04,train,train,0.0103078391163233,0.007109638187926,-0.0157888728909778,0.9526404836172313,0.04695169369780318,0.00040782268496529484,0
2017-08-07,train,train,0.0016967141524699,0.0069055679120789,-0.0157888728909778,0.9648855687219202,0.03484363355544099,0.00027079772263878613,0
2017-08-08,train,train,0.0054364386977943,0.0068263422152663,-0.0157888728909778,0.9684739184055376,0.0312912478160208,0.0002348337784412613,0
2017-08-09,train,train,-0.0130049317538025,0.0073451144410958,-0.0141119184537045,0.9037783279874831,0.09530690232464975,0.0009147696878670244,0
2017-08-10,train,train,-0.0138745929990032,0.0078907492443307,-0.014401805535438,0.7654559129939307,0.2315844286795769,0.002959658326492323,0
2017-08-11,train,train,-0.0161196190117146,0.0086092168774902,-0.0153858431031167,0.4381861253703541,0.5518987939892469,0.009915080640399056,1
2017-08-14,train,train,0.0171908340810468,0.009348956354223,-0.0153858431031167,0.22719198893854148,0.7544506347759996,0.018357376285458957,1
2017-08-15,train,train,0.0019386049416478,0.0090765795961674,-0.0153858431031167,0.37000257326022484,0.6194038589055272,0.010593567834247884,1
2017-08-16,train,train,0.0059736126108576,0.0089208902130396,-0.0153858431031167,0.49765409690528345,0.49529122368262496,0.007054679412091386,0
2017-08-17,train,train,-0.0095769288314743,0.0089616069547881,-0.0153858431031167,0.4587592907670263,0.5336944385804053,0.0075462706525684705,1
2017-08-18,train,train,-0.0055786034278813,0.0087953979007043,-0.0153858431031167,0.5386848962536306,0.4556100525694005,0.005705051176969228,0
2017-08-21,train,train,-0.0024583182568055,0.0085486889343873,-0.0153858431031167,0.664981305007776,0.33135359395709185,0.003665101035132131,0
2017-08-22,train,train,0.0047760908675849,0.0083704205501054,-0.0153858431031167,0.7722380692558917,0.22538049110798317,0.002381439636124723,0
2017-08-23,train,train,-0.0069115893911273,0.0082901331623311,-0.0153858431031167,0.7932324060396755,0.2045816010567242,0.0021859929035998923,0
2017-08-24,train,train,0.0018652158049494,0.0080505571967518,-0.0153858431031167,0.8714152702740002,0.12733692357174942,0.0012478061542503635,0
2017-08-25,train,train,-0.0011689863835465,0.0078105553360422,-0.0153858431031167,0.9157621932820331,0.08347966699578063,0.0007581397221867336,0
2017-08-28,train,train,-0.0057582280843147,0.0077028513953077,-0.0153858431031167,0.9239459275414531,0.07537544894486899,0.0006786235136779854,0
2017-08-29,train,train,-0.0091121348556339,0.0077945971376805,-0.0153858431031167,0.9002414588911104,0.09879146046369808,0.0009670806451909131,0
2017-08-30,train,train,0.0052059179767893,0.0076639738246733,-0.0153858431031167,0.9300079950275363,0.0693440227820257,0.0006479821904382759,0
2017-08-31,train,train,0.0052275039167893,0.0075400207513085,-0.0153858431031167,0.9480934919545452,0.05145217182146158,0.0004543362239932976,0
2017-09-01,train,train,0.0025212134567226,0.0073363607593966,-0.0153858431031167,0.962154688245214,0.03754585021207159,0.0002994615427144591,0
2017-09-04,train,train,-0.0080024739637749,0.0073780236657893,-0.0153858431031167,0.9476348090970309,0.05193869876573713,0.0004264921372320769,0
2017-09-05,train,train,-0.0062087444832533,0.0073131408918241,-0.0153858431031167,0.9455531214673999,0.05400068933074059,0.00044618920185949716,0
2017-09-06,train,train,-0.0048053153061406,0.0071873897370976,-0.0153858431031167,0.9503081065346105,0.049293838461469466,0.00039805500392020056,0
2017-09-07,train,train,-0.0006022550902934,0.0069699942346165,-0.0153858431031167,0.9626582898551792,0.03706149399407576,0.0002802161507448721,0
2017-09-08,train,train,0.0004640172637504,0.006758615921475,-0.0153858431031167,0.9701182144342161,0.029671538889269482,0.00021024667651449463,0
2017-09-11,train,train,0.0188738362201443,0.0080194424646271,-0.0153858431031167,0.8393474939026613,0.15852858312414397,0.0021239229731944923,0
2017-09-12,train,train,0.0013166871290672,0.0077818243295905,-0.0153858431031167,0.9001644340636573,0.09876109769917638,0.0010744682371662405,0
2017-09-13,train,train,0.0033611340133883,0.0075895464827727,-0.0153858431031167,0.9343090121425027,0.06507000175970545,0.0006209860977915401,0
2017-09-14,train,train,-0.0009550785076391,0.0073620563270504,-0.0153858431031167,0.9532403371817041,0.04636963327185043,0.0003900295464456179,0
2017-09-15,train,train,-0.0042265429119453,0.00721246843044,-0.0153858431031167,0.9574617736755514,0.04220517091666064,0.0003330554077880085,0
2017-09-18,train,train,0.0020333278247243,0.0070104624762605,-0.0153858431031167,0.9674298473808147,0.03233124063172875,0.00023891198745640158,0
2017-09-19,train,train,0.0038616049001959,0.006862398168826,-0.0153858431031167,0.9718327194621023,0.02796916208405435,0.00019811845384296432,0
2017-09-20,train,train,-0.0083501882100133,0.0069606391012905,-0.0153858431031167,0.9546584291484649,0.04499908102544614,0.00034248982608900175,0
2017-09-21,train,train,0.0004760179716943,0.0067495972089505,-0.0143872394397987,0.9657810700435164,0.033970989692614945,0.0002479402638686436,0
2017-09-22,train,train,0.0007766236678086,0.0065467417387103,-0.0143872394397987,0.9718942898752924,0.027912749400540907,0.0001929607241667274,0
2017-09-25,train,train,-0.0086251539750766,0.0066896812043173,-0.0143872394397987,0.9531516043826086,0.046494186406060484,0.0003542092113311646,0
2017-09-26,train,train,-0.0026365064095897,0.0065179593816885,-0.0143872394397987,0.9613288387551097,0.038385845684399234,0.00028531556049085074,0
2017-09-27,train,train,0.0174434251130857,0.0076283125009277,-0.0143872394397987,0.8571918325481901,0.14100455438138026,0.0018036130704301078,0
2017-09-28,train,train,-0.0039039146146713,0.0074574872091221,-0.0143872394397987,0.8944924893554173,0.10438008462365995,0.0011274260209228992,0
2017-09-29,train,train,0.0051183115117203,0.0073381942812675,-0.0143872394397987,0.9267648685184919,0.07252177946517616,0.0007133520163321215,0
2017-10-02,train,train,-0.0121917083431597,0.0077159843656224,-0.0143872394397987,0.8516038110026125,0.14670298954223293,0.001693199455154493,0
2017-10-03,train,train,0.000175477709473,0.0074810478806307,-0.0143872394397987,0.9065849576738242,0.09249567457137482,0.0009193677548008003,0
2017-10-04,train,train,-0.0289401876426369,0.0101420008083323,-0.0196447998844515,0.0356057525234391,0.9221784962100555,0.04221575126650544,1
2017-10-05,train,train,0.0247589206918568,0.011552870587087,-0.0196447998844515,0.0028281123191284045,0.9131412655665404,0.08403062211433104,1
2017-10-06,train,train,-0.0028627381079488,0.0112228519478047,-0.0196447998844515,0.03193065653958714,0.9201694598736101,0.04789988358680275,1
2017-10-09,train,train,0.004945778022067,0.0109481918464382,-0.0196447998844515,0.08113296848932346,0.8899068841222204,0.028960147388456096,1
2017-10-10,train,train,-0.0091961406549094,0.0108510492857015,-0.0196447998844515,0.08740713751264839,0.8903243566152799,0.02226850587207144,1
2017-10-11,train,train,0.0133298662520184,0.0110155197073258,-0.0196447998844515,0.07837603289983777,0.8995474863349951,0.02207648076516691,1
2017-10-12,train,train,-0.0002432580936646,0.010680108820941,-0.0196447998844515,0.1600826350584549,0.8257615897972336,0.01415577514431168,1
2017-10-13,train,train,-0.0017434968339099,0.0103635528576885,-0.0196447998844515,0.2687171352879386,0.7215648186306044,0.009718046081457151,1
2017-10-16,train,train,-0.0074953243758479,0.0102141973455582,-0.0196447998844515,0.30036368254825097,0.6907564523056575,0.00887986514609147,1
2017-10-17,train,train,0.0034708404918883,0.0099394588279431,-0.0196447998844515,0.44925691545174967,0.5445070190959869,0.0062360654522635745,1
2017-10-18,train,train,0.0055246634353062,0.0097312170692693,-0.0196447998844515,0.5817067166296486,0.41371181009045244,0.004581473279899218,0
2017-10-19,train,train,-0.007415476308847,0.009608025179167,-0.0196447998844515,0.6084136410908852,0.38719101645799836,0.004395342451116543,0
2017-10-20,train,train,0.0024681646472045,0.0093349241655431,-0.0196447998844515,0.7411952682162246,0.25613490394670846,0.002669827837067256,0
2017-10-23,train,train,-0.0060144904817069,0.009169667735045,-0.0196447998844515,0.7822059671180766,0.21554606174810226,0.0022479711338213824,0
2017-10-24,train,train,0.0043501404984303,0.0089539522742878,-0.0196447998844515,0.857923025680308,0.14067078902609045,0.0014061852936017194,0
2017-10-25,train,train,-0.0051476503104347,0.0087722724463802,-0.0196447998844515,0.8854337470788575,0.11346512891591093,0.0011011240052317115,0
2017-10-26,train,train,0.0189751612928892,0.0096922135142897,-0.0196447998844515,0.6315385643166156,0.3619430250292467,0.006518410654137783,0
2017-10-27,train,train,-0.0146313256463822,0.0100571966296982,-0.0198970441002445,0.3701399185136057,0.6171363196971085,0.012723761789285852,1
2017-10-30,train,train,0.0240765378045305,0.0113955759909137,-0.0198970441002445,0.03791273051995225,0.9192824790465891,0.042804790433458494,1
2017-10-31,train,train,0.0073917215829824,0.0111957963500783,-0.0198970441002445,0.07881890215992716,0.8931154607994926,0.028065637040580405,1
2017-11-01,train,train,-0.0015976841023924,0.0108617797909524,-0.0198970441002445,0.1554622705719974,0.8273932750564953,0.017144454371507283,1
2017-11-02,train,train,-0.0046650747033874,0.0105927022016483,-0.0198970441002445,0.22991329220384804,0.7580642615017692,0.012022446294382729,1
2017-11-03,train,train,-0.0096082525794508,0.0105362294296711,-0.0185877405440595,0.21140827286451966,0.776743427181258,0.011848299954222295,1
2017-11-06,train,train,-0.0039952849687111,0.0102620242095729,-0.0185877405440595,0.30717597636979455,0.6840538536505358,0.008770169979669394,1
2017-11-07,train,train,-0.0083515323322949,0.0101575330648259,-0.0185877405440595,0.31606798846121104,0.6752768145234813,0.008655197015307753,1
2017-11-08,train,train,-0.0001955091516061,0.0098482101274775,-0.0185877405440595,0.46903045807342386,0.5251046372372732,0.0058649046893025115,1
2017-11-09,train,train,-0.0086010787365462,0.0097778689640427,-0.0185877405440595,0.4643623092774049,0.5293359095940982,0.0063017811284968705,1
2017-11-10,train,train,-0.0047840254266653,0.0095521480383361,-0.0185877405440595,0.5608370990109947,0.4343184641369248,0.004844436852080313,0
2017-11-13,train,train,-0.0042496865206651,0.0093194694242187,-0.0185877405440595,0.6590648372670646,0.3373552220087102,0.0035799407242250456,0
2017-11-14,train,train,-0.0059380520764132,0.0091518843674809,-0.0185877405440595,0.7135771260088034,0.28341499464077524,0.00300787935042153,0
2017-11-15,train,train,0.002349495847641,0.0088917251459704,-0.0185877405440595,0.818196050993714,0.18001399107323346,0.0017899579330526551,0
2017-11-16,train,train,0.0074418381417334,0.0088114622397681,-0.0185877405440595,0.8613936393225567,0.13718259239527514,0.0014237682821682982,0
2017-11-17,train,train,-0.0077914133977065,0.0087536119492884,-0.0185877405440595,0.8578955063850199,0.1406201004380947,0.0014843931768857349,0
2017-11-20,train,train,0.001507255669997,0.0084949683936131,-0.0185877405440595,0.9111774432743074,0.08798644876283919,0.000836107962853226,0
2017-11-21,train,train,-0.0032069330741578,0.0082735532821457,-0.0185877405440595,0.93377941082396,0.06564084047075387,0.0005797487052862957,0
2017-11-22,train,train,0.0020492526601336,0.0080371978366628,-0.0185877405440595,0.9544753745612578,0.045155034617245925,0.0003695908214962109,0
2017-11-23,train,train,0.0018855392137082,0.0078060279021602,-0.0185877405440595,0.9658468506021672,0.03389698536962112,0.00025616402821165986,0
2017-11-24,train,train,0.002061126523259,0.0075850459369366,-0.0185877405440595,0.9719428833796316,0.02786084609850906,0.00019627052185936173,0
2017-11-27,train,train,0.0009543968951089,0.0073576897841317,-0.0185877405440595,0.9752283711546251,0.024608485606281497,0.00016314323909268302,0
2017-11-28,train,train,0.0080466381218903,0.0074008355018757,-0.0185877405440595,0.9696885515836078,0.0300942266473645,0.00021722176902788716,0
2017-11-29,train,train,0.0120811970187281,0.0077616585497298,-0.0185877405440595,0.9472613506935309,0.05226993357553978,0.00046871573092918315,0
2017-11-30,train,train,-0.0055374940458915,0.0076464745637801,-0.0185877405440595,0.9484963163066935,0.05107238190489303,0.0004313017884139065,0
2017-12-01,train,train,-0.0124163991672258,0.0080131440119379,-0.0186626374854149,0.8804749382528265,0.11828764287381002,0.0012374188733632655,0
2017-12-04,train,train,0.0121812926340932,0.0083223122840313,-0.0186626374854149,0.852175032131722,0.14601333215457957,0.0018116357136979378,0
2017-12-05,train,train,0.0002644670547573,0.0080690411708669,-0.0186626374854149,0.9070782396610599,0.09197154466698411,0.0009502156719561256,0
2017-12-06,train,train,-0.0026770698399203,0.0078506599765742,-0.0186626374854149,0.9330957414336115,0.0662961086556962,0.0006081499106924315,0
2017-12-07,train,train,0.0076883196273722,0.0078410143390556,-0.0186626374854149,0.9417189516849608,0.05774585099104141,0.0005351973239979839,0
2017-12-08,train,train,0.0056841247907801,0.0077285944382914,-0.0186626374854149,0.9540799027309694,0.04552439372301756,0.00039570354601278074,0
2017-12-11,train,train,-0.0013766939104743,0.0075007345533275,-0.0186626374854149,0.9639208060165045,0.0358024804346778,0.00027671354881746147,0
2017-12-12,train,train,-0.0018063034899877,0.0072856792165857,-0.0186626374854149,0.9689756091414797,0.030804118178986428,0.00022027267953432072,0
2017-12-13,train,train,-0.0027057367741137,0.0070947526410452,-0.0186626374854149,0.9706503300113943,0.02914981314674718,0.00019985684185826636,0
2017-12-14,train,train,-0.0082204308878852,0.007167280737791,-0.0186626374854149,0.9542507028433327,0.0454065746947627,0.0003427224619050748,0
2017-12-15,train,train,-0.0025679885488099,0.0069773485146623,-0.0186626374854149,0.9621188481369845,0.03760368971219292,0.00027746215082246587,0
2017-12-18,train,train,0.0091887399077324,0.0071294014631576,-0.0186626374854149,0.9562832934110467,0.04335736758899026,0.00035933899996311205,0
2017-12-19,train,train,-0.000957087049375,0.0069161856717924,-0.0186626374854149,0.9656444876065687,0.03409923781475365,0.00025627457867760087,0
2017-12-20,train,train,-0.0026024483306603,0.0067357234971998,-0.0186626374854149,0.9688379560244765,0.03094307946981825,0.0002189645057054064,0
2017-12-21,train,train,0.0094480029828605,0.0069284672468544,-0.0186626374854149,0.96047059287515,0.03921525140692502,0.00031415571792503506,0
2017-12-22,train,train,-0.0119689040924,0.0073293054785344,-0.0186626374854149,0.9066944697972662,0.09241202471323569,0.0008935054894982581,0
2017-12-27,train,train,-0.0016513140229385,0.0071175280786208,-0.0186626374854149,0.9358005357654207,0.06363865950248779,0.0005608047320917486,0
2017-12-28,train,train,-0.0071181580948187,0.0071175658811652,-0.0186626374854149,0.930446172999897,0.06893800075576485,0.0006158262443385701,0
2017-12-29,train,train,-0.0048864594175991,0.0070037710247234,-0.0130055429686693,0.9394884103070956,0.05999545303136453,0.0005161366615399109,0
2018-01-02,train,train,0.0034984102420011,0.0068442656659447,-0.0130055429686693,0.956590462933764,0.043059282348459765,0.0003502547177762877,0
2018-01-03,train,train,0.0036543946209297,0.0066958651538391,-0.0130055429686693,0.9660016385662485,0.03374084925423055,0.00025751217952127724,0
2018-01-04,train,train,0.0194226861785817,0.0080485388644395,-0.0130055429686693,0.8087383753121127,0.18850817150744034,0.0027534531804471497,0
2018-01-05,train,train,0.0093603821881905,0.0081332185796146,-0.0130055429686693,0.8315920473220269,0.16613764706277498,0.0022703056151983526,0
2018-01-08,train,train,-0.0012494114506687,0.007891384639868,-0.0130055429686693,0.8909774335236784,0.10783236104184263,0.0011902054344791807,0
2018-01-09,train,train,0.002698656502691,0.0076794843093436,-0.0130055429686693,0.9298463803337915,0.06948555412678062,0.0006680655394279231,0
2018-01-10,train,train,0.0001726034015022,0.0074456563188251,-0.0130055429686693,0.9519378840699825,0.047657585659614816,0.00040453027040289236,0
2018-01-11,train,train,0.0006614797015466,0.0072206497949084,-0.0130055429686693,0.9643798118099532,0.03534874170808446,0.00027144648196171934,0
2018-01-12,train,train,0.0026031898313914,0.0070296594719064,-0.0130055429686693,0.9709786171301754,0.028814918718944735,0.00020646415087957883,0
2018-01-15,train,train,0.0004586618604531,0.0068164336566594,-0.0130055429686693,0.9745965050138212,0.02523459086521148,0.0001689041209673,0
2018-01-16,train,train,0.0050696895092379,0.0067244365437638,-0.0130055429686693,0.9746436143260268,0.02518670513384706,0.00016968054012585576,0
2018-01-17,train,train,-0.0043630249016652,0.0066065969453867,-0.0130055429686693,0.9711443002251694,0.028664529536553515,0.0001911702382772511,0
2018-01-18,train,train,-0.0040081187476909,0.0064801386374522,-0.0130055429686693,0.9696248441799512,0.030171668230282427,0.0002034875897662478,0
2018-01-19,train,train,0.0044758449497888,0.0063776685580106,-0.0130055429686693,0.9724669126246648,0.027345320130869013,0.00018776724446605578,0
2018-01-22,train,train,0.0099224589815771,0.0066439061098236,-0.0130055429686693,0.9614913165270745,0.038205983949786367,0.00030269952313925107,0
2018-01-23,train,train,0.0024063993493625,0.0064684190156559,-0.0130055429686693,0.9694959892253325,0.030282381032634843,0.0002216297420324814,0
2018-01-24,train,train,-0.0043924973209921,0.0063629914231648,-0.0113311852796922,0.967701447566223,0.03207223251318541,0.0002263199205911779,0
2018-01-25,train,train,0.0030531592875263,0.0062143146973977,-0.0113311852796922,0.9725530099789359,0.027259190560833816,0.00018779946023070787,0
2018-01-26,train,train,9.49340385870406e-06,0.0060250020859979,-0.0113311852796922,0.9752691205200258,0.024569976759141663,0.00016090272083237782,0
2018-01-29,train,train,-0.0037634937570608,0.0059137504380611,-0.0113311852796922,0.9727178236526278,0.027105357379058982,0.00017681896831307474,0
2018-01-30,train,train,-0.0121427940256451,0.0064591752100405,-0.0121760324284236,0.923351728417005,0.07599519433017819,0.0006530772528165589,0
2018-01-31,train,train,0.0022318150299961,0.0062862188659041,-0.0121760324284236,0.9485915613414959,0.050988844617481745,0.00041959404102250735,0
2018-02-01,train,train,-0.0050358611016045,0.0062182914529897,-0.0121760324284236,0.9515240523834879,0.04808934739120603,0.00038660022530562796,0
2018-02-02,train,train,-0.0182244714490268,0.007501666565134,-0.0142612215472992,0.6841763224527521,0.31133501620301607,0.00448866134423174,0
2018-02-05,train,train,-0.0144707954701195,0.0080909045521168,-0.0150372220287907,0.43170850505577757,0.5584184860473361,0.009873008896886257,1
2018-02-06,train,train,-0.0256121071816777,0.0100445893067024,-0.0194357913669413,0.01186136927828961,0.94199748373992,0.04614114698179041,1
2018-02-07,train,train,0.0168701864037878,0.0105790519063768,-0.0194357913669413,0.011429885608893998,0.9403020307226233,0.048268083668482405,1
2018-02-08,train,train,-0.0223592498117797,0.0116274469257993,-0.0220652761474947,0.001303860271430125,0.9232279071072844,0.07546823262128542,1
2018-02-09,train,train,-0.0120336367065975,0.0116522176187507,-0.0220652761474947,0.010298923239551058,0.9326405678035096,0.05706050895693937,1
2018-02-12,train,train,0.0135494358365696,0.011774674415796,-0.0220652761474947,0.01949131704303878,0.9329698838792227,0.04753879907773864,1
2018-02-13,train,train,-0.0123985374809006,0.0118130353441458,-0.0220652761474947,0.019688729184964778,0.9414795406442704,0.038831730170764515,1
2018-02-14,train,train,0.0036717404719631,0.0114884218448455,-0.0220652761474947,0.0642636402854671,0.9117877724824359,0.023948587232097168,1
2018-02-15,train,train,0.0029586173341833,0.0111619895756905,-0.0220652761474947,0.13850398749604917,0.8459987726251823,0.015497239878768356,1
2018-02-16,train,train,0.0119916737285795,0.0112135019034785,-0.0220652761474947,0.13988598621062145,0.8444994619105238,0.015614551878854462,1
2018-02-19,train,train,-0.0026376447386619,0.0108910742183221,-0.0220652761474947,0.23381655451657693,0.7554061043355331,0.0107773411478898,1
2018-02-20,train,train,0.0090450185852132,0.0107892219109476,-0.0220652761474947,0.2938248850860899,0.6964476212431037,0.009727493670806404,1
2018-02-21,train,train,-0.0073027822877704,0.0106123846813808,-0.0220652761474947,0.33067397370648977,0.6607010115416021,0.008625014751907915,1
2018-02-22,train,train,0.0054011030740601,0.0103737968446016,-0.0220652761474947,0.4638239638748375,0.5298519456428303,0.006324090482332017,1
2018-02-23,train,train,-0.0054926665260303,0.0101473584961138,-0.0220652761474947,0.5452866842916511,0.4496185270079526,0.005094788700396368,0
2018-02-26,train,train,0.008111659990579,0.0100368666948356,-0.0220652761474947,0.6270686129167278,0.368604000010685,0.00432738707258757,0
2018-02-27,train,train,-0.0002222127656421,0.0097312555293599,-0.0220652761474947,0.7534272371816747,0.24401541471609517,0.002557348102230142,0
2018-02-28,train,train,-0.0060688001287547,0.0095511943874681,-0.0220652761474947,0.7915416546193543,0.20630232946924323,0.002156015911402083,0
2018-03-01,train,train,-0.0103888485101296,0.0096035142409201,-0.0220652761474947,0.7294947732520138,0.2673227280303553,0.0031824987176307562,0
2018-03-02,train,train,-0.0215372350512647,0.0107016347465342,-0.023169530681574,0.13413029366864954,0.8440016843552665,0.021868021976084125,1
2018-03-05,train,train,0.0062441902862345,0.0104877491299695,-0.023169530681574,0.2191810826705273,0.7661050111151819,0.014713906214290758,1
2018-03-06,train,train,-0.000417153360116,0.0101687634410452,-0.023169530681574,0.3547031075152347,0.6361284386445685,0.009168453840196659,1
2018-03-07,train,train,0.0013030268812444,0.009864147082639,-0.023169530681574,0.5149938988975156,0.4792585353382873,0.005747565764197058,0
2018-03-08,train,train,0.0048739168604038,0.0096378741297854,-0.023169530681574,0.6493312926476795,0.3467919214195881,0.0038767859327322636,0
2018-03-09,train,train,0.0041277521161191,0.0093988084845378,-0.023169530681574,0.7649660365703386,0.2325862995848052,0.0024476638448561743,0
2018-03-12,train,train,0.00426509809801,0.0091721757822458,-0.023169530681574,0.8467596219441748,0.15171357287893503,0.0015268051768904092,0
2018-03-13,train,train,-0.0036870566124033,0.0089384978186145,-0.023169530681574,0.8886359493056296,0.11031170853840569,0.0010523421559646149,0
2018-03-14,train,train,-0.0003302541056682,0.0086665727207837,-0.023169530681574,0.9277680705117113,0.07159864681830005,0.00063328266998842,0
2018-03-15,train,train,-0.000443903504907,0.0084032575100644,-0.023169530681574,0.9501638394363966,0.049430467700306596,0.00040569286329724633,0
2018-03-16,train,train,0.0078991425392351,0.0083738664752273,-0.023169530681574,0.9527073365105192,0.046890165244913885,0.00040249824456705654,0
2018-03-19,train,train,-0.0099769057920024,0.0084786001386543,-0.023169530681574,0.9216331890215209,0.07764053021475333,0.0007262807637254201,0
2018-03-20,train,train,0.0018091881379401,0.0082322445539249,-0.023169530681574,0.9478005874384253,0.05175759196787826,0.0004418205936965496,0
2018-03-21,train,train,-0.0052504165921756,0.0080844091828266,-0.023169530681574,0.9501092094611593,0.04948444144360056,0.00040634909523998384,0
2018-03-22,train,train,-0.0150120762918145,0.0086578263785274,-0.023169530681574,0.8188090161132461,0.17907049321473326,0.0021204906720206566,0
2018-03-23,train,train,-0.009989308059533,0.0087434350615291,-0.023169530681574,0.7709639046263604,0.22622679498589715,0.0028093003877422817,0
2018-03-26,train,train,-0.0012889684514286,0.0084829525316833,-0.023169530681574,0.8513251441922361,0.14710920365816815,0.0015656521495959206,0
2018-03-27,train,train,0.0098225744185544,0.0085692375814881,-0.023169530681574,0.8608786985301957,0.13754054386227116,0.0015807576075331448,0
2018-03-28,train,train,0.008555636129868,0.0085684221032527,-0.023169530681574,0.8829263056356116,0.11575675471992802,0.0013169396444597638,0
2018-03-29,train,train,0.0047402272685973,0.0083881446800003,-0.023169530681574,0.9208613664196299,0.07834597005327093,0.0007926635270988983,0
2018-04-03,train,train,-0.0053055770669977,0.0082357915092049,-0.023169530681574,0.9305167645504986,0.06884215419944723,0.0006410812500543038,0
2018-04-04,train,train,-0.0038084289041016,0.0080392048063948,-0.023169530681574,0.9440057818539437,0.0555166801885525,0.00047753795750393106,0
2018-04-05,train,train,0.0236427569614601,0.009710297754875,-0.023169530681574,0.4910609153062494,0.4973104837335132,0.011628600960237432,1
2018-04-06,train,train,-0.0059824604619472,0.0095278475811569,-0.023169530681574,0.561073256747912,0.43135906826244574,0.007567674989642369,0
2018-04-09,train,train,0.0061774351381613,0.0093607013119287,-0.023169530681574,0.6742709265811963,0.3210996523446558,0.004629421074147964,0
2018-04-10,train,train,0.0021224120710059,0.0090904149128642,-0.023169530681574,0.7911691290208855,0.20638808693899136,0.0024427840401232232,0
2018-04-11,train,train,-0.0028411496026272,0.008840918083243,-0.023169530681574,0.8561779318272039,0.14233467335838856,0.0014873948144073776,0
2018-04-12,train,train,0.0011497522592855,0.0085762135244407,-0.023169530681574,0.9101101589756818,0.0890487681930356,0.0008410728312825964,0
2018-04-13,train,train,0.0020805063172128,0.008330549952071,-0.023169530681574,0.9412291997730524,0.05826337249220123,0.0005074277347461131,0
2018-04-16,train,train,-0.0001228864764979,0.0080768239314027,-0.023169530681574,0.9580389659878475,0.041629687823531276,0.00033134618862118534,0
2018-04-17,train,train,0.003863140343495,0.0078877380108976,-0.023169530681574,0.9666032831517545,0.033146288697424975,0.00025042815082071884,0
2018-04-18,train,train,0.00543197209058,0.0077623324793786,-0.023169530681574,0.9694945378849305,0.030282227959993704,0.0002232341550757593,0
2018-04-19,train,train,0.0010849210372473,0.0075305511357811,-0.023169530681574,0.973940223174036,0.025883175577786306,0.00017660124817738598,0
2018-04-20,train,train,0.0016403437373898,0.0073121879105166,-0.023169530681574,0.9763227276897509,0.023524173123873678,0.0001530991863757566,0
2018-04-23,train,train,0.003816971474357,0.0071508155332483,-0.023169530681574,0.9767753253195594,0.023075487813862927,0.0001491868665778966,0
2018-04-24,train,train,-0.0038978922400776,0.0069984088804548,-0.023169530681574,0.9734260087105141,0.02640376002104494,0.00017023126844113555,0
2018-04-25,train,train,-0.0025733133555934,0.0068144243883186,-0.023169530681574,0.9734685099207011,0.026360955050955617,0.00017053502834294247,0
2018-04-26,train,train,0.004483725382865,0.0066974939013038,-0.023169530681574,0.9746278583750009,0.025204760355506502,0.00016738126949273168,0
2018-04-27,train,train,0.0023301337181866,0.0065184975625676,-0.023169530681574,0.9765764708527203,0.023273162813725035,0.00015036633355469458,0
2018-04-30,train,train,0.0055460022340372,0.0064642749238877,-0.023169530681574,0.9752108528103222,0.02462549100885813,0.00016365618081992713,0
2018-05-02,train,train,0.0107926786920262,0.006802099240313,-0.023169530681574,0.9600566639288676,0.039626735254026824,0.0003166008171057256,0
2018-05-03,train,train,-0.0049782825581435,0.0067066712059177,-0.023169530681574,0.9597016540627032,0.039991696524672826,0.0003066494126240026,0
2018-05-04,train,train,0.0064836776574739,0.0066935010945237,-0.0196361870516196,0.9632796803804252,0.03643583667644008,0.00028448294313502246,0
2018-05-07,train,train,0.0036355467309062,0.0065504054447189,-0.0196361870516196,0.9697289013944662,0.03005075508229745,0.00022034352323635367,0
2018-05-08,train,train,0.0026785400573051,0.0063846548388386,-0.0163159496079932,0.9738342544295806,0.025986927240690596,0.00017881832972856582,0
2018-05-09,train,train,0.0052086836232126,0.0063202698891458,-0.0163159496079932,0.974035963453416,0.025787503056521797,0.00017653349006186095,0
2018-05-10,train,train,0.0024818912968449,0.0061578120991067,-0.0163159496079932,0.9762170881237416,0.02362803949203241,0.00015487238422565766,0
2018-05-11,train,train,0.0024174669391053,0.0059995149504882,-0.0156460532844029,0.9774015288351461,0.022455321084867093,0.00014315007998700233,0
2018-05-14,train,train,-0.0013249992983552,0.0058257931864341,-0.0156460532844029,0.9770731351284344,0.02278501634408284,0.00014184852748273515,0
2018-05-15,train,train,-0.004905870145001,0.0057747318542779,-0.0156460532844029,0.9715674977531343,0.028249521306516,0.00018298094034966382,0
2018-05-16,train,train,-0.0095085625043877,0.0060639460719464,-0.0156460532844029,0.9470771049746763,0.05251763771167282,0.0004052573136508994,0
2018-05-17,train,train,0.0103703703573749,0.0064045164006827,-0.0156460532844029,0.9375030753896386,0.061926124414144225,0.000570800196216904,0
2018-05-18,train,train,-0.010231878254149,0.0066961362339397,-0.0156460532844029,0.9007163982642289,0.0982912841404549,0.0009923175953159818,0
2018-05-21,train,train,-0.0045493529282213,0.0065870890960729,-0.0156460532844029,0.9205405798740105,0.07872150320602811,0.0007379169199614932,0
2018-05-22,train,train,0.0071565494165279,0.0066226377046535,-0.0156460532844029,0.9355230264588615,0.06387715709463088,0.0005998164465071604,0
2018-05-23,train,train,-0.0112876555081617,0.006990882660246,-0.0159456556170803,0.8819706316449643,0.11678186583278538,0.0012475025222502044,0
2018-05-24,train,train,-0.0028969602199269,0.0068149568346482,-0.0159456556170803,0.9163654514643441,0.08284361205488736,0.000790936480768904,0
2018-05-25,train,train,-0.0171021951148022,0.0078234342282221,-0.0178838354859604,0.6452475310377029,0.3494067178673135,0.005345751094983715,0
2018-05-28,train,train,-0.0063396593444114,0.0077424306630482,-0.0178838354859604,0.6935313934378861,0.3024729398676322,0.003995666694481724,0
2018-05-29,train,train,-0.0252117849243212,0.0097204199786839,-0.0212837383634627,0.0381112998666874,0.9261103254086978,0.035778374724614675,1
2018-05-30,train,train,0.0047046992476196,0.0094944943198103,-0.0191086854436459,0.09170129583474314,0.8858642770205298,0.02243442714472697,1
2018-05-31,train,train,-0.010582463368963,0.009563263506926,-0.0191086854436459,0.08020447632624275,0.9001284545035608,0.01966706917019632,1
2018-06-01,train,train,0.017478847028803,0.0102127006210946,-0.0191086854436459,0.03546952737149303,0.9377147176368089,0.026815754991698047,1
2018-06-04,train,train,0.0121655772390962,0.0103402792472526,-0.0191086854436459,0.046121789241797335,0.9300705821615056,0.02380762859669701,1
2018-06-05,train,train,-0.0065751535633054,0.0101538195315535,-0.0191086854436459,0.07570373061145183,0.9068325939345497,0.017463675453998132,1
2018-06-06,train,train,0.0108019551960862,0.0101938698332915,-0.0191086854436459,0.09583482919681664,0.8880449477625305,0.016120223040652693,1
2018-06-07,train,train,0.0038123642159846,0.0099273425700096,-0.0191086854436459,0.18363190039634203,0.804855791953816,0.011512307649842105,1
2018-06-08,train,train,-0.0084494938173615,0.0098449296299345,-0.0191086854436459,0.19429548456575765,0.7947743108351921,0.01093020459905025,1
2018-06-11,train,train,0.0154752997246909,0.0102701691878665,-0.0191086854436459,0.11855515491523082,0.865355888071183,0.016088957013586324,1
2018-06-12,train,train,0.0016252796764669,0.0099652538693283,-0.0191086854436459,0.2230613989129779,0.7660630471666138,0.010875553920408383,1
2018-06-13,train,train,-0.0015444807117941,0.009669076110958,-0.0191086854436459,0.35093621478351533,0.6414030558597739,0.007660729356710595,1
2018-06-14,train,train,0.0059023363924693,0.0094853479304937,-0.0191086854436459,0.4783768821567181,0.5157100467957428,0.005913071047538999,1
2018-06-15,train,train,-0.0107731679754217,0.0095675067146236,-0.0191086854436459,0.39602387958938434,0.5961608442713728,0.007815276139242523,1
2018-06-18,train,train,-0.0083178812073376,0.0094971670785066,-0.0191086854436459,0.4031024908673252,0.5892749030763678,0.007622606056306872,1
2018-06-19,train,train,-0.0014340737768523,0.0092145431586103,-0.017867211849095,0.5506549851487919,0.44434809170054457,0.004996923150663423,0
2018-06-20,train,train,0.0034281126945894,0.0089732076028245,-0.017867211849095,0.691045246837628,0.30573731744800053,0.0032174357143711896,0
2018-06-21,train,train,-0.0089068139227736,0.0089692378415158,-0.017867211849095,0.6700810277759615,0.3261733078833647,0.003745664340673706,0
2018-06-22,train,train,0.0092335815831043,0.0089853177763131,-0.017867211849095,0.7149392027649475,0.28163414642798823,0.0034266508070637134,0
2018-06-25,train,train,-0.0179499120004469,0.0097582652074165,-0.0200879640131901,0.2811225321041726,0.7048396599383171,0.014037807957510196,1
2018-06-26,train,train,0.002025416989097,0.009473988299843,-0.0200879640131901,0.43414232645087186,0.5575740825457319,0.008283591003396238,1
2018-06-27,train,train,0.0021972665090293,0.0092011274229809,-0.0200879640131901,0.5931936115495203,0.401881283748354,0.004925104702125851,0
2018-06-28,train,train,-0.0072320615704077,0.0090950131377687,-0.0200879640131901,0.6242555907353621,0.3713153408076498,0.004429068456988165,0
2018-06-29,train,train,0.0035083027046621,0.0088597177951482,-0.0200879640131901,0.749461436748117,0.24785530836491237,0.0026832548869705364,0
2018-07-02,train,train,-0.0067150443271002,0.0087458808969698,-0.0200879640131901,0.7770184000198543,0.22059702964204747,0.002384570338098034,0
2018-07-03,train,train,0.0106769854709457,0.0088736062471213,-0.0200879640131901,0.7805522058467139,0.21678889471665588,0.0026588994366302,0
2018-07-04,train,train,0.0099493680525811,0.0089418023931395,-0.0200879640131901,0.7978222250812831,0.19963491885039844,0.002542856068318398,0
2018-07-05,train,train,0.0110785739695442,0.0090841933217869,-0.0200879640131901,0.7917633537815445,0.20544962737800268,0.002787018840452877,0
2018-07-06,train,train,0.0039248861083369,0.008859768510912,-0.0200879640131901,0.8661547522729135,0.13233278381231375,0.0015124639147725718,0
2018-07-09,train,train,0.0022186374570705,0.0086070383589761,-0.0200879640131901,0.9157865622209168,0.08338730332508612,0.0008261344539969547,0
2018-07-10,train,train,-0.0038049727919725,0.0083967203020567,-0.0200879640131901,0.9343977518366655,0.06501493410868579,0.0005873140546488793,0
2018-07-11,train,train,-0.0158695674561167,0.009021375027997,-0.0200879640131901,0.7499717968993168,0.24671580762015752,0.0033123954805256844,0
2018-07-12,train,train,0.0034665724936167,0.0087876687718206,-0.0200879640131901,0.8401376611475142,0.1580618327772397,0.0018005060752457592,0
2018-07-13,train,train,-0.0033432757306426,0.0085592280407349,-0.0200879640131901,0.8863823786348325,0.11247677295869854,0.0011408484064693233,0
2018-07-16,train,train,-0.0018403963596981,0.0083107150775221,-0.0200879640131901,0.9229970134085255,0.0763021576080054,0.0007008289834692465,0
2018-07-17,train,train,0.000257250599476,0.0080577836075451,-0.0200879640131901,0.9481534729194298,0.051414667475500546,0.00043185960506987684,0
2018-07-18,train,train,0.0034715279536707,0.0078584536930651,-0.0200879640131901,0.9614758481689958,0.03822227533465474,0.0003018764963491962,0
2018-07-19,train,train,-0.0032967157055981,0.0076617280587279,-0.0200879640131901,0.9650502993979031,0.03469335072082491,0.00025634988127224665,0
2018-07-20,train,train,0.000380563046056,0.0074289058365997,-0.0200879640131901,0.9713781935745768,0.028424009100554516,0.0001977973248688097,0
2018-07-23,train,train,0.0001336498289118,0.0072026658363364,-0.0200879640131901,0.9746899720938283,0.02514374624054432,0.00016628166562729027,0
2018-07-24,train,train,0.0048207201222425,0.0070823761542827,-0.0200879640131901,0.9749757489203322,0.02485828507450715,0.00016596600516076768,0
2018-07-25,train,train,-0.0071882917843292,0.0070887757192555,-0.0200879640131901,0.9629652148118819,0.03677454740260405,0.0002602377855140861,0
2018-07-26,train,train,0.0078941022235247,0.0071396573952087,-0.0200879640131901,0.9616100705989169,0.03809288497442684,0.0002970444266559357,0
2018-07-27,train,train,0.0089476203887526,0.0072608415417894,-0.0200879640131901,0.9568939521808991,0.042746948564143725,0.00035909925495696064,0
2018-07-30,train,train,-0.001399531842878,0.0070479892213333,-0.0200879640131901,0.9654873444094717,0.0342538189699328,0.0002588366205958726,0
2018-07-31,train,train,0.001683220110857,0.0068457064454068,-0.0200879640131901,0.9718076009706417,0.027995408918392334,0.00019699011096595487,0
2018-08-01,train,train,-0.0072598580807726,0.006871259512903,-0.0200879640131901,0.9599975931932946,0.03971068200196903,0.0002917248047365002,0
2018-08-02,train,train,-0.0103706132042988,0.00712981991007,-0.0200879640131901,0.9260926643676459,0.07326650166022901,0.0006408339721249826,0
2018-08-03,train,train,0.0042802420913009,0.0069916736461764,-0.0200879640131901,0.9477809086886402,0.05178014549122575,0.0004389458201341736,0
2018-08-06,train,train,-0.0017571857443672,0.0067923304142667,-0.0200879640131901,0.9597546667139804,0.03993374530837114,0.0003115879776483899,0
2018-08-07,train,train,0.005139618851485,0.006704666153172,-0.0200879640131901,0.9659253800702526,0.033816860189268966,0.000257759740478066,0
2018-08-08,train,train,-0.0026332318233381,0.0065323372480366,-0.0200879640131901,0.968956418815491,0.030824564915880107,0.00021901626862918144,0
2018-08-09,train,train,0.0007691637826664,0.0063361376959656,-0.0200879640131901,0.9735958782544513,0.026227094501188805,0.00017702724436008375,0
2018-08-10,train,train,-0.0157571447058412,0.0072550051002705,-0.0200879640131901,0.8560882961304831,0.14241261643690117,0.0014990874326156918,0
2018-08-13,train,train,-0.0074950533800165,0.0072696315295076,-0.0200879640131901,0.8574184997942295,0.14109092907199094,0.0014905711337793513,0
2018-08-14,train,train,-0.0024583611133818,0.0070738463640476,-0.0200879640131901,0.9025092930078125,0.09656521532515042,0.0009254916670372174,0
2018-08-15,train,train,-0.0127239431177348,0.0075333171941066,-0.0200879640131901,0.8008973147235393,0.19673354358310355,0.0023691416933570046,0
2018-08-16,train,train,0.0043159580040532,0.0073799366853494,-0.0200879640131901,0.8704864702311976,0.128138439274024,0.0013750904947782275,0
2018-08-17,train,train,-0.0010719817030854,0.007159930602826,-0.0196770881269616,0.9154773799046655,0.08372713270704707,0.0007954873882877341,0
2018-08-20,train,train,0.0054326171850986,0.0070682055453868,-0.0196770881269616,0.9386905299477343,0.06075568686929714,0.0005537831829690637,0
2018-08-21,train,train,0.0084554172228403,0.0071590224666965,-0.0165255413874682,0.9420793209665131,0.057382968560563165,0.000537710472923805,0
2018-08-22,train,train,0.0032620520106083,0.0069867707502923,-0.0165255413874682,0.9582977987060367,0.04135612288140475,0.00034607841255874285,0
2018-08-23,train,train,-0.001347475396467,0.0067819620304715,-0.0165255413874682,0.9663455228624768,0.03340372145955869,0.0002507556779644402,0
2018-08-24,train,train,0.0023177363105472,0.0065998198869443,-0.0165255413874682,0.9721428842355283,0.027662715609592107,0.00019440015487938987,0
2018-08-27,train,train,0.0073041739644915,0.006644187130561,-0.0165255413874682,0.9693837625818285,0.03039361904246031,0.0002226183757110512,0
2018-08-28,train,train,-0.0055329711676267,0.0065828060479452,-0.0165255413874682,0.9645085515552887,0.03523698425502707,0.00025446418968456556,0
2018-08-29,train,train,-0.0038589951936281,0.0064518870085611,-0.0165255413874682,0.9657158185150753,0.03404162731306587,0.00024255417185905853,0
2018-08-30,train,train,-0.0107055555666089,0.0067827553702275,-0.0165255413874682,0.9297566420511172,0.06964567204363804,0.0005976859052449427,0
2018-08-31,train,train,-0.0072615034779202,0.0068124290934438,-0.0165255413874682,0.9242231060979937,0.07510415936474517,0.0006727345372608053,0
2018-09-03,train,train,-0.00245004180645,0.0066321038166791,-0.0165255413874682,0.9443088135216549,0.05522772195798516,0.0004634645203602869,0
2018-09-04,train,train,2.135143435116961e-05,0.0064300653438454,-0.0165255413874682,0.9598541226071435,0.039835755984636186,0.00031012140822062604,0
2018-09-05,train,train,-0.00803105374133,0.0065371909378816,-0.0165255413874682,0.9453375528909074,0.0542170361612843,0.00044541094780795694,0
2018-09-06,train,train,-0.0100054437468935,0.0067953887093497,-0.0165255413874682,0.9127653395393027,0.08642438953548522,0.000810270925212438,0
2018-09-07,train,train,-0.004080550083192,0.0066637618945588,-0.0165255413874682,0.9311670507712823,0.06822757693052399,0.0006053722981938414,0
2018-09-10,train,train,0.0108014941708288,0.0069815267536176,-0.0165255413874682,0.9199283805652577,0.0792592676753388,0.0008123517594033473,0
2018-09-11,train,train,0.0014335628200846,0.0067779435675091,-0.0165255413874682,0.9469078804705534,0.05262337857293697,0.0004687409565097358,0
2018-09-12,train,train,0.002442077286141,0.0065986295813878,-0.0165255413874682,0.9615445292654412,0.03814940007974428,0.0003060706548147524,0
2018-09-13,train,train,0.0024039924246608,0.0064246516159162,-0.0165255413874682,0.9695265882483262,0.030251015360251994,0.00022239639142167928,0
2018-09-14,train,train,0.0038620614881762,0.0063003579754683,-0.0165255413874682,0.9729946331563766,0.026817685868917442,0.00018768097470588644,0
2018-09-17,train,train,0.0041875410463325,0.0061939462366724,-0.0147835517598975,0.9746413722229853,0.025187613115654334,0.00017101466136037116,0
2018-09-18,train,train,0.0045512664973358,0.0061078566934406,-0.0147835517598975,0.9752256632083491,0.024609469526328913,0.0001648672653216781,0
2018-09-19,train,train,0.0040984756783508,0.0060062807757807,-0.0147835517598975,0.9759572042357944,0.023885226982064404,0.00015756878214141668,0
2018-09-20,train,train,0.0102151271726835,0.0063381238250217,-0.0147835517598975,0.9632278995538109,0.036489385505243596,0.00028271494094567564,0
2018-09-21,train,train,0.0006988797784997,0.006147423100838,-0.0147835517598975,0.9705034445134428,0.029287548029081456,0.0002090074574757277,0
2018-09-24,train,train,-0.0081243992613564,0.0062836067616735,-0.0147835517598975,0.9546394908515191,0.04501705666482292,0.00034345248365755265,0
2018-09-25,train,train,-0.0020203933870339,0.0061122508509984,-0.0147835517598975,0.9633065510422857,0.03642524040970625,0.0002682085480076443,0
2018-09-26,train,train,0.0032810566886576,0.0059802971345285,-0.0147835517598975,0.9700118936278724,0.029775383062125464,0.00021272331000162564,0
2018-09-27,train,train,0.0002834508545697,0.0057985288868326,-0.0147835517598975,0.9740152618080476,0.025811292274766254,0.00017344591718627348,0
2018-09-28,train,train,-0.0146222403914578,0.0066658949781917,-0.0154163175178052,0.8848339056838149,0.1140483180485331,0.0011177762676520715,0
2018-10-01,train,train,0.001893979615394,0.0064794549180989,-0.0154163175178052,0.9268508619240273,0.07249363058730934,0.0006555074886633808,0
2018-10-02,train,train,-0.010848469787933,0.0068209745401898,-0.0154163175178052,0.8781709566984696,0.12056859352228849,0.0012604497792418072,0
2018-10-03,train,train,0.0059571400215087,0.0067722524385461,-0.0143677760716779,0.9131092048066496,0.0860329235017914,0.000857871691558714,0
2018-10-04,train,train,-0.0049904374757638,0.0066787623762102,-0.0143677760716779,0.9267390852629769,0.07258743956726761,0.000673475169755675,0
2018-10-05,train,train,-0.00652719924716,0.0066697657129719,-0.0143677760716779,0.9272303318383877,0.07211139123145356,0.000658276930159104,0
2018-10-08,train,train,-0.0059285815166826,0.0066276325270775,-0.0143677760716779,0.931538365817442,0.06785607226823676,0.0006055619143216256,0
2018-10-09,train,train,0.0066414978969356,0.0066284652671668,-0.0143677760716779,0.9448481970871846,0.0546643812583449,0.0004874216544706059,0
2018-10-10,train,train,-0.0105952777823339,0.0069307974553614,-0.0143677760716779,0.9047045441524835,0.09435709267420327,0.0009383631733130887,0
2018-10-11,train,train,-0.017060751641297,0.0079131505078047,-0.0158133789128653,0.6197257735038907,0.37437810478288613,0.005896121713222978,0
2018-10-12,train,train,-0.0118260428634257,0.0082007433376539,-0.0158133789128653,0.4893772315256838,0.5023890922086064,0.008233676265709464,1
2018-10-15,train,train,0.002434710086481,0.00797325081789,-0.0158133789128653,0.6432659971314865,0.3521485423122135,0.004585460556299745,0
2018-10-16,train,train,0.0167796625958581,0.0087551007703244,-0.0158133789128653,0.41721962422731196,0.5718118980770933,0.010968477695594918,1
2018-10-17,train,train,-0.0085769037478528,0.0087445113529927,-0.0158133789128653,0.4159720341841833,0.5745254806088691,0.009502485206947527,1
2018-10-18,train,train,-0.0120314293321142,0.0089757343755751,-0.0158133789128653,0.29415316628714794,0.6938669109085679,0.011979922804284227,1
2018-10-19,train,train,0.0002811879771125,0.0087025699150731,-0.0158133789128653,0.44717524546807746,0.545510499268738,0.007314255263184639,1
2018-10-22,train,train,-0.0096731129829341,0.0087638340140585,-0.0158133789128653,0.4073478119169148,0.5846294202881523,0.008022767794933116,1
2018-10-23,train,train,-0.0091715953150076,0.0087888332027492,-0.0158133789128653,0.3868575883903328,0.6048700139559885,0.008272397653678477,1
2018-10-24,train,train,-0.0055965002279082,0.0086306559779579,-0.0158133789128653,0.46729475830425393,0.5262252897642592,0.006479951931486974,1
2018-10-25,train,train,0.0123465200431551,0.008897478445258,-0.0158133789128653,0.4335660847983685,0.5582797076712,0.008154207530431334,1
2018-10-26,train,train,-0.0062572771306288,0.0087615310504597,-0.0158133789128653,0.4979404592845702,0.49562382811542166,0.006435712600008128,0
2018-10-29,train,train,0.0103467047673432,0.0088646386694458,-0.0158133789128653,0.527465226173331,0.4661198729620962,0.006414900864572823,0
2018-10-30,train,train,-0.0017133185228307,0.0086048263920363,-0.0158133789128653,0.6630578891676351,0.3330725632708021,0.003869547561562813,0
2018-10-31,train,train,0.0098760540290587,0.0086863480009698,-0.0158133789128653,0.6945183522434449,0.301695636389162,0.0037860113673930875,0
2018-11-01,train,train,0.0068690067272659,0.0085881591917866,-0.0158133789128653,0.7740485541363367,0.22330889161515968,0.0026425542485035173,0
2018-11-02,train,train,0.0042568173717175,0.0083915623845282,-0.0148023117168298,0.852975974461282,0.14546923526529418,0.0015547902734238746,0
2018-11-05,train,train,0.0019662847996021,0.008150165437156,-0.0148023117168298,0.9081076041365634,0.09101732299469506,0.0008750728687415426,0
2018-11-06,train,train,-0.0024222554542018,0.0079241229257853,-0.0148023117168298,0.9345365917218357,0.06489033132568332,0.000573076952480885,0
2018-11-07,train,train,0.0197177687386575,0.0090747807100915,-0.0145714737882896,0.7058076795229906,0.2891930500720776,0.004999270404932036,0
2018-11-08,train,train,0.0009920588204398,0.008801681491753,-0.0145714737882896,0.8138619336636863,0.1837313057949987,0.002406760541314836,0
2018-11-09,train,train,-0.0046090794427234,0.0086079055557023,-0.0145714737882896,0.8578601665395825,0.1405554118323857,0.001584421628031662,0
2018-11-12,train,train,-0.0064246753328892,0.0084927535558569,-0.0145714737882896,0.8726437540587931,0.12601815456099727,0.0013380913802097372,0
2018-11-13,train,train,0.0075844642862361,0.0084410128002178,-0.0145714737882896,0.8997596691269638,0.09919627476991692,0.001044056103119382,0
2018-11-14,train,train,-0.0042516808787472,0.0082498644040685,-0.0145714737882896,0.9215419225620086,0.07771777255919513,0.000740304878796158,0
2018-11-15,train,train,-0.0036413052358106,0.0080481173670372,-0.0145714737882896,0.9388018167577173,0.060665280132981544,0.0005329031093011761,0
2018-11-16,train,train,-0.0018422420164671,0.0078159767721778,-0.0145714737882896,0.9543786691042804,0.045255549020274524,0.00036578187544516506,0
2018-11-19,train,train,-0.0055915244521904,0.0077006514056277,-0.0145714737882896,0.9534383125377257,0.04619451425944703,0.0003671732028270576,0
2018-11-20,train,train,-0.0156441808138871,0.0083920470534305,-0.0157757242822139,0.8057559252573923,0.19193467433632308,0.002309400406284765,0
2018-11-21,train,train,0.0105570154865269,0.0085374411319282,-0.0157757242822139,0.8092855965413827,0.18829835299357509,0.0024160504650424953,0
2018-11-22,train,train,-0.0060894600888988,0.008410678835072,-0.0157757242822139,0.8373726053449533,0.16077674434134442,0.0018506503137023828,0
2018-11-23,train,train,0.0011782595407738,0.0081595615747079,-0.0157757242822139,0.8988683020858454,0.10012930883165638,0.001002389082498074,0
2018-11-26,train,train,0.0193809892726202,0.0092261098571981,-0.0157757242822139,0.6376615661691235,0.3557053683313848,0.006633065499491343,0
2018-11-27,train,train,-0.0006162345599788,0.0089463188861809,-0.0157757242822139,0.7602474993299113,0.23647495728752793,0.003277543382560702,0
2018-11-28,train,train,0.0018803946668945,0.0086859989271609,-0.0157757242822139,0.8503201133825744,0.1479938683655381,0.001686018251887449,0
2018-11-29,train,train,-0.0004175242418665,0.0084220093986194,-0.0157757242822139,0.9047697110763835,0.0942985281618786,0.0009317607617381621,0
2018-11-30,train,train,-0.0023877734963158,0.0081863615549272,-0.0157757242822139,0.9325931073160844,0.06680742721072296,0.0005994654731929931,0
2018-12-03,train,train,0.0112177916145691,0.0083991580232774,-0.0157757242822139,0.9173783489577163,0.08176632227731816,0.0008553287649656328,0
2018-12-04,train,train,-0.012926826168914,0.0087372349320632,-0.0157757242822139,0.818540327931112,0.17922247029908736,0.0022372017698007634,0
2018-12-05,train,train,-0.0054775253480051,0.0085766610542135,-0.0157757242822139,0.8522727469070795,0.1460987538696627,0.0016284992232576418,0
2018-12-06,train,train,-0.0278697649473379,0.010758670728381,-0.0201915658008406,0.03440232592820029,0.9243216344325016,0.0412760396392977,1
2018-12-07,train,train,0.0058020640582134,0.0105272927636385,-0.0201915658008406,0.08163229719774712,0.892360940849946,0.02600676195230696,1
2018-12-10,train,train,-0.017796813164334,0.0110985608474184,-0.0209091099176563,0.01754979186265391,0.9481116891372283,0.03433851900011767,1
2018-12-11,train,train,0.0086804603580183,0.0109685182788034,-0.0209091099176563,0.04517877128900691,0.9300057990657092,0.024815429645284052,1
2018-12-12,train,train,0.0134064272213584,0.0111298619528273,-0.0209091099176563,0.045844125688512385,0.9301079891487124,0.024047885162775177,1
2018-12-13,train,train,0.0082003432875859,0.0109761621373642,-0.0209091099176563,0.08425052434990828,0.8975369255585802,0.018212550091511535,1
2018-12-14,train,train,-0.0045137392925787,0.0106990652719687,-0.0209091099176563,0.14109875694478732,0.8456990498715313,0.01320219318368128,1
2018-12-17,train,train,-0.0083170460103407,0.0105712909851401,-0.0209091099176563,0.15553115317288274,0.8324327433815344,0.012036103445582749,1
2018-12-18,train,train,-0.0127562151300213,0.0107149579081561,-0.0209091099176563,0.09252618455060037,0.8926869845658898,0.014786830883509782,1
2018-12-19,train,train,0.0078191809870807,0.0105636205475995,-0.0209091099176563,0.147479704117213,0.8401226034496663,0.012397692433120893,1
2018-12-20,train,train,-0.0198789903176816,0.0113404201726513,-0.0218485228097845,0.018076173762784132,0.9566308319303859,0.025292994306830012,1
2018-12-21,train,train,-0.0046288780177465,0.0110532534854191,-0.0218485228097845,0.0505895572528706,0.9317973456898884,0.017613097057241088,1
2018-12-24,train,train,-0.0089451097032333,0.0109382287008604,-0.0218485228097845,0.062047605035810756,0.9225113321666906,0.01544106279749903,1
2018-12-27,train,train,-0.0138562837600946,0.0111348979458279,-0.0218485228097845,0.03313944317754971,0.9486027549047767,0.018257801917673847,1
2018-12-28,train,train,0.0153998630169007,0.0114357396780672,-0.0218485228097845,0.026630592393290974,0.9515206282938662,0.02184877931284284,1
2018-12-31,train,train,0.0054246086576227,0.0111666985367543,-0.0218485228097845,0.07098921050961574,0.9132016504302131,0.015809139060171052,1
2019-01-02,train,train,0.0011819390774548,0.0108303862182784,-0.0218485228097845,0.15066242059737114,0.8380028875380366,0.011334691864592197,1
2019-01-03,train,train,-0.003127716069465,0.0105283610389994,-0.0218485228097845,0.24271968227797014,0.7484546245428687,0.008825693179161292,1
2019-01-04,train,train,0.0248548525026541,0.0118853449496929,-0.0218485228097845,0.01726508906720024,0.9489913507911819,0.033743560141617765,1
2019-01-07,train,train,0.0043964648908285,0.0115734814689002,-0.0218485228097845,0.058803928285354815,0.9195100755506743,0.021685996163970905,1
2019-01-08,train,train,0.008057421377626,0.0113931587923506,-0.0218485228097845,0.10207214949454549,0.8812758052167027,0.016652045288751468,1
2019-01-09,train,train,-0.0026823999127528,0.0110656016279807,-0.0218485228097845,0.18158057498906302,0.8067291456190696,0.01169027939186717,1
2019-01-10,train,train,0.0037555977732951,0.0107678669152207,-0.0218485228097845,0.30334298909160556,0.6881418586181102,0.00851515229028419,1
2019-01-11,train,train,0.0022893795752309,0.0104548847894197,-0.0218485228097845,0.45804453504003584,0.536027804917605,0.005927660042359053,1
2019-01-14,train,train,-0.0066118001206615,0.0102649546054804,-0.0218485228097845,0.5123596933891275,0.48225659399193166,0.005383712618940939,0
2019-01-15,train,train,0.0035656312876837,0.0099904934341703,-0.0218485228097845,0.6576889733782022,0.3387465900071285,0.003564436614669113,0
2019-01-16,train,train,0.0070485335421855,0.0098388145129598,-0.0218485228097845,0.7421422850717898,0.25508974371098897,0.002767971217221197,0
2019-01-17,train,train,-0.0004601893301618,0.0095397505843904,-0.0218485228097845,0.835128943707922,0.16325191066353895,0.0016191456285391953,0
2019-01-18,train,train,0.0178559294414696,0.0102311526092009,-0.0218485228097845,0.6012877538107227,0.39196167695911266,0.0067505692301645225,0
2019-01-21,train,train,-0.0016884503933663,0.0099280887674237,-0.0218485228097845,0.7249247177910357,0.2714725147594974,0.0036027674494668697,0
2019-01-22,train,train,-0.0018019500283516,0.0096357537958218,-0.0218485228097845,0.8168650156970845,0.18111056874519307,0.002024415557722366,0
2019-01-23,train,train,0.0100516422582497,0.0096612119770836,-0.0218485228097845,0.8278380598898041,0.1701125771924434,0.0020493629177524013,0
2019-01-24,train,train,0.002319649544297,0.0093841100960441,-0.0218485228097845,0.8926494559870045,0.10624827977201576,0.0011022642409796194,0
2019-01-25,train,train,0.0038396350389744,0.0091467151913103,-0.0218485228097845,0.9290269173399933,0.07030911265928877,0.000663970000717746,0
2019-01-28,train,train,-0.0134594855853273,0.0094610845042621,-0.0218485228097845,0.8232083272452783,0.17468997783171725,0.0021016949230043443,0
2019-01-29,train,train,0.0062370434291126,0.0092992169262352,-0.0218485228097845,0.8747626806359448,0.1238648160991845,0.0013725032648707566,0
2019-01-30,train,train,-0.0052334413421091,0.009106604406231,-0.0218485228097845,0.8972568526913206,0.10171127240442973,0.0010318749042499686,0
2019-01-31,train,train,-0.0016327939691851,0.0088382345607954,-0.0218485228097845,0.9301921586745971,0.06917866324126634,0.0006291780841365351,0
2019-02-01,train,train,-0.0041269805344257,0.0086284091721726,-0.0218485228097845,0.9425864739064451,0.05692631334937305,0.0004872127441817921,0
2019-02-04,train,train,-0.0049126163144988,0.0084516570029252,-0.0218485228097845,0.9478333163653598,0.05173911144563487,0.0004275721890049329,0
2019-02-05,train,train,0.0129296659803256,0.00878494459124,-0.0218485228097845,0.9151943764755447,0.08391457773763067,0.0008910457868248406,0
2019-02-06,train,train,0.0009784466625956,0.00852069116065,-0.0218485228097845,0.9441885006322035,0.055308355363067906,0.0005031440047284128,0
2019-02-07,train,train,-0.0180279600002719,0.0093673095224911,-0.0219255717550971,0.6710350821623234,0.3240275812538626,0.004937336583813675,0
2019-02-08,train,train,-0.0091598891417656,0.0093549939911317,-0.0219255717550971,0.6428569748702054,0.352101602431565,0.0050414226982298475,0
2019-02-11,train,train,0.0089473637232809,0.0093310383599825,-0.0219255717550971,0.6971218577666937,0.2987865019703095,0.004091640262996844,0
2019-02-12,train,train,0.005212123605023,0.0091364191131635,-0.0219255717550971,0.7929688034480699,0.20458374596002663,0.002447450591903399,0
2019-02-13,train,train,-7.784016591282253e-05,0.0088581075012771,-0.0219255717550971,0.8697420494188011,0.12892510273489455,0.0013328478463045257,0
2019-02-14,train,train,-0.0033343277827952,0.0086270023124906,-0.0219255717550971,0.9062674217239463,0.09284914884628459,0.0008834294297694319,0
2019-02-15,train,train,0.0188878182540975,0.0095584852079042,-0.0219255717550971,0.6793563811351503,0.31515180493240774,0.0054918139324419985,0
2019-02-18,train,train,0.0035341504550832,0.0093076406391679,-0.0219255717550971,0.7908155922377239,0.20639606222074677,0.002788345541529306,0
2019-02-19,train,train,-0.0020883140524855,0.009038578823395,-0.0219255717550971,0.8606835542367748,0.13777741527932721,0.0015390304838983034,0
2019-02-20,train,train,0.0048805030681418,0.0088443943449967,-0.0219255717550971,0.9065194799171631,0.09253811550854332,0.000942404574293555,0
2019-02-21,train,train,0.0010995451916756,0.0085791871775672,-0.0219255717550971,0.9393176066020955,0.06014084391346828,0.0005415494844358117,0
2019-02-22,train,train,0.0014567908516612,0.0083254813581678,-0.0219255717550971,0.9576317265916868,0.04202630082189187,0.0003419725864213451,0
2019-02-25,train,train,-3.257171227710876e-05,0.0080718575996776,-0.0219255717550971,0.9671476577773223,0.03261054670609629,0.00024179551658173285,0
2019-02-26,train,train,0.002484920099702,0.0078495911789735,-0.0219255717550971,0.9725181293630664,0.02729131532319132,0.00019055531374272274,0
2019-02-27,train,train,-0.0016812286332231,0.007621594882925,-0.0219255717550971,0.9740095244292197,0.02581965417605443,0.0001708213947259161,0
2019-02-28,train,train,0.0071392558909144,0.0075935185866909,-0.0219255717550971,0.9709621195923336,0.028833841179586053,0.00020403922808012617,0
2019-03-01,train,train,-0.0010784346262202,0.007366927061497,-0.0219255717550971,0.9737026222298009,0.026122867747827155,0.00017451002237164963,0
2019-03-04,train,train,-0.0008528286173353,0.0071455550147406,-0.0219255717550971,0.9753898844667306,0.024452337078879165,0.00015777845439057716,0
2019-03-05,train,train,-0.0001727626502839,0.006928001868978,-0.0185679211607625,0.9767134918662721,0.023140488456904,0.000146019676823976,0
2019-03-06,train,train,0.0041498530782784,0.0067934272747301,-0.0185679211607625,0.9767401730439522,0.023111364775952895,0.00014846218009495086,0
2019-03-07,train,train,-0.0050467366029087,0.0067014765469389,-0.0172544113593493,0.9710121132477936,0.028798726416593895,0.0001891603356124981,0
2019-03-08,train,train,-0.0131237829293755,0.007249084172312,-0.0172544113593493,0.9064526862161943,0.0927014931743451,0.0008458206094607203,0
2019-03-11,train,train,0.0046555048221554,0.0071201609227583,-0.0172544113593493,0.9353478020306274,0.06408205222231349,0.0005701457470591272,0
2019-03-12,train,train,-0.0011127324735973,0.0069086308691002,-0.0172544113593493,0.9535981170736145,0.046027012617447904,0.00037487030893735803,0
2019-03-13,train,train,0.0033779397656481,0.006749078328185,-0.0172544113593493,0.9645890588350852,0.03514114180092259,0.00026979936399230644,0
2019-03-14,train,train,0.0018584012276969,0.0065592891452172,-0.0172544113593493,0.9713056857205075,0.028491661759599624,0.00020265251989337816,0
2019-03-15,train,train,0.0142736781513616,0.0072572095824256,-0.0172544113593493,0.9300480037438735,0.06926614928784731,0.0006858469682792156,0
2019-03-18,train,train,0.0071354731253396,0.007249963039299,-0.0172544113593493,0.9420114549474217,0.05744332783470448,0.000545217217873851,0
2019-03-19,train,train,0.0088036584862627,0.0073524492784033,-0.0151145764485646,0.9427832010402266,0.05667361041635245,0.0005431885434205453,0
2019-03-20,train,train,-0.0091757080204784,0.0074743974224434,-0.0151145764485646,0.919164728212859,0.08005401686538312,0.000781254921758043,0
2019-03-21,train,train,-0.005330162298751,0.007363372707311,-0.0151145764485646,0.9291349331131439,0.0702203913421025,0.0006446755447536722,0
2019-03-22,train,train,-0.016836745742582,0.0082446748026339,-0.0161080637760604,0.6916954813164428,0.30389441595967254,0.0044101027238846405,0
2019-03-25,train,train,-0.0021219531198657,0.008010389750049,-0.0161080637760604,0.7906548856990508,0.2068905704083604,0.002454543892588695,0
2019-03-26,train,train,0.0003484418430941,0.0077668299848722,-0.0161080637760604,0.8690833760853004,0.12958203819236652,0.0013345857223331507,0
2019-03-27,train,train,0.0050834608193969,0.0076324782061409,-0.0161080637760604,0.9110118884873153,0.08812739736953651,0.0008607141431482977,0
2019-03-28,train,train,-0.005998539395041,0.0075444276552708,-0.0161080637760604,0.9186822397876188,0.08055955700279281,0.0007582032095880962,0
2019-03-29,train,train,0.0071246143754355,0.0075198998082951,-0.0161080637760604,0.9344148274808626,0.0649730360609804,0.0006121364581570894,0
2019-04-01,train,train,0.0109139379120141,0.0077654878780426,-0.0161080637760604,0.9219145984521575,0.07727275414623043,0.0008126474016118943,0
2019-04-02,train,train,0.0023308827844409,0.0075505373807613,-0.0161080637760604,0.9477680552687047,0.05176335427473373,0.00046859045656171244,0
2019-04-03,train,train,0.0131875899711158,0.0080015454512709,-0.0161080637760604,0.9120443320426005,0.08698361574605334,0.000972052211346116,0
2019-04-04,train,train,0.0048680623437377,0.0078488934055177,-0.0161080637760604,0.9382114613346678,0.061189707784621426,0.0005988308807107897,0
2019-04-05,train,train,-0.0024994032691563,0.0076343723403971,-0.0161080637760604,0.9526715728986793,0.046927898845660725,0.0004005282556599877,0
2019-04-08,train,train,-0.0076630741656227,0.0076360974921737,-0.0161080637760604,0.9412431876883731,0.0582549042598137,0.0005019080518129654,0
2019-04-09,train,train,-0.0031732154322945,0.0074441617114466,-0.0161080637760604,0.9528175789750962,0.04680408513822842,0.00037833588667538165,0
2019-04-10,train,train,-0.0001381719971575,0.0072174619126841,-0.0161080637760604,0.9644344609600015,0.03530054615901307,0.00026499288098556664,0
2019-04-11,train,train,0.0041269521937521,0.0070702302040283,-0.0161080637760604,0.9699127293696038,0.02987077360348794,0.0002164970269081972,0
2019-04-12,train,train,0.0024426078580222,0.0068809044331803,-0.0161080637760604,0.9740198438436167,0.025803870227311686,0.0001762859290718895,0
2019-04-15,train,train,0.003015947994518,0.0067120631409266,-0.0161080637760604,0.9759964499670101,0.023846441942148706,0.00015710809084088816,0
2019-04-16,train,train,2.1079404317468604e-05,0.00650758870641,-0.0161080637760604,0.9771278469779174,0.022728431649644,0.0001437213724387085,0
2019-04-17,train,train,0.0055126642933092,0.0064522210270674,-0.0161080637760604,0.9755774127368468,0.024263052244220634,0.0001595350189324625,0
2019-04-18,train,train,0.0033557515258646,0.0063094334856153,-0.0161080637760604,0.9766609429938607,0.023188902200753626,0.00015015480538570683,0
2019-04-23,train,train,-0.0057250569666689,0.0062759055514831,-0.0161080637760604,0.9692064282306555,0.030589162060908857,0.00020440970843551448,0
2019-04-24,train,train,-0.0074590837106552,0.0063531131620507,-0.0159961628907431,0.9568571600730121,0.04282736991969173,0.00031547000729616816,0
2019-04-25,train,train,0.004726324713907,0.0062674247308531,-0.0159961628907431,0.9648640260625573,0.03487528630608379,0.00026068763135900794,0
2019-04-26,train,train,0.0005050512164027,0.0060777529231918,-0.0159961628907431,0.9713235148055356,0.028477310732827672,0.0001991744616366133,0
2019-04-29,train,train,0.0011775302253741,0.0058996551090334,-0.0159961628907431,0.9749240538767276,0.024910469003574215,0.00016547711969863547,0
2019-04-30,train,train,0.0055951501920273,0.0058818293856157,-0.0159961628907431,0.9741706652281099,0.02565536603516453,0.00017396873672509205,0
2019-05-02,train,train,-0.0160518503443665,0.0069267507443879,-0.0169721853624068,0.8493766828451993,0.14902882718036178,0.0015944899744392582,0
2019-05-03,train,train,-0.0009136050547534,0.006719461568768,-0.0169721853624068,0.9029823438328087,0.09609688378706428,0.0009207723801274508,0
2019-05-06,train,train,-0.0083882129582143,0.0068310922220127,-0.0169721853624068,0.8884688671410966,0.11042039657689653,0.0011107362820069748,0
2019-05-07,train,train,-0.0103307905868422,0.0070899580914033,-0.015337459672108,0.8413349193152602,0.15690930176377577,0.001755778920964182,0
2019-05-08,train,train,-0.0008774310686239,0.0068773285882234,-0.015337459672108,0.8981266236674533,0.10088088924366669,0.00099248708887987,0
2019-05-09,train,train,-0.01438714528942,0.0075418291265783,-0.0157585804587894,0.7359004936425922,0.2606150465868343,0.00348445977057323,0
2019-05-10,train,train,0.0024488203936994,0.0073366367403102,-0.0157585804587894,0.8334058447856916,0.1647391704855857,0.0018549847287227337,0
2019-05-13,train,train,-0.0077845612663044,0.0073642805477687,-0.0157585804587894,0.8325206491423843,0.1656343993237697,0.0018449515338462203,0
2019-05-14,train,train,0.0088916651597118,0.0074647419825347,-0.0157585804587894,0.8570473198947588,0.14133288529244648,0.0016197948127948164,0
2019-05-15,train,train,0.0054084604254458,0.0073575890850389,-0.0157585804587894,0.9020019172222621,0.09698459094323865,0.001013491834498951,0
2019-05-16,train,train,0.013765429881385,0.0078902023868077,-0.0157585804587894,0.8462383722001381,0.15175712964108068,0.002004498158781054,0
2019-05-17,train,train,-0.002604357391576,0.0076763882606264,-0.0157585804587894,0.8946662118048021,0.1042009095144304,0.0011328786807673996,0
2019-05-20,train,train,-0.0087013844513814,0.0077417159600733,-0.0157585804587894,0.8761778397707065,0.12248833611922551,0.001333824110068024,0
2019-05-21,train,train,0.0042735399747182,0.0075785159946389,-0.0157585804587894,0.9180985806402516,0.08110204691314492,0.0007993724466033151,0
2019-05-22,train,train,-0.0007470415678719,0.0073499220857357,-0.0157585804587894,0.944253859868512,0.05526305573217428,0.00048308439931416534,0
2019-05-23,train,train,-0.0128857016231344,0.0077937508149561,-0.0157585804587894,0.8639089414943786,0.13461401156956115,0.0014770469360606974,0
2019-05-24,train,train,0.0066270608415437,0.0077287175380876,-0.0157585804587894,0.9000466256027009,0.09891728441228306,0.0010360899850158185,0
2019-05-27,train,train,0.0045457944898898,0.0075755491648585,-0.0157585804587894,0.9318066432486569,0.0675491117063997,0.0006442450449435496,0
2019-05-28,train,train,-0.0026727871624172,0.0073738887917551,-0.0157585804587894,0.9483526967281493,0.051209406625037215,0.0004378966468134654,0
2019-05-29,train,train,-0.0121825038342911,0.0077470372232701,-0.0157585804587894,0.8845979899656169,0.11421409874671073,0.0011879112876725063,0
2019-05-30,train,train,0.0084766966631302,0.0077927436614797,-0.0157585804587894,0.901686928273119,0.0972790965986766,0.0010339751282044296,0
2019-05-31,train,train,-0.0169147970004184,0.0086168360783435,-0.0166011310291222,0.6211197951955336,0.37285601163667836,0.006024193167787941,0
2019-06-03,train,train,0.0020635287041653,0.0083696093817904,-0.0166011310291222,0.7521444283540406,0.24473470977099,0.003120861874968948,0
2019-06-04,train,train,0.010451883173131,0.0085089277375834,-0.0166011310291222,0.7625663552255066,0.23430391897468822,0.0031297257998054813,0
2019-06-05,train,train,0.0036019538867754,0.0082967574676471,-0.0166011310291222,0.8480864818806876,0.15020849190676805,0.0017050262125443863,0
2019-06-06,train,train,0.0020415401571155,0.0080595338935405,-0.0166011310291222,0.9051558911539724,0.09391007650544253,0.0009340323405851663,0
2019-06-07,train,train,0.0072696135779561,0.0080143345500814,-0.0166011310291222,0.9245099091731248,0.07475351933657086,0.0007365714903043864,0
2019-06-10,train,train,0.0062600718671465,0.0079200438616652,-0.0166011310291222,0.9416810154188942,0.05777956730811836,0.0005394172729872989,0
2019-06-11,train,train,-0.0012919759879717,0.0076852860195095,-0.0166011310291222,0.956969597802705,0.042679513353691634,0.0003508888436031744,0
2019-06-12,train,train,-0.0047082374043757,0.0075398842097824,-0.0166011310291222,0.9584571712594676,0.0412214720355597,0.00032135670497326625,0
2019-06-13,train,train,0.0009304117991395,0.0073137406728752,-0.0166011310291222,0.9679847954609774,0.031783643165380605,0.0002315613736419214,0
2019-06-14,train,train,-0.0057370749043812,0.0072288447334117,-0.0166011310291222,0.9628329048256001,0.03689805762898512,0.00026903754541511294,0
2019-06-17,train,train,-0.0068209737026669,0.0072050236185689,-0.0166011310291222,0.9545461743672682,0.04510833696034613,0.0003454886723858456,0
2019-06-18,train,train,0.0118657634908432,0.0075660692579916,-0.0166011310291222,0.9331560818253815,0.0662072273785719,0.000636690796046915,0
2019-06-19,train,train,-0.0010285894398177,0.0073399018760378,-0.0157845975447349,0.9524775950948845,0.047123724732831745,0.00039868017228335674,0
2019-06-20,train,train,-0.0024621015026637,0.0071418083568125,-0.0157845975447349,0.9612740408885431,0.038428337120432685,0.0002976219910241503,0
2019-06-21,train,train,0.0020286944925259,0.0069420484793576,-0.0157845975447349,0.969489714902583,0.030290983574412626,0.00021930152300457745,0
2019-06-24,train,train,-0.0037677308527596,0.0067935456582771,-0.0157845975447349,0.9690732489760657,0.030712965130195034,0.00021378589373917699,0
2019-06-25,train,train,-0.0035636111295441,0.0066441768723738,-0.0157845975447349,0.9692159675408512,0.03057415688569449,0.00020987557345448254,0
2019-06-26,train,train,-0.0002619848066996,0.0064420881160568,-0.0157845975447349,0.9733212421579915,0.02650227465997319,0.00017648318203525813,0
2019-06-27,train,train,-0.0010489463884959,0.0062511188317688,-0.0157845975447349,0.975031392514667,0.024808206536502682,0.0001604009488305558,0
2019-06-28,train,train,0.0055596276640904,0.0062118004665121,-0.0157845975447349,0.9742810863696166,0.025547319322664023,0.00017159430771932052,0
2019-07-01,train,train,0.0071276238769146,0.0062705229814952,-0.0157845975447349,0.9711635626770665,0.028633283940660365,0.00020315338227317516,0
2019-07-02,train,train,0.0018225282575855,0.0060958664280604,-0.0157845975447349,0.9748276866471691,0.025004670591229513,0.00016764276160169964,0
2019-07-03,train,train,0.0120906369822151,0.0066106748835782,-0.0157845975447349,0.9526333742566137,0.04696699540063144,0.0003996303427547304,0
2019-07-04,train,train,0.0007022579470577,0.0064115950468539,-0.0157845975447349,0.9647726271227018,0.03495916184529374,0.0002682110320039757,0
2019-07-05,train,train,-0.0070452896027279,0.0064513722817188,-0.0157845975447349,0.9550860203406721,0.04456701319790736,0.0003469664614202394,0
2019-07-08,train,train,-0.0054028718527564,0.0063933131875208,-0.0157845975447349,0.9546937726054777,0.04495619826506326,0.0003500291294592343,0
2019-07-09,train,train,-0.0011638599426267,0.0062050995560802,-0.0157845975447349,0.9645180157996672,0.03522209092600677,0.00025989327432622653,0
2019-07-10,train,train,-0.0022669870790541,0.0060416403977571,-0.0157845975447349,0.9686869845669243,0.031094056834451798,0.00021895859862377354,0
2019-07-11,train,train,0.0029567946966168,0.0059021938011843,-0.0157845975447349,0.9731400055260879,0.026677394532775532,0.00018259994113616743,0
2019-07-12,train,train,0.0013891181198412,0.0057324965866354,-0.0157845975447349,0.9759021821326334,0.023941325847705294,0.0001564920196614488,0
2019-07-15,train,train,0.0032658073782994,0.0056151363259291,-0.0157845975447349,0.9768867452273051,0.022965294621057068,0.0001479601516374787,0
2019-07-16,train,train,0.005721726800878,0.0056215887484123,-0.0157845975447349,0.9751623088879535,0.024673567520563777,0.00016412359148239842,0
2019-07-17,train,train,-0.00995645345904,0.0059710955763428,-0.0157845975447349,0.9479060432469727,0.051693386612486444,0.0004005701405404952,0
2019-07-18,train,train,-0.0063209626787646,0.0059926636473351,-0.0157845975447349,0.9451735149769173,0.054386367479191164,0.0004401175438915033,0
2019-07-19,train,train,-0.0060012785681291,0.0059931808917989,-0.0157845975447349,0.9447278138568718,0.05482151799045003,0.0004506681526782759,0
2019-07-22,train,train,-0.0007636086331559,0.0058136141993077,-0.0157845975447349,0.959366276208059,0.04032235145808713,0.00031137233385375717,0
2019-07-23,train,train,0.0128057018679126,0.0064505335806179,-0.0157845975447349,0.9298859841852684,0.06942411483220626,0.0006899009825255865,0
2019-07-24,train,train,0.005168977292236,0.0063809027606647,-0.0157845975447349,0.9481710176611747,0.05136295897422127,0.00046602336460421204,0
2019-07-25,train,train,-0.0042750503824263,0.006274514179196,-0.0147292146376576,0.9539724035318613,0.04565035483530398,0.00037724163283459446,0
2019-07-26,train,train,-0.0069564415537168,0.0063175059350389,-0.0147292146376576,0.946616410640548,0.0529440287685462,0.0004395605909055031,0
2019-07-29,train,train,-0.0010953489440155,0.006130922909599,-0.0147292146376576,0.9600376099534492,0.03965588172814237,0.0003065083184088797,0
2019-07-30,train,train,-0.0251415045724273,0.0085591260015239,-0.0188144822874219,0.23588503300459174,0.7455705433644918,0.018544423630916622,1
2019-07-31,train,train,-0.0017373829062105,0.0083092857453052,-0.0188144822874219,0.3657776830536076,0.6234024553849873,0.010819861561405098,1
2019-08-01,train,train,0.0074629085663262,0.008260948860601,-0.0183140010653267,0.46769499770905903,0.52446341001971,0.007841592271231249,1
2019-08-02,train,train,-0.0156785275945995,0.0088824350920732,-0.019244943055815,0.19739574828863612,0.787083710862909,0.015520540848455213,1
2019-08-05,train,train,-0.0136240611170402,0.009235837615195,-0.019244943055815,0.10136699748479513,0.880043655317113,0.01858934719809212,1
2019-08-06,train,train,-0.0089033697642459,0.0092162277671794,-0.019244943055815,0.10912998891747262,0.8751092234113729,0.015760787671154575,1
2019-08-07,train,train,0.0053537393933193,0.0090311834512777,-0.019244943055815,0.1930998982132915,0.7952719401941569,0.011628161592551613,1
2019-08-08,train,train,0.013954208333409,0.0093995603020314,-0.019244943055815,0.14815488259505957,0.8370475117390839,0.014797605665856257,1
2019-08-09,train,train,-0.0126173408413958,0.0096230175742181,-0.019244943055815,0.09038426688143808,0.8929429377671104,0.016672795351451705,1
2019-08-12,train,train,-0.0093379684340236,0.0096061531566063,-0.019244943055815,0.09373093042459797,0.8912720671882951,0.014997002387106963,1
2019-08-13,train,train,0.0021528625590522,0.0093284284202633,-0.019244943055815,0.1854432183620414,0.8038194966358068,0.010737285002151655,1
2019-08-14,train,train,-0.0200263887141785,0.0102889152431313,-0.0206942300956747,0.022213181929188627,0.9537708497199991,0.0240159683508122,1
2019-08-15,train,train,-0.0004342519030659,0.0099760405347231,-0.0206942300956747,0.06911667847813294,0.9148856418030669,0.01599767971879994,1
2019-08-16,train,train,0.0176160078217163,0.0105910115456409,-0.0206942300956747,0.030371982674236457,0.9461256377238149,0.023502379601949078,1
2019-08-19,train,train,0.0072283120512322,0.0104198974914777,-0.0206942300956747,0.06902481404386104,0.9134854142135138,0.017489771742625438,1
2019-08-20,train,train,-0.0132554561474334,0.0106114200260626,-0.0206942300956747,0.04053618195605657,0.940320453458903,0.01914336458504039,1
2019-08-21,train,train,0.009607597805873,0.0105538835035884,-0.0206942300956747,0.06807169616031059,0.9154629939090285,0.016465309930661025,1
2019-08-22,train,train,0.0017109288634833,0.0102409485030162,-0.0206942300956747,0.1460651811042475,0.8422209091222119,0.01171390977354096,1
2019-08-23,train,train,-0.0077048376506798,0.0101067440880011,-0.0202821402937351,0.17074653528405992,0.8184362365480523,0.010817228167887584,1
2019-08-26,train,train,0.0034278652247226,0.0098347605510584,-0.0202821402937351,0.2908152563991847,0.7010084107226309,0.008176332878184587,1
2019-08-27,train,train,0.0057100233427562,0.0096371897452185,-0.0202821402937351,0.41585487245602143,0.577627104950625,0.0065180225933536146,1
2019-08-28,train,train,0.0020827678334743,0.0093575197528573,-0.0202821402937351,0.5755773116931737,0.42003150759660574,0.004391180710220948,0
2019-08-29,train,train,0.0053815899306585,0.0091677192354758,-0.0202821402937351,0.6956602674770491,0.3011916984741012,0.003148034048849856,0
2019-08-30,train,train,0.0021128393669323,0.0089034879026767,-0.0202821402937351,0.8060900555094974,0.19201542508405964,0.0018945194064431195,0
2019-09-02,train,train,0.0002949342352384,0.0086325540945487,-0.0202821402937351,0.8786849197074625,0.12019478064705992,0.0011202996454776361,0
2019-09-03,train,train,-0.000714883644656,0.0083714033650945,-0.0202821402937351,0.9211853464864491,0.07812603874099514,0.000688614772555783,0
2019-09-04,train,train,0.0053662475893205,0.0082221266977858,-0.0202821402937351,0.9423692948068242,0.05713149079705451,0.000499214396121004,0
2019-09-05,train,train,0.0152502591321687,0.0088034873546949,-0.0202821402937351,0.8717470248741339,0.1266697569545038,0.0015832181713624563,0
2019-09-06,train,train,-0.0002892303738988,0.0085355916889556,-0.0202821402937351,0.9179433827314735,0.08122296495790854,0.0008336523106182032,0
2019-09-09,train,train,0.0022776902845264,0.0082943485780179,-0.0202821402937351,0.9455636508778974,0.053951307102784896,0.00048504201931780423,0
2019-09-10,train,train,0.007474337864326,0.0082474474126394,-0.0202821402937351,0.9511369978237225,0.048431841188804475,0.00043116098747304126,0
2019-09-11,train,train,-0.0020620256964394,0.0080121334545278,-0.0202821402937351,0.9612084887295249,0.038487064751393386,0.0003044465190817686,0
2019-09-12,train,train,0.0025135121031615,0.0077924123433721,-0.0202821402937351,0.9693005627732579,0.03047605466904591,0.00022338255769601643,0
2019-09-13,train,train,0.0061031995181649,0.0077015148758476,-0.0202821402937351,0.9700030066041734,0.029779324425613728,0.0002176689702130815,0
2019-09-16,train,train,-0.0094449147440607,0.0078170912986406,-0.0202821402937351,0.945832269937429,0.05373410202239927,0.00043362804017161867,0
2019-09-17,train,train,-0.005294570932163,0.0076891124501042,-0.0202821402937351,0.9485122143200712,0.051075525304070155,0.0004122603758587289,0
2019-09-18,train,train,0.0030494758470937,0.0074922000394175,-0.0202821402937351,0.962039042904817,0.037669985971548914,0.0002909711236341798,0
2019-09-19,train,train,0.0114820202274327,0.0077894341935085,-0.0202821402937351,0.9436416942503602,0.055842104040651,0.000516201708988879,0
2019-09-20,train,train,0.0046956133232994,0.0076392208385813,-0.0202821402937351,0.9572709988854714,0.04236992620024589,0.00035907491428228315,0
2019-09-23,train,train,-0.0093474398026261,0.0077523358525803,-0.0202821402937351,0.9328617070017166,0.06654221520406006,0.000596077794223362,0
2019-09-24,train,train,0.0027016111712212,0.007545244242313,-0.0202821402937351,0.9536197375520831,0.04599858174571793,0.00038168070219902215,0
2019-09-25,train,train,-0.0036147363362988,0.0073687751466879,-0.0202821402937351,0.9594088123581703,0.040278383634669734,0.00031280400715982056,0
2019-09-26,train,train,0.0048751554833006,0.007243406987867,-0.0202821402937351,0.966126759710349,0.03361844225221725,0.0002547980374332919,0
2019-09-27,train,train,0.0059408287343748,0.0071719268587624,-0.0202821402937351,0.9683622505967722,0.03140286722634641,0.0002348821768816741,0
2019-09-30,train,train,0.0065658695311255,0.0071370148757991,-0.0202821402937351,0.9685444606513315,0.031222007515045242,0.00023353183362321683,0
2019-10-01,train,train,-0.0085494362577876,0.0072295459108227,-0.0202821402937351,0.9503238870126745,0.049284812134065034,0.0003913008532607641,0
2019-10-02,train,train,-0.0280689722602565,0.009818471686414,-0.0244122885156207,0.08207104261528063,0.886797497617145,0.03113145976757444,1
2019-10-03,train,train,-0.00112268735754,0.0095233328564986,-0.0244122885156207,0.16283764203977724,0.818718174728028,0.01844418323219496,1
2019-10-04,train,train,0.0066726187313548,0.0093767620753631,-0.0244122885156207,0.2509845429884879,0.7361001206580118,0.012915336353500334,1
2019-10-07,train,train,0.0091414903440313,0.009362812490886,-0.0244122885156207,0.3105879099054311,0.6785901127422277,0.01082197735234125,1
2019-10-08,train,train,-0.0115658371062468,0.0095093973286016,-0.0244122885156207,0.22543777997156603,0.7619371829817936,0.012625037046640097,1
2019-10-09,train,train,0.0057774844233233,0.0093276834678138,-0.0244122885156207,0.3394360579656092,0.6514760652527666,0.009087876781624185,1
2019-10-10,train,train,0.0124336405200405,0.0095425920555203,-0.0244122885156207,0.3113861370425228,0.6778779885709183,0.01073587438655897,1
2019-10-11,train,train,0.0184353429536224,0.0102951013369881,-0.0244122885156207,0.1176883151248618,0.8611460945340582,0.021165590341079826,1
2019-10-14,train,train,-0.0029480974657985,0.0100075592212384,-0.0244122885156207,0.20119751279186507,0.7851049183745095,0.013697568833625707,1
2019-10-15,train,train,0.0117833936995267,0.0101228982558001,-0.0244122885156207,0.20154332019845753,0.7845582279245942,0.013898451876948586,1
2019-10-16,train,train,0.0032653193168348,0.0098470515163625,-0.0244122885156207,0.3323873928048493,0.6584315577907655,0.00918104940438542,1
2019-10-17,train,train,-0.0049875623184045,0.0096249210295328,-0.0244122885156207,0.4244379689055586,0.5685575347728722,0.007004496321569421,1
2019-10-18,train,train,-0.0010926947727465,0.0093355448393353,-0.0244122885156207,0.5743902395354644,0.42101660050207257,0.004593159962463353,0
2019-10-21,train,train,0.0077407619566969,0.0092476168465514,-0.0244122885156207,0.6603019392032328,0.33588473147359,0.00381332932317702,0
2019-10-22,train,train,-0.0023532138504736,0.0089844070046802,-0.0212579628563448,0.7648927470064829,0.2326932934213679,0.0024139595721491807,0
2019-10-23,train,train,0.0005115644642441,0.008711607025358,-0.0212579628563448,0.8526189854294701,0.14597223946367116,0.0014087751068589589,0
2019-10-24,train,train,0.000724277305556,0.0084480794150701,-0.0212579628563448,0.907727523217686,0.09144196691503885,0.0008305098672749213,0
2019-10-25,train,train,0.004080378695558,0.0082514733516555,-0.0205731406971584,0.9374121647972622,0.062043000115886586,0.0005448350868513263,0
2019-10-28,train,train,0.0002968536281299,0.0080004306789878,-0.0204502723739561,0.9562241389050058,0.04342633995059246,0.0003495211444017271,0
2019-10-29,train,train,-0.0034938937058816,0.0078037757002627,-0.0204502723739561,0.9613450443120615,0.03836339860695266,0.00029155708098594014,0
2019-10-30,train,train,-0.0123739429033211,0.0081505734796816,-0.0204502723739561,0.9018358194549274,0.09722741971796163,0.000936760827110705,0
2019-10-31,train,train,-0.0029123092528824,0.0079344079726148,-0.0204502723739561,0.9289501782147086,0.07042027474694915,0.0006295470383420787,0
2019-11-01,train,train,0.0075865958025058,0.007913970320615,-0.0204502723739561,0.9393043217011847,0.060142521892791664,0.0005531564060237695,0
2019-11-04,train,train,0.0094322618146291,0.0080131844130672,-0.0204502723739561,0.9371297555965654,0.062264962175674524,0.0006052822277600341,0
2019-11-05,train,train,-0.0009030880537311,0.0077722191846037,-0.0204502723739561,0.9549203340355409,0.044702577255843146,0.0003770887086162073,0
2019-11-06,train,train,-0.0010102997839458,0.0075395086000029,-0.0178994571036703,0.9648253500616878,0.03490924329664908,0.000265406641662934,0
2019-11-07,train,train,0.0051894621368492,0.0074195262362184,-0.0178994571036703,0.9688153993861565,0.030955234741703377,0.0002293658721400242,0
2019-11-08,train,train,-0.0056896931130529,0.0073272616889927,-0.0178994571036703,0.9635981164709023,0.03613821650098516,0.00026366702811278644,0
2019-11-11,train,train,-0.000553736558156,0.0071053385195916,-0.0178994571036703,0.9700559545890656,0.02973670256236316,0.00020734284857167005,0
2019-11-12,train,train,-0.008750944182965,0.0072146674763924,-0.0173362507566081,0.9505644128541417,0.04905549609346374,0.00038009105239475665,0
2019-11-13,train,train,-0.0121291126689929,0.0075996883906807,-0.0175240092775235,0.8889393355981753,0.10996993757631736,0.0010907268255073636,0
2019-11-14,train,train,-0.0023084098206809,0.0073898358013784,-0.0175240092775235,0.9230457507245198,0.07626000063829318,0.000694248637186854,0
2019-11-15,train,train,0.0095581979349738,0.0075375487823895,-0.0175240092775235,0.9231864715008236,0.07605400222408724,0.0007595262750890057,0
2019-11-18,train,train,-0.0003672247039849,0.0073084782538556,-0.0175240092775235,0.9476732275848337,0.051873982340736126,0.0004527900744298854,0
2019-11-19,train,train,0.0001296303222432,0.0070859037084258,-0.0175240092775235,0.9617884914744277,0.03791386684747602,0.00029764167809625413,0
2019-11-20,train,train,-0.0036570811688266,0.0069281948618454,-0.0175240092775235,0.9644590806205167,0.03527984495125072,0.00026107442823278845,0
2019-11-21,train,train,-0.0012365252487701,0.0067239594497981,-0.0175240092775235,0.9699297145341579,0.02986124983294774,0.00020903563289440804,0
2019-11-22,train,train,0.0044074851796434,0.00660791104496,-0.0175240092775235,0.9727121712376194,0.0270999974225519,0.00018783133982876692,0
2019-11-25,train,train,0.007020389245837,0.0066333830723999,-0.0175240092775235,0.9703722561539004,0.029415623509130007,0.00021212033696971688,0
2019-11-26,train,train,0.0005255556939987,0.0064325917990604,-0.0175240092775235,0.9742920024899662,0.025536133198291396,0.00017186431174215147,0
2019-11-27,train,train,0.00405623465843,0.0063152771431184,-0.0175240092775235,0.9754732898571117,0.024364906635841708,0.0001618035070464509,0
2019-11-28,train,train,-0.0003952841165148,0.0061236538800536,-0.0175240092775235,0.9766457006499707,0.023206644934887742,0.0001476544151414382,0
2019-11-29,train,train,-0.0007482230053521,0.0059399308827695,-0.0175240092775235,0.9770735014343884,0.022784331954664113,0.00014216661094737168,0
2019-12-02,train,train,-0.0211480785474248,0.0077459851364069,-0.0205303312370008,0.6144283938784731,0.3799308350526805,0.005640771068846144,0
2019-12-03,train,train,-0.0022523089966438,0.0075302484911464,-0.0205303312370008,0.7302399772187166,0.266525046947014,0.0032349758342692897,0
2019-12-04,train,train,0.0146798180530772,0.0081383159979442,-0.0205303312370008,0.6093551648828192,0.38447705839771423,0.006167776719466693,0
2019-12-05,train,train,-0.002959829079989,0.007923628672295,-0.0205303312370008,0.7187892034827658,0.277648903155806,0.0035618933614282857,0
2019-12-06,train,train,0.0149577632976086,0.0085112242849233,-0.0205303312370008,0.5846413875261915,0.4084781376144851,0.006880474859323775,0
2019-12-09,train,train,-0.0029994297255034,0.0082845806906123,-0.0205303312370008,0.697998803049124,0.29804856797807994,0.003952628972795923,0
2019-12-10,train,train,-0.0035875535944183,0.0080801270431646,-0.0205303312370008,0.7815040312523129,0.21602658904577265,0.002469379701914301,0
2019-12-11,train,train,0.0076308928895134,0.0080538796507728,-0.0205303312370008,0.8320194905736504,0.16609995288308393,0.0018805565432651662,0
2019-12-12,train,train,0.0080590012548357,0.0080541870388581,-0.0205303312370008,0.865785693756937,0.13272141290894865,0.0014928933341144296,0
2019-12-13,train,train,0.0100042021769476,0.0081843006297014,-0.0205303312370008,0.8709295634343579,0.1275623044427276,0.0015081321229143364,0
2019-12-16,train,train,0.0121491405895717,0.0084746626607436,-0.0205303312370008,0.8428321465584087,0.15510902079183017,0.002058832649761131,0
2019-12-17,train,train,-0.0067058234601845,0.0083790689743758,-0.0205303312370008,0.8568822526389948,0.14145273731567898,0.0016650100453265058,0
2019-12-18,train,train,0.0006133180356833,0.0081251977579306,-0.0205303312370008,0.9102528046952163,0.0888564502782379,0.0008907450265458322,0
2019-12-19,train,train,-0.0004781547338879,0.007878542137104,-0.0205303312370008,0.9401290320590273,0.059343598822948665,0.0005273691180239028,0
2019-12-20,train,train,0.006043734838112,0.0077806647840246,-0.0205303312370008,0.9521686951970921,0.047421858542723884,0.00040944626018414587,0
2019-12-23,train,train,-0.0016447181065084,0.0075543845329366,-0.0205303312370008,0.9624617035805777,0.03724908931641009,0.0002892071030123935,0
2019-12-24,train,train,0.000227746994393,0.0073244599973507,-0.0205303312370008,0.9699152652097421,0.029870915477223824,0.0002138193130337894,0
2019-12-27,train,train,0.0039974845176705,0.0071685175835568,-0.0152170447065796,0.9730938660039511,0.026720790422302666,0.00018534357374639675,0
2019-12-30,train,train,-0.0091027333108028,0.0072990390400842,-0.0152170447065796,0.9514559527082629,0.04817306814609998,0.0003709791456369807,0
2019-12-31,train,train,-0.0066172954582741,0.0072599399863276,-0.0152170447065796,0.9464067518855839,0.05316465207162113,0.0004285960427948939,0
2020-01-02,train,test,0.0147608755945953,0.0079131113847791,-0.0152170447065796,0.8870678753355424,0.11163218263816523,0.001299942026292423,0
2020-01-03,train,test,-0.0046127962303675,0.0077548027198904,-0.0152170447065796,0.9106395399946795,0.08845830931382041,0.0009021506915001054,0
2020-01-06,train,test,-0.0047485964019479,0.0076080021936294,-0.0152170447065796,0.9263550631496129,0.07296193461274379,0.0006830022376433035,0
2020-01-07,train,test,-0.0022001902156519,0.0073958938442001,-0.0152170447065796,0.9462403934824047,0.05330578889998994,0.00045381761760504493,0
2020-01-08,train,test,0.0012102098183916,0.0071767100734019,-0.0152170447065796,0.9614022545808637,0.03829833979961908,0.00029940561951741993,0
2020-01-09,train,test,-0.0010014589783746,0.0069624013554326,-0.0152170447065796,0.968457229116704,0.031316654609228244,0.00022611627406787191,0
2020-01-10,train,test,-0.0008561759153297,0.0067535555752479,-0.0152170447065796,0.9724992269429097,0.027314860943716233,0.0001859121133734392,0
2020-01-13,train,test,-0.003107021591943,0.0065918963222924,-0.0152170447065796,0.9721295749746537,0.027686237321857474,0.00018418770348894152,0
2020-01-14,train,test,-0.0016359506776465,0.0064036311084885,-0.0152170447065796,0.973833898755665,0.025996390841275713,0.00016971040305924822,0
2020-01-15,train,test,-0.0017436568887293,0.0062232244256433,-0.0152170447065796,0.9746877081869658,0.025150519111516688,0.00016177270151771352,0
2020-01-16,train,test,0.0063717640527732,0.0062322366406821,-0.0152170447065796,0.9728415187280893,0.02697375194400077,0.00018472932791001632,0
2020-01-17,train,test,0.0113017652485275,0.0066463614855575,-0.0152170447065796,0.9552604282232295,0.04436853491450997,0.0003710368622603957,0
2020-01-20,train,test,-0.0023267729334861,0.0064690421295536,-0.0152170447065796,0.9631674862577173,0.03655342686791619,0.00027908687436682976,0
2020-01-21,train,test,-0.0049299274178027,0.0063871626541205,-0.0152170447065796,0.961995404677091,0.037723787861586526,0.0002808074613221666,0
2020-01-22,train,test,-0.0039196932514991,0.0062665728811792,-0.0152170447065796,0.9639685592589079,0.03577100990445736,0.00026043083663447933,0
2020-01-23,train,test,-0.0057825026513456,0.006238587961181,-0.0152170447065796,0.9597214054504133,0.03998163789318791,0.00029695665639890796,0
2020-01-24,train,test,0.0045596368402053,0.0061507884251779,-0.0152170447065796,0.9667402415160643,0.03301528657753941,0.0002444719063963165,0
2020-01-27,train,test,-0.0206787900587004,0.0078242576551218,-0.017985327091706,0.5922447839207453,0.4013428907193651,0.006412325359889649,0
2020-01-28,train,test,0.012509156577517,0.0081813573005558,-0.017985327091706,0.5488703478508518,0.44356003704624436,0.007569615102903938,0
2020-01-29,train,test,0.0065682887742628,0.0080936441661296,-0.017985327091706,0.6580499191361305,0.33712495687866084,0.004825123985208556,0
2020-01-30,train,test,-0.0072327515420597,0.0080445890526986,-0.017985327091706,0.6844547293955485,0.31150293361570636,0.004042336988744612,0
2020-01-31,train,test,-0.0116738206553066,0.0083071760283941,-0.017985327091706,0.5637409001661841,0.4300634668342468,0.006195632999569144,0
2020-02-03,train,test,0.0039205917855259,0.0081111580893018,-0.017985327091706,0.6991088583986133,0.29726552813063206,0.003625613470754396,0
2020-02-04,train,test,0.0166814841059737,0.0088622653500862,-0.017985327091706,0.4818129633915955,0.5088957330791395,0.00929130352926507,1
2020-02-05,train,test,0.0160681661160497,0.0094508475835343,-0.017985327091706,0.3033444414498891,0.6811134779064828,0.015542080643627918,1
2020-02-06,train,test,0.0095755274224307,0.0094583747213476,-0.017985327091706,0.3561743793220291,0.6316106750493613,0.012214945628609582,1
2020-02-07,train,test,-3.0557548351383464e-05,0.0091702375788792,-0.017985327091706,0.5135468060971068,0.4795381854318938,0.006915008470999513,0
2020-02-10,train,test,0.0005095022273565,0.0088917510856458,-0.0178335630871439,0.664350784894414,0.3317057027066807,0.0039435123989050545,0
2020-02-11,train,test,0.0067618880993952,0.0087785437839691,-0.0178335630871439,0.7514757518912559,0.24570151883216745,0.0028227292765763802,0
2020-02-12,train,test,0.0058317050962113,0.0086301557441792,-0.0178335630871439,0.827360869684658,0.17077845948980314,0.0018606708255390677,0
2020-02-13,train,test,-0.0030831538097104,0.0084012596152912,-0.0178335630871439,0.8793242531305958,0.11948993091110742,0.0011858159582963685,0
2020-02-14,train,test,0.0047315684223185,0.0082273663902986,-0.0178335630871439,0.9186293203218489,0.08060746782515307,0.0007632118529979901,0
2020-02-17,train,test,0.0065469367061616,0.008136333761042,-0.0178335630871439,0.9368281033835663,0.06258956385492505,0.0005823327615086368,0
2020-02-18,train,test,-0.0016377465838605,0.0078986621828753,-0.0178335630871439,0.9536062383270653,0.04601153940784872,0.00038222226508580117,0
2020-02-19,train,test,0.0077453976622639,0.0078895502735726,-0.0178335630871439,0.9556531770390523,0.04397291780314662,0.0003739051578006067,0
2020-02-20,train,test,-0.0152491250801685,0.0085124880176546,-0.0190253312287645,0.8243764373653049,0.17354385568321673,0.0020797069514786022,0
2020-02-21,train,test,-0.0045213128558438,0.0083271388430898,-0.0190253312287645,0.8663589384608573,0.13222934586561041,0.0014117156735318841,0
2020-02-24,train,test,-0.0415864186231376,0.0129979452094283,-0.0278044290764209,5.084779924787362e-05,0.7815526500527863,0.21839650214796585,1
2020-02-25,train,test,-0.0248434332841993,0.0139943401247808,-0.0291926434849205,0.0002501616700396183,0.6728442544546698,0.3269055838752908,1
2020-02-26,train,test,0.0071091879792029,0.0136793090256703,-0.0291926434849205,0.021018813090932367,0.7693606546413724,0.2096205322676949,1
2020-02-27,train,test,-0.0361624755023053,0.0159486539796275,-0.0341974424698807,3.0180963076693235e-06,0.35344717072220444,0.6465498111814879,2
2020-02-28,train,test,-0.0296705601649108,0.0170856231483124,-0.0358064847634512,9.881331054753354e-06,0.1684770899696831,0.8315130286992621,2
2020-03-02,train,test,0.0020956341855391,0.0165730778138087,-0.0358064847634512,0.00916127338443235,0.3111212598775073,0.6797174667380604,2
2020-03-03,train,test,0.0079871912770919,0.0161868652678341,-0.0358064847634512,0.028229579297726896,0.44662765140002975,0.5251427693022432,2
2020-03-04,train,test,0.0111052505500594,0.0159277533303931,-0.0358064847634512,0.04423920541723069,0.5509843830783302,0.4047764115044389,1
2020-03-05,train,test,-0.0258071504042098,0.0166862898004244,-0.0358064847634512,0.0006123638619272832,0.4242440226309945,0.5751436135070781,2
2020-03-06,train,test,-0.0360444207809346,0.0184303648209011,-0.0379311049687925,3.9618209658061046e-07,0.10602766868221127,0.8939719351356921,2
2020-03-09,train,test,-0.0829730837942952,0.0270623281453338,-0.0535739926399126,8.61373696137759e-29,4.225278359822747e-07,0.9999995774721641,2
2020-03-10,train,test,-0.0325931201138926,0.0274256470678906,-0.0535739926399126,1.6395088077852033e-08,0.007745896171098396,0.9922540874338134,2
2020-03-11,train,test,-0.0033696187476549,0.026602958668111,-0.0535739926399126,0.0005951137960759664,0.07069555824634545,0.9287093279575785,2
2020-03-12,train,test,-0.1515117593801165,0.0451951674311633,-0.0920237539325164,2.1299241405068214e-88,6.957563385027257e-21,0.9999999999999999,2
2020-03-13,train,test,0.0366693970214195,0.0447294718307505,-0.0920237539325164,5.609679394514103e-09,0.00451752526971934,0.9954824691206012,2
2020-03-16,train,test,-0.082076050293511,0.047800322102988,-0.1055202978226409,2.0774859077609693e-29,1.3603717486738923e-07,0.9999998639628253,2
2020-03-17,train,test,0.0621029460499834,0.0487768910453062,-0.1055202978226409,5.426535951469032e-18,3.364649830883168e-05,0.999966353501691,2
2020-03-18,train,test,-0.0350298001660484,0.0480630753075927,-0.1055202978226409,3.929189270702606e-09,0.00563005139098776,0.994369944679823,2
2020-03-19,train,test,0.0190999135282642,0.0468331512643465,-0.1055202978226409,3.8806387824952214e-05,0.03492967088050426,0.9650315227316706,2
2020-03-20,train,test,0.0073993065187884,0.0454425835326926,-0.1055202978226409,0.0017713671776189628,0.10727381619741737,0.8909548166249636,2
2020-03-23,train,test,-0.0336323345583839,0.0448218108727105,-0.1055202978226409,5.522059912300699e-07,0.03171872517967428,0.9682807226143345,2
2020-03-24,train,test,0.0752777926450962,0.0472065653277758,-0.1055202978226409,1.5292830217038007e-23,1.9978146239818517e-06,0.9999980021853759,2
2020-03-25,train,test,0.0329612629880853,0.0464751429573812,-0.1055202978226409,4.630214963301626e-08,0.0074558421107206235,0.9925441115871297,2
2020-03-26,train,test,0.0129943000630146,0.0451716026744916,-0.1055202978226409,0.00021289316777009764,0.052717149647108816,0.947069957185121,2
2020-03-27,train,test,-0.0369745170049737,0.0447221663312084,-0.1055202978226409,2.1941961793759984e-08,0.011722883829366298,0.9882770942286719,2
2020-03-30,train,test,-0.0175628502921135,0.043572641121441,-0.1055202978226409,5.1238283833963026e-05,0.04479086632148703,0.9551578953946791,2
2020-03-31,train,test,0.0186687759698497,0.0424920221078353,-0.1055202978226409,0.00024185005982709748,0.07288088688158308,0.9268772630585896,2
2020-04-01,train,test,-0.0308296898045648,0.0418839565066475,-0.1055202978226409,1.100991870379429e-06,0.03272519687472782,0.967273702133402,2
2020-04-02,train,test,-0.0008058395064884,0.0406084821992931,-0.1055202978226409,0.0021195775400465956,0.11403838672769873,0.8838420357322545,2
2020-04-03,train,test,0.0011401902903188,0.0393723748200737,-0.1055202978226409,0.013213189983549218,0.23700676097296683,0.749780049043484,2
2020-04-06,train,test,0.0391382688375898,0.0393583677289879,-0.1055202978226409,4.1026366482568536e-07,0.03338799577137038,0.9666115939649647,2
2020-04-07,train,test,0.0227796619845333,0.0385651529710515,-0.1055202978226409,4.5503977907897266e-05,0.045373457555417426,0.9545810384666745,2
2020-04-08,train,test,-0.0071952317781066,0.0374318186023629,-0.1055202978226409,0.0017295961243029043,0.12340677881093494,0.8748636250647619,2
2020-04-09,train,test,0.0169447649942433,0.0365280725591975,-0.1055202978226409,0.0016937383227273852,0.16274064489547851,0.8355656167817943,2
2020-04-14,train,test,0.0053599766492884,0.0354396083609491,-0.1055202978226409,0.01225990800300387,0.29318983408631644,0.6945502579106799,2
2020-04-15,train,test,-0.0385907028505371,0.0356365322544256,-0.1055202978226409,1.4386326654364762e-07,0.04618645887885643,0.9538133972578771,2
2020-04-16,train,test,-0.0111889217928081,0.0346594316673919,-0.1055202978226409,0.0008469915192114069,0.10984480795131776,0.8893082005294706,2
2020-04-17,train,test,0.016482264258936,0.0338452291084326,-0.1055202978226409,0.0013678368535759585,0.15258515869666284,0.8460470044497611,2
2020-04-20,train,test,-0.0064637032170844,0.0328523413009616,-0.1055202978226409,0.007966016097676417,0.27563123066824957,0.7164027532340741,2
2020-04-21,train,test,-0.0292006874344365,0.0326447631024671,-0.1055202978226409,2.4276655984822434e-05,0.13367410736076896,0.8663016159832462,2
2020-04-22,train,test,0.0127147817602074,0.0318031392325947,-0.1055202978226409,0.0026455401887609106,0.21061751312101684,0.786736946690222,2
2020-04-23,train,test,0.0039654887665285,0.0308495833231891,-0.1055202978226409,0.01766469275189878,0.3574473193258455,0.6248879879222559,2
2020-04-24,train,test,-0.0198503716523133,0.0303024292594772,-0.1055202978226409,0.002224014303881984,0.3531983413721412,0.644577644323977,2
2020-04-27,train,test,0.0176690577841985,0.0296963755711528,-0.1055202978226409,0.00296658976296767,0.38159765705411397,0.6154357531829184,2
2020-04-28,train,test,0.0154187249868749,0.0290383619295655,-0.1055202978226409,0.0057263815433476984,0.4436023718272807,0.5506712466293715,2
2020-04-29,train,test,0.0315745654678681,0.0291967475381826,-0.1055202978226409,2.8981012224722315e-05,0.19024322743755462,0.8097277915502207,2
2020-04-30,train,test,-0.0190877723411843,0.0286908286038728,-0.1055202978226409,0.00039747218600419095,0.2044040776430777,0.7951984501709181,2
2020-05-04,train,test,-0.0366335952004083,0.0292283260734623,-0.1055202978226409,1.0615859911638145e-07,0.03949395902282956,0.9605059348185714,2
2020-05-05,train,test,0.0110872740896876,0.0284677537076186,-0.1055202978226409,0.0011425006791828728,0.10147946800055188,0.8973780313202654,2
2020-05-06,train,test,-0.0113270057319,0.0277396157979739,-0.1055202978226409,0.0027309962627370503,0.18105118763658196,0.816217816100681,2
2020-05-07,train,test,0.008834120484553,0.0269814678738238,-0.1055202978226409,0.011379456366025513,0.29693147247877405,0.6916890711552005,2
2020-05-08,train,test,0.0077253892153827,0.026227857907583,-0.1055202978226409,0.033014471817451846,0.4321011639549872,0.5348843642275609,2
2020-05-11,train,test,-0.0164845690925274,0.0257474456924395,-0.1055202978226409,0.01027721533384278,0.48641848938038623,0.5033042952857713,2
2020-05-12,train,test,0.0134725775785494,0.0251802645518393,-0.1055202978226409,0.01580336207482425,0.5693737499405053,0.41482288798467054,1
2020-05-13,train,test,-0.0196063189098508,0.0248810659739141,-0.1055202978226409,0.0026411868413377263,0.5615993526094404,0.43575946054922204,1
2020-05-14,train,test,-0.0130228454552651,0.0243330858623289,-0.1055202978226409,0.006831130890715909,0.6442056230891444,0.3489632460201396,1
2020-05-15,train,test,-0.0108599347437522,0.0237413018700908,-0.1055202978226409,0.01438529851258532,0.7322536544550811,0.2533610470323339,1
2020-05-18,train,test,0.0459406746056845,0.0256215375145812,-0.1055202978226409,1.5008612175510998e-08,0.08384825744533227,0.9161517275460557,2
2020-05-19,train,test,-0.0254263209422986,0.0256098664841126,-0.1055202978226409,1.5127911114940848e-05,0.06407941228825838,0.9359054598006266,2
2020-05-20,train,test,0.011209277117172,0.0249810371935074,-0.1055202978226409,0.0017564950657387895,0.1337617252891171,0.864481779645144,2
2020-05-21,train,test,0.0003739799685283,0.0242201874015997,-0.1055202978226409,0.012895066954063065,0.2651952669850896,0.7219096660608474,2
2020-05-22,train,test,0.0017035633189225,0.0234860502592792,-0.1055202978226409,0.04820905019911555,0.41746554888300336,0.534325400917881,2
2020-05-25,train,test,0.0235065096814116,0.0234872783271847,-0.1055202978226409,0.003579496936769122,0.35110981278297865,0.6453106902802522,2
2020-05-26,train,test,0.0212262907048346,0.0233577917117756,-0.1055202978226409,0.0012540636401739578,0.31946926289229616,0.6792766734675297,2
2020-05-27,train,test,0.0240659499834511,0.0234008855505087,-0.1055202978226409,0.0003343224600725714,0.24190430669251636,0.7577613708474109,2
2020-05-28,train,test,0.0068895994770707,0.0227506780719256,-0.1055202978226409,0.010449443795879896,0.3824580606561778,0.6070924955479424,2
2020-05-29,train,test,-0.0178209675262197,0.0224853944724723,-0.1055202978226409,0.00297077471082609,0.4094515369070858,0.5875776883820879,2
2020-06-01,train,test,0.0174471216442566,0.0222153440200213,-0.1055202978226409,0.003763711031378122,0.4397360706416429,0.5565002183269789,2
2020-06-02,train,test,0.025525182953784,0.0224277131518501,-0.1055202978226409,0.0003432174508503449,0.31144540600839504,0.6882113765407546,2
2020-06-03,train,test,0.0290418900369891,0.0228785502338676,-0.1055202978226409,3.671618730958628e-05,0.15533075729135984,0.8446325265213306,2
2020-06-04,train,test,-0.0078456683946043,0.0222646726432003,-0.0907261708413881,0.004573869507519432,0.2721283787202604,0.7232977517722199,2
2020-06-05,train,test,0.0396181577645608,0.023667458978813,-0.0907261708413881,1.6793765295067522e-07,0.036225214009626305,0.9637746180527207,2
2020-06-08,train,test,0.0029805902968029,0.0229580646561075,-0.0907261708413881,0.0023213197070641417,0.1181314681906627,0.879547212102273,2
2020-06-09,train,test,-0.0183794307230473,0.0227093940300258,-0.0525470900496739,0.0006475773800379172,0.144292852094966,0.8550595705249961,2
2020-06-10,train,test,-0.0114685685115559,0.0221960642096874,-0.0525470900496739,0.002828024187594485,0.23306307153847353,0.764108904273932,2
2020-06-11,train,test,-0.0516648806343936,0.0249651946492412,-0.0424100334966348,1.9826461049213624e-12,0.0035660082946773375,0.99643399170334,2
2020-06-12,train,test,0.0020177754127122,0.0242096999630107,-0.0424100334966348,0.00044752048602900326,0.06450884077740687,0.9350436387365642,2
2020-06-15,train,test,-0.0045904960524856,0.0234990926889004,-0.0424100334966348,0.004163687923773212,0.15928812669349202,0.8365481853827348,2
2020-06-16,train,test,0.0319927528297794,0.0240932996865743,-0.0424100334966348,9.308850896424638e-06,0.05617256536081601,0.9438181257882876,2
2020-06-17,train,test,-0.0022171251736093,0.0233656329476003,-0.0424100334966348,0.0032297669633805873,0.1506674139279322,0.8461028191086873,2
2020-06-18,train,test,-0.0119041815844276,0.0228407138069537,-0.0424100334966348,0.004714175790315152,0.23723444091905405,0.7580513832906308,2
2020-06-19,train,test,0.0032422820771559,0.0221591303611529,-0.0424100334966348,0.024704247442245034,0.38951543245762227,0.5857803201001328,2
2020-06-22,train,test,-0.0092819720984426,0.0216040444181868,-0.0424100334966348,0.03575608251091808,0.5167470480762443,0.44749686941283773,1
2020-06-23,train,test,0.0125406242248689,0.0211699477199773,-0.0424100334966348,0.04327301325714729,0.6035552083286732,0.3531717784141795,1
2020-06-24,train,test,-0.0331999281974285,0.0220773820734579,-0.042296392895113,1.8987672859726157e-05,0.2813040274612718,0.7186769848658683,2
2020-06-25,train,test,0.0103416986760582,0.0215541920552541,-0.042296392895113,0.007496486305641778,0.40034902732093564,0.5921544863734228,2
2020-06-26,train,test,-0.0127210259066193,0.0211285984734554,-0.042296392895113,0.00889528155188144,0.498168761286211,0.4929359571619077,1
2020-06-29,train,test,0.0137933491543384,0.0207616955448962,-0.042296392895113,0.013950394749994908,0.576632665186882,0.40941694006312285,1
2020-06-30,train,test,-0.0064372110099897,0.0201908737532642,-0.042296392895113,0.03593124998194283,0.6952570826679847,0.26881166735007267,1
2020-07-01,train,test,-0.0005532962840731,0.0195762475503278,-0.042296392895113,0.09518248209893122,0.75518998344317,0.1496275344578988,1
2020-07-02,train,test,0.036837004216666,0.0210155559727106,-0.042296392895113,3.164649990662345e-05,0.4049398112619086,0.5950285422381848,2
2020-07-03,train,test,-0.0127634881078352,0.0206138005955315,-0.042296392895113,0.004348986840247532,0.5013925594773173,0.49425845368243504,1
2020-07-06,train,test,0.0204155828015401,0.0206019613085839,-0.042296392895113,0.0022149268012809026,0.47502237186133217,0.5227627013373871,2
2020-07-07,train,test,-0.0145034790904271,0.0202878144588901,-0.042296392895113,0.004279771433934933,0.546806940728089,0.44891328783797596,1
2020-07-08,train,test,-0.0163807154864193,0.0200748439839036,-0.042296392895113,0.003506053821035388,0.5882758033045506,0.4082181428744137,1
2020-07-09,train,test,-0.0122913251773548,0.0196947708744305,-0.0404994680107434,0.008661376861077322,0.6748276592445689,0.31651096389435374,1
2020-07-10,train,test,0.0115676788324117,0.0193038760725075,-0.0404994680107434,0.02181335112970072,0.7469320679592915,0.23125458091100798,1
2020-07-13,train,test,0.014347927814437,0.0190429261273435,-0.0404994680107434,0.02342480844373877,0.7884114692970479,0.18816372225921346,1
2020-07-14,train,test,-0.0101361460074383,0.0186289973083636,-0.0404994680107434,0.031211203699496447,0.8405636753821453,0.1282251209183583,1
2020-07-15,train,test,0.0182759469340477,0.018608003182832,-0.0404994680107434,0.013924258677917165,0.8528038432476781,0.13327189807440495,1
2020-07-16,train,test,-0.0017243211655186,0.0180460719413965,-0.0404994680107434,0.05235367391762813,0.8742294933235347,0.07341683275883694,1
2020-07-17,train,test,-0.0045994131063909,0.0175325510356768,-0.0404994680107434,0.0988593820627606,0.8589413785471127,0.04219923939012655,1
2020-07-20,train,test,0.0050407788393976,0.017043224229821,-0.0404994680107434,0.1822155464550959,0.7931862497958528,0.024598203749050983,1
2020-07-21,train,test,0.0022040416335913,0.0165328361326917,-0.0404994680107434,0.3121291731127787,0.6740196610181014,0.013851165869119874,1
2020-07-22,train,test,-0.0140281383057583,0.0163933495727548,-0.0404994680107434,0.1564628484678499,0.8252645615579554,0.018272589974194633,1
2020-07-23,train,test,-0.0007039181762741,0.0158948773398727,-0.0404994680107434,0.27132169225610825,0.717257921686912,0.011420386056979648,1
2020-07-24,train,test,-0.0122892778603472,0.0157019068628735,-0.0404994680107434,0.17625283713669984,0.8098663127259976,0.013880850137302617,1
2020-07-27,train,test,-0.0171587371084016,0.0157931067852986,-0.0367637099247069,0.0435256512998213,0.9342073196563281,0.02226702904385083,1
2020-07-28,train,test,0.0105154336055609,0.0155271165787699,-0.0367637099247069,0.0650301356130861,0.9159065743734623,0.019063290013451802,1
2020-07-29,train,test,-0.0055629866502441,0.0151156434703891,-0.0367637099247069,0.10676126036805184,0.8789779808217931,0.014260758810154655,1
2020-07-30,train,test,-0.0295174629631714,0.016341681494247,-0.0381274239316644,0.0004795678060117347,0.933059669919127,0.06646076227486139,1
2020-07-31,train,test,-0.0171836713857945,0.0163934204653436,-0.0381274239316644,0.003337195135705275,0.9291255220947018,0.06753728276959339,1
2020-08-03,train,test,0.0140916683633466,0.0162645039123881,-0.0381274239316644,0.013187344149217583,0.9300706365410835,0.056742019309698744,1
2020-08-04,train,test,0.0066587984963182,0.0158531516775055,-0.0381274239316644,0.046218875950711724,0.9181951516161198,0.03558597243316819,1
2020-08-05,train,test,0.0025744571662878,0.0153831317619482,-0.0381274239316644,0.11039263684050507,0.8682181964053476,0.021389166754147183,1
2020-08-06,train,test,-0.0116878927248292,0.0151867938821187,-0.0381274239316644,0.07992655584594908,0.8998568491959713,0.020216594958079526,1
2020-08-07,train,test,-0.0010640912101958,0.0147264497866627,-0.0381274239316644,0.1593627723716384,0.8272930534651078,0.013344174163253834,1
2020-08-10,train,test,0.0147670420802308,0.014728888479037,-0.0381274239316644,0.10902989049769794,0.873778615343754,0.017191494158548183,1
2020-08-11,train,test,0.0292811648155601,0.0159802047313417,-0.0381274239316644,0.0016116679270290063,0.9261102614545577,0.07227807061841328,1
2020-08-12,train,test,0.004464446441229,0.015531928521013,-0.0381274239316644,0.0319399261236003,0.9255797258272798,0.04248034804911967,1
2020-08-13,train,test,-0.0062558207662173,0.0151365277714041,-0.0381274239316644,0.060976248304081104,0.9115130163656173,0.027510735330301635,1
2020-08-14,train,test,-0.0133568847661806,0.015035690434278,-0.0381274239316644,0.035944020746454274,0.9374516362094566,0.02660434304408916,1
2020-08-17,train,test,-0.0090140886490996,0.0147439104472234,-0.0381274239316644,0.04828310118442935,0.9308637159988487,0.020853182816722014,1
2020-08-18,train,test,-0.0065942528723081,0.0143857211086492,-0.0381274239316644,0.07805254902162277,0.906084022315537,0.015863428662840552,1
2020-08-19,train,test,0.0071864114666629,0.0140581187963744,-0.0381274239316644,0.13465313748454863,0.8525443623297818,0.012802500185669493,1
2020-08-20,train,test,-0.0143390972689558,0.0140751356823553,-0.0381274239316644,0.060343500572785536,0.9226396200865498,0.017016879340664738,1
2020-08-21,train,test,-0.0016027748053115,0.0136519965951029,-0.0381274239316644,0.1269486499655322,0.8608794374421187,0.012171912592348927,1
2020-08-24,train,test,0.0180259221506306,0.0139531509894208,-0.0381274239316644,0.04844007661924843,0.9307522252920627,0.020807698088688674,1
2020-08-25,train,test,-9.849767020453108e-05,0.0135281033145457,-0.0381274239316644,0.11301602513462529,0.8729770656004515,0.014006909264923175,1
2020-08-26,train,test,0.0020518154051704,0.0131256086075692,-0.0381274239316644,0.21439869336846848,0.7755615791031958,0.010039727528335764,1
2020-08-27,train,test,-0.0045448911743558,0.0127743519360926,-0.0381274239316644,0.301847327998495,0.6900593000902073,0.008093371911297394,1
2020-08-28,train,test,0.00594780947404,0.0124705897854228,-0.0381274239316644,0.4248192250196377,0.5687105904986925,0.006470184481669536,1
2020-08-31,train,test,-0.023188417108097,0.0133583993913665,-0.0381274239316644,0.026024562631358373,0.945736921340516,0.028238516028125445,1
2020-09-01,train,test,-0.0018095273987163,0.0129590311214113,-0.0381274239316644,0.07237645968298569,0.9094582507862454,0.018165289530768874,1
2020-09-02,train,test,0.0057332210761089,0.0126424874049301,-0.0381274239316644,0.13803836659875396,0.8485484382410192,0.013413195160226645,1
2020-09-03,train,test,0.0012997449100983,0.0122614802828479,-0.0286352694228989,0.2510032959140114,0.7395621312845984,0.009434572801390593,1
2020-09-04,train,test,-0.0023292599626337,0.01190162980106,-0.0286352694228989,0.37645983000401567,0.6165868522799602,0.006953317716024239,1
2020-09-07,train,test,0.0129351356459261,0.0119661576312908,-0.0286352694228989,0.3288601568272406,0.6616345137979324,0.009505329374827183,1
2020-09-08,train,test,-0.0179119750831811,0.0124035448091389,-0.0286352694228989,0.07607470751892009,0.9036821475343334,0.020243144946746464,1
2020-09-09,train,test,0.0094305756635799,0.0122455377114755,-0.0286352694228989,0.11067426886287891,0.8726720621532001,0.016653668983920643,1
2020-09-10,train,test,-0.003095516324094,0.0118966774979967,-0.0286352694228989,0.18997445590308423,0.7983267842149647,0.011698759881951274,1
2020-09-11,train,test,-0.0080330932369536,0.0117008937512942,-0.0286352694228989,0.20900115979845915,0.7802566356484715,0.010742204553069137,1
2020-09-14,train,test,0.0011371430051824,0.0113478564212447,-0.0286352694228989,0.3463349487694717,0.6461050359220116,0.0075600153085170554,1
2020-09-15,train,test,0.0121398923921907,0.0113969308971053,-0.0286352694228989,0.3266739328375778,0.6639553690465896,0.009370698115832401,1
2020-09-16,train,test,0.0105749007240592,0.0113492882314448,-0.0235392850514831,0.35338375980287495,0.637261995730729,0.00935424446639619,1
2020-09-17,train,test,-0.0034654693236646,0.0110362371946593,-0.0235392850514831,0.47441895860652494,0.5191533089698323,0.006427732423642852,1
2020-09-18,train,test,-0.0223183337036489,0.0120157022553915,-0.0250080712583057,0.040958815399249934,0.9320974935001917,0.02694369110055808,1
2020-09-21,train,test,-0.0348733419896188,0.0144458808502736,-0.0291930740202957,1.8095248247477278e-05,0.8269567760739094,0.17302512867784314,1
2020-09-22,train,test,-0.0065512617059983,0.0140974326359204,-0.0291930740202957,0.01921811075339838,0.8759053834123892,0.10487650583421228,1
2020-09-23,train,test,0.0008419427284075,0.0136695238601178,-0.0291930740202957,0.06526368201538028,0.8775131055621677,0.05722321242245201,1
2020-09-24,train,test,-0.0016243976754149,0.0132590666970591,-0.0291930740202957,0.13572218491612045,0.8327534811677563,0.03152433391612351,1
2020-09-25,train,test,-0.0022755343332569,0.0128672204491315,-0.0291930740202957,0.23266525038892555,0.7492920003384982,0.018042749272576094,1
2020-09-28,train,test,0.0243234986842326,0.0138249555390196,-0.0291930740202957,0.019076549093296508,0.9312299809486695,0.04969346995803409,1
2020-09-29,train,test,-0.0115364959545887,0.0136984333502459,-0.0291930740202957,0.022575739088823245,0.9387563223478642,0.03866793856331215,1
2020-09-30,train,test,0.0004467543307275,0.0132815747199639,-0.0291930740202957,0.07083664578562476,0.905992881197416,0.02317047301695922,1
2020-10-01,train,test,0.002097090496456,0.0128872060871426,-0.0291930740202957,0.15039672752890845,0.8347354856988767,0.014867786772215138,1
2020-10-02,train,test,0.0035297702745957,0.0125244893141405,-0.0291930740202957,0.2629977119376364,0.7267863193540153,0.010215968708348618,1
2020-10-05,train,test,0.0122717032418512,0.0125094662017443,-0.0291930740202957,0.24640730255771928,0.7418586474059764,0.011734050036304185,1
2020-10-06,train,test,0.0142734496149345,0.0126222589819743,-0.0291930740202957,0.1809753411783302,0.8038600738553262,0.015164584966343637,1
2020-10-07,train,test,-0.0037699786970993,0.0122725262624345,-0.0291930740202957,0.2737155300529394,0.7157941262405891,0.010490343706471526,1
2020-10-08,train,test,0.0118968967663411,0.0122503133009142,-0.0291930740202957,0.26622659239787483,0.7222657426827221,0.011507664919403176,1
2020-10-09,train,test,-0.0060098868074232,0.0119680027481031,-0.0291930740202957,0.3322947134436816,0.6586882321579454,0.009017054398372972,1
2020-10-12,train,test,1.440057214551064e-05,0.0116034097072574,-0.0291930740202957,0.48783391443812446,0.5062929931316329,0.0058730924302425845,1
2020-10-13,train,test,-0.0109647716714911,0.0115660858933731,-0.0291930740202957,0.39740334316367515,0.5946897050098368,0.00790695182648809,1
2020-10-14,train,test,0.0060035710801837,0.0113097504067154,-0.0291930740202957,0.5246694839494859,0.4696008898820622,0.005729626168451683,0
2020-10-15,train,test,-0.0145342086470728,0.0115286781664797,-0.0291930740202957,0.2817965935947565,0.7066748829142653,0.01152852349097833,1
2020-10-16,train,test,0.0048147593286932,0.0112395155364404,-0.0291930740202957,0.4169414510485067,0.5752786729773698,0.007779875974123385,1
2020-10-19,train,test,0.0015317400934771,0.0109035719187379,-0.0291930740202957,0.5775012555995844,0.4176800166013452,0.0048187277990704575,0
2020-10-20,train,test,0.0097334743976078,0.010836929416712,-0.0291930740202957,0.6194877454593476,0.37580775847939163,0.004704496061261072,0
2020-10-21,train,test,-0.0168577384757683,0.0112890964041802,-0.0291930740202957,0.25311152057803665,0.7329798584594168,0.01390862096254663,1
2020-10-22,train,test,-0.0021898587152023,0.0109583212508602,-0.0267933642671215,0.38111065176794123,0.6100928317572782,0.008796516474780209,1
2020-10-23,train,test,0.0141419164298304,0.0111749427012996,-0.0267933642671215,0.29225364976430335,0.6954875601762197,0.012258790059477175,1
2020-10-26,train,test,-0.0140978064232025,0.0113715202357229,-0.0267933642671215,0.1431565377164432,0.8399832022248975,0.0168602600586592,1
2020-10-27,train,test,-0.0216543165958278,0.012234678163201,-0.0267933642671215,0.01050681924342794,0.9539458473470889,0.03554733340948325,1
2020-10-28,train,test,-0.0269563708036652,0.0135758927657065,-0.0283393766337936,0.00025985394848177564,0.9106006512826847,0.08913949476883329,1
2020-10-29,train,test,-0.0097159118323929,0.0133757433096967,-0.0283393766337936,0.013939320749177635,0.9256887396313322,0.06037193961949034,1
2020-10-30,train,test,0.006281175909806,0.0130592139422814,-0.0283393766337936,0.048469066584310744,0.9143349694288609,0.037195963986828263,1
2020-11-02,train,test,0.0204642738529696,0.0136175502540883,-0.0283393766337936,0.01185429175205179,0.9347032028664415,0.053442505381506814,1
2020-11-03,train,test,0.0248940662505058,0.0145428431366201,-0.0283393766337936,0.001439553789829727,0.8975704861864587,0.1009899600237113,1
2020-11-04,train,test,0.0044777559853933,0.0141424059914302,-0.0283393766337936,0.031156572761116753,0.9106175192975854,0.05822590794129791,1
2020-11-05,train,test,0.0207652658593849,0.0146246013403959,-0.0283393766337936,0.007890023930675333,0.9137438425133605,0.07836613355596396,1
2020-11-06,train,test,-0.0078002356533091,0.0143072305873082,-0.0283393766337936,0.026268916187340886,0.9236918592350216,0.0500392245776378,1
2020-11-09,train,test,0.0822526544466921,0.0244610912688972,-0.0283393766337936,1.8087612612913567e-24,5.726658460120337e-05,0.999942733415399,2
2020-11-10,train,test,0.0332247718528856,0.025073440425717,-0.0283393766337936,4.075421155347516e-08,0.007220632110200262,0.9927793271355883,2
2020-11-11,train,test,0.0106159993011362,0.0244482869822154,-0.0283393766337936,0.00031839862973833744,0.05811288310462452,0.9415687182656372,2
2020-11-12,train,test,-0.0087244758448933,0.0237996344700704,-0.0283393766337936,0.002109665704443739,0.13657387613261057,0.8613164581629458,2
2020-11-13,train,test,0.0074405643933125,0.0231464676519742,-0.0283393766337936,0.010426670198523186,0.2493636469489608,0.740209682852516,2
2020-11-16,train,test,0.0256832479729818,0.0233064622039587,-0.0283393766337936,0.0003774764380218454,0.16709635958725189,0.8325261639747266,2
2020-11-17,train,test,-0.0065199679007472,0.0226528212044833,-0.0283393766337936,0.006445351914558854,0.29434272270584755,0.6992119253795936,2
2020-11-18,train,test,0.0059312550127596,0.0220107264117415,-0.0283393766337936,0.027052521693558772,0.44179815148624385,0.5311493268201972,2
2020-11-19,train,test,-0.0064480830837678,0.0213985611448408,-0.0283393766337936,0.055122681632310565,0.5757338731078198,0.3691434452598698,1
2020-11-20,train,test,0.0059969260553903,0.0207986129646222,-0.0283393766337936,0.11986899054748841,0.6540641166150949,0.22606689283741668,1
2020-11-23,train,test,0.0004135938737899,0.0201652579148041,-0.0280493488323109,0.2399115400702186,0.645593047611799,0.11449541231798233,1
2020-11-24,train,test,0.0200944465729192,0.0201610162479139,-0.0280493488323109,0.05908507973188978,0.7807856104395444,0.16012930982856563,1
2020-11-25,train,test,0.0026367603359816,0.0195574980987828,-0.0280493488323109,0.13517007933584976,0.7796689439397722,0.08516097672437815,1
2020-11-26,train,test,-0.0073881937091455,0.0190478637213702,-0.0280493488323109,0.168286883246914,0.7798756093345055,0.05183750741858056,1
2020-11-27,train,test,0.0105675743761656,0.0186481168834487,-0.0280493488323109,0.19587310989731802,0.7677061018058632,0.036420788296818704,1
2020-11-30,train,test,-0.0139912646854908,0.018401968828112,-0.0280493488323109,0.09448040029423166,0.869003127646476,0.036516472059292586,1
2020-12-01,train,test,0.00788030783351,0.0179454859070133,-0.0280493488323109,0.15011273800079258,0.8257207202336385,0.02416654176556893,1
2020-12-02,train,test,0.009779072883345,0.0175629112780299,-0.0280493488323109,0.18920451604996452,0.7922005091838068,0.01859497476622842,1
2020-12-03,train,test,-0.0024479638781215,0.0170384287138007,-0.0280493488323109,0.30045644635133867,0.6880090803759465,0.011534473272714956,1
2020-12-04,train,test,0.0147912584300914,0.0169120208552939,-0.0280493488323109,0.20757311473064344,0.7767914738163206,0.015635411453036274,1
2020-12-07,train,test,-0.0056994197416299,0.0164561376260889,-0.0280493488323109,0.27425728771475655,0.714411154105437,0.011331558179806243,1
2020-12-08,train,test,-0.0058170703409576,0.0160183175170101,-0.0280493488323109,0.345082259730926,0.6461385034176788,0.008779236851395058,1
2020-12-09,train,test,0.0009354604775692,0.0155320253505302,-0.0280493488323109,0.5043908153579117,0.4899438830220113,0.005665301620076838,0
2020-12-10,train,test,-0.0064565083052676,0.015141676682914,-0.0280493488323109,0.5609256350639843,0.4341384738940843,0.004935891041931527,0
2020-12-11,train,test,-0.0146751507476617,0.0151140912188495,-0.0278280097963706,0.30482027698673747,0.684376329334567,0.01080339367869541,1
2020-12-14,train,test,0.0095903212226327,0.0148407568485774,-0.0218228086250871,0.3568304550845994,0.6335813963518911,0.00958814856350956,1
2020-12-15,train,test,0.0014239191595033,0.0143928743743093,-0.0218228086250871,0.5173225476588155,0.4767837716908885,0.0058936806502960706,0
2020-12-16,train,test,-0.0015835973848253,0.0139597997704123,-0.0218228086250871,0.6552950245482378,0.3409827789437654,0.0037221965079973487,0
2020-12-17,train,test,0.0017062531285769,0.0135409795449417,-0.0218228086250871,0.7775997118078706,0.22017523412520923,0.0022250540669199502,0
2020-12-18,train,test,-0.0143293705385206,0.0135895728783561,-0.0218228086250871,0.5511385456541736,0.44257335094887107,0.006288103396955149,0
2020-12-21,train,test,-0.03129047511721,0.015242753410681,-0.026633720838901,0.0020255733224921924,0.9241207271736315,0.07385369950387645,1
2020-12-22,train,test,0.0183673938173995,0.0154480648945136,-0.026633720838901,0.005326836940306744,0.9150701701615916,0.0796029928981014,1
2020-12-23,train,test,0.0174169372036785,0.0155732183102726,-0.026633720838901,0.007692522281528658,0.9121866558915862,0.08012082182688489,1
2020-12-24,train,test,0.0046833163079646,0.0151423125025695,-0.026633720838901,0.04189114928055652,0.9114318558353608,0.04667699488408308,1
2020-12-28,train,test,0.0054220119664999,0.0147409681865146,-0.026633720838901,0.09487093593275203,0.8767229236695894,0.02840614039765848,1
2020-12-29,train,test,0.0023514079254054,0.0143035003284226,-0.026633720838901,0.18757290359135492,0.7954660174070303,0.016961079001614754,1
2020-12-30,train,test,-0.0024985808640523,0.0138812567416112,-0.026633720838901,0.29767385040863387,0.6914852434525585,0.010840906138807444,1
2020-12-31,train,test,-0.0099457572687184,0.0136770982544482,-0.026633720838901,0.26223951178003946,0.726631009821241,0.011129478398719788,1
2021-01-04,test,test,0.0031534258562526,0.013282916898783,-0.026633720838901,0.4075122157543417,0.5850708372903386,0.0074169469553193625,1
2021-01-05,test,test,-0.0009511875089005,0.012880373205781,-0.026633720838901,0.5590750100831686,0.43608942275573165,0.004835567161099856,0
2021-01-06,test,test,0.0314833149963947,0.0146772518025249,-0.026633720838901,0.006298626993407776,0.9282784032068658,0.06542296979972656,1
2021-01-07,test,test,0.0042423329295163,0.0142680152988189,-0.026633720838901,0.0403810265559254,0.9211409778176944,0.03847799562638027,1
2021-01-08,test,test,0.0026081999630999,0.0138480990520772,-0.026633720838901,0.10073114151961578,0.8763193671272097,0.02294949135317472,1
2021-01-11,test,test,-0.0059886365516977,0.0135061275937876,-0.026633720838901,0.1460687864303949,0.837776285319885,0.01615492824972032,1
2021-01-12,test,test,-0.0013888921978028,0.0130990951945972,-0.026633720838901,0.2526109230062433,0.736688590729688,0.010700486264068628,1
2021-01-13,test,test,0.0018195035545821,0.0127078618505711,-0.026633720838901,0.40035086519993723,0.592469300610858,0.007179834189204658,1
2021-01-14,test,test,0.0013506777384324,0.0123251704842405,-0.026633720838901,0.5611552112196746,0.43414398157583095,0.0047008072044944504,0
2021-01-15,test,test,-0.0170695389275313,0.0126600705910184,-0.026633720838901,0.2033716035801142,0.7826621054491013,0.01396629097078438,1
2021-01-18,test,test,0.0028874167059891,0.0122947539479827,-0.026633720838901,0.33654217696308647,0.6543318206924866,0.009126002344426797,1
2021-01-19,test,test,-0.0067463105717455,0.0120342045247194,-0.026633720838901,0.3882937272355427,0.6039575868152329,0.007748685949224598,1
2021-01-20,test,test,0.0006217860844281,0.0116685882139313,-0.026633720838901,0.548168417363109,0.4468454755698634,0.004986107067027508,0
2021-01-21,test,test,-0.0100452282482707,0.0115776072867199,-0.0251054616161355,0.4900459857234081,0.5036596612089698,0.006294353067622344,1
2021-01-22,test,test,-0.0106075438800713,0.0115217069172253,-0.0210117215974676,0.4132714125451621,0.5788268150248481,0.007901772429989382,1
2021-01-25,test,test,-0.0174603053980165,0.011961458203111,-0.0219401064809192,0.11552382091302679,0.866280909751116,0.018195269335856894,1
2021-01-26,test,test,0.0085234719224527,0.0117834998120616,-0.0219401064809192,0.16788838449100188,0.8176682569863065,0.014443358522691553,1
2021-01-27,test,test,-0.0141869295205548,0.0119413547767779,-0.0219401064809192,0.07739485478196585,0.904286889169831,0.018318256048203176,1
2021-01-28,test,test,0.0101107979012053,0.0118395055100508,-0.0219401064809192,0.10498865072506733,0.8789584681304423,0.016052881144490196,1
2021-01-29,test,test,-0.0223081271348153,0.0127130881163845,-0.0236863025500139,0.006310502800033126,0.9582104096265857,0.0354790875733813,1
2021-02-01,test,test,0.0052328455389059,0.0123922642496722,-0.0236863025500139,0.03911647729730962,0.9376829435404662,0.023200579162224087,1
2021-02-02,test,test,0.0193921546442005,0.012919654025722,-0.0236863025500139,0.013145494997676328,0.9526760790217385,0.03417842598058503,1
2021-02-03,test,test,0.0077551211449654,0.0126692906973547,-0.0236863025500139,0.042786557676999605,0.9332174648323707,0.02399597749062997,1
2021-02-04,test,test,0.0136100733201,0.0127276988067107,-0.0236863025500139,0.04273307674768044,0.9335252055070649,0.023741717745254715,1
2021-02-05,test,test,0.0112749440462135,0.0126452409899613,-0.0236863025500139,0.05877499428935475,0.9204878460191595,0.020737159691485693,1
2021-02-08,test,test,0.0005232911315792,0.0122606860545832,-0.0236863025500139,0.13076525463582547,0.8554310524338433,0.013803692930331027,1
2021-02-09,test,test,-0.0144610363180087,0.0124037192591881,-0.0236863025500139,0.05727936636761908,0.924758390455914,0.01796224317646663,1
2021-02-10,test,test,-0.0044042155849432,0.0120741435832206,-0.0236863025500139,0.10585081621194596,0.8808204922270545,0.013328691560999523,1
2021-02-11,test,test,-0.003452751947517,0.0117368282100744,-0.0236863025500139,0.17990145456242732,0.8098292367244998,0.010269308713073192,1
2021-02-12,test,test,0.0021624733130437,0.0113915989086962,-0.0236863025500139,0.30767587910082295,0.6846349406305203,0.007689180268656701,1
2021-02-15,test,test,0.0182678758438622,0.0119165989873628,-0.0236863025500139,0.11985239147827122,0.8630053851008912,0.017142223420837356,1
2021-02-16,test,test,-0.0060890565573689,0.0116494466875303,-0.0236863025500139,0.16706085874163382,0.819911046529928,0.013028094728437856,1
2021-02-17,test,test,-0.0038092006512739,0.0113330327897776,-0.0236863025500139,0.2556548393804648,0.7347020609097054,0.009643099709829798,1
2021-02-18,test,test,-0.0079848264256864,0.0111605027424495,-0.0236863025500139,0.2752252758058064,0.7155750729218872,0.00919965127230648,1
2021-02-19,test,test,0.0115364301446587,0.0111834147470853,-0.0236863025500139,0.27713218712987475,0.7125347534526205,0.010333059417504434,1
2021-02-22,test,test,-0.0048451135294895,0.0109074812393982,-0.0236863025500139,0.3678040613440813,0.6243312416950436,0.00786469696087514,1
2021-02-23,test,test,0.0170985406198608,0.0113743731101233,-0.0236863025500139,0.1842922987577185,0.8001033736521403,0.015604327590141017,1
2021-02-24,test,test,0.0021184269623731,0.0110400654797466,-0.0236863025500139,0.31414265038719813,0.6759268239277362,0.009930525685065562,1
2021-02-25,test,test,0.005811680273105,0.0107979905864506,-0.0236863025500139,0.44053856374294825,0.5523228977793033,0.007138538477748462,1
2021-02-26,test,test,-0.0112194766575434,0.0108237426083089,-0.0236863025500139,0.34501231696582385,0.6457438316593019,0.009243851374874108,1
2021-03-01,test,test,0.0184428152005568,0.0114250796828372,-0.0236863025500139,0.13352276546108105,0.8469221077451767,0.019555126793742453,1
2021-03-02,test,test,-0.0026652267156799,0.0110962473395462,-0.0236863025500139,0.22527020996641403,0.7620601603679135,0.012669629665672817,1
2021-03-03,test,test,-0.003176489550878,0.0107863111336162,-0.0236863025500139,0.33557931291256726,0.6556522124089258,0.008768474678506532,1
2021-03-04,test,test,0.002961070489549,0.0104828390098078,-0.0236863025500139,0.49088666617782256,0.503258404092838,0.005854929729339846,1
2021-03-05,test,test,-0.0080766022544971,0.0103542459465601,-0.0236863025500139,0.5021894251110688,0.49192980687551185,0.005880768013419774,0
2021-03-08,test,test,0.0188159744720022,0.0110462771237375,-0.0236863025500139,0.2093773139821605,0.7741726925894377,0.016449993428401852,1
2021-03-09,test,test,0.0061627520534573,0.0108156273405238,-0.0236863025500139,0.3153306086277415,0.6734805011422504,0.011188890230007863,1
2021-03-10,test,test,0.0033839158690198,0.0105188488096111,-0.0236863025500139,0.4668243444680162,0.5261455109668595,0.007030144565124236,1
2021-03-11,test,test,0.00792141211612,0.0103813455610289,-0.0236863025500139,0.5581159529056887,0.4362759559390849,0.00560809115522652,0
2021-03-12,test,test,0.0059753622316077,0.0101709533843185,-0.0236863025500139,0.6740134813770026,0.32216220299760434,0.0038243156253928772,0
2021-03-15,test,test,-0.0010532016979761,0.0098644791656842,-0.0236863025500139,0.7845198357358959,0.2132366634273741,0.0022435008367298966,0
2021-03-16,test,test,0.0025790420794928,0.0095848088004129,-0.0236863025500139,0.865016662963908,0.13367323019465002,0.001310106841441863,0
2021-03-17,test,test,-0.0067450589098001,0.0094385483702657,-0.0189459904867877,0.874781495166046,0.12398586496669689,0.0012326398672572619,0
2021-03-18,test,test,0.0029144777040249,0.0091788166140745,-0.0189459904867877,0.9200696041573199,0.07919775265737293,0.0007326431853073586,0
2021-03-19,test,test,-0.0153762449405627,0.0096634035658794,-0.0189459904867877,0.7383300353998736,0.2581969179340368,0.003473046666089177,0
2021-03-22,test,test,-0.0177595021930517,0.0103296893204553,-0.0191759782419611,0.3144452568996753,0.6716335274207068,0.013921215679618107,1
2021-03-23,test,test,0.0055934608100608,0.0101082906962415,-0.0191759782419611,0.44443294375549725,0.546776729597806,0.008790326646696645,1
2021-03-24,test,test,0.0063443708855085,0.0099227995478953,-0.0191759782419611,0.5657942772177541,0.4283046848069255,0.005901037975320492,0
2021-03-25,test,test,-0.0040586051150395,0.0096717408125135,-0.0191759782419611,0.6667604009866887,0.3293162892173821,0.00392330979592935,0
2021-03-26,test,test,0.0104923801625344,0.009722932613789,-0.0191759782419611,0.6828602350121487,0.3130595711640006,0.0040801938238505695,0
2021-03-29,test,test,-0.0007181257858666,0.0094283739729714,-0.0191759782419611,0.7927415662248982,0.20499048575635223,0.0022679480187496343,0
2021-03-30,test,test,0.0120676570681467,0.0096071995115442,-0.0191759782419611,0.7641088269871872,0.2328279217022047,0.003063251310608217,0
2021-03-31,test,test,-0.0017700171302941,0.0093246106163116,-0.0191759782419611,0.8443225062367626,0.15397711170111542,0.001700382062122273,0
2021-04-01,test,test,-0.0002798049488634,0.0090408052078144,-0.0191759782419611,0.9013809845518541,0.09766726099650706,0.0009517544516387858,0
2021-04-06,test,test,0.0066232336315358,0.0089142595150456,-0.0191759782419611,0.9251853949538817,0.07410151182041802,0.0007130932257000297,0
2021-04-07,test,test,-0.0043174647788214,0.0087071586333584,-0.0191759782419611,0.9384595399745083,0.06099911908820011,0.0005413409372916692,0
2021-04-08,test,test,0.0046880207476131,0.0085196471224037,-0.0191759782419611,0.9542532607177681,0.04536492108224853,0.00038181819998354456,0
2021-04-09,test,test,-0.0083703901526353,0.0085107655204045,-0.0191759782419611,0.937740314517668,0.06172152956417498,0.0005381559181570453,0
2021-04-12,test,test,-0.0038834321544337,0.0083061425870612,-0.0191759782419611,0.9484310658924141,0.05114636240312863,0.00042257170445729225,0
2021-04-13,test,test,-0.0008793683587832,0.0080559842178732,-0.0191759782419611,0.9613206729908885,0.038384786012234356,0.00029454099687704807,0
2021-04-14,test,test,0.0073977935477919,0.0080180165738199,-0.0191759782419611,0.9619724899945317,0.037727277019096624,0.00030023298637151934,0
2021-04-15,test,test,-0.0019581336384908,0.0077885384785683,-0.0191759782419611,0.9676553818136141,0.03211041919919105,0.00023419898719464485,0
2021-04-16,test,test,0.0048763725095029,0.0076451548228467,-0.0191759782419611,0.9708830127440349,0.028909810860066408,0.00020717639589888057,0
2021-04-19,test,test,0.0113018176719406,0.0079123544972888,-0.0191759782419611,0.9533778209958785,0.046225585181921984,0.0003965938221997663,0
2021-04-20,test,test,-0.0293542622825525,0.0105142472540117,-0.0231406305368065,0.0533534298621292,0.9089470540719711,0.03769951606589965,1
2021-04-21,test,test,0.0071145481690819,0.0103418295933744,-0.0231406305368065,0.10198963103831558,0.8732617955545918,0.02474857340709253,1
2021-04-22,test,test,0.0159522732508012,0.0107612608132219,-0.0231406305368065,0.05882311087490251,0.912655231279127,0.028521657845970168,1
2021-04-23,test,test,-0.0044225035449018,0.0104895167900649,-0.0231406305368065,0.1080631182819362,0.8732956240503881,0.018641257667675826,1
2021-04-26,test,test,0.0096188243422997,0.0104393233326395,-0.0231406305368065,0.14482617818297014,0.8395830925644592,0.01559072925257047,1
2021-04-27,test,test,0.0062777064390118,0.0102374449562795,-0.0208300031387223,0.23243723904877628,0.7560518947941636,0.011510866157059766,1
2021-04-28,test,test,0.0048870775644255,0.0099974983924042,-0.0208300031387223,0.3580527689722723,0.6337186585432244,0.00822857248450316,1
2021-04-29,test,test,0.0026784166316492,0.0097151124851397,-0.0208300031387223,0.515880526956845,0.4786658583444156,0.005453614698739413,0
2021-04-30,test,test,-0.0009298222962093,0.0094219042731889,-0.0208300031387223,0.6591324053319851,0.33735901228806114,0.0035085823799537,0
2021-05-03,test,test,0.008888367025649,0.0093907469046985,-0.0208300031387223,0.7122908827560498,0.2844614726699983,0.003247644573951888,0
2021-05-04,test,test,-0.0071428249359958,0.0092712543200149,-0.0208300031387223,0.7355959291175012,0.2614464628826388,0.002957607999859767,0
2021-05-05,test,test,0.0154400042858756,0.0097520465137982,-0.0208300031387223,0.582976919660113,0.4104032179469744,0.006619862392912549,0
2021-05-06,test,test,0.0016045006924112,0.0094631248477003,-0.0208300031387223,0.7230044726871111,0.27351188653467,0.003483640778218952,0
2021-05-07,test,test,0.0085359745772442,0.0094100722467564,-0.0208300031387223,0.7731419423587882,0.2240582175774957,0.00279984006371602,0
2021-05-10,test,test,0.0093498754993236,0.0094064713053831,-0.0208300031387223,0.8017346055173019,0.19579750809792196,0.0024678863847763886,0
2021-05-11,test,test,-0.0173293484660136,0.0100593826534856,-0.0214810376472059,0.41669503545441117,0.5723561876793087,0.010948776866280032,1
2021-05-12,test,test,0.0022784242672449,0.0097688884544551,-0.0214810376472059,0.5767331115013039,0.41724818122012725,0.00601870727856876,0
2021-05-13,test,test,-0.0046178150367257,0.0095385933805911,-0.0214810376472059,0.6669974967902806,0.3289394724339398,0.004063030775779246,0
2021-05-14,test,test,0.0198108728427124,0.0104438459787019,-0.0214810376472059,0.28855980603604664,0.6954058073198247,0.016034386644128512,1
2021-05-17,test,test,0.0010928246696507,0.0101292220650331,-0.0214810376472059,0.44336023292694016,0.5476847263077815,0.008955040765278534,1
2021-05-18,test,test,0.0030863222786498,0.009849700217603,-0.0214810376472059,0.5986734725722872,0.39612923457562943,0.005197292852083175,0
2021-05-19,test,test,-0.0124025333603358,0.0100212259100024,-0.0214810376472059,0.4426982634580363,0.5489984798812688,0.00830325666069472,1
2021-05-20,test,test,0.0058917026019704,0.0098225353238331,-0.0214810376472059,0.5708240828195597,0.4236164360412713,0.0055594811391690025,0
2021-05-21,test,test,0.0086970093816244,0.0097586652011285,-0.0214810376472059,0.638031889829572,0.3573324319274092,0.004635678243018684,0
2021-05-24,test,test,0.0001629593420049,0.0094614611483683,-0.0214810376472059,0.7631632200720655,0.23424301027835584,0.002593769649578599,0
2021-05-25,test,test,0.0003475790760148,0.0091736220170226,-0.0214810376472059,0.8512498752048313,0.14727957984078136,0.0014705449543874725,0
2021-05-26,test,test,-0.0012821973669382,0.0088997001220152,-0.0214810376472059,0.9030467316061143,0.09606346229290484,0.0008898061009807445,0
2021-05-27,test,test,-0.001175083772271,0.0086333789351795,-0.0214810376472059,0.9346961855826995,0.06474411298248799,0.0005597014348125825,0
2021-05-28,test,test,0.0041823567549555,0.0084328313400447,-0.0214810376472059,0.9529364186181478,0.04667581261574883,0.0003877687661034187,0
2021-05-31,test,test,-0.008240090029134,0.0084213912607333,-0.0214810376472059,0.9374564476013173,0.062005906793801246,0.0005376456048814698,0
2021-06-01,test,test,0.0044496167319708,0.0082372681311258,-0.0214810376472059,0.9540904073333748,0.045531041127489805,0.00037855153913532815,0
2021-06-02,test,test,-0.0009798371868534,0.0079899334129254,-0.0214810376472059,0.9643910685144295,0.03534114274127031,0.00026778874430008996,0
2021-06-03,test,test,-0.0041804999418068,0.0078139163402361,-0.0214810376472059,0.964876833511957,0.034869053348769656,0.0002541131392738465,0
2021-06-04,test,test,-0.0059351252742655,0.0077141035758635,-0.0214810376472059,0.9598348273304861,0.03986901978238492,0.00029615288712872616,0
2021-06-07,test,test,0.0082512214423616,0.0077473808256632,-0.0214810376472059,0.9582259539352783,0.041437790480829205,0.00033625558389241146,0
2021-06-08,test,test,-0.0010918700914981,0.0075161243933416,-0.0214810376472059,0.9665899111862214,0.03316433853584909,0.00024575027792953175,0
2021-06-09,test,test,0.000273079310115,0.0072874599608499,-0.0214810376472059,0.9721672679411495,0.027641512753710854,0.00019121930513976056,0
2021-06-10,test,test,-0.0024384842401361,0.0070906572786657,-0.0214810376472059,0.972914207839811,0.02690684328789909,0.00017894887229003578,0
2021-06-11,test,test,0.0077650177574028,0.0071329170366164,-0.0214810376472059,0.9688020725611429,0.03097293562226429,0.00022499181659283801,0
2021-06-14,test,test,0.0082332174829468,0.007203675959638,-0.0214810376472059,0.9646620852668403,0.03506607129765836,0.0002718434355011622,0
2021-06-15,test,test,-0.0054451257165912,0.0071104383926554,-0.0214810376472059,0.961405806261242,0.038306232828257146,0.00028796091050126886,0
2021-06-16,test,test,-0.0030922993242007,0.0069353134748352,-0.0196953813696339,0.9654180544286384,0.03433339820888366,0.0002485473624778544,0
2021-06-17,test,test,-0.0006848321003887,0.0067261280328968,-0.0196953813696339,0.9709574430028941,0.02884342710314015,0.00019912989396601098,0
2021-06-18,test,test,-0.0181390078782816,0.007890992765459,-0.0216075395422825,0.7600216583352714,0.236991534194923,0.0029868074698055688,0
2021-06-21,test,test,0.0023338398038948,0.0076719299598516,-0.0216075395422825,0.8496025442922602,0.14878616921359983,0.001611286494139852,0
2021-06-22,test,test,0.0001767036044364,0.0074383379998603,-0.0216075395422825,0.9053555120930092,0.09374232818238622,0.0009021597246045949,0
2021-06-23,test,test,-0.0110178262327282,0.0077001746448916,-0.0216075395422825,0.8476205434893794,0.15070431017690425,0.0016751463337165342,0
2021-06-24,test,test,0.0133126743066972,0.0081467027698262,-0.0216075395422825,0.7917165506925651,0.2054528884045941,0.0028305609028409515,0
2021-06-25,test,test,0.0023006533392593,0.0079185996493033,-0.0216075395422825,0.8701883823203338,0.12835999701946751,0.0014516206601988793,0
2021-06-28,test,test,-0.0201353710254029,0.0091251277887725,-0.0225428803954123,0.3500836953197307,0.6362002315791703,0.013716073101099,1
2021-06-29,test,test,0.0001569835413155,0.008847223200625,-0.0225428803954123,0.5082310928577923,0.484246414634934,0.00752249250727377,0
2021-06-30,test,test,-0.0105884871588313,0.0089612454758666,-0.0225428803954123,0.43134217448219414,0.559974375647708,0.008683449870097788,1
2021-07-01,test,test,0.012515961323394,0.0092132861955405,-0.0225428803954123,0.3939039735274757,0.5960200062278485,0.010076020244675778,1
2021-07-02,test,test,-0.0027690975741992,0.0089583278602766,-0.0225428803954123,0.5265578928228454,0.4671868698167992,0.006255237360355796,0
2021-07-05,test,test,0.004346459318293,0.0087504309771239,-0.0225428803954123,0.6644415439293807,0.3316499846295217,0.003908471441097537,0
2021-07-06,test,test,-0.0096142284424592,0.0088046489459213,-0.0225428803954123,0.6210511450970864,0.3742510304532365,0.004697824449677167,0
2021-07-07,test,test,-0.0007112275854787,0.0085382014006439,-0.0225428803954123,0.7465987412732519,0.2506703574206723,0.002730901306075832,0
2021-07-08,test,test,-0.0233549679545499,0.0100625097196457,-0.0242815337541684,0.08705516013695004,0.8872998334430133,0.025645006420036694,1
2021-07-09,test,test,0.0145182079933223,0.0103839085871712,-0.0242815337541684,0.06521768011455782,0.90831864186749,0.026463678017952297,1
2021-07-12,test,test,0.0045586280944614,0.0101293084413567,-0.0242815337541684,0.13434802509354074,0.8484644408746973,0.017187534031761993,1
2021-07-13,test,test,-0.0139225491465167,0.0103960068590956,-0.0205431156194114,0.0652317241857171,0.9147442917749771,0.02002398403930572,1
2021-07-14,test,test,-0.0042067474571287,0.0101318381623269,-0.0205431156194114,0.11823207203535534,0.8675658473239646,0.014202080640679408,1
2021-07-15,test,test,-0.0152807761363928,0.0105121369394887,-0.0205431156194114,0.044028544754408,0.9367088596776398,0.019262595567952033,1
2021-07-16,test,test,-0.0024422674292159,0.0102094369024074,-0.0205431156194114,0.09821060478557782,0.8881801166273692,0.013609278587052805,1
2021-07-19,test,test,-0.0243349956968327,0.0115546599554584,-0.0226084448922618,0.003074980568828896,0.958749850764241,0.03817516866692987,1
2021-07-20,test,test,0.00675882739186,0.0113243305121263,-0.0226084448922618,0.03095315697130733,0.9434055250960367,0.025641317932655925,1
2021-07-21,test,test,0.0246984489561832,0.0125358221391927,-0.0226084448922618,0.0026622246015967,0.9402877797880556,0.05704999561034758,1
2021-07-22,test,test,0.0063762439465251,0.0122538734984119,-0.0226084448922618,0.030832490164407526,0.933413754760406,0.03575375507518683,1
2021-07-23,test,test,0.0110042509165035,0.0121825113612169,-0.0226084448922618,0.048735023236916114,0.9231149194600374,0.02815005730304678,1
2021-07-26,test,test,0.0066314755273788,0.0119225566109967,-0.0226084448922618,0.09841441234445222,0.8822258714382818,0.019359716217265975,1
2021-07-27,test,test,-0.0086984935110185,0.0117540776811943,-0.0226084448922618,0.10906049752556232,0.8748725089185432,0.016066993555894443,1
2021-07-28,test,test,0.0039580384522231,0.0114371677311638,-0.0226084448922618,0.2023150596566558,0.7863285873650182,0.011356352978325693,1
2021-07-29,test,test,0.0060045396589734,0.0111858637198519,-0.0226084448922618,0.3082337389059877,0.6829689630261596,0.008797298067852557,1
2021-07-30,test,test,-0.0126676312397216,0.0112802600680608,-0.0226084448922618,0.19143783262838496,0.796336633153951,0.012225534217664211,1
2021-08-02,test,test,0.0095214776756607,0.0111825365368769,-0.0226084448922618,0.23823502576755495,0.7506006743656255,0.011164299866819409,1
2021-08-03,test,test,0.0016084889957982,0.0108490280765444,-0.0226084448922618,0.383119756684565,0.6093957656633039,0.007484477652131279,1
2021-08-04,test,test,0.0022886186701959,0.0105334511020066,-0.0226084448922618,0.5428341940297687,0.4521973639497038,0.004968442020527198,0
2021-08-05,test,test,0.0049462485732884,0.01028417712256,-0.0226084448922618,0.6726353408255592,0.3239127933395937,0.003451865834846953,0
2021-08-06,test,test,0.0047980674024751,0.0100399067819785,-0.0226084448922618,0.7777925744448577,0.21992965414363796,0.0022777714115042136,0
2021-08-09,test,test,-0.0014764367752142,0.009740766727134,-0.0226084448922618,0.8549232584510409,0.14368917445716384,0.0013875670917956216,0
2021-08-10,test,test,0.0037264095997495,0.0094880320381416,-0.0226084448922618,0.906540290688101,0.09259743936637435,0.000862269945524536,0
2021-08-11,test,test,0.0085931342575481,0.0094367316493311,-0.0226084448922618,0.9173385307787812,0.08184804881925993,0.0008134204019583861,0
2021-08-12,test,test,0.0004010633071863,0.0091497781981194,-0.0226084448922618,0.9450862758247046,0.05443600388026787,0.0004777202950276019,0
2021-08-13,test,test,0.0022692247257487,0.0088884361651333,-0.0226084448922618,0.9606204809482128,0.039067177471623867,0.0003123415801633605,0
2021-08-16,test,test,-0.0081667936177378,0.0088467977649336,-0.0226084448922618,0.9451781445025267,0.05437001537604663,0.00045184012142688196,0
2021-08-17,test,test,-0.0068456188975816,0.008739658502337,-0.0226084448922618,0.9400359356200031,0.05945934783006157,0.0005047165499353289,0
2021-08-18,test,test,0.0117180734897704,0.0089463695246688,-0.0226084448922618,0.9197683916545946,0.07941325064263861,0.0008183577027664662,0
2021-08-19,test,test,-0.0076095349971922,0.0088718418259129,-0.0226084448922618,0.9125473456493083,0.08658899970894988,0.0008636546417419312,0
2021-08-20,test,test,0.0014704208486334,0.0086091074444046,-0.0226084448922618,0.9427606589566007,0.05673585658507252,0.0005034844583272627,0
2021-08-23,test,test,0.005904912917676,0.0084712340850589,-0.0226084448922618,0.9541646842351685,0.04544658285276183,0.0003887329120697442,0
2021-08-24,test,test,-0.0021767410906993,0.0082304550673088,-0.0226084448922618,0.9627828439021083,0.03693203240569254,0.0002851236921989046,0
2021-08-25,test,test,0.0032132997915181,0.0080184465397669,-0.0226084448922618,0.9697743702071442,0.03000729860550133,0.00021833118735462497,0
2021-08-26,test,test,-0.0094796141957115,0.0081135405917765,-0.0226084448922618,0.9453282131942008,0.054233717473885536,0.0004380693319134281,0
2021-08-27,test,test,0.0033118374301073,0.0079080885495895,-0.0226084448922618,0.9600476336562371,0.03964275869780059,0.00030960764596233694,0
2021-08-30,test,test,-0.0061045156039575,0.007811625905226,-0.0226084448922618,0.9555348478729753,0.04412137575634457,0.00034377637068008554,0
2021-08-31,test,test,-0.0024048989828849,0.0075965269481045,-0.0226084448922618,0.9631855837625606,0.03654300360407373,0.00027141263336572576,0
2021-09-01,test,test,0.0162465263659659,0.0083714852631109,-0.0226084448922618,0.8876793923196855,0.11101756615810607,0.0013030415222085485,0
2021-09-02,test,test,-0.0011238709633448,0.0081211233666525,-0.0226084448922618,0.9257363950139254,0.07354003983087146,0.0007235651552035805,0
2021-09-03,test,test,-0.0131576856548417,0.0085078180257751,-0.0226084448922618,0.8259431849898577,0.1719709779644312,0.002085837045710895,0
2021-09-06,test,test,0.0020623804821612,0.0082640906518088,-0.0226084448922618,0.8917319658281073,0.10715393745741764,0.0011140967144752274,0
2021-09-07,test,test,0.0013725976960981,0.0080193842724585,-0.0226084448922618,0.9309302612004438,0.06843812537772605,0.0006316134218304869,0
2021-09-08,test,test,-0.0062932790739502,0.0079264250676424,-0.0226084448922618,0.9321105969090396,0.06728420278965523,0.0006052003013050197,0
2021-09-09,test,test,-0.0043199725173483,0.0077574642277494,-0.0226084448922618,0.9430972174162308,0.056422193387529906,0.00048058919623955967,0
2021-09-10,test,test,-0.0120372292549964,0.0080784435046835,-0.0226084448922618,0.8792667255527645,0.11948581291727024,0.0012474615299654717,0
2021-09-13,test,test,0.0137969237138972,0.0085303505630711,-0.0226084448922618,0.817302242317536,0.1802709609162108,0.0024267967662531574,0
2021-09-14,test,test,-0.0041031434037643,0.008331327327183,-0.0226084448922618,0.8649534483847653,0.1335326594451742,0.0015138921700601745,0
2021-09-15,test,test,-0.0166063287823077,0.0090439241188917,-0.0226084448922618,0.56344529455893,0.42934228853570644,0.0072124169053633305,0
2021-09-16,test,test,0.0113190494488018,0.0091963178765004,-0.0226084448922618,0.5611057454357568,0.4316844453664639,0.007209809197779658,0
2021-09-17,test,test,0.003109555670757,0.0089486360371106,-0.0226084448922618,0.7017548221260154,0.2943541382471329,0.003891039626851618,0
2021-09-20,test,test,-0.0121152352331677,0.0091695221900867,-0.0214320974778967,0.5638794518137799,0.42974710356976037,0.006373444616459767,0
2021-09-21,test,test,0.0115557309095078,0.0093299208985929,-0.0214320974778967,0.5537558498699492,0.43938128358739686,0.006862866542653957,0
2021-09-22,test,test,0.005966676336156,0.0091630045359362,-0.0214320974778967,0.6706208725597999,0.32504473962096025,0.004334387819240127,0
2021-09-23,test,test,0.007746584963594,0.0090842494304121,-0.0214320974778967,0.7425580880905033,0.25423970647775274,0.003202205431744224,0
2021-09-24,test,test,-0.0004282570487988,0.0088081312829168,-0.0214320974778967,0.8356208555442951,0.1626303586579031,0.0017487857978018184,0
2021-09-27,test,test,0.0145226071332386,0.0092510838917423,-0.0214320974778967,0.7420330797568659,0.2542718341507301,0.0036950860924040256,0
2021-09-28,test,test,-0.0262783575083469,0.0110399603433129,-0.0246561070532431,0.03281222313376243,0.925397346735871,0.04179043013036664,1
2021-09-29,test,test,0.0124655976095338,0.0111306490531673,-0.0246561070532431,0.042005717963925375,0.9235635518604471,0.0344307301756276,1
2021-09-30,test,test,-0.0094028748270219,0.0110346142091532,-0.0224065606624957,0.051122628689632375,0.9229741600611427,0.02590321124922476,1
2021-10-01,test,test,0.0003637453691569,0.0106988264189008,-0.0224065606624957,0.11830051661217506,0.8653177480671647,0.01638173532066025,1
2021-10-04,test,test,-0.0008867848824456,0.0103751711688496,-0.0224065606624957,0.21668493742379802,0.7722552321079079,0.011059830468294129,1
2021-10-05,test,test,0.0153171260296266,0.0107360321890538,-0.0224065606624957,0.13594724252613788,0.848058080211399,0.015994677262463085,1
2021-10-06,test,test,-0.0172184734833799,0.0112309925509907,-0.0226106088961865,0.032793457928707,0.9431547250223107,0.0240518170489825,1
2021-10-07,test,test,0.0211758870254942,0.0120611845827254,-0.0226106088961865,0.0074965424504422505,0.952282141048958,0.040221316500599694,1
2021-10-08,test,test,-0.0008706208647486,0.011695696728612,-0.0226106088961865,0.043401828951122656,0.932227126206241,0.024371044842636313,1
2021-10-11,test,test,-0.0062731246379499,0.0114430366692151,-0.0200343865913448,0.07463910625182078,0.9077414690933826,0.017619424654796694,1
2021-10-12,test,test,0.0041380038543302,0.0111406412505802,-0.0200343865913448,0.15036349387765172,0.8370498867454467,0.012586619376901233,1
2021-10-13,test,test,-0.0061176685116148,0.0109047056955592,-0.0200343865913448,0.20163812196231753,0.7879051380730663,0.010456739964616199,1
2021-10-14,test,test,0.0048970814482621,0.0106403352546341,-0.0200343865913448,0.3197858492008042,0.672171370485356,0.008042780313839475,1
2021-10-15,test,test,0.0080348607692788,0.0105022506885929,-0.0200343865913448,0.40753159719318915,0.5853445569752028,0.007123845831607897,1
2021-10-18,test,test,-0.0068031266680821,0.0103177703648708,-0.0200343865913448,0.4578851027089595,0.5357668736732268,0.006348023617813819,1
2021-10-19,test,test,0.0067252982185533,0.0101381842729249,-0.0200343865913448,0.5720249203094644,0.4230648325619224,0.004910247128613082,0
2021-10-20,test,test,0.0023981743353372,0.009846871987552,-0.0200343865913448,0.712692945712429,0.28430220833979775,0.0030048459477734555,0
2021-10-21,test,test,-0.0081950982677452,0.0097556554264673,-0.0200343865913448,0.7108791710162267,0.2859160995016944,0.0032047294820790827,0
2021-10-22,test,test,-0.0042462727617747,0.0095154765500214,-0.0200343865913448,0.7835177376836978,0.2142327907657066,0.0022494715505958123,0
2021-10-25,test,test,0.0016267188595099,0.0092341978097959,-0.0200343865913448,0.8653305743766341,0.13337332852167624,0.0012960971016897024,0
2021-10-26,test,test,0.0090054137675565,0.0092206308497037,-0.0200343865913448,0.881876689924012,0.11688545989056016,0.0012378501854281008,0
2021-10-27,test,test,-0.0032602642271005,0.0089753323414984,-0.0200343865913448,0.9146448102951201,0.08454787131142016,0.0008073183934597795,0
2021-10-28,test,test,0.0059450896191035,0.0088229156539478,-0.0200343865913448,0.9365122144154374,0.06290596478732802,0.000581820797234353,0
2021-10-29,test,test,0.0035281249443352,0.0085976781828495,-0.0200343865913448,0.9548869753187132,0.04473527011564615,0.0003777545656403826,0
2021-11-01,test,test,0.0136951001384409,0.0089854444517682,-0.0200343865913448,0.9146216887166407,0.08445522397613979,0.0009230873072194493,0
2021-11-02,test,test,-0.0084097338845418,0.0089519459737306,-0.0200343865913448,0.8994200600580143,0.09952540650629506,0.0010545334356908077,0
2021-11-03,test,test,-0.0082596770542689,0.0089119264144204,-0.0200343865913448,0.8867409461250576,0.11207670033676237,0.0011823535381797518,0
2021-11-04,test,test,0.0009519082792639,0.0086435787862094,-0.0200343865913448,0.9279578413819604,0.07137736526711491,0.0006647933509248421,0
2021-11-05,test,test,0.0100385233471636,0.0087335607880691,-0.0200343865913448,0.9235589247388948,0.07566896435418946,0.0007721109069157197,0
2021-11-08,test,test,-0.0065709255087423,0.0086191184421059,-0.0200343865913448,0.9243886212670815,0.0748928471277777,0.0007185316051404995,0
2021-11-09,test,test,0.0004519622790154,0.0083572786689213,-0.0200343865913448,0.9490764896300011,0.050491647788843054,0.00043186258115579025,0
2021-11-10,test,test,0.0073448774034919,0.0083000176981345,-0.0200343865913448,0.9539548123088782,0.045652092804398976,0.00039309488672288064,0
2021-11-11,test,test,-0.0054403566644981,0.0081567594668595,-0.0200343865913448,0.9537452958311737,0.045881460735125376,0.00037324343370073406,0
2021-11-12,test,test,-0.0012546516392994,0.0079142409961,-0.0200343865913448,0.9638772971851978,0.03585275605709968,0.0002699467577029116,0
2021-11-15,test,test,0.0016395228963475,0.0076836436689469,-0.0200343865913448,0.9709465117947076,0.028849416414387034,0.00020407179090532615,0
2021-11-16,test,test,-0.0061204761890002,0.0075989269608461,-0.0200343865913448,0.9637347153659376,0.03600690865779821,0.0002583759762640841,0
2021-11-17,test,test,-0.0051903012409505,0.00747632417149,-0.0200343865913448,0.9615735983643992,0.038147809990722405,0.00027859164487822885,0
2021-11-18,test,test,-0.0100802338026817,0.0076575691012995,-0.0200343865913448,0.9309167435242144,0.06849566631592964,0.0005875901598559483,0
2021-11-19,test,test,-0.0169914145030792,0.0085113190915177,-0.0201627484982686,0.688428338299805,0.3072112343397776,0.004360427360417601,0
2021-11-22,test,test,0.0077498591954257,0.0084675627290213,-0.0201627484982686,0.7571839665366854,0.23969074089484924,0.0031252925684653998,0
2021-11-23,test,test,-0.0007031135349529,0.0082114130071686,-0.0201627484982686,0.8445289930805167,0.15378801080177298,0.0016829961177105487,0
2021-11-24,test,test,-0.0026238986704885,0.0079871619498931,-0.0201627484982686,0.89336322278535,0.10559860289780053,0.0010381743168490836,0
2021-11-25,test,test,0.0055465085045502,0.0078621177839341,-0.0201627484982686,0.9245405614174206,0.07475042939600317,0.0007090091865763612,0
2021-11-26,test,test,-0.0508356195882538,0.0145999909390672,-0.0314441501933268,1.5506047586020684e-07,0.42848844325234015,0.5715114016871836,2
2021-11-29,test,test,0.0062285537950737,0.014237199311602,-0.0314441501933268,0.01603551347972298,0.5775429966924123,0.4064214898278646,1
2021-11-30,test,test,-0.0179119229150839,0.014483997809132,-0.0316753000038948,0.0043999011667712785,0.5988256884561156,0.39677441037711325,1
2021-12-01,test,test,0.017604303238006,0.0146899186700466,-0.0316753000038948,0.005250427623342227,0.6181096043306693,0.3766399680459888,1
2021-12-02,test,test,-0.0181221679650384,0.0149181388318319,-0.031745381687213,0.0025344780524277142,0.62915466759715,0.3683108543504223,1
2021-12-03,test,test,-0.0071452151506198,0.014569181864689,-0.031745381687213,0.01846229082844082,0.7395893217311148,0.24194838744044464,1
2021-12-06,test,test,0.0237401290745892,0.0152755039295824,-0.031745381687213,0.002086706500866538,0.6628101264767688,0.33510316702236487,1
2021-12-07,test,test,0.0140949911381525,0.0152072576619061,-0.031745381687213,0.00985107556680646,0.7186490152274368,0.271499909205757,1
2021-12-08,test,test,-0.0095199784033745,0.0149272517158353,-0.031745381687213,0.021315432982945918,0.7946530642541407,0.1840315027629137,1
2021-12-09,test,test,-0.0093377596666871,0.0146521363116852,-0.031745381687213,0.03311486961061113,0.8453372969086043,0.12154783348078461,1
2021-12-10,test,test,-0.0047016655450288,0.0142523798756653,-0.031745381687213,0.07178031565536691,0.8589579215106308,0.06926176283400215,1
2021-12-13,test,test,-0.004495628731251,0.0138620039263596,-0.031745381687213,0.12630346995551334,0.8342633078850318,0.039433222159454856,1
2021-12-14,test,test,0.0066821559722873,0.0135390145944756,-0.031745381687213,0.20509544102870989,0.770890008548613,0.024014550422677174,1
2021-12-15,test,test,-0.0124299795955151,0.0134750467451045,-0.031745381687213,0.12907837160522306,0.8474790439993237,0.023442584395452964,1
2021-12-16,test,test,0.012608993230865,0.0134246591879849,-0.031745381687213,0.12182854985853796,0.8563644012017594,0.021807048939702714,1
2021-12-17,test,test,-0.0081958320479744,0.013169604611842,-0.031745381687213,0.13884864832331764,0.8441994218331068,0.016951929843575284,1
2021-12-20,test,test,-0.008360471405154,0.0129315902123946,-0.031745381687213,0.1527788274793071,0.8330046284461217,0.01421654407457128,1
2021-12-21,test,test,0.017450891256937,0.0132463006245407,-0.0289565701561253,0.06528091902760319,0.9126829771479628,0.022036103824433828,1
2021-12-22,test,test,0.0085002365044563,0.0130104516700792,-0.0289565701561253,0.10661693850937816,0.8763038042134301,0.01707925727719189,1
2021-12-23,test,test,0.0122896237589797,0.0129683319138637,-0.0289565701561253,0.10700845155146116,0.8758633306068855,0.017128217841653443,1
2021-12-27,test,test,0.0067962666284264,0.01268299369532,-0.0289565701561253,0.17710404446013173,0.809951660193945,0.012944295345923439,1
2021-12-28,test,test,0.007717764753727,0.0124410876895321,-0.0289565701561253,0.25327830737438833,0.736150380069152,0.010571312556459786,1
2021-12-29,test,test,-0.0017509127299829,0.0120697044225611,-0.0289565701561253,0.3854942571303609,0.6071982152819366,0.007307527587702676,1
2021-12-30,test,test,0.00461247223211,0.0117564277296562,-0.0289565701561253,0.5300601253951123,0.4647329797595025,0.0052068948453851144,0
2022-01-03,test,test,0.0054249507152798,0.0114754774541483,-0.0289565701561253,0.6564093610173475,0.33989234888977365,0.003698290092879193,0
2022-01-04,test,test,0.0039414084600105,0.0111676976083499,-0.0289565701561253,0.7713846126496281,0.22627653209746051,0.0023388552529110583,0
2022-01-05,test,test,-0.0005686147687188,0.0108283803518607,-0.0289565701561253,0.8542905592721244,0.14432057976194776,0.0013888609659277584,0
2022-01-06,test,test,-0.0001023183437852,0.0104985341798033,-0.0289565701561253,0.9077096378949743,0.09146217098039117,0.000828191124634449,0
2022-01-07,test,test,-0.0043440083261861,0.010234172718364,-0.0289565701561253,0.926452416736879,0.07290473652723192,0.000642846735889126,0
2022-01-10,test,test,-0.0051435115498085,0.0100020666074231,-0.0289565701561253,0.9353940800893273,0.06405189301951215,0.0005540268911604872,0
2022-01-11,test,test,0.005611943835801,0.0097943091155599,-0.0289565701561253,0.9503897245620433,0.04919077361005087,0.00041950182790608686,0
2022-01-12,test,test,0.0016431875868104,0.0095044613479565,-0.0289565701561253,0.9636665488755783,0.036053679069217914,0.000279772055203724,0
2022-01-13,test,test,0.0052993875635606,0.0093058964585278,-0.0289565701561253,0.9679703486612987,0.03179065341369939,0.00023899792500202866,0
2022-01-14,test,test,-0.0011689825997127,0.0090269439780102,-0.0289565701561253,0.9719609152195383,0.02784620802773957,0.00019287675272182874,0
2022-01-17,test,test,0.0036384330904691,0.0087972078666152,-0.0289565701561253,0.9745064116077085,0.02532262957286937,0.00017095881942238338,0
2022-01-18,test,test,-0.0064812502004813,0.0086757023072028,-0.0289565701561253,0.9652248348048867,0.03453384880549768,0.00024131638961553248,0
2022-01-19,test,test,-0.0007631611169816,0.0084134824410134,-0.0289565701561253,0.9707860640502809,0.029015815269046535,0.00019812068067265136,0
2022-01-20,test,test,0.0045139755148432,0.0082317704095196,-0.0289565701561253,0.9730842835381671,0.026732398557945097,0.00018331790388752378,0
2022-01-21,test,test,-0.0136957262198962,0.0086574070270469,-0.0289565701561253,0.9008118874055111,0.09826235632174836,0.0009257562727408611,0
2022-01-24,test,test,-0.0323651788354013,0.0115457326622823,-0.0337743221295645,0.008114107580005922,0.9290194296364005,0.06286646278359356,1
2022-01-25,test,test,0.0073029975499981,0.0113360368974027,-0.0337743221295645,0.03678879328822917,0.9233515800221276,0.03985962668964319,1
2022-01-26,test,test,0.0164568231188098,0.0117066224939881,-0.0337743221295645,0.02341406135574998,0.9345487196133031,0.04203721903094716,1
2022-01-27,test,test,0.0099041342099778,0.0116063698920333,-0.0337743221295645,0.04669236731267014,0.9226387953223814,0.030668837364948444,1
2022-01-28,test,test,-0.0111113764488816,0.0115772671188749,-0.0337743221295645,0.04300569050525501,0.9314188632881204,0.025575446206624792,1
2022-01-31,test,test,0.0003483794663274,0.0112249013002533,-0.0337743221295645,0.1049719914736771,0.8786608797222173,0.01636712880410586,1
2022-02-01,test,test,0.0131378677495255,0.011348776092101,-0.0337743221295645,0.0943172182590713,0.8881099534928112,0.017572828248117452,1
2022-02-02,test,test,-0.0015481742893102,0.0110095797503415,-0.0337743221295645,0.17827093645591283,0.8097387235420966,0.011990340001990486,1
2022-02-03,test,test,-0.0027352026391488,0.0106951893630274,-0.0337743221295645,0.28275015903786666,0.7084731046721576,0.008776736289975776,1
2022-02-04,test,test,-0.0115867171367735,0.0107507661039021,-0.0337743221295645,0.20328892746976118,0.7855014988629818,0.011209573667256782,1
2022-02-07,test,test,-0.0036039173947038,0.0104605700966454,-0.0337743221295645,0.3030054797644182,0.6885664117094212,0.00842810852616029,1
2022-02-08,test,test,0.013485867791724,0.010666312996897,-0.0337743221295645,0.24746584401777277,0.7410503369477016,0.011483819034525465,1
2022-02-09,test,test,0.019611470529046,0.0114026578283138,-0.0337743221295645,0.06992149381895277,0.9060674503657405,0.02401105581530684,1
2022-02-10,test,test,0.0044888927967025,0.0111098325247974,-0.0337743221295645,0.14177517713771873,0.8423479946726283,0.01587682818965288,1
2022-02-11,test,test,-0.0099637888718762,0.0110444239925087,-0.0337743221295645,0.12857556947589022,0.8565863003029248,0.0148381302211847,1
2022-02-14,test,test,-0.0258247258946033,0.0124368617946252,-0.0363418414394194,0.0023829971763826663,0.950304292629536,0.047312710194081425,1
2022-02-15,test,test,0.0166788350280674,0.0127313004714483,-0.0363418414394194,0.007949021296515714,0.9435520629620127,0.04849891574147183,1
2022-02-16,test,test,0.0021999407444569,0.0123552108581517,-0.0363418414394194,0.04542064704313524,0.925867956681002,0.028711396275862538,1
2022-02-17,test,test,-0.0075941825860166,0.0121223948862183,-0.0363418414394194,0.06742720841742564,0.9117177062363151,0.02085508534625903,1
2022-02-18,test,test,-0.0093968759784771,0.0119763678550744,-0.0363418414394194,0.073117060693888,0.9092483722607748,0.017634567045337314,1
2022-02-21,test,test,-0.0118392622442688,0.0119681858111148,-0.0363418414394194,0.05444194152469757,0.9277878347252384,0.01777022375006419,1
2022-02-22,test,test,0.0005063925699444,0.0116042496232588,-0.0254373575650143,0.12367603368383125,0.8638573947955998,0.012466571520569028,1
2022-02-23,test,test,-0.0062717557249683,0.0113551392748917,-0.0254373575650143,0.16871569658008748,0.8206184703410888,0.010665833078823916,1
2022-02-24,test,test,-0.0290428998890852,0.0131077167620109,-0.0290776015396966,0.0009392092036999258,0.9434854393207165,0.0555753514755835,1
2022-02-25,test,test,0.03453719223452,0.0152667142252997,-0.0290776015396966,2.1048701904564282e-05,0.738940864789983,0.26103808650811244,1
2022-02-28,test,test,-0.0008722741770908,0.0148031706460863,-0.0290776015396966,0.02635862307037338,0.8237491996566859,0.14989217727294066,1
2022-03-01,test,test,-0.0349220114223071,0.016708041250048,-0.0321100300489312,8.380694917216504e-06,0.4882605855327991,0.5117310337722837,2
2022-03-02,test,test,0.0160883225753846,0.016671507768222,-0.0321100300489312,0.0043199587018649364,0.5359216101635916,0.4597584311345437,1
2022-03-03,test,test,-0.0379169247771007,0.0186420066533373,-0.0350680383449363,2.45751063357238e-07,0.1230077612897921,0.8769919929591445,2
2022-03-04,test,test,-0.0369345902368816,0.0202119465835745,-0.0365911754787631,4.4414021296304354e-08,0.02293307803046431,0.9770668775555145,2
2022-03-07,test,test,-0.0099313958965171,0.019746629461319,-0.0365911754787631,0.000584426857234881,0.08217385513570369,0.9172417180070613,2
2022-03-08,test,test,0.0179937191660797,0.0196458659351869,-0.0365911754787631,0.000678185075363323,0.11287778876227103,0.8864440261623656,2
2022-03-09,test,test,0.0476307625815811,0.0223366026532442,-0.0365911754787631,1.2964605585068173e-10,0.0037365882547649855,0.9962634116155888,2
2022-03-10,test,test,-0.0115572974563175,0.0218403904835332,-0.0365911754787631,0.00012023369235912196,0.05098804997332646,0.9488917163343142,2
2022-03-11,test,test,0.0089814306948111,0.0212890221223136,-0.0365911754787631,0.002197157274954984,0.12564351553304046,0.8721593271920047,2
2022-03-14,test,test,0.0112724046744497,0.0208243401234606,-0.0365911754787631,0.00623399286298781,0.211702805057308,0.7820632020797043,2
2022-03-15,test,test,0.0002063348114543,0.0201900100922753,-0.0365911754787631,0.028743703418368405,0.36253168816675124,0.6087246084148805,2
2022-03-16,test,test,0.017368809183604,0.0200319457123365,-0.0365911754787631,0.013417097875599603,0.40123679368191756,0.5853461084424827,2
2022-03-17,test,test,0.0037635651769974,0.019443558919374,-0.0365911754787631,0.04905645878229287,0.5496395407413411,0.40130400047636605,1
2022-03-18,test,test,0.0006654477482061,0.0188519344812789,-0.0365911754787631,0.12571746737921627,0.6401020814707679,0.23418045115001604,1
2022-03-21,test,test,-0.0033795179834357,0.0182963651082194,-0.0365911754787631,0.22318442476969994,0.6519416339422331,0.12487394128806718,1
2022-03-22,test,test,0.0116139815702961,0.0179656514403954,-0.0365911754787631,0.23269393958312232,0.6786390458467123,0.08866701457016536,1
2022-03-23,test,test,-0.0188877613738525,0.0180223085524594,-0.0365911754787631,0.0385878274033901,0.8423777553390543,0.11903441725755552,1
2022-03-24,test,test,-0.002801670904061,0.0174867478628168,-0.0365911754787631,0.08966922783686186,0.8451460520700353,0.06518472009310285,1
2022-03-25,test,test,0.0030656986083381,0.0169706535008553,-0.0365911754787631,0.17972525447474283,0.7853879207389332,0.03488682478632399,1
2022-03-28,test,test,0.0041925771020963,0.0164856773472232,-0.0365911754787631,0.30010242345762367,0.6808085164666093,0.019089060075766964,1
2022-03-29,test,test,0.0293303803051588,0.0175239030090805,-0.0365911754787631,0.004943189585954639,0.9041191080791587,0.09093770233488654,1
2022-03-30,test,test,-0.0074569826720448,0.0170879589625452,-0.0365911754787631,0.02393645519977809,0.919127330466158,0.056936214334063734,1
2022-03-31,test,test,-0.0124150649799046,0.0168441821209166,-0.0365911754787631,0.022028798720757678,0.9324850162276005,0.045486185051641835,1
2022-04-01,test,test,0.0069150406076108,0.0164186464192255,-0.0365911754787631,0.05847933263496172,0.9121085583391835,0.02941210902585456,1
2022-04-04,test,test,0.0020088243561076,0.0159260715728266,-0.0365911754787631,0.13092695536868168,0.8510337237360522,0.01803932089526612,1
2022-04-05,test,test,0.011957609166744,0.0157162474979654,-0.0365911754787631,0.133624398434366,0.8490719589059296,0.017303642659704313,1
2022-04-06,test,test,-0.0165098047894295,0.0157649874260454,-0.0365911754787631,0.03797380177921272,0.9379724463490801,0.024053751871706754,1
2022-04-07,test,test,-0.0017344726906502,0.0152906259702356,-0.0365911754787631,0.09166927531209237,0.8924300535533265,0.01590067113458096,1
2022-04-08,test,test,0.0162826160129418,0.0153519530699334,-0.0365911754787631,0.050328184827345336,0.9283048351732861,0.021366979999368794,1
2022-04-11,test,test,-0.0024896635751358,0.0148967587333887,-0.0365911754787631,0.10760490347789996,0.8778378174690185,0.014557279053081127,1
2022-04-12,test,test,-0.0008157082547501,0.0144443254710131,-0.0365911754787631,0.2014174695251531,0.7882300910004936,0.010352439474352987,1
2022-04-13,test,test,0.0046290229251591,0.0140501208965725,-0.0365911754787631,0.3220292764940456,0.6700414579139249,0.007929265592029604,1
2022-04-14,test,test,0.0093782675055558,0.0138144365596339,-0.0365911754787631,0.3794717138091202,0.6127716294078093,0.007756656783070167,1
2022-04-19,test,test,-0.0005749439588034,0.0133943335648284,-0.0365911754787631,0.5337511580737542,0.4611411154624767,0.0051077264637690665,0
2022-04-20,test,test,0.008646659649455,0.0131578708282436,-0.0365911754787631,0.6050112459398458,0.3903791808260972,0.004609573234057,0
2022-04-21,test,test,0.0051296010905621,0.0128187581024715,-0.0365911754787631,0.7224888203153492,0.27447053298377744,0.0030406467008732467,0
2022-04-22,test,test,-0.0185842343266142,0.0132356998931937,-0.0365911754787631,0.2559684273385002,0.729596060786748,0.014435511874751793,1
2022-04-25,test,test,-0.0090208598023982,0.0130213394571142,-0.0365911754787631,0.2499099954302507,0.7373799555378879,0.012710049031861567,1
2022-04-26,test,test,-0.0159049555411544,0.0132121164477127,-0.0365911754787631,0.08458636612827881,0.8956882292815053,0.019725404590216274,1
2022-04-27,test,test,0.0045398660021133,0.0128578008526059,-0.0365911754787631,0.16337640745323032,0.8230363308638379,0.013587261682931794,1
2022-04-28,test,test,0.0040612418703018,0.0125057299399556,-0.0365911754787631,0.277314599165078,0.7130693409191847,0.00961605991573701,1
2022-04-29,test,test,0.0084228754618973,0.0122990395687645,-0.0365911754787631,0.3540142833667734,0.6375627781663714,0.008422938466855073,1
2022-05-02,test,test,-0.0174150643542348,0.0126644170747382,-0.0365911754787631,0.09401739774594504,0.8877135210099616,0.01826908124409359,1
2022-05-03,test,test,0.0181137787323364,0.013055678881245,-0.0365911754787631,0.03584088593227414,0.9372917673593232,0.026867346708402635,1
2022-05-04,test,test,-0.0104970560532179,0.0129164622530413,-0.0365911754787631,0.03914577465009935,0.9384364051642373,0.022417820185663045,1
2022-05-05,test,test,-0.0077708128680286,0.0126668081719106,-0.0365911754787631,0.05951208753333188,0.9229999553408839,0.017487957125784367,1
2022-05-06,test,test,-0.0134515618668684,0.0127152592780341,-0.0365911754787631,0.03461196994362028,0.9460621783813946,0.019325851674985108,1
2022-05-09,test,test,-0.0222106914778632,0.0134750153377525,-0.0365911754787631,0.0025807605176989185,0.9593979036132152,0.03802133586908597,1
2022-05-10,test,test,0.0,0.0130645120862398,-0.0365911754787631,0.03568699927308709,0.9409888983131073,0.023324102413805264,1
2022-05-11,test,test,0.0210804699099965,0.0136785876531896,-0.0365911754787631,0.008147540757041787,0.952746001300079,0.0391064579428789,1
2022-05-12,test,test,-0.0135894077897294,0.0136732532639224,-0.0365911754787631,0.010858238940877956,0.9541778260637943,0.034963934995327926,1
2022-05-13,test,test,0.01665234461909,0.0138700547370578,-0.0365911754787631,0.011587339591376221,0.9504694739979493,0.03794318641067443,1
2022-05-16,test,test,0.0018692520474182,0.0134553097139176,-0.0365911754787631,0.05205338176340172,0.9247410380183768,0.02320558021822137,1
2022-05-17,test,test,0.0144986909000267,0.0135201834379742,-0.0365911754787631,0.042958090334452845,0.9325836260545346,0.02445828361101267,1
2022-05-18,test,test,8.260867841705886e-05,0.0131083198021832,-0.0365911754787631,0.10447480083589865,0.8796895423534475,0.015835656810653916,1
2022-05-19,test,test,-0.0083401408651805,0.0128721343270334,-0.0365911754787631,0.11949805386284887,0.8667530255514324,0.013748920585718898,1
2022-05-20,test,test,0.0092952328478188,0.0126859927805005,-0.0365911754787631,0.1619876929572633,0.825567009823078,0.012445297219658678,1
2022-05-23,test,test,0.0165167201656892,0.0129478365281307,-0.0365911754787631,0.08255461680509794,0.8985884495612464,0.01885693363365587,1
2022-05-24,test,test,0.0006258782872211,0.0125543293700408,-0.0365911754787631,0.16834650311537383,0.8190774690142819,0.012576027870343986,1
2022-05-25,test,test,0.014835190149688,0.0127027354055032,-0.0365911754787631,0.11377988947462153,0.8695686690572041,0.016651441468174197,1
2022-05-26,test,test,0.0145732772814434,0.0128226651761091,-0.0323540688306151,0.08194863031670828,0.8984857479893141,0.019565621693977474,1
2022-05-27,test,test,0.0050273701092848,0.0124928765582003,-0.0323540688306151,0.15661204025767492,0.8296743693086854,0.013713590433639577,1
2022-05-30,test,test,-0.0003134507514671,0.0121125365592406,-0.0260110143628657,0.27308833324434495,0.7175266207460804,0.009385046009574726,1
2022-05-31,test,test,-0.0089190184894072,0.0119450266987507,-0.0198942290594433,0.2681483718166415,0.7222965122933702,0.00955511588998841,1
2022-06-01,test,test,-0.0118532646960249,0.0119395408664268,-0.0198942290594433,0.18529145889967352,0.8026623605454778,0.012046180554848927,1
2022-06-02,test,test,-0.0003545289377688,0.0115761400899037,-0.0198942290594433,0.31121840323880945,0.6804079067964961,0.008373689964694661,1
2022-06-03,test,test,-0.0022096197456425,0.0112365271940858,-0.0198942290594433,0.44639709758065815,0.5475681234332109,0.006034778986130969,1
2022-06-06,test,test,0.0126986920888146,0.0113295797638931,-0.0198942290594433,0.401358114251066,0.5903823165873381,0.008259569161595873,1
2022-06-07,test,test,0.000599596674033,0.0109854169670123,-0.0198942290594433,0.5612183971228129,0.4336930512931009,0.005088551584086422,0
2022-06-08,test,test,0.0001244704004203,0.0106508005499873,-0.0198942290594433,0.7028362195749142,0.2940689959684641,0.00309478445662137,0
2022-06-09,test,test,-0.0149827054964647,0.0109591088622159,-0.0198942290594433,0.4255071080057653,0.5658689708618213,0.00862392113241317,1
2022-06-10,test,test,-0.0374975913967121,0.0140449316361438,-0.0261986814161426,6.257512709108374e-05,0.8379136794760993,0.16202374539680944,1
2022-06-13,test,test,-0.0250165166966879,0.0149323161245084,-0.0282415998570877,0.00026064730148448026,0.7417576595233977,0.2579816931751175,1
2022-06-14,test,test,-0.0143881943868413,0.0149002291665105,-0.0282415998570877,0.0051825581023221805,0.7841360851511362,0.21068135674654184,1
2022-06-15,test,test,0.0133367687642424,0.0148110763797204,-0.0282415998570877,0.014938372158646468,0.8227163736118501,0.16234525422950363,1
2022-06-16,test,test,-0.0118873342991461,0.0146521134147513,-0.0282415998570877,0.01827955843517625,0.8631939900663449,0.11852645149847879,1
2022-06-17,test,test,0.0083580127433966,0.0143525170088295,-0.0282415998570877,0.04705758001832703,0.87855106878,0.07439135120167281,1
2022-06-20,test,test,0.0170526224563957,0.0145286811437872,-0.0282415998570877,0.024764345475571284,0.9000073741160978,0.07522828040833077,1
2022-06-21,test,test,-0.0061011703660329,0.0141651360043343,-0.0282415998570877,0.05298072947851214,0.9014751692443906,0.045544101277097085,1
2022-06-22,test,test,-0.0110128345467843,0.0139960338962615,-0.0282415998570877,0.04811693293854361,0.9166783529992792,0.035204714062177324,1
2022-06-23,test,test,-0.0047994776372308,0.0136204892008767,-0.0282415998570877,0.09099098199912241,0.8865991882843568,0.022409829716520502,1
2022-06-24,test,test,0.0168438845010749,0.0138350876112897,-0.0282415998570877,0.04495638474226978,0.9268613837338675,0.028182231523862532,1
2022-06-27,test,test,-0.0001819648656454,0.0134136891619001,-0.0282415998570877,0.10733134984862984,0.8750678848373654,0.017600765314004712,1
2022-06-28,test,test,0.0090459481699033,0.0131924669495022,-0.0282415998570877,0.1514104852815957,0.8340285132537353,0.014561001464669258,1
2022-06-29,test,test,-0.0156920611114516,0.0133556415074835,-0.0282415998570877,0.05151431628049631,0.9281037682610852,0.020381915458418748,1
2022-06-30,test,test,-0.0109660887117983,0.0132244499533982,-0.0282415998570877,0.04732880230912821,0.9339282324500014,0.018742965240870033,1
2022-07-01,test,test,0.0095116971631833,0.0130315484479468,-0.0282415998570877,0.07662206274996082,0.9072778069068116,0.01610013034322751,1
2022-07-04,test,test,-0.0017505672952028,0.0126418293298642,-0.0282415998570877,0.150868730884554,0.8375773379727333,0.01155393114271264,1
2022-07-05,test,test,-0.0251111010936339,0.0137135313382502,-0.0292084030623446,0.0036334263932749776,0.9578294710636792,0.038537102543046244,1
2022-07-06,test,test,-0.0013577830458495,0.0132999210428948,-0.0292084030623446,0.03619883492715285,0.9401230513224785,0.023678113750368456,1
2022-07-07,test,test,0.0216421637453763,0.0139419374857766,-0.0292084030623446,0.007108273241617549,0.9514877346521167,0.041403992106265705,1
2022-07-08,test,test,-0.0027369146433039,0.0135338245042467,-0.0292084030623446,0.03959686109414505,0.9350165960954498,0.02538654281040505,1
2022-07-11,test,test,-0.0043425399193348,0.0131645736940512,-0.0292084030623446,0.08200519522818031,0.9007247714941018,0.017270033277717912,1
2022-07-12,test,test,-0.0062687258300061,0.0128555612839442,-0.0292084030623446,0.12049071588769998,0.8660056008698671,0.013503683242433118,1
2022-07-13,test,test,-0.0087596070831057,0.0126472673548381,-0.0292084030623446,0.12878827487241087,0.8586162070626753,0.012595518064913866,1
2022-07-14,test,test,-0.0178553622649334,0.013018640748895,-0.0292084030623446,0.02664854367520384,0.9517520306109669,0.021599425713829126,1
2022-07-15,test,test,0.0179812212542368,0.0133684466412329,-0.0292084030623446,0.013938890656292575,0.956937026925144,0.02912408241856335,1
2022-07-18,test,test,0.0021623234665069,0.0129720076406835,-0.0292084030623446,0.05610367495364057,0.9251023544120132,0.018793970634346322,1
2022-07-19,test,test,0.0201396643102745,0.0135097360450893,-0.0292084030623446,0.014522389345287857,0.95393281817127,0.03154479248344215,1
2022-07-20,test,test,-0.0119105277407246,0.0134191590716878,-0.0292084030623446,0.01857290913518046,0.9543549577256735,0.027072133139146144,1
2022-07-21,test,test,-0.0020197128016538,0.0130197601655274,-0.0292084030623446,0.05978851079134993,0.9224559911013319,0.017755498107318038,1
2022-07-22,test,test,0.0048430342644658,0.0126787461657291,-0.0292084030623446,0.12445507751603378,0.8624864002735692,0.013058522210397109,1
2022-07-25,test,test,0.0042138722825744,0.0123357598570871,-0.0292084030623446,0.2226842882573586,0.7674814058649628,0.009834305877678248,1
2022-07-26,test,test,-0.0019807869958798,0.0119698004997578,-0.0292084030623446,0.34620725532136476,0.6465008737495274,0.007291870929107724,1
2022-07-27,test,test,0.0067679404548404,0.0117229628355539,-0.0292084030623446,0.45958024109349516,0.5343545290664771,0.006065229840027603,1
2022-07-28,test,test,-0.0048737550251382,0.011428359264035,-0.0292084030623446,0.5543956573373655,0.4408057605348513,0.00479858212778286,0
2022-07-29,test,test,0.0087802858925473,0.0112870083264377,-0.0292084030623446,0.6210078021018209,0.3745948062626,0.004397391635579021,0
2022-08-01,test,test,-0.0087555245675614,0.0111513369678528,-0.0292084030623446,0.6063201339875762,0.38893816915509016,0.004741696857333751,0
2022-08-02,test,test,0.0014583866986663,0.0108175223922179,-0.0292084030623446,0.7409649772177727,0.2562774193950789,0.002757603387148147,0
2022-08-03,test,test,0.0055668836803589,0.0105762505122754,-0.0292084030623446,0.8218919119881565,0.17626084639891415,0.001847241612929438,0
2022-08-04,test,test,0.0023308317844686,0.0102699375369547,-0.0292084030623446,0.8889140139708493,0.11002300918641804,0.0010629768427329166,0
2022-08-05,test,test,0.0008451050839477,0.0099592254793407,-0.0292084030623446,0.9291394763297032,0.07023503712656792,0.0006254865437291027,0
2022-08-08,test,test,0.0127126799512658,0.0101455278675901,-0.0292084030623446,0.8965348977803688,0.10231499298979971,0.0011501092298314766,0
2022-08-09,test,test,0.0047515091079526,0.0099050715240982,-0.0292084030623446,0.9291446000959118,0.07015736348985686,0.0006980364142316381,0
2022-08-10,test,test,0.0049085186893028,0.009678296788539,-0.0292084030623446,0.948327336387391,0.05120957256499566,0.00046309104761363987,0
2022-08-11,test,test,0.003251125883106,0.0094171891864765,-0.0292084030623446,0.9617839234306625,0.03790835921321069,0.00030771735612675395,0
2022-08-12,test,test,0.0024314557699052,0.0091497083927914,-0.0292084030623446,0.969646713431742,0.03013094055326951,0.0002223460149883861,0
2022-08-15,test,test,0.0031614665263194,0.0089047080855328,-0.0292084030623446,0.9735520240780011,0.026265780230087573,0.000182195691911651,0
2022-08-16,test,test,0.0100243935113948,0.0089758288998575,-0.0292084030623446,0.961977079581346,0.037723805392052195,0.0002991150266019331,0
2022-08-17,test,test,-0.0090992484694464,0.0089832818911392,-0.0292084030623446,0.9398871161516589,0.059605855848023206,0.0005070280003178774,0
2022-08-18,test,test,-0.0005336464309158,0.0087105957910078,-0.0292084030623446,0.956899419157055,0.04276246452044816,0.0003381163224966007,0
2022-08-19,test,test,-0.0109970095790053,0.0088644268553081,-0.0292084030623446,0.9149145821061733,0.08429945144440587,0.0007859664494210405,0
2022-08-22,test,test,-0.0064128388219619,0.0087367528161273,-0.0292084030623446,0.9186374112822181,0.08061575886318335,0.000746829854598524,0
2022-08-23,test,test,-0.0070861718693778,0.0086466079296822,-0.0292084030623446,0.9162383322904412,0.08298478338896077,0.0007768843205983125,0
2022-08-24,test,test,-0.0032752866288321,0.0084214992203482,-0.0292084030623446,0.9367523073434406,0.06270036628448385,0.0005473263720756248,0
2022-08-25,test,test,-0.0014524275407011,0.0081726937368829,-0.0292084030623446,0.9538717400272783,0.04575891443098057,0.00036934554174126576,0
2022-08-26,test,test,-0.015211302613199,0.0087560476913554,-0.0292084030623446,0.8212777078022658,0.1766419565127678,0.0020803356849664035,0
2022-08-29,test,test,-0.0092565901784624,0.0087868843515101,-0.0292084030623446,0.7916473423883446,0.20587511175091183,0.0024775458607433714,0
2022-08-30,test,test,-0.0012273841545709,0.0085245037815804,-0.0292084030623446,0.8652795947078581,0.13333279022322003,0.0013876150689218674,0
2022-08-31,test,test,-0.0118115955567881,0.008756595355198,-0.0292084030623446,0.7751197508245133,0.22214526718430716,0.0027349819911796367,0
2022-09-01,test,test,-0.0102090596999264,0.0088504676983307,-0.0292084030623446,0.7170946790431963,0.2792897494061583,0.003615571550645746,0
2022-09-02,test,test,0.0160377805257254,0.0094373489933309,-0.0226609933517517,0.5338149678075749,0.45790729579321576,0.008277736399209274,0
2022-09-05,test,test,-0.0088003655388167,0.0094003472636715,-0.0195528414900063,0.5208439368537576,0.47164141888321776,0.007514644263024887,0
2022-09-06,test,test,-0.0026106515970499,0.009136381508159,-0.0195528414900063,0.6479601709849114,0.3475899999053114,0.004449829109777446,0
2022-09-07,test,test,0.0017453972676868,0.0088683619533821,-0.0195528414900063,0.772326360427951,0.22518713485703984,0.0024865047150091275,0
2022-09-08,test,test,0.0077222296893708,0.0088038027575898,-0.0195528414900063,0.8239046249812796,0.17415046524189606,0.0019449097768240028,0
2022-09-09,test,test,0.0145834588149064,0.0092529542674347,-0.0195528414900063,0.7252324908925045,0.27072466220843733,0.004042846899058167,0
2022-09-12,test,test,0.0198682488542941,0.0102061242235676,-0.0195528414900063,0.34205030113668483,0.6414812802920772,0.01646841857123784,1
2022-09-13,test,test,-0.0160290554455272,0.0106456991539037,-0.0196651729346981,0.12072225448140553,0.8543893503361422,0.02488839518245233,1
2022-09-14,test,test,-0.0010421974556658,0.0103245448509412,-0.0196651729346981,0.21990966079942248,0.7651812705168952,0.01490906868368245,1
2022-09-15,test,test,0.0037048201625145,0.0100510693133888,-0.0196651729346981,0.35312997233476573,0.6373511982140515,0.009518829451182594,1
2022-09-16,test,test,-0.0125450990584125,0.010217892410136,-0.0196651729346981,0.22732568679058782,0.7600259770311772,0.012648336178234899,1
2022-09-19,test,test,0.0010639696823798,0.0099100417595442,-0.0196651729346981,0.36963190127575063,0.6221912429450617,0.008176855779187451,1
2022-09-20,test,test,-0.0151393064958662,0.0102989469406295,-0.0196651729346981,0.15797415216244143,0.827349521090377,0.014676326747181672,1
2022-09-21,test,test,-0.0001143074222765,0.0099852387839227,-0.0196651729346981,0.2758982649684574,0.7143248905485391,0.009776844483003672,1
2022-09-22,test,test,-0.012462693508272,0.0101509515675381,-0.0196651729346981,0.1748069967552903,0.8123903708793081,0.012802632365401597,1
2022-09-23,test,test,-0.0249000627240994,0.0115784323672404,-0.0226221753608888,0.004580621894838216,0.9546282038071137,0.04079117429804788,1
2022-09-26,test,test,-0.0099391223711162,0.0114866731270754,-0.0226221753608888,0.01738477212643984,0.9521440135862551,0.030471214287304635,1
2022-09-27,test,test,-0.0083990013563958,0.0113251769691985,-0.01959482681152,0.03405467929040048,0.9432630250043267,0.02268229570527297,1
2022-09-28,test,test,-0.0004701804784618,0.0109807704448086,-0.01959482681152,0.08876515748662107,0.8960812785064733,0.015153564006905654,1
2022-09-29,test,test,-0.0192784702352984,0.0116465550814258,-0.020677965074777,0.012941562748488558,0.9606138452382971,0.026444592013214148,1
2022-09-30,test,test,0.0090953326587421,0.0115094402608986,-0.020677965074777,0.03783693214708987,0.9415280731891325,0.020634994663777606,1
2022-10-03,test,test,0.0128400820721817,0.0115935863592447,-0.020677965074777,0.0439096381412082,0.9356906252196984,0.02039973663909367,1
2022-10-04,test,test,0.0309552107917103,0.0135587637525942,-0.020677965074777,0.0003840434533331529,0.9070287924601411,0.09258716408652559,1
2022-10-05,test,test,-0.015278691519137,0.0136680640509532,-0.020677965074777,0.005055319538122414,0.9136597390988181,0.08128494136305954,1
2022-10-06,test,test,-0.0091180546482845,0.0134385769946467,-0.020069196134975,0.019608682248594,0.9262106447152402,0.05418067303616572,1
2022-10-07,test,test,-0.0099278572059083,0.0132541831685185,-0.020069196134975,0.029424248198876197,0.931777448024776,0.03879830377634786,1
2022-10-10,test,test,-0.0031514197414027,0.0128735719969226,-0.020069196134975,0.0731096665095546,0.90313279586835,0.023757537622095357,1
2022-10-11,test,test,-0.0077999634469334,0.0126267767220603,-0.020069196134975,0.09459623489349861,0.8873646177676587,0.01803914733884283,1
2022-10-12,test,test,-0.0129713530688154,0.0126477160385419,-0.020069196134975,0.056031145628321705,0.9246567247537687,0.01931212961790974,1
2022-10-13,test,test,0.0120056620517282,0.0126101147104264,-0.020069196134975,0.06547489825734672,0.9159821908799023,0.01854291086275086,1
2022-10-14,test,test,0.0045753266240175,0.0122772191579564,-0.020069196134975,0.13441868132031506,0.8522949329340095,0.013286385745675172,1
2022-10-17,test,test,0.0233751970018647,0.01320872036686,-0.020069196134975,0.01377465890664621,0.9514500480429061,0.03477529305044795,1
2022-10-18,test,test,0.0071464278435937,0.0129254153496717,-0.020069196134975,0.045699312467821086,0.9304451021540564,0.023855585378122268,1
2022-10-19,test,test,-0.0036459256583585,0.0125634368975298,-0.020069196134975,0.0946244989629091,0.8892111530344854,0.01616434800260515,1
2022-10-20,test,test,0.007985307034774,0.0123367523110378,-0.020069196134975,0.14842498927858322,0.8383673955235268,0.01320761519789031,1
2022-10-21,test,test,-0.0130087159948096,0.0123780988701367,-0.020069196134975,0.08468877370757394,0.8994013923942771,0.01590983389814886,1
2022-10-24,test,test,0.0177200243440582,0.0127618277494169,-0.020069196134975,0.03543357276937316,0.9408546616430631,0.023711765587563827,1
2022-10-25,test,test,0.0147850119557945,0.0128921754319207,-0.020069196134975,0.030977983942926564,0.9437766085427662,0.02524540751430731,1
2022-10-26,test,test,0.0096646496499741,0.0127216360306676,-0.020069196134975,0.05668246531451488,0.923103052544617,0.020214482140868115,1
2022-10-27,test,test,0.0063957865868449,0.0124331808907793,-0.020069196134975,0.11112087633882402,0.8739242905419202,0.014954833119255682,1
2022-10-28,test,test,-0.000580908440325,0.0120552559125069,-0.020069196134975,0.2076429723269095,0.7818864394971805,0.01047058817590982,1
2022-10-31,test,test,0.0050400157087496,0.0117530229689956,-0.020069196134975,0.3258706665302746,0.6660959697426325,0.008033363727092967,1
2022-11-01,test,test,0.0053273291985832,0.0114694534376559,-0.020069196134975,0.45948944224286453,0.53442218293051,0.0060883748266255125,1
2022-11-02,test,test,-0.0038077029594293,0.01115909389416,-0.020069196134975,0.5740846185085078,0.4214017994633051,0.0045135820281871145,0
2022-11-03,test,test,-0.0125905619406212,0.0112501195080406,-0.020069196134975,0.4103354804024061,0.5817135591306759,0.00795096046691835,1
2022-11-04,test,test,0.0093350234564072,0.0111444980768262,-0.020069196134975,0.469959123572586,0.5228825601142327,0.007158316313181036,1
2022-11-07,test,test,0.0024645858907221,0.0108218435655893,-0.020069196134975,0.6255122435939868,0.37016452144683715,0.004323234959176002,0
2022-11-08,test,test,0.0045861417033704,0.0105521335289127,-0.020069196134975,0.7434806489831847,0.2537578839013277,0.002761467115487513,0
2022-11-09,test,test,0.0051748010342741,0.0103088983230966,-0.020069196134975,0.8266043630779372,0.17160201591024257,0.00179362101182049,0
2022-11-10,test,test,0.0114756530168664,0.0103826017109199,-0.020069196134975,0.8111940917933882,0.18650933654521068,0.0022965716614012765,0
2022-11-11,test,test,0.0,0.0100663058363206,-0.020069196134975,0.881475220567181,0.11729903134174886,0.0012257480910705773,0
2022-11-14,test,test,0.004085946442782,0.0098108297253045,-0.020069196134975,0.9217899532091238,0.07746701776071722,0.0007430290301587941,0
2022-11-15,test,test,0.0026780861471021,0.0095345459162805,-0.020069196134975,0.947442438149103,0.052104360010797025,0.00045320184010016746,0
2022-11-16,test,test,-0.0106816324628635,0.0096072341599538,-0.020069196134975,0.9067938169051559,0.09230020301546518,0.0009059800793789889,0
2022-11-17,test,test,-0.0075207058272282,0.0094949814260121,-0.020069196134975,0.9019451069911703,0.09709691860308797,0.0009579744057417584,0
2022-11-18,test,test,0.0107740918359255,0.0095765471458576,-0.020069196134975,0.8935460854086534,0.10528162600602388,0.0011722885853224447,0
2022-11-21,test,test,0.0074282464541663,0.0094614148331871,-0.020069196134975,0.9155974701496289,0.0835192306182445,0.000883299232126538,0
2022-11-22,test,test,0.0165445292083483,0.0100284871845392,-0.020069196134975,0.7933905564968118,0.2034698981950328,0.0031395453081556396,0
2022-11-23,test,test,0.0007444910034914,0.0097246890906134,-0.020069196134975,0.8715135527006311,0.1269652858878076,0.0015211614115616247,0
2022-11-24,test,test,0.0068064613226982,0.0095747103443808,-0.020069196134975,0.904175049305676,0.09478496840034321,0.0010399822939809416,0
2022-11-25,test,test,0.0033919116258533,0.0093201329044559,-0.020069196134975,0.9365934761780829,0.06280665763911752,0.0005998661827996364,0
2022-11-28,test,test,-0.0111590800803207,0.0094405767201829,-0.020069196134975,0.8855919543222045,0.1131988801547403,0.0012091655230551768,0
2022-11-29,test,test,-0.0001322398457243,0.0091530360385878,-0.020069196134975,0.9263067271146249,0.0730095438293468,0.0006837290560281347,0
2022-11-30,test,test,0.0049265724378146,0.0089558724622098,-0.020069196134975,0.9465855542612264,0.052946566456339425,0.0004678792824344849,0
2022-12-01,test,test,0.0053306341980597,0.0087806680909266,-0.020069196134975,0.9578002611198736,0.041849957977402756,0.00034978090272377497,0
2022-12-02,test,test,-0.0030137042255255,0.0085451196004019,-0.020069196134975,0.9633869343236694,0.03633599471179639,0.00027707096453415906,0
2022-12-05,test,test,-0.0014922971106352,0.0082928608987518,-0.020069196134975,0.9690505570307381,0.030730740983814116,0.00021870198544795942,0
2022-12-06,test,test,-0.0045742169027617,0.0081179219625034,-0.0198190748261782,0.9669608329247766,0.03280856440933314,0.00023060266589037203,0
2022-12-07,test,test,-0.0049812873301671,0.0079646350184976,-0.0198190748261782,0.9644497597891896,0.03529879618413178,0.0002514440266786859,0
2022-12-08,test,test,-0.007907644748441,0.0079612271068761,-0.0198190748261782,0.9502832523102621,0.04933248257822931,0.00038426511150853717,0
2022-12-09,test,test,0.0077508500326318,0.0079487615008958,-0.0198190748261782,0.9533372216470161,0.046275510947359814,0.0003872674056242647,0
2022-12-12,test,test,-0.003662032194134,0.007758638387094,-0.0198190748261782,0.9591083178965121,0.04057502272196888,0.00031665938151917173,0
2022-12-13,test,test,0.008295877013074,0.0077919173487243,-0.0198190748261782,0.9575501510046054,0.042100556158650534,0.00034929283674443336,0
2022-12-14,test,test,0.0039428170716239,0.0076160282167811,-0.0198190748261782,0.9662499037626842,0.03349222794837368,0.00025786828894196656,0
2022-12-15,test,test,-0.0171059588884363,0.008490022521787,-0.020428163949278,0.7878740986628768,0.20951419802947385,0.0026117033076492662,0
2022-12-16,test,test,-0.0130181072154002,0.0088274526565438,-0.0172210402142905,0.6273564396934518,0.3672201173000835,0.0054234430064645355,0
2022-12-19,test,test,0.0029908762954398,0.0085898315257162,-0.0172210402142905,0.754330445830894,0.24271595585206562,0.002953598317040366,0
2022-12-20,test,test,0.0059307110025533,0.0084539040260418,-0.0172210402142905,0.8286353480528037,0.16945619961992778,0.0019084523272683085,0
2022-12-21,test,test,0.0142048919955272,0.0089043315909118,-0.0172210402142905,0.7435972964106724,0.252698030276707,0.003704673312620663,0
2022-12-22,test,test,-0.0036442018778599,0.008679095935387,-0.0151342525409911,0.8154849253374221,0.18231810104398108,0.0021969736185968253,0
2022-12-23,test,test,-0.0003627306573386,0.0084151647810425,-0.0151342525409911,0.883363138501873,0.1154458837306927,0.0011909777674345735,0
2022-12-27,test,test,0.000120924838983,0.0081588587292325,-0.0151342525409911,0.925320715259251,0.07399717527692065,0.0006821094638286731,0
2022-12-28,test,test,-0.0014035806485054,0.0079177749106659,-0.0151342525409911,0.9473231847732938,0.05223702787958871,0.0004397873471174517,0
2022-12-29,test,test,0.0072149105735847,0.0078773717722919,-0.014377594032882,0.9532198996778555,0.04638300180128141,0.00039709852086321337,0
2022-12-30,test,test,-0.01078127832674,0.0080810868463398,-0.014377594032882,0.9128532059873191,0.08631465553937803,0.0008321384733032719,0
2023-01-02,test,test,0.016941459674937,0.0088660312483124,-0.014377594032882,0.7750400411875991,0.2215919835008334,0.00336797531156742,0
2023-01-03,test,test,0.0033041157439466,0.0086339533437037,-0.014377594032882,0.8574035942571325,0.1408822252684658,0.001714180474401611,0
2023-01-04,test,test,0.019154621932565,0.0095961666202472,-0.014377594032882,0.568479782545196,0.4227171098997185,0.008803107555085548,0
2023-01-05,test,test,0.0055686859795425,0.0094032890409505,-0.014377594032882,0.6885007691367552,0.30661518661005654,0.004884044253188432,0
2023-01-06,test,test,0.0108039209990971,0.0094931563053435,-0.014377594032882,0.6954322066393239,0.2998850997115946,0.0046826936490814465,0
2023-01-09,test,test,-0.0007127177526346,0.0092056120728128,-0.014377594032882,0.8019683712285086,0.19562567267890357,0.002405956092588068,0
2023-01-10,test,test,0.0020450619605236,0.0089392187982146,-0.014377594032882,0.8768687092335327,0.1218453363274446,0.0012859544390226609,0
2023-01-11,test,test,0.0015596779783085,0.0086753103969122,-0.014377594032882,0.9223313753238958,0.07694491247985838,0.0007237121962456635,0
2023-01-12,test,test,0.0115983399342999,0.0088778735746631,-0.014377594032882,0.9033678238900155,0.0955775552241011,0.0010546208858834643,0
2023-01-13,test,test,0.0060532304369482,0.0087341935391086,-0.014377594032882,0.9289702394542323,0.0703219822629117,0.0007077782828562987,0
2023-01-16,test,test,-0.0011942439856271,0.0084731659781762,-0.0142382093481525,0.9498218098418775,0.04974503871884256,0.00043315143927986883,0
2023-01-17,test,test,0.0021733286993823,0.0082322700787956,-0.0142382093481525,0.9632460800591919,0.03646696135273686,0.000286958588071239,0
2023-01-18,test,test,0.0048137588078931,0.0080681094962112,-0.0142382093481525,0.9684307337479182,0.031334328440328026,0.00023493781175371102,0
2023-01-19,test,test,-0.0158185670440604,0.0087293958090997,-0.0153142110492989,0.8398538831532174,0.15836469754955337,0.0017814192972291651,0
2023-01-20,test,test,0.014126875816317,0.0091435401973301,-0.0153142110492989,0.7597870702603432,0.23677329146033924,0.0034396382793173835,0
2023-01-23,test,test,0.0028998989486906,0.0088934038778488,-0.0153142110492989,0.84843805123009,0.14979080588810628,0.0017711428818039023,0
2023-01-24,test,test,0.0025682269915074,0.0086453931070402,-0.0153142110492989,0.9048742389348553,0.09416436579940139,0.000961395265743135,0
2023-01-25,test,test,-0.0010711101505177,0.0083861248067278,-0.0153142110492989,0.9360059052671086,0.06342127302110946,0.00057282171178214,0
2023-01-26,test,test,0.0086811168222381,0.0084041163291839,-0.0153142110492989,0.9389153979353347,0.06051264006473206,0.0005719619999334073,0
2023-01-27,test,test,0.00271892940441,0.0081752660889024,-0.0153142110492989,0.9569822701241889,0.04265923900505718,0.0003584908707538566,0
2023-01-30,test,test,-0.0012038313527609,0.0079316977805795,-0.0153142110492989,0.9657697080630284,0.03397387178106377,0.00025642015590765423,0
2023-01-31,test,test,-0.0016921478384466,0.0077012285876951,-0.0153142110492989,0.970170179365065,0.02962162888226342,0.00020819175267109959,0
2023-02-01,test,test,0.0070703203468923,0.007664838696463,-0.0153142110492989,0.9686199273901442,0.031150942813975305,0.0002291297958805822,0
2023-02-02,test,test,0.0143610088599777,0.0082218660677981,-0.0153142110492989,0.9252308640375445,0.07401386970832169,0.0007552662541336851,0
2023-02-03,test,test,-0.0004443803187568,0.0079721380551684,-0.0153142110492989,0.9487473284868613,0.05080593120853726,0.0004467403046011472,0
2023-02-06,test,test,-0.0072233261688725,0.0079292037757229,-0.0153142110492989,0.9406759779153041,0.058812126542385684,0.0005118955423100651,0
2023-02-07,test,test,0.001440157670042,0.0076957377432445,-0.0153142110492989,0.9583731537884705,0.04129660339672418,0.0003302428148050977,0
2023-02-08,test,test,0.0059674425556233,0.0076031269151126,-0.0153142110492989,0.963592933362779,0.03612278749080932,0.000284279146412114,0
2023-02-09,test,test,0.0017541416330445,0.0073840170182765,-0.0153142110492989,0.9707859120730438,0.029005191789716552,0.00020889613723944076,0
2023-02-10,test,test,-0.0137358832447484,0.0079102941915852,-0.0155534697257483,0.8954394846980742,0.1035542479004702,0.0010062674014552563,0
2023-02-13,test,test,0.0101376832551264,0.0080613116955281,-0.0155534697257483,0.8948495846688866,0.10402358358869955,0.0011268317424140478,0
2023-02-14,test,test,0.005727180579961,0.0079406358259927,-0.0155534697257483,0.9248174839439269,0.07443999170671513,0.0007425243493579213,0
2023-02-15,test,test,0.0034055005835248,0.0077437924517151,-0.0155534697257483,0.9484149613030105,0.05113018143244902,0.00045485726454080606,0
2023-02-16,test,test,0.0034904799865291,0.00755641113726,-0.0155534697257483,0.9616093342325528,0.0380827779405805,0.00030788782686672197,0
2023-02-17,test,test,0.0006109436128532,0.0073277406780449,-0.0155534697257483,0.9696065653156914,0.030173306367725257,0.0002201283165832624,0
2023-02-20,test,test,-0.0055549044334181,0.0072336335429615,-0.0155534697257483,0.964600509533907,0.035146191446888554,0.00025329901920464993,0
2023-02-21,test,test,-0.0031510915857118,0.007055614053413,-0.0155534697257483,0.9672515882200674,0.03251920885589152,0.0002292029240411263,0
2023-02-22,test,test,-0.008618807955736,0.0071590375976906,-0.0155534697257483,0.9486152570884051,0.050984675356693786,0.0004000675549012487,0
2023-02-23,test,test,0.0064006363481077,0.0071158132989337,-0.0155534697257483,0.956503611314603,0.04314601695734452,0.0003503717280522797,0
2023-02-24,test,test,-0.003265824713739,0.0069452608039307,-0.0155534697257483,0.9620479737299851,0.03766590923145163,0.00028611703856319665,0
2023-02-27,test,test,0.0121843184062354,0.0073654535283315,-0.0155534697257483,0.9383695460380262,0.06105109793018937,0.0005793560317845217,0
2023-02-28,test,test,0.0085841818917543,0.0074442059390088,-0.0155534697257483,0.9411955601732903,0.0582461096735963,0.0005583301531131887,0
2023-03-01,test,test,-0.0076612335456625,0.0074574057087638,-0.0155534697257483,0.9310955103000321,0.06826848890925918,0.0006360007907085588,0
2023-03-02,test,test,0.0004717819753169,0.0072311465622493,-0.0155534697257483,0.9528280682061806,0.04678112421840817,0.0003908075754112092,0
2023-03-03,test,test,0.0145707168324561,0.0078670489453888,-0.0155534697257483,0.8996036401020187,0.09925576434964999,0.0011405955483312225,0
2023-03-06,test,test,0.0049327436970358,0.007722496305304,-0.0155534697257483,0.9304954708922056,0.06881165688160307,0.0006928722261911033,0
2023-03-07,test,test,-0.0105592213235389,0.0079213989630542,-0.0155534697257483,0.8874921549471192,0.111307419802368,0.0012004252505125892,0
2023-03-08,test,test,0.0058271521101055,0.0078115933037263,-0.0155534697257483,0.9197171851906601,0.07948530648993837,0.0007975083194016486,0
2023-03-09,test,test,-0.0045421998976076,0.0076549085782158,-0.0155534697257483,0.9337165681875575,0.0656822205192396,0.0006012112932029746,0
2023-03-10,test,test,-0.0147745595845385,0.0082570590693913,-0.0147763366244491,0.790742322064811,0.20664151665261568,0.002616161282573325,0
2023-03-13,test,test,-0.0357526996096709,0.0118652271267622,-0.0221152754127566,0.0007399988110095496,0.8840948649832756,0.11516513620571472,1
2023-03-14,test,test,0.0220895072258524,0.0127127250285819,-0.0221152754127566,0.001842590298050073,0.8443195884808602,0.1538378212210898,1
2023-03-15,test,test,-0.0446438870731427,0.0164772926833617,-0.032071717908958,6.492467820246105e-09,0.17347877739883827,0.826521216108694,2
2023-03-16,test,test,0.0148564530823146,0.0163845645536888,-0.032071717908958,0.002165865288387435,0.23599908908578174,0.7618350456258307,2
2023-03-17,test,test,-0.0194106313607413,0.0165817090454063,-0.0332690726811849,0.0006660206948305303,0.2429010385284884,0.7564329407766808,2
2023-03-20,test,test,0.0129670475886942,0.0163873289392923,-0.0332690726811849,0.004969323236286259,0.3320034587395575,0.6630272180241561,2
2023-03-21,test,test,0.02419251567933,0.0169572564311675,-0.0332690726811849,0.0005046116044304909,0.25055687897415063,0.7489385094214188,2
2023-03-22,test,test,-0.0044411448681237,0.0164766215892824,-0.0332690726811849,0.011094673715665694,0.4047803066845064,0.5841250195998278,2
2023-03-23,test,test,-0.0043716793984768,0.0160105281081671,-0.0332690726811849,0.036454465083096625,0.5568031988389427,0.40674233607796034,1
2023-03-24,test,test,-0.0199865907047042,0.016276505096737,-0.0334610591291726,0.004279151597425277,0.5529867335240818,0.4427341148784928,1
2023-03-27,test,test,0.0128373059954417,0.0160908957670944,-0.0334610591291726,0.012844837492366486,0.6363877970365728,0.350767365471061,1
2023-03-28,test,test,0.0042800446916025,0.0156358894197283,-0.0334610591291726,0.04924628334575122,0.737588490804535,0.21316522584971345,1
2023-03-29,test,test,0.0140330241364798,0.0155443791015954,-0.0334610591291726,0.0441804647232771,0.7838553140576363,0.1719642212190863,1
2023-03-30,test,test,0.0149254229318869,0.0155079383973696,-0.0334610591291726,0.03490712024015889,0.8197496446723701,0.1453432350874713,1
2023-03-31,test,test,0.0027549846231698,0.0150506405362977,-0.0334610591291726,0.09267489079452206,0.8283558919413061,0.0789692172641722,1
2023-04-03,test,test,-0.0081675294875349,0.0147286450834916,-0.0334610591291726,0.11183163521561867,0.8377478322890832,0.05042053249529788,1
2023-04-04,test,test,0.0028134107805612,0.0142965703456789,-0.0334610591291726,0.21333342117609294,0.7596088740803809,0.02705770474352623,1
2023-04-05,test,test,0.0077449339639618,0.0139902626264261,-0.0334610591291726,0.2968154211865918,0.685729545162901,0.017455033650507136,1
2023-04-06,test,test,0.006215402989813,0.0136492371770198,-0.0334610591291726,0.41654266458041883,0.5726510932512674,0.010806242168313924,1
2023-04-11,test,test,-0.0080431279288928,0.0133792783585849,-0.0334610591291726,0.431896535073446,0.5591138270941509,0.008989637832403469,1
2023-04-12,test,test,0.0044285137652882,0.0130169692356888,-0.0334610591291726,0.5779468816492677,0.4165364167331534,0.005516701617579035,0
2023-04-13,test,test,0.0033676194611981,0.012647349542415,-0.0334610591291726,0.7138747706759541,0.2828708093709614,0.0032544199530848902,0
2023-04-14,test,test,0.0056660219937555,0.0123403546032991,-0.0334610591291726,0.8013743549491942,0.19647879109731933,0.002146853953486535,0
2023-04-17,test,test,0.0016647222355276,0.0119713645270012,-0.0334610591291726,0.8766552506120997,0.12213804797613587,0.0012067014117643437,0
2023-04-18,test,test,0.0046169727046616,0.0116616354229318,-0.0334610591291726,0.9173461497667539,0.08188058023681336,0.0007732699964332184,0
2023-04-19,test,test,0.0077074515312688,0.0114629143257527,-0.0334610591291726,0.9306399941078056,0.06869967053766048,0.0006603353545334715,0
2023-04-20,test,test,-0.0046342433561177,0.0111715295836424,-0.0334610591291726,0.9407839074241724,0.05869694534453398,0.0005191472312935106,0
2023-04-21,test,test,-0.0037421697130378,0.0108699180720729,-0.0334610591291726,0.9508645873445352,0.04873359329277924,0.00040181936268602394,0
2023-04-24,test,test,-0.0009774964916042,0.0105414961804967,-0.0334610591291726,0.9625791828412966,0.03713776458212644,0.0002830525765767249,0
2023-04-25,test,test,-0.012419526124411,0.0106635093177301,-0.0334610591291726,0.9031164973637282,0.09596030071343326,0.0009232019228386694,0
2023-04-26,test,test,0.0003659481987674,0.010339044452763,-0.0334610591291726,0.9369734606845814,0.06247828769541755,0.0005482516200009638,0
2023-04-27,test,test,0.0022462474346839,0.0100391646782342,-0.0334610591291726,0.9561634736265959,0.043483056104698985,0.0003534702687049562,0
2023-04-28,test,test,-0.0079329147965665,0.0099254020583893,-0.0334610591291726,0.942597422596902,0.056922691170616026,0.0004798862324817234,0
2023-05-02,test,test,-0.0173556722301439,0.0105202638357148,-0.0334610591291726,0.7022902373604759,0.2935606688300485,0.004149093809475476,0
2023-05-03,test,test,-0.0005837207268118,0.010200776337901,-0.0334610591291726,0.8072893913894339,0.19050719231438448,0.0022034162961817438,0
2023-05-04,test,test,-0.0036534299224534,0.0099304249976536,-0.0334610591291726,0.8614143026397998,0.1371613748303098,0.0014243225298902424,0
2023-05-05,test,test,0.0114014503965432,0.0100247755318846,-0.0334610591291726,0.8464508234647415,0.15171962874570388,0.0018295477895550391,0
2023-05-08,test,test,0.0069722376026575,0.0098682867220236,-0.0334610591291726,0.8857038259859451,0.11302974825921408,0.0012664257548405714,0
2023-05-09,test,test,-0.0030552209880875,0.0095968828468178,-0.0334610591291726,0.9180938463749216,0.08111334032585794,0.0007928132992208597,0
2023-05-10,test,test,-0.0016892908092893,0.0093137196092278,-0.0334610591291726,0.9425034998454342,0.056997907223231656,0.0004985929313339193,0
2023-05-11,test,test,0.0016456895215768,0.0090389793794344,-0.0334610591291726,0.9593649892446571,0.04031279764531753,0.0003222131100255005,0
2023-05-12,test,test,0.0055709635168114,0.0088692219162038,-0.0334610591291726,0.9649627446226124,0.034767053756911664,0.0002702016204758167,0
2023-05-15,test,test,-0.0035365970235941,0.0086425553319244,-0.0334610591291726,0.9667127050262649,0.033047203759503714,0.00024009121423116046,0
2023-05-16,test,test,-0.0010982074795782,0.0083835851809082,-0.0334610591291726,0.9713229638720646,0.028480992878039655,0.00019604324989583847,0
2023-05-17,test,test,0.0021952102224181,0.008145954046743,-0.0334610591291726,0.9748441156535541,0.024989643503426893,0.0001662408430192955,0
2023-05-18,test,test,0.0001628249107901,0.0078978961761246,-0.0334610591291726,0.9765651370690965,0.023286074438188368,0.0001487884927148977,0
2023-05-19,test,test,0.0041593586428915,0.0077247766328564,-0.0334610591291726,0.9766505072172645,0.023199754726931678,0.00014973805580400387,0
2023-05-22,test,test,0.0057661895545802,0.0076214683693258,-0.0334610591291726,0.974961082000415,0.02487294910034481,0.00016596889924011462,0
2023-05-23,test,test,-0.0040921874896597,0.0074569654153273,-0.0334610591291726,0.9719035178334624,0.027912077685813594,0.00018440448072372856,0
2023-05-24,test,test,-0.01123150082876,0.0077355510382293,-0.0334610591291726,0.9325572772644568,0.06688676304772467,0.0005559596878185014,0
2023-05-25,test,test,-0.0051861635789739,0.0076067208725718,-0.0334610591291726,0.9395295461215873,0.05996895547840519,0.0005014984000072863,0
2023-05-26,test,test,0.0081935438285086,0.0076432008946127,-0.0334610591291726,0.9439392249317734,0.05556391503642619,0.0004968600318005682,0
2023-05-29,test,test,-0.0011975267573537,0.0074161616042639,-0.0334610591291726,0.9583888668240089,0.04127984717370606,0.0003312860022846655,0
2023-05-30,test,test,-0.0013734343046311,0.0071981014907733,-0.0334610591291726,0.9663627059339841,0.03339071032367802,0.0002465837423377838,0
2023-05-31,test,test,-0.01287774246717,0.0076585951864706,-0.0334610591291726,0.902114688594724,0.09695662933881334,0.0009286820664628197,0
2023-06-01,test,test,0.01287774246717,0.0080675281517613,-0.0334610591291726,0.863416841548331,0.1349508691029968,0.0016322893486721906,0
2023-06-02,test,test,0.0162082452299635,0.0087716784401146,-0.0334610591291726,0.7203477666404632,0.27500784396644046,0.0046443893930959755,0
2023-06-05,test,test,-0.0030312384763801,0.0085368089178221,-0.0334610591291726,0.8042812381412763,0.19318939509609365,0.0025293667626300363,0
2023-06-06,test,test,0.0023333680118554,0.0082964544527266,-0.0334610591291726,0.8780545340634812,0.1206247826433311,0.0013206832931876677,0
2023-06-07,test,test,0.0052489061438953,0.0081458178250831,-0.0334610591291726,0.9160517646709164,0.083112842886822,0.0008353924422615834,0
2023-06-08,test,test,-0.002299699961451,0.0079177272213583,-0.028013703046196,0.9397673342876091,0.059699602528316686,0.0005330631840741696,0
2023-06-09,test,test,-0.0030673135776569,0.0077132019839849,-0.028013703046196,0.9521911182313588,0.047419037997767456,0.0003898437708734554,0
2023-06-12,test,test,0.0037203868583444,0.0075335484638746,-0.0189176314318631,0.9634797829872882,0.03623850986060155,0.00028170715211028196,0
2023-06-13,test,test,-0.0011457478166813,0.0073094360653651,-0.0189176314318631,0.9694758433911606,0.030307428298757214,0.0002167283100824074,0
2023-06-14,test,test,0.0105614291994169,0.0075441905770002,-0.0167400018006727,0.9560380827545167,0.043597060190860966,0.00036485705462178594,0
2023-06-15,test,test,-0.0002120486067251,0.0073145485609892,-0.0167400018006727,0.966157774389847,0.03358906947769667,0.0002531561324563722,0
2023-06-16,test,test,0.0067844362963238,0.0072838298966641,-0.0167400018006727,0.9666817324840785,0.03306626455159563,0.00025200296432579823,0
2023-06-19,test,test,-0.0066677418753393,0.0072483414784828,-0.0167400018006727,0.9583307733600192,0.04135398344577336,0.0003152431942073563,0
2023-06-20,test,test,0.0008371704130635,0.0070305190559022,-0.0167400018006727,0.967893637397946,0.031876036040400346,0.00023032656165407738,0
2023-06-21,test,test,-0.000360179915881,0.006816912063243,-0.0142176469405749,0.9725440581576538,0.027270015635738266,0.00018592620660797248,0
2023-06-22,test,test,-0.0076272708166795,0.0068682303601413,-0.0142176469405749,0.9589772948558106,0.04072457690988833,0.00029812823430080504,0
2023-06-23,test,test,-0.0106171406733998,0.0071488218293572,-0.0142176469405749,0.922133508094904,0.07718299810434401,0.0006834938007518984,0
2023-06-26,test,test,0.000884604573256,0.0069344261370413,-0.0142176469405749,0.948014150292833,0.051558714694174654,0.000427135012992166,0
2023-06-27,test,test,0.0127499450431092,0.0074131474971982,-0.0142176469405749,0.9174521542144473,0.08168773545524416,0.0008601103303084556,0
2023-06-28,test,test,0.0093566860549111,0.0075438932191616,-0.0142176469405749,0.9202336994829813,0.07892280995926956,0.000843490557749319,0
2023-06-29,test,test,0.0030855079098819,0.007353021620511,-0.0142176469405749,0.9461975793508173,0.053311034497743416,0.0004913861514392824,0
2023-06-30,test,test,0.0086267408586391,0.0074356002316643,-0.0142176469405749,0.9467826517601838,0.05272622022750633,0.0004911280123101763,0
2023-07-03,test,test,0.0053852239236243,0.0073287720635365,-0.0142176469405749,0.9578116828031857,0.04183050454010226,0.00035781265671180277,0
2023-07-04,test,test,-0.0058648145029868,0.0072492764405135,-0.0142176469405749,0.9548556386044381,0.04478214817159859,0.00036221322396325366,0
2023-07-05,test,test,-0.0107054433365902,0.0075016851039151,-0.0142176469405749,0.915880975094428,0.0833398575265667,0.0007791673790055293,0
2023-07-06,test,test,-0.0214484371151886,0.0089722288153755,-0.0172272839375008,0.35800723884608293,0.6287607456501254,0.013232015503791716,1
2023-07-07,test,test,-0.0039064025432989,0.0087513676285679,-0.0172272839375008,0.4725246706857038,0.5193002099972313,0.008175119317064852,1
2023-07-10,test,test,0.0004432658578783,0.0084854604073892,-0.0172272839375008,0.6281171291882269,0.3672668165569763,0.004616054254796798,0
2023-07-11,test,test,0.0084158071774689,0.0084812973449083,-0.0172272839375008,0.6947228297332722,0.3015126603505963,0.0037645099161317795,0
2023-07-12,test,test,0.0130533546307798,0.0088226903153515,-0.0172272839375008,0.6327927387816757,0.36178115282585543,0.00542610839246915,0
2023-07-13,test,test,0.0026409767398669,0.0085783423821268,-0.0172272839375008,0.7596156330075904,0.23747983832068834,0.002904528671721145,0
2023-07-14,test,test,-0.0042713381665329,0.0083825616805047,-0.0172272839375008,0.8207629114839773,0.17729918006283116,0.0019379084531915896,0
2023-07-17,test,test,-3.176519663569529e-05,0.0081271988070602,-0.0172272839375008,0.8873366584324824,0.11157271444230142,0.0010906271252166056,0
2023-07-18,test,test,0.0018736616234754,0.00789296619119,-0.0172272839375008,0.9283053765352917,0.07105416745462359,0.0006404560100851918,0
2023-07-19,test,test,-0.0004125760338835,0.0076531819210428,-0.0172272839375008,0.9505072946901364,0.04908682316900733,0.00040588214085642514,0
2023-07-20,test,test,0.0071476111862701,0.0076237931927478,-0.0172272839375008,0.9555483350504373,0.04408074636499218,0.0003709185845705759,0
2023-07-21,test,test,0.0054371429143165,0.0075105685984007,-0.0172272839375008,0.962934464018512,0.03677106942004064,0.0002944665614475848,0
2023-07-24,test,test,-0.0029296385065642,0.0073170410097084,-0.0172272839375008,0.9666607657582458,0.033095928878883525,0.0002433053628707891,0
2023-07-25,test,test,-0.0025494623112604,0.0071215678943672,-0.0151858934703728,0.9695208569333622,0.030267684675115633,0.00021145839152209912,0
2023-07-26,test,test,0.0085043482742847,0.0072120151061861,-0.0151858934703728,0.9643370986665271,0.03539066301485271,0.0002722383186202167,0
2023-07-27,test,test,0.0097641841258725,0.0073900426031912,-0.0151858934703728,0.9555076802042116,0.044116561988794455,0.000375757806993894,0
2023-07-28,test,test,-0.0009907828584015,0.0071690211979539,-0.0151858934703728,0.9651768496305212,0.03455988970959163,0.0002632606598871294,0
2023-07-31,test,test,-0.0045118835407825,0.0070379399418896,-0.0151858934703728,0.9645434333974868,0.03519896676148456,0.00025759984102901657,0
2023-08-01,test,test,-0.0144796418905785,0.0076902694663366,-0.0162686071576457,0.866384689013414,0.13222876462036026,0.0013865463662257637,0
2023-08-02,test,test,-0.0185013656760043,0.0087252427880037,-0.0181431482272571,0.44906706384107675,0.540994253886536,0.009938682272387415,1
2023-08-03,test,test,-0.0023181828348979,0.0084784732296797,-0.0181431482272571,0.5862511505242167,0.4080213235661213,0.005727525909662509,0
2023-08-04,test,test,0.0065648578520865,0.0083759942290511,-0.0181431482272571,0.6900462735054381,0.3060806700731903,0.003873056421371531,0
2023-08-07,test,test,-0.0010467007149886,0.0081248739995644,-0.0181431482272571,0.7962781371060474,0.20152867861563037,0.002193184278322439,0
2023-08-08,test,test,-0.0060877560921854,0.0080172569693472,-0.0181431482272571,0.8266838493334548,0.17150390267577786,0.001812247990767499,0
2023-08-09,test,test,0.0056389537814405,0.0078947889610012,-0.0181431482272571,0.8808247441014918,0.11797259638671187,0.0012026595117961823,0
2023-08-10,test,test,0.0156765086956539,0.0085634809900832,-0.0181431482272571,0.7657884051576138,0.23079446008801136,0.003417134754374663,0
2023-08-11,test,test,-0.0071714077711673,0.0084863985077703,-0.0181431482272571,0.7830262923904896,0.21418745213885163,0.0027862554706587633,0
2023-08-14,test,test,-0.0004983270220644,0.0082287740182837,-0.0181431482272571,0.8622754015417332,0.13624454739559705,0.0014800510626695744,0
2023-08-15,test,test,-0.0087447086356849,0.0082606388542729,-0.0181431482272571,0.843422956013043,0.1548524569730963,0.0017245870138608338,0
2023-08-16,test,test,0.0003208899375058,0.008009372212914,-0.0181431482272571,0.9018251755653827,0.0972228919402487,0.0009519324943685966,0
2023-08-17,test,test,-0.0077838114770856,0.0079960180037909,-0.0181431482272571,0.8946579306739738,0.10430113749980692,0.0010409318262194329,0
2023-08-18,test,test,-0.0011107486520312,0.0077571999739603,-0.0181431482272571,0.9298792427738162,0.06949414686246322,0.0006266103637205197,0
2023-08-21,test,test,-0.0005289000015363,0.0075220001636896,-0.0181431482272571,0.9512636418509929,0.04833749059651739,0.0003988675524895706,0
2023-08-22,test,test,0.005512286884201,0.0074167901194801,-0.0181431482272571,0.9602237952198923,0.03945818571325529,0.0003180190668528026,0
2023-08-23,test,test,0.0001717277249616,0.0071909678458831,-0.0181431482272571,0.9686749734826086,0.031097373631949515,0.00022765288544160308,0
2023-08-24,test,test,0.0009764420911602,0.0069760034257687,-0.0181431482272571,0.9734863747105315,0.026333707959884187,0.00017991732958480973,0
2023-08-25,test,test,0.0015216997371158,0.0067737493734233,-0.0181431482272571,0.976086082781559,0.02375891133438732,0.00015500588405383822,0
2023-08-28,test,test,0.0160605946993766,0.0076555353741834,-0.0181431482272571,0.9150702287657455,0.08405493095037274,0.0008748402838818056,0
2023-08-29,test,test,0.0095537566707768,0.0077824960356505,-0.0181431482272571,0.9167688076721626,0.08234706334790332,0.000884128979934354,0
2023-08-30,test,test,-0.0031465752763765,0.0075846730997727,-0.0181431482272571,0.9375790919089989,0.06184607015945516,0.000574837931545803,0
2023-08-31,test,test,-0.0047435906496014,0.0074448458146324,-0.0181431482272571,0.9450799765963664,0.05445053320614499,0.0004694901974880568,0
2023-09-01,test,test,-0.0059403283278615,0.0073632489765047,-0.0181431482272571,0.9449728107192118,0.05456737191316713,0.00045981736762139774,0
2023-09-04,test,test,-0.003530161858558,0.0071911133995686,-0.0181431482272571,0.9541667472054347,0.04547029877568966,0.0003629540188755455,0
2023-09-05,test,test,-0.0025839462854382,0.007000713671783,-0.0181431482272571,0.9620433103170325,0.03767261305115598,0.00028407663181154863,0
2023-09-06,test,test,-0.00829663140732,0.0070851561706125,-0.0181431482272571,0.9456675379553909,0.05389467009111647,0.0004377919534931259,0
2023-09-07,test,test,-0.0004725403894448,0.0068702888839866,-0.0181431482272571,0.9601936015800897,0.039503682826909796,0.00030271559300058327,0
2023-09-08,test,test,0.0058474897555671,0.0068132521878286,-0.0181431482272571,0.9649384733600405,0.03479449819141758,0.00026702844854214125,0
2023-09-11,test,test,0.0075108159199687,0.0068571074367749,-0.0181431482272571,0.9640800679986251,0.03563948002651964,0.0002804519748554042,0
2023-09-12,test,test,0.0021386512218029,0.0066688197455334,-0.0181431482272571,0.970976678669979,0.028815623464288124,0.00020769786573270432,0
2023-09-13,test,test,-0.0033158515775313,0.0065164760178769,-0.0181431482272571,0.9708536417220724,0.028947984351438742,0.0001983739264887572,0
2023-09-14,test,test,0.0131662403592823,0.0070934889315466,-0.0181431482272571,0.9401889248424184,0.059263310538379056,0.0005477646192026602,0
2023-09-15,test,test,7.332387080306101e-05,0.0068774161348618,-0.0181431482272571,0.9576201371298494,0.04203587297299813,0.0003439898971528217,0
2023-09-18,test,test,-0.0071039913123483,0.0068912207252771,-0.0181431482272571,0.9488371675663976,0.050746265747859405,0.0004165666857427514,0
2023-09-19,test,test,0.0047451164456428,0.0067816336899292,-0.0181431482272571,0.960198105509161,0.03948712189272645,0.0003147725981129211,0
2023-09-20,test,test,0.0123716812282166,0.0072397950218826,-0.0181431482272571,0.9348021784029,0.06456408729695153,0.000633734300148575,0
2023-09-21,test,test,-0.0100965616800612,0.0074421896983952,-0.0181431482272571,0.8993986068505606,0.09956771634641773,0.001033676803021479,0
2023-09-22,test,test,-0.0049237027555888,0.0073155715556619,-0.0181431482272571,0.9173727739624334,0.08184316625895938,0.0007840597786071357,0
2023-09-25,test,test,-0.0122830853925037,0.00770447812382,-0.0181431482272571,0.8353791463016892,0.16273334406690373,0.001887509631407127,0
2023-09-26,test,test,-0.0020369772761847,0.0074864144125354,-0.0181431482272571,0.8902249143729466,0.10867550077109854,0.0010995848559546043,0
2023-09-27,test,test,-0.0037435599517115,0.0073160420431793,-0.0181431482272571,0.9177559619181327,0.08148281024581844,0.0007612278360488471,0
2023-09-28,test,test,0.0101179956686185,0.0075136830574575,-0.0150880309863621,0.9142054059989413,0.08491206786271446,0.0008825261383442467,0
2023-09-29,test,test,0.0001273092609365,0.0072848527481017,-0.0150880309863621,0.9431001852139715,0.05639240813507943,0.0005074066509490132,0
2023-10-02,test,test,-0.0116286582703662,0.0076156730745201,-0.0150880309863621,0.8865937112130349,0.11222962328428125,0.001176665502683777,0
2023-10-03,test,test,-0.0166088916262361,0.0084302956447811,-0.0165299663976063,0.6058153383535765,0.38800516488663,0.006179496759793219,0
2023-10-04,test,test,-0.0068533481917545,0.0083440873955847,-0.0165299663976063,0.6459998822387117,0.34919113694157505,0.0048089808197131845,0
2023-10-05,test,test,0.0060019897963351,0.0082223962254421,-0.0165299663976063,0.7462228215040836,0.2506985066518868,0.003078671844029637,0
2023-10-06,test,test,0.0084921389327547,0.0082388298396112,-0.0165299663976063,0.7928948508523914,0.2046129899062015,0.0024921592414069733,0
2023-10-09,test,test,-0.0091912913589622,0.0082990606883685,-0.0165299663976063,0.7641911011615544,0.23293712133392705,0.002871777504518366,0
2023-10-10,test,test,0.0217049508881631,0.009644077840526,-0.0165299663976063,0.28370158970529596,0.6978213015361089,0.018477108758595158,1
2023-10-11,test,test,0.0008871911069572,0.0093528054419031,-0.0165299663976063,0.43782675409061605,0.5522010284893716,0.009972217420012407,1
2023-10-12,test,test,-0.0026101713665208,0.0090903933429639,-0.0165299663976063,0.57189299974072,0.4222268161246669,0.005880184134612866,0
2023-10-13,test,test,-0.0111046606603855,0.0092236622534086,-0.0165299663976063,0.47191816719637525,0.5203904294731306,0.007691403330493984,1
2023-10-16,test,test,0.00585306409085,0.0090568697792423,-0.0165299663976063,0.5988889588519121,0.39599756414304493,0.005113477005043006,0
2023-10-17,test,test,0.0012267984132275,0.0087861014589558,-0.0165299663976063,0.7352048862930399,0.2618857825368322,0.0029093311701279016,0
2023-10-18,test,test,-0.0092701087141388,0.0088158912794203,-0.0165299663976063,0.7034363239994095,0.2930762200235537,0.0034874559770366603,0
2023-10-19,test,test,-0.0071789181241014,0.0087263368393317,-0.0165299663976063,0.726851287617802,0.27001773436770493,0.0031309780144928205,0
2023-10-20,test,test,-0.0129514185649567,0.0090357275261127,-0.0165299663976063,0.5549012850064967,0.4388187029902243,0.006280012003278931,0
2023-10-23,test,test,-0.0037281991302126,0.0088079326595889,-0.0165299663976063,0.6624478141297211,0.3335059868611057,0.004046199009173344,0
2023-10-24,test,test,-0.0021924071622638,0.00855647684632,-0.016020558622399,0.7679856261587129,0.22954892804905497,0.0024654457922317877,0
2023-10-25,test,test,0.0010021937963135,0.0082994434635484,-0.0139477985278988,0.8552026524349358,0.14338738318306532,0.0014099643819990553,0
2023-10-26,test,test,-0.0024515825511631,0.0080689857799272,-0.0139477985278988,0.9010858944037432,0.09800682424372173,0.0009072813525354431,0
2023-10-27,test,test,-0.0049773328085812,0.0079176038129544,-0.0139477985278988,0.9182115658590577,0.08105351281501294,0.0007349213259294563,0
2023-10-30,test,test,0.0106625501199189,0.0081085474429248,-0.0139477985278988,0.9094909503814906,0.08957067581156752,0.0009383738069417874,0
2023-10-31,test,test,0.0003770591048797,0.0078620709453825,-0.0139477985278988,0.9406360376563535,0.05882961467952359,0.0005343476641231323,0
2023-11-01,test,test,0.0063784473572732,0.0077810349837656,-0.0139477985278988,0.951536298221651,0.04804201550899462,0.00042168626935440114,0
2023-11-02,test,test,0.0202239063008083,0.0090250882686709,-0.0139477985278988,0.7299129745392207,0.2655018898210446,0.004585135639734488,0
2023-11-03,test,test,0.0036110265535653,0.0087947402422184,-0.0139477985278988,0.8261532248316542,0.17155699590714332,0.002289779261202162,0
2023-11-06,test,test,-0.00565410286469,0.0086385612994688,-0.0139477985278988,0.8562427368775908,0.142110616591337,0.0016466465310718578,0
2023-11-07,test,test,-0.0006061036106858,0.008376711678243,-0.0139477985278988,0.9079713862246996,0.09112233354234617,0.0009062802329542626,0
2023-11-08,test,test,0.0051728181736417,0.0082197702826442,-0.0139477985278988,0.9348660871395953,0.06453120683476346,0.0006027060256409157,0
2023-11-09,test,test,0.0129918238741976,0.0085812583776603,-0.0139477985278988,0.8992988767362942,0.0995531951451396,0.001147928118566243,0
2023-11-10,test,test,-0.0035682178471498,0.0083656228901259,-0.0139477985278988,0.9246466139922122,0.07461656695327641,0.0007368190545111613,0
2023-11-13,test,test,0.0095575608476978,0.0084418863840292,-0.0139477985278988,0.9245059289428305,0.07472136746615973,0.0007727035910094725,0
2023-11-14,test,test,0.0169351293233868,0.0091759160463463,-0.0139477985278988,0.7968480508548448,0.20005681963599367,0.0030951295091615717,0
2023-11-15,test,test,0.0018065194515364,0.0089073789592644,-0.0139477985278988,0.8739549460656832,0.12454422182712047,0.001500832107196547,0
2023-11-16,test,test,0.0027657005631423,0.008662555160275,-0.0139477985278988,0.9198426041031699,0.07934843864562685,0.0008089572512033566,0
2023-11-17,test,test,0.0096764318619895,0.00872671015935,-0.0139477985278988,0.919681902466797,0.07947446145202419,0.00084363608117881,0
2023-11-20,test,test,0.0079182071052735,0.0086803238544829,-0.0139477985278988,0.9311880893247043,0.06811754255523068,0.0006943681200650487,0
2023-11-21,test,test,-0.00116950156975,0.0084207603528946,-0.0139477985278988,0.9511428701438333,0.04843447660224219,0.0004226532539245651,0
2023-11-22,test,test,0.006076680456076,0.008298808067882,-0.0139477985278988,0.9589137782083218,0.04074587301399733,0.0003403487776808562,0
2023-11-23,test,test,0.0018288996622898,0.0080584548683463,-0.0139477985278988,0.9682598301413482,0.0315037526147897,0.0002364172438619485,0
2023-11-24,test,test,0.0033762535536242,0.0078566098577418,-0.0139477985278988,0.9726623656379795,0.027146388489786632,0.00019124587223441148,0
2023-11-27,test,test,-0.0002918617468684,0.0076176013512205,-0.0139477985278988,0.9751789961506597,0.024658436536125324,0.0001625673132151762,0
2023-11-28,test,test,0.006750524017366,0.0075683785447011,-0.0139477985278988,0.9724781463865144,0.02733204843715538,0.00018980517632991115,0
2023-11-29,test,test,0.0059004675076431,0.0074788009451157,-0.0139477985278988,0.9722656694124473,0.02754085685168888,0.00019347373586427627,0
2023-11-30,test,test,-0.0004373001247777,0.0072517576935534,-0.0139477985278988,0.9748797018971833,0.024955508085559148,0.00016479001725741506,0
2023-12-01,test,test,0.0081786296151646,0.0073106845924423,-0.0139477985278988,0.9691040174392673,0.030673426314291336,0.0002225562464413941,0
2023-12-04,test,test,0.0036911126277134,0.0071454042155354,-0.0139477985278988,0.972897196273754,0.026915341644855328,0.00018746208139067534,0
2023-12-05,test,test,0.0058874116738824,0.0070762341886242,-0.0139477985278988,0.9725385052261544,0.0272702657035291,0.00019122907031628058,0
2023-12-06,test,test,0.0019222037728879,0.0068768013578544,-0.0139477985278988,0.9755476535022628,0.02429123778222623,0.00016110871551098892,0
2023-12-07,test,test,-0.0109880601843818,0.0071900779618444,-0.0139477985278988,0.9399203525615129,0.05959946001386822,0.00048018742461912337,0
2023-12-08,test,test,0.0075997095315253,0.0072153117000841,-0.0139477985278988,0.9467895938112336,0.052754565414465986,0.0004558407743006332,0
2023-12-11,test,test,-0.0024876260430595,0.0070219923492848,-0.0139477985278988,0.957832017710156,0.04183612693864195,0.0003318553512018903,0
2023-12-12,test,test,-0.0078064062210341,0.0070715113409707,-0.0139477985278988,0.9449207597234356,0.05462727526224908,0.00045196501431560504,0
2023-12-13,test,test,-0.0022360444399722,0.0068779277381346,-0.0139477985278988,0.9572215557653208,0.04244703890693651,0.0003314053277425871,0
2023-12-14,test,test,0.007460201629428,0.0069142471082428,-0.0139477985278988,0.9590421424159147,0.04062717159014413,0.00033068599394130025,0
2023-12-15,test,test,-0.0075097269313538,0.0069514145470129,-0.0139477985278988,0.9477817323982115,0.05179113958411127,0.0004271280176774686,0
2023-12-18,test,test,-0.0040395299464994,0.0068118941920348,-0.013729656153853,0.9544559586065431,0.04518615698739593,0.00035788440606115295,0
2023-12-19,test,test,0.0051384728551759,0.0067232449406125,-0.013729656153853,0.9628172450012468,0.036895020864976494,0.0002877341337768641,0
2023-12-20,test,test,-0.000564160731661,0.0065198924699302,-0.013729656153853,0.9696224150573071,0.0301615022079439,0.0002160827347491639,0
2023-12-21,test,test,0.0003266276421268,0.0063217765768241,-0.013729656153853,0.973821942144115,0.02600280388368002,0.0001752539722051576,0
2023-12-22,test,test,0.0007519302561493,0.0061319565791557,-0.013729656153853,0.9761927874603831,0.023654357011361607,0.000152855528255357,0
2023-12-27,test,test,0.0009785076142093,0.0059499820695861,-0.0135549902838594,0.9774932158469802,0.022366095044353204,0.0001406891086664626,0
2023-12-28,test,test,-0.0035233220706839,0.0058329218523411,-0.0116813798032413,0.974512027163399,0.02532764198506116,0.00016033085154028103,0
2023-12-29,test,test,0.0015751120702083,0.0056683734331297,-0.0116813798032413,0.9766272713038017,0.02322552525647775,0.00014720343972059803,0
2024-01-02,test,test,0.0078879539621563,0.0058254458196186,-0.0116813798032413,0.9710417054232967,0.028756324380777964,0.00020197019592551815,0
2024-01-03,test,test,-0.0127203137168069,0.0064504304291041,-0.012258797647383,0.9127245028451721,0.08648580811371301,0.0007896890411148304,0
2024-01-04,test,test,0.0127498534796316,0.0069903573143719,-0.012258797647383,0.8775235063893992,0.12106818458233679,0.0014083090282636349,0
2024-01-05,test,test,-0.0017595206050566,0.0067910930213932,-0.012258797647383,0.9178480868203608,0.0813465597281573,0.000805353451481858,0
2024-01-08,test,test,0.0043684267078966,0.0066705919432864,-0.012258797647383,0.9428001541648756,0.056685179124719993,0.0005146667104042944,0
2024-01-09,test,test,-0.0146727183005486,0.0073989397078935,-0.013448150194104,0.8134466775261668,0.18428288617709238,0.0022704362967403717,0
2024-01-10,test,test,0.0006756764553941,0.0071754472051101,-0.013448150194104,0.8838905871205732,0.11490814319048276,0.0012012696889437836,0
2024-01-11,test,test,-0.0061976303151083,0.0071205658011908,-0.013448150194104,0.8958772568287264,0.10309117711751198,0.0010315660537612331,0
2024-01-12,test,test,0.0089454084060826,0.0072430331893786,-0.013448150194104,0.906477199647447,0.09255047135230332,0.0009723290002494427,0
2024-01-15,test,test,-0.0017747060076404,0.0070358235395941,-0.013448150194104,0.935383611066473,0.06402855494973606,0.0005878339837906931,0
2024-01-16,test,test,-0.0082508346350632,0.007114578022483,-0.013448150194104,0.9208136522959187,0.07844760026649994,0.0007387474375814638,0
2024-01-17,test,test,-0.0127179686526005,0.0075686848798605,-0.013370333556652,0.829640552961792,0.16838856738554042,0.0019708796526674505,0
2024-01-18,test,test,0.0012659447659923,0.0073446612128147,-0.013370333556652,0.8941982119655173,0.10474035970866181,0.0010614283258211976,0
2024-01-19,test,test,-0.0022291357588983,0.0071418168700309,-0.013370333556652,0.9265812738415419,0.0727526684782169,0.0006660576802416969,0
2024-01-22,test,test,0.0110762347655081,0.0074368134242829,-0.013370333556652,0.9130825207059936,0.0860067820938161,0.000910697200190242,0
2024-01-23,test,test,-0.0109849056796071,0.0076959672192994,-0.013370333556652,0.8581722238454342,0.14021180606075198,0.0016159700938135264,0
2024-01-24,test,test,0.0115766578935419,0.0079821912551094,-0.013370333556652,0.8402854400635984,0.15768924913199103,0.0020253108044106832,0
2024-01-25,test,test,-0.0057716259030966,0.0078670931437904,-0.013370333556652,0.8659732089815675,0.13252838472721926,0.001498406291212874,0
2024-01-26,test,test,0.0020147893087917,0.0076433793454609,-0.013370333556652,0.9158139498028749,0.08336605716332343,0.0008199930338014848,0
2024-01-29,test,test,-0.0046704114325721,0.0074983156459615,-0.013370333556652,0.9303746252196946,0.06899520169646822,0.0006301730838369053,0
2024-01-30,test,test,0.0149529121655686,0.0081404316967072,-0.013370333556652,0.8596196752495788,0.1386059967805418,0.0017743279698794487,0
2024-01-31,test,test,0.0038177101223021,0.0079476490329472,-0.013370333556652,0.9092827785800303,0.08975086348013861,0.0009663579398307884,0
2024-02-01,test,test,-0.0063409674771716,0.0078605145985899,-0.013370333556652,0.9147634679663584,0.08439537826673509,0.000841153766906688,0
2024-02-02,test,test,0.0048315288369286,0.0077123957771558,-0.013370333556652,0.9399148164022125,0.05953636560844915,0.000548817989338785,0
2024-02-05,test,test,-0.0121178655660995,0.0080450447891086,-0.013370333556652,0.8729421612038887,0.12568623615821697,0.0013716026378943161,0
2024-02-06,test,test,0.0061872708244614,0.0079458366541575,-0.013370333556652,0.908566786094076,0.09050296516460112,0.0009302487413231056,0
2024-02-07,test,test,-0.0083119459308128,0.007968277582758,-0.013370333556652,0.8947666847496148,0.10415853734256286,0.0010747779078222925,0
2024-02-08,test,test,-0.0014929996569304,0.0077341828046838,-0.013370333556652,0.9290561466260773,0.07029838797045017,0.0006454654034726278,0
2024-02-09,test,test,-0.0008888780758975,0.0075017287934795,-0.013370333556652,0.9503250916959568,0.04926415584201418,0.0004107524620289299,0
2024-02-12,test,test,0.0088627165705905,0.0075902729528062,-0.013370333556652,0.9487444920779828,0.05080283952201856,0.00045266839999866417,0
2024-02-13,test,test,-0.0059567735257556,0.0075022995100465,-0.013370333556652,0.9476594833986075,0.05190090573890177,0.0004396108624904185,0
2024-02-14,test,test,-0.0008870861634035,0.0072769941166539,-0.013370333556652,0.9608802238519382,0.03881829479254177,0.00030148135552039484,0
2024-02-15,test,test,0.0010784368662912,0.0070602511524634,-0.013370333556652,0.96931811914688,0.03046203295536535,0.00021984789775489268,0
2024-02-16,test,test,-0.0041284032511992,0.0069194609876767,-0.013370333556652,0.9681935306207871,0.03158541416138405,0.00022105521782876143,0
2024-02-19,test,test,0.0058896670197813,0.0068620328325224,-0.013370333556652,0.9696984088596292,0.03008497382985523,0.00021661731051563307,0
2024-02-20,test,test,0.0093480529231795,0.0070360081385834,-0.013370333556652,0.9615367350798403,0.0381582450877743,0.00030501983238570606,0
2024-02-21,test,test,0.0068502257075073,0.0070249997458553,-0.013370333556652,0.9635705086715349,0.03614210288856815,0.00028738843989709024,0
2024-02-22,test,test,0.0031314890571518,0.0068540468021757,-0.013370333556652,0.9702611062915545,0.029522650755872452,0.00021624295257320245,0
2024-02-23,test,test,-0.0008190415860315,0.0066482726974462,-0.013370333556652,0.9735244361062324,0.026297374374679463,0.00017818951908791015,0
2024-02-26,test,test,0.000769725357457,0.0064484964678277,-0.013370333556652,0.9760378571861562,0.023807757978018353,0.0001543848358251402,0
2024-02-27,test,test,-0.0024294247340883,0.0062803062478009,-0.013370333556652,0.9751838061263128,0.024659182984139907,0.00015701088954713993,0
2024-02-28,test,test,-0.0044791771242069,0.0061870423818492,-0.013370333556652,0.9712487149443143,0.028564225699222068,0.00018705935646380834,0
2024-02-29,test,test,-0.0067065664406097,0.0062194377425977,-0.013370333556652,0.9618149937988938,0.03791601485852626,0.0002689913425799577,0
2024-03-01,test,test,0.0063192067778533,0.0062254689736664,-0.013370333556652,0.96496395996645,0.03477506561045241,0.00026097442309752406,0
2024-03-04,test,test,0.0005065543702645,0.0060370913481046,-0.013370333556652,0.9713781861514394,0.02842282426992023,0.00019898957864046213,0
2024-03-05,test,test,0.0046861967534148,0.0059646718291404,-0.013370333556652,0.9732365118769223,0.026579762081117078,0.00018372604196101322,0
2024-03-06,test,test,0.0078861690375335,0.0060970625019671,-0.013370333556652,0.9687196148896425,0.031051678789016473,0.0002287063213408622,0
2024-03-07,test,test,0.0119317698044574,0.006594372504167,-0.013370333556652,0.9472762424627638,0.05225296362498185,0.0004707939122543952,0
2024-03-08,test,test,-0.0013478025820936,0.0064019995398554,-0.013370333556652,0.9600862032371968,0.039597273708643674,0.00031652305415938204,0
2024-03-11,test,test,0.0019387928968652,0.0062251102235724,-0.013370333556652,0.9688700201596301,0.030902747076761387,0.00022723276360842997,0
2024-03-12,test,test,0.0061020140024309,0.0062177931737104,-0.013370333556652,0.9697422572062587,0.030037476675632318,0.0002202661181093641,0
2024-03-13,test,test,0.0163826595652666,0.007241877304944,-0.013370333556652,0.8976833175591469,0.10115927517550174,0.0011574072653514592,0
2024-03-14,test,test,-0.0066505399274413,0.0072077652962247,-0.013370333556652,0.9027935707590672,0.09619835202988099,0.0010080772110519429,0
2024-03-15,test,test,0.0101858194275587,0.0074202306417107,-0.013370333556652,0.900716715860316,0.09818520374906642,0.001098080390617798,0
2024-03-18,test,test,-0.0001132548177934,0.0071942340112646,-0.013370333556652,0.9351385252094775,0.06425326964210036,0.0006082051484220363,0
2024-03-19,test,test,0.0098319602082518,0.0073791347270873,-0.013370333556652,0.9311206270060498,0.06819234546196595,0.0006870275319847024,0
2024-03-20,test,test,0.0047636751431188,0.0072488680229002,-0.013370333556652,0.9498102670911218,0.04974000207956567,0.00044973082931243184,0
2024-03-21,test,test,0.0106383982050557,0.0074955889254134,-0.013370333556652,0.938088679506027,0.06130623880031354,0.0006050816936592602,0
2024-03-22,test,test,0.0069415927601288,0.0074635088759444,-0.013370333556652,0.9480779592569715,0.05144411054281268,0.0004779302002154494,0
2024-03-25,test,test,0.0008220905163925,0.007238941692392,-0.013370333556652,0.9623359394041181,0.03736282899421359,0.0003012316016684066,0
2024-03-26,test,test,0.0035818796607032,0.0070730426218514,-0.013370333556652,0.9692538781856604,0.030518965425230814,0.0002271563891086797,0
2024-03-27,test,test,0.0108403441115125,0.0073537092437799,-0.0131695175064162,0.9544011347156202,0.04521042430243422,0.0003884409819458818,0
2024-03-28,test,test,-0.003308428304241,0.007175594688539,-0.0131695175064162,0.9606533802519358,0.03904116110399705,0.00030545864406690245,0
2024-04-02,test,test,-0.0089795710448425,0.0072964218186109,-0.0131695175064162,0.9394429247257886,0.060048423083640404,0.0005086521905710799,0
2024-04-03,test,test,0.0051527244556639,0.0071858568892481,-0.0131695175064162,0.9539050666457821,0.04571506070950023,0.0003798726447174003,0
2024-04-04,test,test,0.0052976714466065,0.0070867669810824,-0.011940246632769,0.9622135275315689,0.03748712360318407,0.00029934886524738693,0
2024-04-05,test,test,-0.015895384636642,0.007897387253663,-0.0135770729517806,0.8202760328434726,0.17761303971517145,0.002110927441355721,0
2024-04-08,test,test,-0.0003848482579025,0.0076573813016694,-0.0135770729517806,0.8863096681572203,0.11253973445520526,0.0011505973875736374,0
2024-04-09,test,test,-0.0088182352875811,0.0077319490111119,-0.0135770729517806,0.8660987922870265,0.1324871598768118,0.0014140478361617946,0
2024-04-10,test,test,-0.0037978833107968,0.0075539055089639,-0.0135770729517806,0.9011949146489066,0.09785092566638615,0.0009541596847076107,0
2024-04-11,test,test,-0.0116875416929808,0.0078634418025164,-0.0135770729517806,0.8269150521113224,0.17110563841353607,0.0019793094751412686,0
2024-04-12,test,test,0.003393379238749,0.007669067434972,-0.0132335972985741,0.8901413750237127,0.10874136164293731,0.0011172633333495364,0
2024-04-15,test,test,0.0001123084332523,0.0074354876365891,-0.0132335972985741,0.9292603726128029,0.0700979141322218,0.0006417132549749213,0
2024-04-16,test,test,-0.0151128590199888,0.0081039001891509,-0.0143753697409101,0.7688098628641323,0.22822109948071542,0.002969037655152224,0
2024-04-17,test,test,0.010113125023888,0.0082382840594449,-0.0143753697409101,0.7844513772861225,0.21272287750324043,0.0028257452106371936,0
2024-04-18,test,test,0.0122530828435954,0.0085326108044243,-0.0143753697409101,0.7509650713928039,0.2454262806518294,0.0036086479553667935,0
2024-04-19,test,test,-0.0033031735819152,0.0083121463927272,-0.0143753697409101,0.8241398750136786,0.1737750571844549,0.0020850678018663814,0
2024-04-22,test,test,0.0148663629494283,0.0088434606255429,-0.0143753697409101,0.7156731120767084,0.2799129357335507,0.0044139521897407375,0
2024-04-23,test,test,0.0168631477462388,0.0095171599335141,-0.0143753697409101,0.4917629876751334,0.4975729146593864,0.01066409766548028,1
2024-04-24,test,test,-0.0043071282985995,0.0092873480853748,-0.0143753697409101,0.5966710010528365,0.39699530019874574,0.006333698748417664,0
2024-04-25,test,test,-0.0040069662112483,0.0090577530924875,-0.0143753697409101,0.6942819944669881,0.30179963021137757,0.003918375321634523,0
2024-04-26,test,test,0.0154395604426736,0.009561543767571,-0.0143753697409101,0.5356895378520702,0.45632116716467436,0.007989294983254933,0
2024-04-29,test,test,-0.0048347736640632,0.0093455997265552,-0.0143753697409101,0.626730503244892,0.3681043779231238,0.005165118831984105,0
2024-04-30,test,test,-0.0224465964757938,0.0105986226366862,-0.0178182800441415,0.06936528099957413,0.9025304484283146,0.028104270572111484,1
2024-05-02,test,test,0.0016201131257957,0.0102834060349481,-0.0178182800441415,0.14858221918455386,0.834253672863962,0.017164107951484212,1
2024-05-03,test,test,-0.0015924929407647,0.0099777600354395,-0.0178182800441415,0.25465253039798974,0.7341905412838131,0.011156928318197284,1
2024-05-06,test,test,0.0057688224695011,0.0097764570456992,-0.0178182800441415,0.3740518610890841,0.6177922993074407,0.008155839603475209,1
2024-05-07,test,test,0.014855934331712,0.0101531420120328,-0.0178182800441415,0.26203227602318113,0.725331430960199,0.012636293016619851,1
2024-05-08,test,test,0.0064855793031086,0.0099712025095938,-0.0178182800441415,0.37250278239483925,0.6184436876991027,0.009053529906058247,1
2024-05-09,test,test,-0.0092690776661908,0.0099304750523327,-0.0178182800441415,0.3509876751443588,0.6398728383788372,0.00913948647680387,1
2024-05-10,test,test,0.0050010387502174,0.009705570462058,-0.0178182800441415,0.4904409756988698,0.503278805961008,0.0062802183401220665,1
2024-05-13,test,test,0.0041783729217416,0.0094653969874867,-0.0178182800441415,0.6340395502358658,0.3618692268764796,0.004091222887654721,0
2024-05-14,test,test,0.0077976935503373,0.0093737056282549,-0.0178182800441415,0.7109458463060577,0.2857557995336715,0.0032983541602708407,0
2024-05-15,test,test,0.010928297038047,0.0094741773438106,-0.0178182800441415,0.7131058678122306,0.28321849596136534,0.003675636226404036,0
2024-05-16,test,test,-0.0056040849950639,0.0092875605128241,-0.0178182800441415,0.7657559952313355,0.23153828638132795,0.0027057183873368017,0
2024-05-17,test,test,0.0025103111803719,0.0090255943403161,-0.0178182800441415,0.8530276731181442,0.1454605156616421,0.0015118112202137876,0
2024-05-20,test,test,0.0010411348249191,0.0087543537572804,-0.0178182800441415,0.908190376478356,0.090952058334364,0.0008575651872797258,0
2024-05-21,test,test,-0.0004057094660808,0.0084882426411716,-0.0178182800441415,0.9390279392803319,0.060449075402789126,0.0005229853168792098,0
2024-05-22,test,test,-0.0005206862593472,0.0082306448227414,-0.0178182800441415,0.9564323987463804,0.04322282672998745,0.00034477452363235043,0
2024-05-23,test,test,-0.0015812999645633,0.0079893012160582,-0.0178182800441415,0.9649866920929742,0.03475526532508016,0.00025804258194565637,0
2024-05-24,test,test,-0.0057720000567781,0.0078738908403013,-0.0178182800441415,0.9605109981833257,0.039197167697697315,0.0002918341189769847,0
2024-05-27,test,test,0.0070443106348755,0.0078265960855483,-0.0178182800441415,0.9624046147775069,0.037303805215805855,0.00029158000668719664,0
2024-05-28,test,test,-0.0043802472530194,0.0076636455991255,-0.0178182800441415,0.9630586050123948,0.03666802266934052,0.00027337231826495614,0
2024-05-29,test,test,-0.0116766688698555,0.0079616739314437,-0.0178182800441415,0.9146651295214456,0.08455709495077009,0.000777775527784559,0
2024-05-30,test,test,0.017177668385959,0.0087914329977468,-0.0178182800441415,0.7699237174917765,0.22665864234750002,0.003417640160723646,0
2024-05-31,test,test,-0.0014298371535014,0.0085308031604164,-0.0178182800441415,0.8501152099135237,0.1481188592414923,0.0017659308449838736,0
2024-06-03,test,test,0.0066199927197111,0.00842837971526,-0.0178182800441415,0.8906889186133429,0.10812018965837407,0.0011908917282832327,0
2024-06-04,test,test,-0.0097692326643452,0.0085147873701072,-0.0178182800441415,0.8547358135104879,0.1436224918169064,0.0016416946726057805,0
2024-06-05,test,test,0.0058923043113844,0.0083806123121479,-0.0178182800441415,0.8981017443374273,0.10083357277347715,0.001064682889095721,0
2024-06-06,test,test,0.0079747752066454,0.0083568178955106,-0.0178182800441415,0.9153683475531283,0.08375834062470996,0.0008733118221617502,0
2024-06-07,test,test,-0.0034224533234974,0.0081454902997605,-0.0178182800441415,0.9356693533978636,0.06374347751076341,0.0005871690913729235,0
2024-06-10,test,test,-0.0041912006282699,0.007963795656122,-0.0178182800441415,0.9459789193372846,0.053563873105478485,0.000457207557236927,0
2024-06-11,test,test,-0.0161280390080834,0.0086731503683549,-0.0181566733735064,0.7682211466451414,0.2288022868661371,0.0029765664887214417,0
2024-06-12,test,test,0.006235308652096,0.008546512125574,-0.0181566733735064,0.8361043419028821,0.16199325881579324,0.0019023992813249576,0
2024-06-13,test,test,-0.0160728450553123,0.0091739020177977,-0.0182158268463965,0.5435352705082758,0.44893972003207383,0.007525009459650393,0
2024-06-14,test,test,-0.0066913359089391,0.0090441853205803,-0.0182158268463965,0.5923532443050271,0.4019296569548754,0.005717098740097481,0
2024-06-17,test,test,-0.002988349874588,0.0087991627399768,-0.0182158268463965,0.704317428234606,0.2921937950060056,0.0034887767593880254,0
2024-06-18,test,test,0.0098243139950782,0.0088640158933496,-0.0182158268463965,0.7328279101223318,0.2638334559216159,0.0033386339560521117,0
2024-06-19,test,test,-0.0010214928852064,0.0085976239714803,-0.0182158268463965,0.8266162251920397,0.17152821940176263,0.0018555554061979148,0
2024-06-20,test,test,0.0093712776657885,0.0086459956270537,-0.0182158268463965,0.8461428516834045,0.15210700049283968,0.0017501478237551703,0
2024-06-21,test,test,-0.0115534427808022,0.0088474272172992,-0.0182158268463965,0.7582271211532144,0.23868654205505274,0.0030863367917327014,0
2024-06-24,test,test,0.0125922479912122,0.0091156038105994,-0.0182158268463965,0.7142162906632186,0.28161481540259165,0.0041688939341898296,0
2024-06-25,test,test,-0.0047731658295821,0.0089149069307596,-0.0182158268463965,0.7794184475177334,0.21787789074975988,0.0027036617325066573,0
2024-06-26,test,test,-0.0079822350440771,0.0088617151966757,-0.0182158268463965,0.7789499385206932,0.2184293592797654,0.0026207021995414735,0
2024-06-27,test,test,-0.0071877299715676,0.0087702909975681,-0.0182158268463965,0.794204439779968,0.20345518752270084,0.002340372697331016,0
2024-06-28,test,test,-0.0007124671113176,0.0085049033206842,-0.0182158268463965,0.8687867289301847,0.12989752433541324,0.001315746734401922,0
2024-07-01,test,test,0.0102997454894692,0.0086231353400839,-0.0182158268463965,0.8697093182634613,0.12883171717215516,0.00145896456438373,0
2024-07-02,test,test,-0.013127317261052,0.0089574852953348,-0.0182158268463965,0.7374816365539141,0.25897713007525347,0.003541233370832296,0
2024-07-03,test,test,0.0131092113439982,0.0092592351504251,-0.0182158268463965,0.676016913112213,0.31896055692282993,0.005022529964957272,0
2024-07-04,test,test,0.0008588308828026,0.0089796260983256,-0.0182158268463965,0.7926478677562064,0.20481331607819447,0.0025388161655993113,0
2024-07-05,test,test,-0.0038750788711148,0.0087576616713155,-0.0182158268463965,0.849119695335567,0.1492590521765983,0.00162125248783483,0
2024-07-08,test,test,-0.0001270449116102,0.008490925043648,-0.0182158268463965,0.9045816657164291,0.09450721045706502,0.0009111238265057727,0
2024-07-09,test,test,-0.0112496392324013,0.0086812051342304,-0.0182158268463965,0.8416321852912403,0.15660659993909995,0.0017612147696597648,0
2024-07-10,test,test,0.0157305622624824,0.0092568114690353,-0.0182158268463965,0.707019755233253,0.2883848933294274,0.004595351437319347,0
2024-07-11,test,test,0.0088483773077399,0.0092328149509061,-0.0182158268463965,0.7546083896654278,0.24189473780045156,0.003496872534120617,0
2024-07-12,test,test,0.0071898127601103,0.0091231455131518,-0.0182158268463965,0.8167003514226847,0.18097662172750845,0.0023230268498068488,0
2024-07-15,test,test,-0.0096099277763028,0.0091530825257308,-0.0182158268463965,0.7784687485285238,0.21873104076576616,0.002800210705710066,0
2024-07-16,test,test,-0.0047226120562098,0.0089493222322964,-0.0182158268463965,0.8300656316156079,0.16804259568870294,0.001891772695689313,0
2024-07-17,test,test,0.0013245986684367,0.0086827541719418,-0.0182158268463965,0.8944507525455103,0.10451164509043967,0.0010376023640504919,0
2024-07-18,test,test,0.0038017728423509,0.0084695935802398,-0.0182158268463965,0.930158986944681,0.06920262109109329,0.0006383919642259232,0
2024-07-19,test,test,-0.0053969098837968,0.0083173056134305,-0.0182158268463965,0.9367458484196071,0.06270108624046417,0.0005530653399287175,0
2024-07-22,test,test,0.0050649242769541,0.0081588066396408,-0.0182158268463965,0.952491061929538,0.047109349831299385,0.00039958823916208183,0
2024-07-23,test,test,0.0061638099672735,0.0080530560307764,-0.0182158268463965,0.9595381393702409,0.0401310895344317,0.00033077109532734584,0
2024-07-24,test,test,-0.0002319590748535,0.0078079342370104,-0.0151094004414825,0.9680647753195654,0.03170054221294312,0.00023468246749169962,0
2024-07-25,test,test,-0.0057703566629903,0.0077008978559384,-0.0151094004414825,0.9627809574703304,0.03694805758766302,0.00027098494200655755,0
2024-07-26,test,test,0.0018197599311757,0.0074795915458512,-0.0151094004414825,0.9703361844893752,0.029456237296382155,0.00020757821424263777,0
2024-07-29,test,test,-0.0043171161182453,0.0073284296957743,-0.0151094004414825,0.9684269793632766,0.03135576000349185,0.00021726063323182406,0
2024-07-30,test,test,0.0075984493930577,0.0073449108155432,-0.0151094004414825,0.9661872270861298,0.033561168634854845,0.00025160427901537124,0
2024-07-31,test,test,-0.0123588858450568,0.0077379180374863,-0.0151094004414825,0.909917087311982,0.0892446779845192,0.0008382347034988648,0
2024-08-01,test,test,-0.0192256766579086,0.0088577904467667,-0.0171421869071014,0.49662817200822057,0.49457495282699265,0.008796875164786725,0
2024-08-02,test,test,-0.0168534417943616,0.0095286480951842,-0.0174023858201178,0.17324267908438507,0.8076335960258154,0.019123724889799906,1
2024-08-05,test,test,-0.0236545388871615,0.0109050290714147,-0.0199112191131439,0.006863631517137107,0.9459317258781808,0.04720464260468202,1
2024-08-06,test,test,-0.0031613890149488,0.0106011387282558,-0.0199112191131439,0.038237632429839095,0.9332282514272525,0.028534116142908305,1
2024-08-07,test,test,0.0198677298964853,0.0113721016206313,-0.0199112191131439,0.011531875003645334,0.947205947511799,0.041262177484555865,1
2024-08-08,test,test,-0.0038757906436933,0.0110664591781017,-0.0199112191131439,0.04359995369934419,0.9307306668939532,0.025669379406702254,1
2024-08-09,test,test,0.007595630130211,0.0108894510164954,-0.0199112191131439,0.08525651425527044,0.8960227542213821,0.018720731523347148,1
2024-08-12,test,test,0.0007235427868629,0.010559201943522,-0.0199112191131439,0.17265260590099463,0.8148713071859361,0.012476086913068967,1
2024-08-13,test,test,0.0072625129107586,0.0103909377136893,-0.0199112191131439,0.2546744108044237,0.7351817115030485,0.010143877692527767,1
2024-08-14,test,test,0.0027192331791321,0.0100963827740698,-0.0199112191131439,0.40041887050543634,0.5925635436626662,0.007017585831897142,1
2024-08-15,test,test,0.0122559936015587,0.0102388129762677,-0.0199112191131439,0.37348708579064166,0.6177022734039117,0.008810640805446614,1
2024-08-16,test,test,0.0058712974542226,0.0100305344683604,-0.0199112191131439,0.5024586028359688,0.4913064137880179,0.006234983376013391,0
2024-08-19,test,test,0.0138582317199497,0.0103003863811965,-0.0199112191131439,0.4105366394334942,0.580166252085599,0.009297108480907028,1
2024-08-20,test,test,-0.0013249210323699,0.0099918670412662,-0.0199112191131439,0.5592911048873066,0.4351461338846374,0.005562761228055914,0
2024-08-21,test,test,0.0024411985171008,0.0097059120933643,-0.0199112191131439,0.702359695469148,0.2943524825317651,0.0032878219990867684,0
2024-08-22,test,test,0.0037177575868108,0.0094541921431038,-0.0199112191131439,0.8060457753187522,0.19195878250179957,0.0019954421794481586,0
2024-08-23,test,test,0.0108584142746661,0.0095442733493765,-0.0199112191131439,0.8037863697390474,0.19388158464959546,0.0023320456113570757,0
2024-08-26,test,test,-0.0011177993670246,0.0092575662604735,-0.0199112191131439,0.8736080913932215,0.12509522758813008,0.00129668101864842,0
2024-08-27,test,test,0.0054355040398246,0.0090737568478029,-0.0199112191131439,0.9124726993832991,0.08667417127526844,0.0008531293414325722,0
2024-08-28,test,test,0.0004501197651419,0.0087980245510709,-0.0199112191131439,0.9423684995135563,0.05712950883231446,0.0005019916541291948,0
2024-08-29,test,test,0.0023445499032698,0.0085493120598155,-0.0199112191131439,0.9590946228143237,0.04057858255406565,0.00032679463161061195,0
2024-08-30,test,test,0.0038049105678709,0.0083410990379032,-0.0199112191131439,0.9672521181370566,0.03250232525997536,0.00024555660296788815,0
2024-09-02,test,test,-0.0005790698915124,0.0080882393935181,-0.0199112191131439,0.9720484398678577,0.027758697032932607,0.00019286309920971899,0
2024-09-03,test,test,-0.0102406336627183,0.0082332663121319,-0.0199112191131439,0.9419828653773359,0.057551344287464494,0.0004657903351999576,0
2024-09-04,test,test,-0.0058062238141075,0.0081081568691823,-0.0199112191131439,0.9433143376948298,0.05622238110313279,0.0004632812020371035,0
2024-09-05,test,test,0.0053007237733571,0.0079676555960733,-0.0199112191131439,0.9558992653749797,0.043743129882213426,0.0003576047428068787,0
2024-09-06,test,test,-0.0089546852792289,0.0080302993009465,-0.0199112191131439,0.9347718651948175,0.0646625103444974,0.000565624460685264,0
2024-09-09,test,test,0.0088925735075598,0.0080846296307411,-0.0199112191131439,0.9367982097347136,0.06261259435865574,0.0005891959066312078,0
2024-09-10,test,test,-0.0061664975896667,0.0079825499460813,-0.0199112191131439,0.9374465312440191,0.061998470501553576,0.0005549982544272118,0
2024-09-11,test,test,0.0067075287344119,0.0079118451657347,-0.0199112191131439,0.9484504857376721,0.05109722917402919,0.00045228508829868507,0
2024-09-12,test,test,0.0106971580210758,0.0081059982528149,-0.0199112191131439,0.9364489153458947,0.06293176813507032,0.0006193165190351642,0
2024-09-13,test,test,0.0122056926382547,0.0084085379930718,-0.0199112191131439,0.910893879094941,0.0881082296527375,0.0009978912523215754,0
2024-09-16,test,test,0.0035292153254039,0.0081980864937411,-0.0199112191131439,0.9402820886960163,0.05914693927410863,0.000570972029874807,0
2024-09-17,test,test,0.0105136070536153,0.0083551338006042,-0.0199112191131439,0.9305298176250657,0.06875940870307537,0.0007107736718591545,0
2024-09-18,test,test,-0.0015991208203316,0.0081100675965321,-0.0199112191131439,0.9500195383714437,0.049543741949382394,0.00043671967917372737,0
2024-09-19,test,test,0.007961531291286,0.0081012322189422,-0.0199112191131439,0.9523757563190481,0.047206087745980306,0.00041815593497124173,0
2024-09-20,test,test,-0.0021078061217634,0.0078713872002418,-0.0199112191131439,0.9618550250266258,0.03784715840180875,0.0002978165715653774,0
2024-09-23,test,test,0.0037875470367367,0.0076877788093891,-0.0199112191131439,0.9688050328382758,0.03096546817184835,0.0002294989898759388,0
2024-09-24,test,test,0.0033086363299726,0.0074975096467165,-0.0199112191131439,0.9730040274730317,0.026808589723369462,0.0001873828035986104,0
2024-09-25,test,test,-0.0037580359899385,0.00732715919839,-0.0199112191131439,0.971305923886133,0.028501731658460774,0.0001923444554058563,0
2024-09-26,test,test,0.0135268583149318,0.0078386593213236,-0.0199112191131439,0.9375394876209651,0.06188194387220386,0.0005785685068306832,0
2024-09-27,test,test,0.0012290569248831,0.0076058227703453,-0.0199112191131439,0.9566470939596727,0.04299639627136915,0.000356509768958078,0
2024-09-30,test,test,-0.0075990992889505,0.0076054195290771,-0.0199112191131439,0.9451557429517823,0.05438756769693269,0.0004566893512849629,0
2024-10-01,test,test,-0.0173076832893272,0.0085055990906632,-0.0200626329447991,0.7122995096324493,0.2837323209532226,0.003968169414328281,0
2024-10-02,test,test,-0.0054717634338598,0.0083546941680826,-0.0200626329447991,0.7673165707691051,0.22988581167779595,0.002797617553098793,0
2024-10-03,test,test,0.0007060673608454,0.0081020226876222,-0.0200626329447991,0.8545606604398243,0.1439272899081997,0.001512049651976152,0
2024-10-04,test,test,0.0035399651153322,0.0079029163296827,-0.0200626329447991,0.9067980721564984,0.09230798297678072,0.0008939448667209596,0
2024-10-07,test,test,0.0049878661290509,0.0077589593267659,-0.0200626329447991,0.9346791720225472,0.06472535065684747,0.0005954773206050235,0
2024-10-08,test,test,0.001466830255007,0.0075311657998057,-0.0200626329447991,0.9550815009393105,0.0445493328325389,0.000369166228150719,0
2024-10-09,test,test,0.0005792934820017,0.0073031147918002,-0.0200626329447991,0.9660591557802771,0.033687055406052574,0.000253788813670905,0
2024-10-10,test,test,-0.0072484357993239,0.0072998456021134,-0.0200626329447991,0.9551880650087425,0.04446796239905084,0.0003439725922068516,0
2024-10-11,test,test,0.0054156453964576,0.0072007106572492,-0.0200626329447991,0.9627523276274869,0.03696101643194818,0.0002866559405649023,0
2024-10-14,test,test,0.011107062876986,0.0074927452029584,-0.0200626329447991,0.9468212759076389,0.05270016286590279,0.00047856122645839095,0
2024-10-15,test,test,0.006669169774064,0.0074458999700766,-0.0200626329447991,0.9546206842680742,0.04498711360075245,0.0003922021311731091,0
2024-10-16,test,test,0.0055586114491684,0.007346348103452,-0.0200626329447991,0.9621515869198791,0.037541762573646276,0.0003066505064745771,0
2024-10-17,test,test,-0.0077151483522654,0.0073689966396732,-0.0200626329447991,0.9493367345899805,0.05025057645697014,0.0004126889530490975,0
2024-10-18,test,test,0.0017373446035467,0.0071571703041965,-0.0200626329447991,0.963079122940825,0.03663991041687781,0.00028096664229679844,0
2024-10-21,test,test,-0.0070773269434535,0.00715240483735,-0.0200626329447991,0.9535234734966181,0.04611472377836752,0.0003618027250144997,0
2024-10-22,test,test,-0.0007095957965548,0.0069366917786201,-0.0200626329447991,0.9643454649547282,0.03539217770698364,0.00026235733828826395,0
2024-10-23,test,test,0.0027428607462977,0.0067588481537978,-0.0200626329447991,0.9708945963688466,0.028900595930074692,0.0002048077010790122,0
2024-10-24,test,test,-0.002143041581625,0.0065739382638845,-0.0192718879902834,0.9725567344689737,0.027259757070048837,0.00018350846097751214,0
2024-10-25,test,test,-0.00230842810517,0.0063987025918171,-0.0170676186130689,0.9733092967502859,0.026516458299061945,0.00017424495065229792,0
2024-10-28,test,test,0.0077161852708749,0.0064853035453311,-0.0121676674104247,0.9691906528987531,0.030588791826372252,0.00022055527487465677,0
2024-10-29,test,test,-0.0091733476069048,0.0066771723603338,-0.0122405548529834,0.9468924585977503,0.05268673584615774,0.0004208055560918419,0
2024-10-30,test,test,-0.0068310585240722,0.0066865054041245,-0.0122405548529834,0.9415197766738617,0.05799781960839837,0.0004824037177398715,0
2024-10-31,test,test,-0.0036258904536268,0.0065433644360624,-0.0122405548529834,0.951688131507204,0.04792797725419941,0.0003838912385964541,0
2024-11-01,test,test,0.0144927942332257,0.0072697418204318,-0.0122405548529834,0.8991587655286069,0.09971565785965737,0.0011255766117359144,0
2024-11-04,test,test,-0.0032053673404031,0.0070918728242127,-0.0122405548529834,0.926127084389693,0.07316169264996723,0.0007112229603402419,0
2024-11-05,test,test,0.002884467703649,0.006912032246852,-0.0122405548529834,0.9497109318420743,0.04985444787958202,0.000434620278343368,0
2024-11-06,test,test,-0.0294778369150433,0.0098512024923876,-0.0190087179556962,0.048129726631812496,0.9128143825446797,0.03905589082350788,1
2024-11-07,test,test,0.0064859112614317,0.009682326260085,-0.0190087179556962,0.0985797296339944,0.8763623949942693,0.02505787537173658,1
2024-11-08,test,test,-0.0016002287524606,0.0093955435831005,-0.0190087179556962,0.1846080460768888,0.7999700378864375,0.015421916036673533,1
2024-11-11,test,test,0.0039483738614011,0.0091605155006466,-0.0190087179556962,0.3063901169832627,0.6834312078329637,0.010178675183773401,1
2024-11-12,test,test,-0.0186864562712464,0.0099915544567382,-0.0218239921585389,0.0575338095101887,0.9201819301211799,0.022284260368631487,1
2024-11-13,test,test,-0.0004833104387013,0.0096878948266925,-0.0218239921585389,0.12673259017622016,0.8586774788659277,0.01458993095785243,1
2024-11-14,test,test,0.0128553037151296,0.0099065391443816,-0.0218239921585389,0.11586827935143001,0.8681915278174822,0.01594019283108786,1
2024-11-15,test,test,0.0096373475850214,0.0098905942621506,-0.0218239921585389,0.15321318639748344,0.8328153256118299,0.013971487990686638,1
2024-11-18,test,test,0.0033374759097001,0.0096240712951353,-0.0218239921585389,0.2677744813457595,0.7224816410863381,0.00974387756790221,1
2024-11-19,test,test,-0.0074280245708243,0.0095066248657293,-0.0218239921585389,0.3010528067334671,0.6900860075125359,0.008861185753996921,1
2024-11-20,test,test,9.488429558269306e-05,0.0092170440781854,-0.0218239921585389,0.4537531095088305,0.5402052539069736,0.006041636584196174,1
2024-11-21,test,test,0.0019137115236205,0.0089485420574862,-0.0218239921585389,0.6116996229277052,0.3843125987031139,0.003987778369181251,0
2024-11-22,test,test,0.0038592823856707,0.008727282755203,-0.0218239921585389,0.7376507768734217,0.25972423792930904,0.0026249851972689683,0
2024-11-25,test,test,0.004724354201975,0.0085401819529475,-0.0218239921585389,0.8254113456005597,0.17286292362846062,0.0017257307709797273,0
2024-11-26,test,test,-0.0080498180713267,0.0085115568247514,-0.0218239921585389,0.8204248254639341,0.17769338316121253,0.001881791374853105,0
2024-11-27,test,test,-0.0033107525027961,0.0082920123332156,-0.0218239921585389,0.8730751872070875,0.12568924089911826,0.0012355718937943944,0
2024-11-28,test,test,0.0026993893099392,0.0080665496081624,-0.0218239921585389,0.9193413719432406,0.07992427713022782,0.0007343509265315571,0
2024-11-29,test,test,0.002623420508684,0.0078471656880692,-0.0218239921585389,0.9460979562496857,0.05344501318530377,0.00045703056501071213,0
2024-12-02,test,test,0.0080422737451855,0.0078590087667211,-0.0218239921585389,0.9492883495542418,0.05026646162453716,0.00044518882122099556,0
2024-12-03,test,test,0.0117160384515691,0.0081421195697186,-0.0218239921585389,0.9291190990671836,0.07016044706012496,0.0007204538726918424,0
2024-12-04,test,test,0.0048728947180805,0.0079838067736105,-0.0218239921585389,0.9483960323267867,0.05113494814974978,0.0004690195234637879,0
2024-12-05,test,test,0.0155594202256772,0.0086280028875749,-0.0218239921585389,0.8752304223310414,0.123190969580718,0.0015786080882404113,0
2024-12-06,test,test,-0.0038610088133262,0.008418451825705,-0.0218239921585389,0.9071026307294352,0.09191465856233288,0.0009827107082318524,0
2024-12-09,test,test,-0.005024197252435,0.0082542513140257,-0.0218239921585389,0.9222708058470007,0.07698500106466855,0.0007441930883310064,0
2024-12-10,test,test,-0.0038370151759558,0.0080577953558911,-0.0218239921585389,0.9385186489554215,0.06094135365961861,0.0005399973849601223,0
2024-12-11,test,test,-0.0148351851668631,0.0086161096310157,-0.0218239921585389,0.7988744139819233,0.1986589582259208,0.0024666277921560724,0
2024-12-12,test,test,-0.0020803180119027,0.008369155742672,-0.0218239921585389,0.866076074453865,0.13251562611566395,0.0014082994304708525,0
2024-12-13,test,test,-0.0010800910718334,0.0081185095662813,-0.0218239921585389,0.9127712330645942,0.08640977752814054,0.0008189894072652156,0
2024-12-16,test,test,0.0022523777093891,0.0078904992265305,-0.0218239921585389,0.9426461757542618,0.05685854750019151,0.000495276745546758,0
2024-12-17,test,test,-0.0163056167183831,0.0086299923264887,-0.0218239921585389,0.7520280879089299,0.24470053230876507,0.0032713797823050892,0
2024-12-18,test,test,0.0025683700449709,0.0083907063459051,-0.0218239921585389,0.8439657166453465,0.15429986257242934,0.0017344207822243651,0
2024-12-19,test,test,-0.015439767021989,0.0089712262342345,-0.0218239921585389,0.5914089248813637,0.4022752061577436,0.0063158689608929465,0
2024-12-20,test,test,0.0023922109114493,0.0087176422569271,-0.0218239921585389,0.728484472936382,0.26813908724848623,0.0033764398151319946,0
2024-12-23,test,test,-0.0027594314654121,0.0084790516597856,-0.0218239921585389,0.8123580670460444,0.18561186883891728,0.0020300641150386564,0
2024-12-24,test,test,0.0033348665833169,0.0082612310301834,-0.0214899699682242,0.8811227981696537,0.11769852121723383,0.0011786806131122293,0
2024-12-27,test,test,0.005016134379491,0.0081032560179726,-0.0214899699682242,0.9187956120021852,0.08043619638242165,0.0007681916153930867,0
2024-12-30,test,test,0.0004508501268116,0.0078571743367098,-0.0214899699682242,0.9459339737678616,0.05360506322297366,0.00046096300916436913,0
2024-12-31,test,test,0.0050320613712926,0.0077168889938025,-0.0214899699682242,0.957997343113465,0.04165993782789721,0.0003427190586379229,0
2025-01-02,test,test,0.0070385939587593,0.0076778813153817,-0.0214899699682242,0.9607885422624058,0.038893115473479414,0.0003183422641144392,0
2025-01-03,test,test,-0.0021690885543347,0.0074629194363128,-0.0214899699682242,0.9666644536834976,0.03309007969110174,0.00024546662540028674,0
2025-01-06,test,test,0.0133507458125454,0.0079402771580842,-0.0214899699682242,0.9333546211792325,0.0659998076717955,0.0006455711489723575,0
2025-01-07,test,test,0.0003133090250234,0.0076987668505463,-0.0214899699682242,0.9539961809918163,0.04561582684349326,0.00038799216469067503,0
2025-01-08,test,test,-0.001169062500788,0.0074697224035282,-0.0214899699682242,0.9641261804931276,0.035601289443513116,0.00027253006335960147,0
2025-01-09,test,test,0.0085410899954188,0.0075382995905719,-0.0214899699682242,0.9602969899892948,0.03938216036216079,0.0003208496485444631,0
2025-01-10,test,test,-0.0151059521075009,0.0081919344735312,-0.0214899699682242,0.8399424412063635,0.15823792632517988,0.0018196324684562597,0
2025-01-13,test,test,-0.0027938037569729,0.0079718030181045,-0.0214899699682242,0.88947265210322,0.10941926859963431,0.001108079297145413,0
2025-01-14,test,test,0.0054521122069116,0.0078434811409793,-0.0214899699682242,0.922450546883057,0.07680967703363628,0.0007397760833064786,0
2025-01-15,test,test,0.0123804269657362,0.0081869092419301,-0.0214899699682242,0.8936886967171014,0.10509555341950204,0.0012157498633962286,0
2025-01-16,test,test,-0.0048780708950322,0.0080269351871609,-0.0214899699682242,0.913619462073861,0.0855117665728021,0.000868771353337206,0
2025-01-17,test,test,0.0063729235201292,0.0079374200116003,-0.0214899699682242,0.9342795934057361,0.06509336579486714,0.0006270407993966337,0
2025-01-20,test,test,0.0022883429746893,0.0077160008468318,-0.0214899699682242,0.9546665358631434,0.044950689720410324,0.0003827744164458253,0
2025-01-21,test,test,-0.0013572302154647,0.007488323801471,-0.0214899699682242,0.9642767862830589,0.035451999069612286,0.0002712146473290132,0
2025-01-22,test,test,-0.003754729860667,0.0073182220199944,-0.0214899699682242,0.9658086279365888,0.0339446706128639,0.00024670145054735875,0
2025-01-23,test,test,0.0091144881921349,0.0074382407074636,-0.0214899699682242,0.9594246274517759,0.04024936333853813,0.0003260092096859069,0
2025-01-24,test,test,-0.0007425005467503,0.007213934970358,-0.0214899699682242,0.9676008653780385,0.03216228454131607,0.00023685008064528378,0
2025-01-27,test,test,0.0012093564339541,0.0070004399054789,-0.0214899699682242,0.9729393090465962,0.026875560009965046,0.00018513094343892075,0
2025-01-28,test,test,0.0130098837799396,0.0074980806808183,-0.0214899699682242,0.943997932470318,0.05549821310072533,0.0005038544289565369,0
2025-01-29,test,test,0.0108262935064028,0.0077382465021155,-0.0214899699682242,0.9314435782333959,0.06787022554354918,0.0006861962230553201,0
2025-01-30,test,test,0.0107747397736107,0.0079531963651852,-0.0214899699682242,0.9204439212392553,0.0787017822481168,0.0008542965126277972,0
2025-01-31,test,test,-0.0040905492017746,0.0077757371383125,-0.0214899699682242,0.9362873224734904,0.0631177408673895,0.0005949366591203115,0
2025-02-03,test,test,-0.0132740566112556,0.0082101399194297,-0.0168106133372061,0.8409782728036113,0.15717385574513962,0.0018478714512492008,0
2025-02-04,test,test,0.0135892664847893,0.0086279837425955,-0.0168106133372061,0.7766770742750255,0.22014428620779417,0.0031786395171799244,0
2025-02-05,test,test,0.0131598591701831,0.0089647359613926,-0.0168106133372061,0.7167279239336056,0.2787634926917241,0.004508583374670185,0
2025-02-06,test,test,0.015379605822326,0.0094729318545551,-0.0168106133372061,0.5639062435398454,0.42761426172899947,0.008479494731155087,0
2025-02-07,test,test,-0.0033123377526787,0.0092201164053959,-0.015617111949291,0.6766973788049517,0.3185753809312641,0.004727240263784278,0
2025-02-10,test,test,0.0015670252016127,0.0089474715878989,-0.015617111949291,0.7934169209929801,0.2041351063515458,0.0024479726554742006,0
2025-02-11,test,test,0.0051798135725873,0.0087671911731231,-0.015617111949291,0.8611819818857688,0.13732123219087514,0.0014967859233560566,0
2025-02-12,test,test,0.0106439220088768,0.0088909733520006,-0.015617111949291,0.8581702661609834,0.14015287514974958,0.001676858689267007,0
2025-02-13,test,test,0.0019189108925907,0.0086329239460364,-0.015617111949291,0.9112688900486589,0.08783783705531392,0.0008932728960273547,0
2025-02-14,test,test,0.0015217033065855,0.0083782258362831,-0.015617111949291,0.942042376181379,0.05744223540139973,0.000515388417221491,0
2025-02-17,test,test,0.0046895418931386,0.0082038098627398,-0.015617111949291,0.956345424179951,0.04329115171707653,0.00036342410297212594,0
2025-02-18,test,test,0.0097092591888289,0.0083018389124277,-0.015617111949291,0.9492717533265641,0.05027325346239413,0.0004549932110418448,0
2025-02-19,test,test,-0.0164539841841152,0.0090016283693614,-0.0160664559748291,0.7635499235625147,0.23330043473827985,0.003149641699205439,0
2025-02-20,test,test,0.0029115320897738,0.0087564933420104,-0.0160664559748291,0.8508369958216083,0.14749342978812213,0.0016695743902693297,0
2025-02-21,test,test,-0.0011651339213749,0.0084945310249028,-0.0160664559748291,0.9031942806237708,0.09585966177842589,0.0009460575978033983,0
2025-02-24,test,test,0.0046909867849792,0.008315524957215,-0.0160664559748291,0.9333108396798089,0.06607705875661792,0.0006121015635732619,0
2025-02-25,test,test,0.0079526332773127,0.0082941992113661,-0.0160664559748291,0.9406542816130412,0.058794218987817976,0.000551499399141057,0
2025-02-26,test,test,0.0162733240078672,0.0089752649309231,-0.0160664559748291,0.8457243436630596,0.15217947755535172,0.002096178781588664,0
2025-02-27,test,test,-0.0046161277887446,0.0087749972017753,-0.0160664559748291,0.8811508644187696,0.11750250357685212,0.001346632004378353,0
2025-02-28,test,test,0.0057630699106681,0.0086239967431238,-0.0160664559748291,0.9159390756579786,0.0831970898594957,0.0008638344825257463,0
2025-03-03,test,test,0.00193109483921,0.0083746443669308,-0.0160664559748291,0.9445943958990715,0.05490934336857855,0.0004962607323504623,0
2025-03-04,test,test,-0.0258603316421878,0.0102981548509841,-0.0195399775148953,0.15735303691661312,0.8183083133171153,0.02433864976627166,1
2025-03-05,test,test,0.0138920078432552,0.0105483717534879,-0.0195399775148953,0.12293231448200831,0.8525828619368795,0.02448482358111257,1
2025-03-06,test,test,0.0015275292149305,0.0102338682120175,-0.0195399775148953,0.23008622129671635,0.75532393608835,0.014589842614933797,1
2025-03-07,test,test,0.0017288256850274,0.0099311361566056,-0.0195399775148953,0.3733977778777119,0.6176218623785004,0.008980359743788002,1
2025-03-10,test,test,-0.0132424668332776,0.0101602949321958,-0.0195399775148953,0.21924053610094102,0.7677468557188296,0.013012608180229432,1
2025-03-11,test,test,-0.0158247054694325,0.0105859801489663,-0.0195399775148953,0.07417469147819045,0.9061688207806706,0.01965648774113864,1
2025-03-12,test,test,-0.0057084340973252,0.0103582995883523,-0.0195399775148953,0.11681476344628483,0.8686379934032058,0.01454724315050964,1
2025-03-13,test,test,0.001350213066586,0.0100481885262891,-0.0195399775148953,0.22043203278003665,0.7693807520827327,0.01018721513723066,1
2025-03-14,test,test,0.0142414573266921,0.0103478149146347,-0.0193796737652451,0.16227836880705349,0.8237841088414193,0.013937522351527492,1
2025-03-17,test,test,0.0108595305497163,0.0103792293221942,-0.0193796737652451,0.18246971013924365,0.8041124768724041,0.013417812988352134,1
2025-03-18,test,test,0.0156595743871882,0.0107693097941608,-0.0193796737652451,0.10797413122477803,0.873518620227134,0.01850724854808796,1
2025-03-19,test,test,0.0039905753744964,0.0104868886208076,-0.0193796737652451,0.20070632488589324,0.7867698515216633,0.012523823592443462,1
2025-03-20,test,test,-0.0076213802052093,0.0103373821223002,-0.0193796737652451,0.22840843284294324,0.7607094483140143,0.010882118843042726,1
2025-03-21,test,test,0.0032937880302927,0.0100548855472956,-0.0193796737652451,0.3657685993083529,0.6265935510381753,0.00763784965347164,1
2025-03-24,test,test,-0.0020170131212625,0.0097610850054152,-0.0193796737652451,0.5068030832406891,0.4878656787388712,0.005331238020439416,0
2025-03-25,test,test,0.0120116637146863,0.0099105427482882,-0.0193796737652451,0.48296281431640103,0.5101804506836285,0.00685673499997044,1
2025-03-26,test,test,-0.0038712072104306,0.009655304284572,-0.0193796737652451,0.5952827505079417,0.40001339964923494,0.0047038498428235926,0
2025-03-27,test,test,-0.000714999658633,0.009362803012385,-0.0193796737652451,0.7263637344742925,0.2707862052928757,0.002850060232831996,0
2025-03-28,test,test,-0.008476800048681,0.0093120203918226,-0.0193796737652451,0.7166379522672415,0.2802049999266621,0.003157047806096756,0
2025-03-31,test,test,-0.0131521189126983,0.0095859060221078,-0.0193796737652451,0.5335236765258256,0.4599191234798919,0.006557199994282256,0
2025-04-01,test,test,0.0122275404742088,0.0097645779925047,-0.0193796737652451,0.5014594220448941,0.4908036938968371,0.007736884058268544,0
2025-04-02,test,test,0.0039929347628103,0.0095174984134807,-0.0193796737652451,0.645620507911814,0.34984968081681833,0.00452981127136738,0
2025-04-03,test,test,-0.0119814252264854,0.0096830306472221,-0.0193796737652451,0.5091104317140498,0.48380007236327627,0.007089495922673919,0
2025-04-04,test,test,-0.0600808612737825,0.0174561740094475,-0.0341317257000285,2.6982158292542446e-12,0.0667881390173672,0.9332118609799345,2
2025-04-07,test,test,-0.0525736937228119,0.0212667469699723,-0.046171628879594,1.2780500287301822e-13,0.0009126537722285834,0.9990873462276435,2
2025-04-08,test,test,0.0234629956768462,0.0214048775995481,-0.046171628879594,4.404294482422601e-06,0.021517182037382718,0.9784784136681346,2
2025-04-09,test,test,-0.0224623082470999,0.0214697921614487,-0.046171628879594,1.4914957363324694e-05,0.03789052982368377,0.9620945552189527,2
2025-04-10,test,test,0.0423208381615996,0.0232542051571425,-0.046171628879594,1.6805665085676529e-09,0.004242140771900426,0.995757857547533,2
2025-04-11,test,test,-0.0017565232639095,0.0225498934915366,-0.046171628879594,0.00045857983559389527,0.06576153423000385,0.9337798859344021,2
2025-04-14,test,test,0.0260138711921377,0.0227725959072507,-0.046171628879594,3.367580673526053e-05,0.05111103333055307,0.9488552908627115,2
2025-04-15,test,test,0.0211470822745123,0.0226783509589462,-0.046171628879594,0.0001231515357538106,0.0659529251464761,0.9339239233177702,2
2025-04-16,test,test,0.0048641769953544,0.022019735674041,-0.046171628879594,0.003987724851255203,0.16095147621279213,0.8350607989359526,2
2025-04-17,test,test,-0.0018638455934593,0.0213538068931311,-0.046171628879594,0.01934754908496672,0.2992675986165828,0.6813848522984505,2
2025-04-22,test,test,0.0071426921976012,0.0207770798672279,-0.046171628879594,0.050916417618321934,0.4331539929812089,0.515929589400469,2
2025-04-23,test,test,0.0150810252718587,0.0204800406331541,-0.046171628879594,0.03698895160188831,0.5041497546082239,0.4588612937898878,1
2025-04-24,test,test,-0.0021676232054837,0.0198632337724037,-0.046171628879594,0.0953151478978973,0.6211418529697801,0.28354299913232267,1
2025-04-25,test,test,0.0132355133078401,0.0195291039552421,-0.046171628879594,0.08847504463383785,0.6873814036131154,0.2241435517530468,1
2025-04-28,test,test,0.007519210620308,0.0190235396001408,-0.046171628879594,0.15323282413184428,0.7132375697734825,0.13352960609467326,1
2025-04-29,test,test,-0.0066509747279448,0.0185158171105934,-0.046171628879594,0.2040338917045796,0.7186324028523892,0.07733370544303136,1
2025-04-30,test,test,-0.0059352247493617,0.0180105238082098,-0.046171628879594,0.2715368426790653,0.6852899063781078,0.043173250942826556,1
2025-05-02,test,test,0.0118874309838265,0.0177029627661316,-0.046171628879594,0.26673929461490864,0.6997945100158416,0.03346619536925009,1
2025-05-05,test,test,0.0052883933692371,0.0172124729055057,-0.046171628879594,0.3970361948907947,0.585208163996919,0.017755641112286204,1
2025-05-06,test,test,0.0009021077965837,0.0166895745308261,-0.046171628879594,0.5593018514360657,0.4320910728925345,0.008607075671399633,0
2025-05-07,test,test,-0.0036874308630776,0.0162063324944603,-0.046171628879594,0.6674033359892834,0.3276923817134797,0.0049042822972367285,0
2025-05-08,test,test,0.000630346359395,0.0157133809327498,-0.046171628879594,0.7860508076484806,0.21140807381454602,0.0025411185369732044,0
2025-05-09,test,test,0.0048219017917717,0.0152804045800762,-0.046171628879594,0.8582188420824002,0.14025824547066582,0.0015229124469338016,0
2025-05-12,test,test,0.0074386545928103,0.0149265311848411,-0.046171628879594,0.8905218761837923,0.1083209380391843,0.0011571857770234471,0
2025-05-13,test,test,0.0082992124020865,0.0146138930066224,-0.046171628879594,0.9075249376519016,0.09149944399237524,0.0009756183557229794,0
2025-05-14,test,test,0.0051504923064013,0.014224752051982,-0.046171628879594,0.934674634860173,0.06470030972126269,0.0006250554185644622,0
2025-05-15,test,test,0.0064817441471038,0.0138824975100035,-0.046171628879594,0.9474247004573048,0.052098591726923514,0.00047670781577156867,0
2025-05-16,test,test,0.0095947328630021,0.0136632297357207,-0.046171628879594,0.9426783861056235,0.05677766649990199,0.0005439473944742285,0
2025-05-19,test,test,0.0024499808089842,0.0132605791864564,-0.046171628879594,0.9592245197084187,0.04043725654503839,0.0003382237465425909,0
2025-05-20,test,test,0.0157907179065983,0.0134258403483361,-0.046171628879594,0.8891221069725578,0.10955173245293943,0.0013261605745027117,0
2025-05-21,test,test,-0.0011037534737966,0.0130196426225655,-0.046171628879594,0.9266538009848446,0.07262081245596957,0.0007253865591858687,0
2025-05-22,test,test,-0.0024562284597485,0.0126373419623334,-0.046171628879594,0.9457895917383882,0.053738141130590986,0.00047226713102103794,0
2025-05-23,test,test,-0.0118691012945101,0.0125925692808472,-0.046171628879594,0.8863205380512542,0.11250591738897094,0.0011735445597748303,0
2025-05-26,test,test,0.008296400597549,0.0123769240443601,-0.046171628879594,0.9044110194468502,0.09458928301760376,0.0009996975355459673,0
2025-05-27,test,test,0.0012860027596689,0.012004006916765,-0.046171628879594,0.9381653163481366,0.06127121328085838,0.0005634703710049094,0
2025-05-28,test,test,-0.0098305889514568,0.011884815517383,-0.046171628879594,0.9067070990972353,0.09237699632818445,0.0009159045745805378,0
2025-05-29,test,test,0.0011340602297735,0.0115261040705686,-0.046171628879594,0.9394263950488057,0.0600398889023755,0.0005337160488189368,0
2025-05-30,test,test,0.0025187206393034,0.0111919903396302,-0.0450389544145647,0.9573830759328155,0.042272148852386046,0.00034477521479872174,0
2025-06-02,test,test,0.0035690116794792,0.0108861967444433,-0.0450389544145647,0.9665213155672758,0.03322580157532967,0.0002528828573945503,0
2025-06-03,test,test,-0.0052521308362805,0.0106326767788967,-0.0450389544145647,0.9633433952711303,0.03638818867782546,0.00026841605104456284,0
2025-06-04,test,test,-0.0019200058148226,0.0103194850595927,-0.0450389544145647,0.968492327453247,0.031286961166858814,0.00022071137989402502,0
2025-06-05,test,test,0.0072355299325917,0.0101608778747593,-0.0450389544145647,0.9671423065208072,0.0326143673108496,0.0002433261683433531,0
2025-06-06,test,test,0.0030859362631379,0.0098802941753692,-0.0450389544145647,0.9722332084784145,0.027572601270304437,0.00019419025128094216,0
2025-06-09,test,test,0.0002596728582062,0.0095795117835891,-0.0450389544145647,0.9752009096724807,0.024636298819166146,0.0001627915083530084,0
2025-06-10,test,test,-0.0021213671667697,0.009302205930347,-0.0450389544145647,0.9750619377647728,0.024778981507423848,0.0001590807278032917,0
2025-06-11,test,test,-0.0061364600076112,0.0091432238048649,-0.0450389544145647,0.9667934235642879,0.03298227039989837,0.0002243060358136181,0
2025-06-12,test,test,-0.0032030087086813,0.0088993362078511,-0.0450389544145647,0.968491014085954,0.03129456556948612,0.00021442034455991716,0
2025-06-13,test,test,-0.0127361696762129,0.0091749057175115,-0.0450389544145647,0.9080737575949652,0.09108982059248966,0.0008364218125448497,0
2025-06-16,test,test,0.0142893364342425,0.0095592504608661,-0.0450389544145647,0.8427440552253265,0.1552824370278682,0.0019735077468055404,0
2025-06-17,test,test,-0.0142102210522791,0.0099001179867936,-0.0450389544145647,0.6508913872108764,0.3437371101019523,0.005371502687171607,0
2025-06-18,test,test,0.0008263008304637,0.0096006542676545,-0.0450389544145647,0.7743701912512064,0.2228728083919257,0.002757000356867759,0
2025-06-19,test,test,-0.0128886529345572,0.0098290005134326,-0.0450389544145647,0.6157631447892301,0.37868700301308184,0.005549852197688071,0
2025-06-20,test,test,0.0076390043093862,0.0097115374291512,-0.0450389544145647,0.6983503420199121,0.2976771678997276,0.003972490080360287,0
2025-06-23,test,test,-0.000787254072709,0.0094176593600553,-0.0450389544145647,0.8035564700084763,0.19426843632414353,0.0021750936673802196,0
2025-06-24,test,test,0.0140416821267977,0.009757094832465,-0.0450389544145647,0.7187243890491936,0.27722878698406367,0.004046823966742942,0
2025-06-25,test,test,-0.0160380218812457,0.0102431408438687,-0.0450389544145647,0.38695938934981344,0.6013334185644856,0.011707192085700728,1
2025-06-26,test,test,0.00026786514504,0.0099313102554823,-0.0450389544145647,0.5463821466524305,0.4471472727830853,0.006470580564484121,0
2025-06-27,test,test,0.0110494384806323,0.0100019234865822,-0.0450389544145647,0.5529868572414558,0.44037824177777163,0.006634900980772874,0
2025-06-30,test,test,0.0016380299221762,0.0097055218070496,-0.0450389544145647,0.6987202550024049,0.29763744733002306,0.0036422976675719605,0
2025-07-01,test,test,-0.0003216663685761,0.0094101823834317,-0.0450389544145647,0.8056506167217006,0.1923018732428258,0.002047510035473735,0
2025-07-02,test,test,0.0040810001523715,0.0091781106048413,-0.0303580079503858,0.8744551316961472,0.12430167548767089,0.0012431928161818861,0
2025-07-03,test,test,0.0097990886837043,0.0092165492327706,-0.0175701837268749,0.8807267262319599,0.11797552533104362,0.0012977484369963723,0
2025-07-04,test,test,-0.0149101450367791,0.0096533330241708,-0.0178034917217082,0.6817330063040364,0.31363978595565933,0.004627207740304415,0
2025-07-07,test,test,0.0072590543582603,0.009526660505003,-0.0150527959901013,0.7589281291888228,0.23793944168717243,0.0031324291240046394,0
2025-07-08,test,test,0.0003338882791453,0.0092368021326597,-0.0150527959901013,0.8485531406626293,0.14980050619093097,0.0016463531464392398,0
2025-07-09,test,test,0.0123458196523444,0.0094522250604249,-0.0150527959901013,0.8154115858078419,0.18221148707013546,0.0023769271220223133,0
2025-07-10,test,test,-0.0079448777709299,0.0093686258354708,-0.0150527959901013,0.813215440092374,0.1845325040409596,0.002252055866666716,0
2025-07-11,test,test,-0.0094065100268197,0.0093709032059576,-0.0150527959901013,0.7797823068813142,0.21752718711716026,0.002690506001525373,0
2025-07-14,test,test,0.0019111871306572,0.0090974807203206,-0.0150527959901013,0.8628865041182969,0.13567057283951142,0.0014429230421917779,0
2025-07-15,test,test,-0.0115584058669618,0.0092635906051775,-0.0150527959901013,0.7795012790240193,0.21781545896556917,0.0026832620104113468,0
2025-07-16,test,test,0.000792495815689,0.0089834819097823,-0.0150527959901013,0.862548038759677,0.13601677473867924,0.0014351865016441713,0
2025-07-17,test,test,0.0078048476141215,0.0089171581328786,-0.0150527959901013,0.8907681412438722,0.10808397252624355,0.001147886229884465,0
2025-07-18,test,test,-0.0003930887895239,0.0086460417385382,-0.0150527959901013,0.9289479055757118,0.0703970848552662,0.0006550095690220996,0
2025-07-21,test,test,0.0030334956614443,0.0084155166945085,-0.0150527959901013,0.9511527068626823,0.04843446573134993,0.00041282740596813297,0
2025-07-22,test,test,0.0007124283420341,0.0081610121437215,-0.0150527959901013,0.9639696799310008,0.035754655701390956,0.0002756643676083627,0
2025-07-23,test,test,0.0018784035248506,0.0079257615435681,-0.0150527959901013,0.9709699768524135,0.028824128238546378,0.00020589490904009914,0
2025-07-24,test,test,0.0133173090425288,0.0083480343489246,-0.0150527959901013,0.9390153984914392,0.060414541818502615,0.0005700596900583,0
2025-07-25,test,test,-0.0013476755188922,0.0081004487900134,-0.0150527959901013,0.9553565623335871,0.044275552290439564,0.00036788537597313157,0
2025-07-28,test,test,-0.0012017648375994,0.0078591913507144,-0.0150527959901013,0.9648537764712222,0.03488274105818616,0.00026348247059142785,0
2025-07-29,test,test,0.0089261615181237,0.0079272603674141,-0.0150527959901013,0.95942551139947,0.04024489503927753,0.00032959356125263593,0
2025-07-30,test,test,0.0022903846498622,0.0077062131574118,-0.0150527959901013,0.9684212515845091,0.031344894337688806,0.00023385407780192286,0
2025-07-31,test,test,0.0011398026675722,0.0074766654974714,-0.0150527959901013,0.9733728143215647,0.026444982083075694,0.00018220359535967313,0
2025-08-01,test,test,-0.0189532139456026,0.0086081330423897,-0.0166337936212091,0.7298925655134028,0.26659349079236516,0.0035139436942318346,0
2025-08-04,test,test,0.0181957978720008,0.0094614576476817,-0.0166337936212091,0.4386771809859377,0.5497487356621581,0.011574083351904234,1
2025-08-05,test,test,0.0014864688580678,0.0091804469035937,-0.0166337936212091,0.5989950415325576,0.39496522525554395,0.006039733211898585,0
2025-08-06,test,test,0.0089206758714329,0.009165068276282,-0.0166337936212091,0.6587413698319168,0.33645034519883693,0.0048082849692464465,0
2025-08-07,test,test,0.0105587008660236,0.0092546062994093,-0.0166337936212091,0.6738302416329647,0.3215018477914544,0.004667910575581178,0
2025-08-08,test,test,0.0090799447815847,0.0092442196710074,-0.0166337936212091,0.7215671322463336,0.27463505385940495,0.0037978138942617724,0
2025-08-11,test,test,0.0020888931872681,0.0089771972224719,-0.0166337936212091,0.8242653949004777,0.17374129415768547,0.0019933109418370024,0
2025-08-12,test,test,0.0002086232392164,0.0087038656464955,-0.0166337936212091,0.8899518138850753,0.10895685573118337,0.001091330383741229,0
2025-08-13,test,test,0.0107702722571647,0.0088414798778438,-0.0166337936212091,0.8826329199585653,0.11605260278511872,0.00131447725631627,0
2025-08-14,test,test,0.0123404030228461,0.0090894770614417,-0.0166337936212091,0.8516457725326777,0.14645068191293467,0.001903545554387483,0
2025-08-15,test,test,0.0046451161038157,0.0088857247241022,-0.0166337936212091,0.9017692869729986,0.09715696078297617,0.0010737522440249043,0
2025-08-18,test,test,-0.0016705486017529,0.0086247424076328,-0.0166337936212091,0.9328326884105409,0.06653835139981934,0.000628960189639414,0
2025-08-19,test,test,0.0034101657550918,0.0084036161579864,-0.0166337936212091,0.9529475695127699,0.046652631248935546,0.00039979923829497766,0
2025-08-20,test,test,-0.0007648211758376,0.0081497616986501,-0.0166337936212091,0.9639780538918366,0.03574704441551978,0.0002749016926437724,0
2025-08-21,test,test,0.0007648211758376,0.0079037077302971,-0.0166337936212091,0.9709245353830075,0.028870587532563313,0.00020487708442952922,0
2025-08-22,test,test,0.0060585321233572,0.0078053077339837,-0.0166337936212091,0.9710686554837846,0.028725610633029672,0.00020573388318564332,0
2025-08-25,test,test,-0.0085643026167746,0.0078529163914788,-0.0166337936212091,0.9527000026284013,0.04693737473893822,0.0003626226326606473,0
2025-08-26,test,test,-0.0096233198526663,0.007970238089271,-0.0166337936212091,0.925272936388318,0.07407132168165827,0.0006557419300238375,0
2025-08-27,test,test,-0.006529469812485,0.0078912135980225,-0.0166337936212091,0.9260313250582743,0.07331182686188088,0.0006568480798445317,0
2025-08-28,test,test,0.0033563433899015,0.0076948605824728,-0.0166337936212091,0.9491479746480622,0.050425848140556305,0.00042617721138181843,0
2025-08-29,test,test,-0.009037931435731,0.0077819842520331,-0.0166337936212091,0.9271072806142938,0.07223797836954217,0.0006547410161641565,0
2025-09-01,test,test,0.000241041795964,0.0075451446794479,-0.0166337936212091,0.9504463479937304,0.049145679234134286,0.00040797277213558143,0
2025-09-02,test,test,-0.0158688638583214,0.008283882311393,-0.0169533665617232,0.7899725784121594,0.20743152983021695,0.0025958917576236733,0
2025-09-03,test,test,0.0057775538163654,0.0081552529982907,-0.0169533665617232,0.8550137542083304,0.1433645431822572,0.0016217026094122206,0
2025-09-04,test,test,0.0086778998119488,0.0081875526921623,-0.0169533665617232,0.8771696520381711,0.12145044028195573,0.0013799076798730004,0
2025-09-05,test,test,-0.0045281383969741,0.0080152417419718,-0.0169533665617232,0.9042064580975141,0.09483348004349078,0.0009600618589955101,0
2025-09-08,test,test,0.0101363742573357,0.0081580769275853,-0.0169533665617232,0.9024249440443788,0.09651713875468675,0.0010579172009344826,0
2025-09-09,test,test,0.0014454223936591,0.0079174693406909,-0.0169533665617232,0.9370555112805224,0.062358895873317326,0.0005855928461599266,0
2025-09-10,test,test,0.0128037889589869,0.0082922471150774,-0.0169533665617232,0.9043168414466838,0.09460434077185559,0.0010788177814603874,0
2025-09-11,test,test,0.0067979229754932,0.0082102610123737,-0.0169533665617232,0.9263507302551761,0.07288998779296346,0.0007592819518606186,0
2025-09-12,test,test,-0.0008553590606233,0.0079629002935602,-0.0169533665617232,0.9488453645600602,0.05070465735318526,0.0004499780867541792,0
2025-09-15,test,test,0.0056606062966811,0.007843842300737,-0.0169533665617232,0.9584605694149088,0.041194052760430845,0.0003453778246604171,0
2025-09-16,test,test,-0.0151712298520506,0.008464294609117,-0.0169533665617232,0.8335753243987005,0.16449178381156623,0.0019328917897333507,0
2025-09-17,test,test,-0.0023835609492247,0.0082271810484546,-0.0166644358853248,0.8874265452112885,0.11143385702134358,0.0011395977673677995,0
2025-09-18,test,test,0.0031812606859477,0.0080145207403141,-0.0166644358853248,0.9271287650165706,0.07219756988697401,0.0006736650964551982,0
2025-09-19,test,test,0.0056051876801075,0.0078907336712668,-0.0166644358853248,0.9453537751380499,0.05416230523778173,0.00048391962416819117,0
2025-09-22,test,test,-0.0117457778294934,0.0081734726406712,-0.0166644358853248,0.8878219423811877,0.1110173602077155,0.0011606974110967934,0
2025-09-23,test,test,0.0050065212077699,0.0080188048351088,-0.0166644358853248,0.9229983707760729,0.07626132780711585,0.0007403014168109779,0
2025-09-24,test,test,0.0023984233247338,0.0077966853977333,-0.0166644358853248,0.948320968122042,0.05123289189130254,0.0004461399866551558,0
2025-09-25,test,test,-0.0026953364166262,0.0075879440762094,-0.0166644358853248,0.9583144875180315,0.04135695018082226,0.0003285623011465525,0
2025-09-26,test,test,0.0128968183241698,0.0080063697740399,-0.0166644358853248,0.927771753542645,0.07150413691416783,0.0007241095431869733,0
2025-09-29,test,test,-0.0022239497419223,0.0077815549017157,-0.0166644358853248,0.9470481255186165,0.052489399236518554,0.0004624752448650429,0
2025-09-30,test,test,0.0103082105397552,0.0079558150530933,-0.0166644358853248,0.9379155403983296,0.0614879457744567,0.0005965138272137651,0
2025-10-01,test,test,0.0041142907406553,0.0077790061619337,-0.0166644358853248,0.9549097139363715,0.04470235756219279,0.00038792850143555004,0
2025-10-02,test,test,-0.0027452641294821,0.0075719448732671,-0.0166644358853248,0.9621822702953903,0.03752538174475064,0.00029234795985902666,0
2025-10-03,test,test,0.0057204593789291,0.0074738014118872,-0.0166644358853248,0.9663791326520762,0.033365874789397884,0.0002549925585257956,0
2025-10-06,test,test,-0.0018238780104708,0.007259878576911,-0.0166644358853248,0.9703602851983121,0.029432313851444004,0.0002074009502442231,0
2025-10-07,test,test,-0.0019109825512586,0.0070542609813555,-0.0166644358853248,0.9725294072396572,0.027287062475003843,0.00018353028533933555,0
2025-10-08,test,test,0.009697134220681,0.0072400902507582,-0.0166644358853248,0.962440446638851,0.03726880891864818,0.0002907444425005334,0
2025-10-09,test,test,-0.0059815104670995,0.0071708075191612,-0.0166644358853248,0.9578393839480335,0.04183862609370315,0.0003219899582635431,0
2025-10-10,test,test,-0.006973323346297,0.0071591120928344,-0.0166644358853248,0.949708335166868,0.049893301661735195,0.0003983631713968896,0
2025-10-13,test,test,0.0041975302019604,0.007016756258278,-0.0166644358853248,0.9615097837557225,0.03819260316367096,0.000297613080606144,0
2025-10-14,test,test,0.0028784896031755,0.0068394384585676,-0.0166644358853248,0.969285877814714,0.03049128379149345,0.00022283839379288716,0
2025-10-15,test,test,-0.0010335232723459,0.0066359124123281,-0.0166644358853248,0.9728120162694314,0.027004066667057732,0.00018391706351110666,0
2025-10-16,test,test,0.0048372569388086,0.0065419535930002,-0.0166644358853248,0.9738854410052941,0.025937773398552105,0.00017678559615380836,0
2025-10-17,test,test,-0.0028610983261224,0.0063812600967281,-0.0166644358853248,0.9733394314012973,0.02648622725992006,0.0001743413387824157,0
2025-10-20,test,test,0.0144580652051586,0.0071287720236634,-0.0166644358853248,0.930965817916715,0.06837432874216881,0.0006598533411164642,0
2025-10-21,test,test,-0.0038739989357824,0.0069764388621065,-0.0166644358853248,0.9440660951799092,0.05544906378644742,0.000484841033643716,0
2025-10-22,test,test,0.0009192138744261,0.0067676550217726,-0.0166644358853248,0.9601621923034621,0.03952415273925415,0.0003136549572839218,0
2025-10-23,test,test,0.0006714799233148,0.0065635461711902,-0.0166644358853248,0.9688417551043081,0.030932898983055873,0.0002253459126360242,0
2025-10-24,test,test,0.0043786296692108,0.0064533459466908,-0.0142619571799551,0.9721305074022621,0.027674140701098443,0.00019535189663938635,0
2025-10-27,test,test,0.0087064450804144,0.0066102242495627,-0.0142619571799551,0.9656076471654659,0.034130805289683847,0.00026154754485052846,0
2025-10-28,test,test,0.0054102580396353,0.0065444338391539,-0.0142619571799551,0.9689409711535317,0.030829686081967907,0.00022934276450045367,0
2025-10-29,test,test,0.0039147250046321,0.0064171131928829,-0.0142619571799551,0.9726261394362408,0.027182136779266813,0.00019172378449228735,0
2025-10-30,test,test,-0.0068219240838047,0.0064421192257492,-0.0142619571799551,0.9624791339944369,0.037251554464124544,0.0002693115414384703,0
2025-10-31,test,test,-0.000480168341567,0.0062469736520827,-0.0142619571799551,0.9694945969361012,0.030293966643541694,0.0002114364203569018,0
2025-11-03,test,test,0.0002744275392405,0.006057038686494,-0.0142619571799551,0.9737318912938485,0.026093652200633807,0.0001744565055176936,0
2025-11-04,test,test,-3.738982257989776e-05,0.0058725240289533,-0.0142619571799551,0.9758828342736783,0.023962770468518125,0.00015439525780362964,0
2025-11-05,test,test,0.0038587497307631,0.0057715459914546,-0.0142619571799551,0.9765030283322234,0.02334594397333592,0.00015102769444062285,0
2025-11-06,test,test,0.0012167474674647,0.0056036530056349,-0.0142619571799551,0.9776817018062144,0.022178895332938955,0.00013940286084682417,0
2025-11-07,test,test,-0.0135294796724229,0.006363935936156,-0.0148565244609316,0.9127920057134218,0.086444462426227,0.0007635318603510724,0
2025-11-10,test,test,0.0175232312076315,0.007516216979365,-0.0148565244609316,0.7532986366334528,0.24301064299318365,0.0036907203733634146,0
2025-11-11,test,test,0.0126678109323538,0.0079203732645067,-0.0148565244609316,0.7069070427443995,0.2883794003047993,0.004713556950801,0
2025-11-12,test,test,0.0137558745587507,0.0083858105739833,-0.0148565244609316,0.6202159068050663,0.3729848203258345,0.006799272869098948,0
2025-11-13,test,test,-0.0023137513948931,0.0081500746361496,-0.0148565244609316,0.7345425753480842,0.261840188394192,0.0036172362577236647,0
2025-11-14,test,test,-0.0140632202657224,0.0086200199207922,-0.0150344379920314,0.5102002773321844,0.48173937008096723,0.008060352586848235,0
2025-11-17,test,test,-0.0106586971687275,0.0087557368821157,-0.0150344379920314,0.430581866362574,0.5602893897093946,0.009128743928031377,1
2025-11-18,test,test,-0.0216010857481435,0.0100029779054954,-0.0175470598195051,0.04289445458396136,0.9273442688837091,0.029761276532329548,1
2025-11-19,test,test,0.0039285720716094,0.0097458716218956,-0.0175470598195051,0.10182141349844069,0.8791924703537307,0.018986116147828656,1
2025-11-20,test,test,0.0062488414921496,0.009572145739064,-0.0175470598195051,0.17547235830825048,0.810846677695773,0.013680963995976451,1
2025-11-21,test,test,-0.010499674960281,0.0096303170281763,-0.0175470598195051,0.1461655756560161,0.8400154356590804,0.013818988684903506,1
2025-11-24,test,test,0.0091791012542971,0.0096038419233966,-0.0175470598195051,0.19405926661609083,0.7937531458697712,0.012187587514138124,1
2025-11-25,test,test,0.0107822653609613,0.0096785943032584,-0.0169451786219721,0.21581141193439118,0.7721169132054825,0.012071674860126277,1
2025-11-26,test,test,0.0135500946329869,0.0099534406262164,-0.0169451786219721,0.17454652508869564,0.8108420783165267,0.014611396594777809,1
2025-11-27,test,test,4.2795432259624e-05,0.0096502244206329,-0.0169451786219721,0.29897405551336653,0.6914674866716528,0.009558457814980666,1
2025-11-28,test,test,0.0005987648796461,0.0093573892004838,-0.0169451786219721,0.45329995721024224,0.5403856692344466,0.0063143735553112595,1
2025-12-01,test,test,0.0010622755669149,0.0090760561067666,-0.0169451786219721,0.6114536189645379,0.3844799166606971,0.004066464374764843,0
2025-12-02,test,test,0.0051183456914983,0.0088884281255487,-0.0169451786219721,0.7276713777189768,0.26951639624204266,0.0028122260389805784,0
2025-12-03,test,test,0.0068121074446986,0.0087777100510753,-0.0169451786219721,0.8002162387500481,0.19767867263689792,0.0021050886130539554,0
2025-12-04,test,test,0.0096543980486722,0.0088327654909001,-0.0169451786219721,0.8197507865670495,0.17817807684119646,0.002071136591754421,0
2025-12-05,test,test,-0.0034753698078949,0.0086058917703106,-0.0169451786219721,0.8714989598774765,0.12718509039404,0.0013159497284836526,0
2025-12-08,test,test,0.0014190854252433,0.0083509591652223,-0.0169451786219721,0.9191943523136137,0.08005825692366289,0.0007473907627235984,0
2025-12-09,test,test,0.0013335118307999,0.0081031415555098,-0.0163979285620962,0.9464761689128621,0.05307108234495061,0.00045274874218706517,0
2025-12-10,test,test,0.0016717918930893,0.0078669525340211,-0.0163979285620962,0.9615316073853429,0.03816915275754307,0.0002992398571141877,0
2025-12-11,test,test,0.0071629498872597,0.0078264983681996,-0.0163979285620962,0.9627610310953467,0.036944821445407436,0.00029414745924552754,0
2025-12-12,test,test,-0.0016954250116831,0.0075994276141825,-0.0163979285620962,0.968454353851982,0.03131833182139059,0.00022731432662788728,0
2025-12-15,test,test,0.011033927089411,0.0078479981447675,-0.0163979285620962,0.952598947197732,0.04699579133907333,0.0004052614631946421,0
2025-12-16,test,test,-0.0070370364709109,0.0078017179726669,-0.0163979285620962,0.9450298029152796,0.054506950919905935,0.0004632461648146765,0
2025-12-17,test,test,0.0009627159737787,0.0075677212189867,-0.0163979285620962,0.9606973735373625,0.03899742333936009,0.00030520312327717675,0
2025-12-18,test,test,0.0114116784448237,0.0078516090374577,-0.0163979285620962,0.9428214788084667,0.056651274044000166,0.0005272471475331584,0
2025-12-19,test,test,0.0021690135988237,0.0076309354477662,-0.0163979285620962,0.9594234313337454,0.04024516231544502,0.00033140635081015666,0
2025-12-22,test,test,-0.0006875349685263,0.0074003829305971,-0.0163979285620962,0.9676499676953587,0.03211208022784341,0.00023795207679786179,0
2025-12-23,test,test,0.0014443918020279,0.0071836553041589,-0.0163979285620962,0.9729753286249904,0.026839217372158577,0.00018545400285113276,0
2025-12-24,test,test,-0.0005763463158284,0.0069662428770305,-0.0163979285620962,0.9751800776887128,0.02465856687844395,0.0001613554328431038,0
2025-12-29,test,test,0.0013326307502604,0.0067619066627294,-0.0163979285620962,0.9769846455269766,0.022869782172640244,0.0001455723003826857,0
2025-12-30,test,test,0.0092096963897338,0.0069331875258066,-0.0163979285620962,0.9676695023246797,0.03209522879026636,0.0002352688850536778,0
2025-12-31,test,test,-0.0027175976926126,0.006754854857438,-0.0163979285620962,0.9698563483753528,0.029935334410176612,0.00020831721447048992,0
2026-01-02,test,test,0.0106092111326019,0.0070458286913406,-0.0163979285620962,0.9561351029138991,0.0435040617183977,0.00036083536770323277,0
2026-01-05,test,test,0.0069502482935025,0.007040130461244,-0.0163979285620962,0.9598204941761876,0.039851035923856026,0.0003284698999562347,0
2026-01-06,test,test,0.0018546702847715,0.006840761566417,-0.0163979285620962,0.9687440246057469,0.031025068537954042,0.00023090685629920577,0
2026-01-07,test,test,-0.002877083928802,0.0066697012223979,-0.0163979285620962,0.9702432446030632,0.029550753105669274,0.000206002291267253,0
2026-01-08,test,test,0.0033076347644348,0.0065170734533521,-0.0163979285620962,0.9737866659066178,0.02603634356341127,0.0001769905299709928,0
2026-01-09,test,test,-0.0003228680804351,0.0063190320651541,-0.0163979285620962,0.9757707250021381,0.024073383972946286,0.00015589102491541648,0
2026-01-12,test,test,0.0014042366277201,0.0061361770750538,-0.0163979285620962,0.977299794032517,0.02255755445092105,0.00014265151656185404,0
2026-01-13,test,test,0.0007521770432934,0.005952096703591,-0.0163979285620962,0.9780444360401005,0.021820285386177342,0.00013527857372226234,0
2026-01-14,test,test,0.0004860898419087,0.0057720000743962,-0.0163979285620962,0.9783796350006576,0.02148865882555797,0.0001317061737842977,0
2026-01-15,test,test,-0.002999572254662,0.0056441892057191,-0.0163979285620962,0.9758281231436241,0.02402286077413996,0.00014901608223587758,0
2026-01-16,test,test,0.0038582354969217,0.0055532529522381,-0.0163979285620962,0.9764718642951753,0.023378491475008548,0.00014964422981604756,0
2026-01-19,test,test,-0.0025779836793687,0.0054209834201475,-0.0163979285620962,0.9752526032814616,0.02459162885291537,0.00015576786562277503,0
2026-01-20,test,test,-0.0134611069515572,0.006204508166543,-0.0163979285620962,0.9090743808184575,0.09011773363773164,0.0008078855438106635,0
2026-01-21,test,test,0.0005965476703937,0.0060172683537266,-0.0163979285620962,0.9405200155897694,0.05898165008831317,0.0004983343219173568,0
2026-01-22,test,test,0.012756975896335,0.0066181185676516,-0.0163979285620962,0.9088362171793444,0.09019000845567587,0.000973774364979625,0
2026-01-23,test,test,-0.0067598913031978,0.0066267104658969,-0.0163979285620962,0.9109299350744137,0.08818001633877563,0.0008900485868109022,0
2026-01-26,test,test,0.0077275044143812,0.006697861865652,-0.0163979285620962,0.9260305419883792,0.0732373450757958,0.0007321129358249586,0
2026-01-27,test,test,0.006966408560411,0.0067142775673119,-0.0163979285620962,0.9400220217123407,0.05941062453762904,0.0005673537500302405,0
2026-01-28,test,test,-0.0110981410787458,0.0070545556897708,-0.0163979285620962,0.891134107804289,0.10772613958821606,0.0011397526074946797,0
2026-01-29,test,test,-0.0010171457904029,0.0068441818908332,-0.0163979285620962,0.9280022584735743,0.07133426234155543,0.0006634791848701064,0
2026-01-30,test,test,0.0164196668511226,0.0077594190362186,-0.0163979285620962,0.8191355047352086,0.17833761146988264,0.002526883794908705,0
2026-02-02,test,test,0.0130181958384549,0.0081709530733052,-0.0163979285620962,0.767486471415458,0.22892190659235442,0.0035916219921871746,0
2026-02-03,test,test,0.00022078467913,0.007922217519802,-0.0163979285620962,0.8540856917196659,0.1441598461805578,0.0017544620997761132,0
2026-02-04,test,test,-0.0009220561317277,0.0076841948085534,-0.016375137655141,0.9059070258551812,0.09314001294213539,0.0009529612026835015,0
2026-02-05,test,test,-0.0198729627692467,0.0088994448039258,-0.0185124229277042,0.44237001955073135,0.546941760687714,0.010688219761554287,1
2026-02-06,test,test,0.0110397422311991,0.0090421604310537,-0.0185124229277042,0.45335841727178183,0.5367978647205949,0.009843718007623075,1
2026-02-09,test,test,0.0139354758529254,0.0094078092338284,-0.0185124229277042,0.36284226656054325,0.6245247614121608,0.01263297202729614,1
2026-02-10,test,test,-0.0040201392115168,0.0091742113155355,-0.0185124229277042,0.4754591902077047,0.5166127423379865,0.007928067454308688,1
2026-02-11,test,test,-0.0042912371798471,0.0089566214086784,-0.0183117184896491,0.58111872358758,0.41357672073086243,0.005304555681557542,0
2026-02-12,test,test,-0.0082133938869223,0.0089137754842376,-0.0183117184896491,0.5848189521847768,0.41000694262400345,0.00517410519121979,0
2026-02-13,test,test,-0.0126234126757751,0.0091787309926464,-0.0153191607988596,0.41927743369082,0.5721590965494668,0.008563469759713564,1
2026-02-16,test,test,0.0098873344885761,0.0092227826318625,-0.0153191607988596,0.4642227103138445,0.5279868919482561,0.0077903977378995445,1
2026-02-17,test,test,0.0059994699719737,0.0090617743683445,-0.0153191607988596,0.5896349001797088,0.4051198096120072,0.005245290208283919,0
2026-02-18,test,test,0.0134152971732315,0.0093801397279244,-0.0153191607988596,0.5121319687794327,0.48030198806841784,0.0075660431521496815,0
2026-02-19,test,test,-0.0099627164589778,0.0094161108314941,-0.0153191607988596,0.4587233725212681,0.5331465195587493,0.00813010791998272,1
2026-02-20,test,test,0.009308559487262,0.0094096924170345,-0.0153191607988596,0.5181965408587039,0.47487849393864534,0.006924965202650502,0
2026-02-23,test,test,0.0056312727640149,0.0092267245909244,-0.0153191607988596,0.6437863715466656,0.3517409139372067,0.00447271451612792,0
2026-02-24,test,test,-0.0054388355460633,0.0090442996302638,-0.0153191607988596,0.7100744428897495,0.2866008758916347,0.0033246812186158974,0
2026-02-25,test,test,0.0148158942667595,0.0094901020979386,-0.0153191607988596,0.5808064652912173,0.41266631645922,0.006527218249563216,0
2026-02-26,test,test,0.0019265115030075,0.0092130886435448,-0.0153191607988596,0.7209815815196362,0.27554346782371353,0.00347495065665034,0
2026-02-27,test,test,-0.0073689105137329,0.0091129683825935,-0.0153191607988596,0.7385669474971066,0.2583298287965226,0.0031032237063705467,0
2026-03-02,test,test,-0.0265967313292655,0.0109775492812234,-0.0199769336833564,0.028884474154496433,0.932088995648521,0.03902653019698252,1
2026-03-03,test,test,-0.0467440334323915,0.0156325453020325,-0.0310712425103012,8.870313746791554e-09,0.3494439118175753,0.650556079312111,2
2026-03-04,test,test,0.0245805127154725,0.0163084634648462,-0.0310712425103012,0.00025057674720152306,0.2560347921298774,0.743714631122921,2
2026-03-05,test,test,-0.0139239491479199,0.0161753084465676,-0.0310712425103012,0.002351813804169504,0.3349885219892892,0.6626596642065411,2
2026-03-06,test,test,-0.0099535099585643,0.0158709328261076,-0.0310712425103012,0.008737984444081564,0.46077886683516206,0.5304831487207562,2
2026-03-09,test,test,-0.0085994644249439,0.0155309486364588,-0.0310712425103012,0.02053172987909556,0.5914656983722624,0.3880025717486422,1
2026-03-10,test,test,0.0300722504386431,0.0167629996838898,-0.0310712425103012,0.0001609151969865379,0.34201086029951017,0.6578282245035031,2
2026-03-11,test,test,-0.005351041643262,0.0163051000517642,-0.0310712425103012,0.012048998650737094,0.499786054537873,0.4881649468113896,1
2026-03-12,test,test,-0.0122929313581895,0.0160926032735163,-0.0310712425103012,0.013418060111204607,0.5972880614625833,0.38929387842621194,1
2026-03-13,test,test,-0.0047135462724299,0.0156450189651339,-0.0310712425103012,0.04147240192414434,0.7138337119523948,0.2446938861234607,1
2026-03-16,test,test,0.0017628557536317,0.0151745537311225,-0.0310712425103012,0.10722402574801633,0.7583063588144129,0.1344696154375708,1
2026-03-17,test,test,0.0092783219068886,0.0148867824437274,-0.0310712425103012,0.15256902093545238,0.7628633493076014,0.08456762975694652,1
2026-03-18,test,test,0.0029177214230653,0.0144509549834402,-0.0310712425103012,0.2749230234576286,0.6830900179695082,0.04198695857286339,1
2026-03-19,test,test,-0.0229917579131034,0.0151002499930794,-0.0321108408915868,0.014491376934383269,0.8957447549141778,0.08976386815143901,1
2026-03-20,test,test,-0.0114160049560938,0.0149048987588557,-0.0321108408915868,0.01988950495127844,0.9147388484016502,0.0653716466470715,1
2026-03-23,test,test,0.0103684153651034,0.0146723170911085,-0.0321108408915868,0.04044389258149727,0.913589814774405,0.04596629264409748,1
2026-03-24,test,test,0.0013018370173829,0.0142289128983876,-0.0321108408915868,0.10176874173661621,0.8718523856885397,0.02637887257484414,1
2026-03-25,test,test,0.0152409295694393,0.0142916549280391,-0.0321108408915868,0.0664577918756578,0.9050805594380483,0.028461648686294,1
2026-03-26,test,test,-0.0121292441903992,0.014171218381813,-0.0321108408915868,0.0479886014279386,0.926493563371426,0.025517835200635317,1
2026-03-27,test,test,-0.0095009444787868,0.0139352108473059,-0.0321108408915868,0.05552039780412173,0.923884428092616,0.020595174103262504,1
2026-03-30,test,test,0.0098722052183143,0.0137253896640383,-0.0321108408915868,0.08312867396260494,0.8994727524662264,0.0173985735711686,1
2026-03-31,test,test,0.0047268300523757,0.0133575341094287,-0.0321108408915868,0.16006138744680887,0.827401540205747,0.012537072347444483,1
2026-04-01,test,test,0.0306579472134099,0.0149704000639893,-0.0321108408915868,0.001432785824711406,0.9268700187363584,0.07169719543893013,1
2026-04-02,test,test,-0.0013945693442921,0.0145183606102997,-0.0321108408915868,0.03189506601597607,0.9273069843898811,0.040797949594142555,1
2026-04-07,test,test,-0.0063771054933598,0.0141624812653173,-0.0321108408915868,0.06021211795312979,0.9130949443431636,0.026692937703706787,1
2026-04-08,test,test,0.0386819288536083,0.0166828900447486,-0.0321108408915868,1.4068645438459284e-05,0.7346821260402809,0.26530380531428066,1
2026-04-09,test,test,-0.0015122799201337,0.0161789032528127,-0.0321108408915868,0.025687635040264386,0.8212138636053659,0.15309850135436986,1
2026-04-10,test,test,0.0054752313869095,0.0157432584098862,-0.0321108408915868,0.06966987742256424,0.8423711404947227,0.08795898208271301,1
2026-04-13,test,test,-0.0099647227309958,0.0154575844227086,-0.0321108408915868,0.0703300563787338,0.8690617576811446,0.06060818594012152,1
2026-04-14,test,test,0.0144480369321593,0.0153988781242542,-0.0321108408915868,0.055109665211196875,0.8914734421536437,0.05341689263515974,1
2026-04-15,test,test,-0.0055000742979718,0.0149904292691534,-0.0321108408915868,0.09541387201584232,0.872182543561476,0.03240358442268148,1
2026-04-16,test,test,-0.0053094532866625,0.0145918336457512,-0.0321108408915868,0.1478540626493452,0.8314890332525288,0.020656904098125928,1
2026-04-17,test,test,0.0216008836188053,0.0151043769478701,-0.0321108408915868,0.024513064278470022,0.9354070635562977,0.040079872165232205,1
2026-04-20,test,test,-0.0121703596592752,0.0149445886547109,-0.0321108408915868,0.023380525713696657,0.9433037067187837,0.033315767567519444,1
2026-04-21,test,test,-0.0064994408612021,0.0145765170786954,-0.0321108408915868,0.04929978730089212,0.927905607316625,0.02279460538248272,1
2026-04-22,test,test,-0.007535470593175,0.0142524860343873,-0.0321108408915868,0.07195336727115366,0.9105701220079704,0.01747651072087615,1
2026-04-23,test,test,-0.0067145571673099,0.0139158353449574,-0.0321108408915868,0.10424160983829535,0.8818388872902365,0.01391950287146869,1
