date,ret_1d,ewma_vol,cvar_95_60d,sample_split_main,sample_split_robust
2000-03-28,0.0040290096648025,0.012799314670805593,-0.03011168751105697,train,train
2000-03-29,-0.0100825252730942,0.012652768378213374,-0.025740866072775898,train,train
2000-03-30,-0.0213366929395534,0.01333425148669998,-0.022476060467257798,train,train
2000-03-31,0.0085491936104847,0.01309654342302961,-0.022476060467257798,train,train
2000-04-03,-0.0210494747139252,0.013704492175828798,-0.022476060467257798,train,train
2000-04-04,-0.0087836972628787,0.013460071311321709,-0.022476060467257798,train,train
2000-04-05,-0.0182593711473759,0.013795194330105365,-0.022476060467257798,train,train
2000-04-06,0.0203031901128648,0.014269622109032768,-0.022476060467257798,train,train
2000-04-07,0.0156166519047697,0.01435400909953055,-0.022476060467257798,train,train
2000-04-10,-0.0018590910882503,0.013924176664209132,-0.022476060467257798,train,train
2000-04-11,-0.0217669344363005,0.014514740787034127,-0.022619474299506833,train,train
2000-04-12,0.0023246198338672,0.014084078583642775,-0.022619474299506833,train,train
2000-04-13,0.0090646472903736,0.01383436529831218,-0.022619474299506833,train,train
2000-04-14,-0.0246241510199891,0.014706706368933509,-0.023571879827403035,train,train
2000-04-17,-0.0129845000735431,0.014609100383606723,-0.023571879827403035,train,train
2000-04-18,0.0039326208469135,0.014196767082006203,-0.023571879827403035,train,train
2000-04-19,0.0069288226620821,0.01386851898563238,-0.023571879827403035,train,train
2000-04-20,0.0142023036285973,0.01388877227925806,-0.023571879827403035,train,train
2000-04-25,-0.0066732406144779,0.013564514149703442,-0.023571879827403035,train,train
2000-04-26,0.0048893498805741,0.013205704297981792,-0.023571879827403035,train,train
2000-04-27,-0.0183265771921188,0.013567571423807285,-0.023571879827403035,train,train
2000-04-28,0.0171413937342253,0.013808109842726833,-0.023571879827403035,train,train
2000-05-02,0.0342264807124358,0.01579592297083667,-0.023571879827403035,train,train
2000-05-03,-0.0169368103274546,0.015866689768022173,-0.023571879827403035,train,train
2000-05-04,-0.0060519634512668,0.01545458861438596,-0.023571879827403035,train,train
2000-05-05,-0.0031608121692196,0.01500376934972205,-0.023571879827403035,train,train
2000-05-08,-0.0224721263280551,0.015553330727529822,-0.023645417893135966,train,train
2000-05-09,-0.0207642581566995,0.015914175942366972,-0.023645417893135966,train,train
2000-05-10,-0.0218599487438469,0.016332078181118037,-0.023645417893135966,train,train
2000-05-11,0.0186574469089947,0.01648085527395408,-0.023645417893135966,train,train
2000-05-12,0.0059893757445772,0.016045991164024196,-0.023115929826300164,train,train
2000-05-15,-0.008438847774452,0.015693892174836948,-0.023115929826300164,train,train
2000-05-16,0.019019883089757,0.015913067387042807,-0.023115929826300164,train,train
2000-05-17,-0.0285113531211039,0.0169353478338199,-0.02520254348971603,train,train
2000-05-18,-0.0014407236488198,0.016423220967741264,-0.02520254348971603,train,train
2000-05-19,-0.0321658339369383,0.01776562152330907,-0.02843377935934377,train,train
2000-05-22,-0.0209483693301743,0.01797248787114622,-0.02843377935934377,train,train
2000-05-23,0.005196459364742,0.017471402131985656,-0.02843377935934377,train,train
2000-05-24,-0.0036384895090604,0.016962582800521632,-0.02843377935934377,train,train
2000-05-25,0.0208780910834622,0.017222634629638977,-0.02843377935934377,train,train
2000-05-26,-0.0117633412304662,0.016944750419676902,-0.02843377935934377,train,train
2000-05-29,0.0116024263904139,0.01667255441336841,-0.02843377935934377,train,train
2000-05-30,0.0084499025451943,0.016296615526179767,-0.02843377935934377,train,train
2000-05-31,0.0037493637470546,0.01582682408640785,-0.02843377935934377,train,train
2000-06-01,0.0173441730731293,0.015921943329814156,-0.02843377935934377,train,train
2000-06-02,0.0241642583466343,0.016532769444969522,-0.02843377935934377,train,train
2000-06-05,-0.0123997638686867,0.016314342347432766,-0.02843377935934377,train,train
2000-06-06,-0.0203526063867867,0.016584390717165706,-0.02843377935934377,train,train
2000-06-07,-0.0087186018829815,0.016220367926149858,-0.02843377935934377,train,train
2000-06-08,0.0103032141574853,0.015927450795359285,-0.02843377935934377,train,train
2000-06-09,0.0067920104927062,0.01553159849790927,-0.02843377935934377,train,train
2000-06-12,-0.0075608356533465,0.015171904723298817,-0.02843377935934377,train,train
2000-06-13,0.0013613009347386,0.014713486322791779,-0.02843377935934377,train,train
2000-06-14,0.0068890669468122,0.014364714880170142,-0.02843377935934377,train,train
2000-06-15,-0.0004320692002735,0.013927509921048202,-0.02843377935934377,train,train
2000-06-16,-0.0140929885591098,0.013937494044356551,-0.02843377935934377,train,train
2000-06-19,-0.0120267806132202,0.013830297283044845,-0.02843377935934377,train,train
2000-06-20,-0.0030435536934753,0.013429679397001917,-0.02843377935934377,train,train
2000-06-21,-0.0202734399593147,0.013935410056791248,-0.02843377935934377,train,train
2000-06-22,0.0133482854740662,0.013900881905465333,-0.02843377935934377,train,train
2000-06-23,0.0040525611219657,0.013513912896846272,-0.02843377935934377,train,train
2000-06-26,-0.0042050546142896,0.013142649669495287,-0.02843377935934377,train,train
2000-06-27,0.0037398013588732,0.012775157641579587,-0.02843377935934377,train,train
2000-06-28,0.0052104720091649,0.012451558726307087,-0.02843377935934377,train,train
2000-06-29,-0.0206980334534993,0.013093637812400506,-0.02843377935934377,train,train
2000-06-30,0.0205184504197189,0.013653466905887772,-0.02843377935934377,train,train
2000-07-03,0.0089755506162249,0.013418858355651092,-0.02843377935934377,train,train
2000-07-04,0.0159999290198793,0.01358755598749665,-0.02843377935934377,train,train
2000-07-05,-0.0084512915520295,0.013335285403185003,-0.02843377935934377,train,train
2000-07-06,-0.0016746388227362,0.012935544499112975,-0.02843377935934377,train,train
2000-07-07,0.0145222153806584,0.013036191820196339,-0.02843377935934377,train,train
2000-07-10,-0.0062414929859865,0.012731187431823625,-0.02843377935934377,train,train
2000-07-11,0.0042296500148144,0.012386748636088471,-0.02843377935934377,train,train
2000-07-12,0.0003585992616302,0.012009719600100898,-0.027716437795365766,train,train
2000-07-13,-0.0028075841142542,0.011664146548041206,-0.027716437795365766,train,train
2000-07-14,0.014132401287752,0.011826777320217623,-0.027716437795365766,train,train
2000-07-17,-0.0048651656929923,0.011528247581844746,-0.027716437795365766,train,train
2000-07-18,-0.0145076391910825,0.011728374075878066,-0.027716437795365766,train,train
2000-07-19,0.0054708302484889,0.011449771699574266,-0.027716437795365766,train,train
2000-07-20,0.0124012019837459,0.011509075735806472,-0.027716437795365766,train,train
2000-07-21,-0.0097413712467071,0.011410738523905796,-0.027716437795365766,train,train
2000-07-24,-0.0044308889491455,0.011116232412740863,-0.027716437795365766,train,train
2000-07-25,-0.0108513054707882,0.01110051510048285,-0.027716437795365766,train,train
2000-07-26,0.0027215676256452,0.010782975711126429,-0.027716437795365766,train,train
2000-07-27,-0.0016581269261517,0.010462369443378097,-0.027716437795365766,train,train
2000-07-28,-0.0155974380260548,0.01083929463969612,-0.027716437795365766,train,train
2000-07-31,-0.0026930566903335,0.010529769373030793,-0.0275123786006297,train,train
2000-08-01,0.0016508460511458,0.010216995547974918,-0.0275123786006297,train,train
2000-08-02,0.0090122672700662,0.010148745529696038,-0.027208518796072168,train,train
2000-08-03,-0.0181543267713328,0.010797777016967597,-0.027208518796072168,train,train
2000-08-04,0.0123977668840993,0.010900401213735787,-0.027208518796072168,train,train
2000-08-07,0.0116763660797706,0.01094851009557542,-0.027208518796072168,train,train
2000-08-08,0.0148227373339102,0.011218756323155771,-0.027208518796072168,train,train
2000-08-09,0.0077271508251531,0.01104044362444402,-0.024604078906870636,train,train
2000-08-10,0.014386505691888,0.011269259268488704,-0.024604078906870636,train,train
2000-08-11,-0.0014411057067657,0.010931653092386247,-0.02066633639015343,train,train
2000-08-14,0.010401267126268,0.010900557712441146,-0.02044135993320023,train,train
2000-08-15,-0.0002408030497092,0.01056864741119929,-0.02044135993320023,train,train
2000-08-16,0.0119554731936014,0.010656947497904351,-0.02044135993320023,train,train
2000-08-17,-0.0166417499247686,0.011107347505512582,-0.02044135993320023,train,train
2000-08-18,-0.0081004101100629,0.010950240962133944,-0.02044135993320023,train,train
2000-08-21,0.0025271056201849,0.010634683176757198,-0.02044135993320023,train,train
2000-08-22,-0.0144272393057106,0.010899514261326368,-0.02044135993320023,train,train
2000-08-23,-0.0125618938128135,0.011006339856407742,-0.02044135993320023,train,train
2000-08-24,-0.0072497162717087,0.010817793174852312,-0.02044135993320023,train,train
2000-08-25,0.0091186881464824,0.010723441548039338,-0.02044135993320023,train,train
2000-08-28,0.0082115075666406,0.010589541921498921,-0.02044135993320023,train,train
2000-08-29,-0.0061523230936863,0.01037695326132379,-0.019708600061382267,train,train
2000-08-30,0.0026715596346673,0.010082089232958193,-0.019708600061382267,train,train
2000-08-31,0.0013882867673648,0.009780861532204515,-0.019708600061382267,train,train
2000-09-01,0.0258823170242553,0.011406971431807479,-0.019708600061382267,train,train
2000-09-04,0.0067986447853723,0.011184147337475837,-0.019708600061382267,train,train
2000-09-05,-0.0051795047770253,0.010917402564277798,-0.019708600061382267,train,train
2000-09-06,0.0044857193576832,0.010641691534470595,-0.019708600061382267,train,train
2000-09-07,0.0039074731827738,0.01036180310526983,-0.019708600061382267,train,train
2000-09-08,-0.0160105256414364,0.010784487083572509,-0.019708600061382267,train,train
2000-09-11,0.0113286098084874,0.01081790626544597,-0.019708600061382267,train,train
2000-09-12,0.0072754771964772,0.010638675872310625,-0.019708600061382267,train,train
2000-09-13,-0.0088171931820655,0.010538268956223831,-0.018498036716533568,train,train
2000-09-14,0.0211002185550738,0.011450107389120905,-0.018498036716533568,train,train
2000-09-15,0.0010037236463886,0.011104013208680735,-0.018498036716533568,train,train
2000-09-18,-0.0242824933323179,0.012299574452975463,-0.021044951185716667,train,train
2000-09-19,-0.0110184418750875,0.0122264926901426,-0.021044951185716667,train,train
2000-09-20,-0.0149501443706183,0.012406784639628578,-0.021044951185716667,train,train
2000-09-21,-0.0090211036329225,0.012230103247063445,-0.019692856676139767,train,train
2000-09-22,0.020703554919523,0.012896477468136183,-0.019692856676139767,train,train
2000-09-25,0.0116907272384271,0.012827329005789695,-0.019692856676139767,train,train
2000-09-26,-0.0183679524664195,0.013225386494387452,-0.020268257523356734,train,train
2000-09-27,0.0001459925320014,0.012822537809635597,-0.020268257523356734,train,train
2000-09-28,0.0059597974791294,0.01251733112473648,-0.020268257523356734,train,train
2000-09-29,-0.0066535856867051,0.012244948996485793,-0.020268257523356734,train,train
2000-10-02,0.0183241620060224,0.012692081947589348,-0.020268257523356734,train,train
2000-10-03,0.0105871401311065,0.012575725016228891,-0.020268257523356734,train,train
2000-10-04,-0.0099776140417339,0.012435155609027382,-0.020268257523356734,train,train
2000-10-05,0.0069653785255741,0.012176456758833967,-0.020268257523356734,train,train
2000-10-06,-0.0077990949647013,0.011959083835473098,-0.020268257523356734,train,train
2000-10-09,-0.0283071672266208,0.013509857438055889,-0.023652537675119403,train,train
2000-10-10,0.0102711383660975,0.013337730321045242,-0.023652537675119403,train,train
2000-10-11,-0.0307868134976951,0.014969670010739233,-0.027792158018877935,train,train
2000-10-13,-0.0222156276024344,0.015500245340084226,-0.027792158018877935,train,train
2000-10-16,0.0066984765958622,0.015117351771687838,-0.027792158018877935,train,train
2000-10-17,-0.0076618316443774,0.014776484188142428,-0.027792158018877935,train,train
2000-10-18,-0.0312582162967225,0.016244026010439627,-0.0301173990070128,train,train
2000-10-19,0.0304771613074225,0.01742893341107504,-0.0301173990070128,train,train
2000-10-20,0.0073327177088577,0.016993168674402495,-0.0301173990070128,train,train
2000-10-23,-0.0109466841619863,0.016692258934890434,-0.0301173990070128,train,train
2000-10-24,0.0321029180091252,0.017993039168814718,-0.0301173990070128,train,train
2000-10-25,-0.014114474212283,0.017784195060671786,-0.0301173990070128,train,train
2000-10-26,-0.0184919830262602,0.01782745479571526,-0.0301173990070128,train,train
2000-10-27,0.0068531833518986,0.017365685219620883,-0.0301173990070128,train,train
2000-10-30,-0.0085399236455935,0.01696610796589765,-0.0301173990070128,train,train
2000-10-31,0.0053990246740328,0.016502328877637692,-0.0301173990070128,train,train
2000-11-02,0.0137903337262984,0.016352297855027377,-0.0301173990070128,train,train
2000-11-03,0.0033919975722414,0.01587589762133047,-0.0301173990070128,train,train
2000-11-06,0.0064103875629296,0.015472138245517528,-0.0301173990070128,train,train
2000-11-07,-0.0034837888841104,0.01502504726363431,-0.0301173990070128,train,train
2000-11-08,-0.0080903779677637,0.014701502491162416,-0.0301173990070128,train,train
2000-11-09,-0.0207021789031549,0.015128811508115547,-0.0301173990070128,train,train
2000-11-10,-0.0283835845560355,0.01623224426024267,-0.030142871450151033,train,train
2000-11-13,-0.0089221479056543,0.015888766216914155,-0.030142871450151033,train,train
2000-11-14,0.0374322447338104,0.017926965586253577,-0.030142871450151033,train,train
2000-11-15,0.00187660312997,0.017386915418823475,-0.030142871450151033,train,train
2000-11-16,-0.0155465333936038,0.017282020140826956,-0.030142871450151033,train,train
2000-11-17,-0.0289691280085582,0.018196174037243256,-0.030338052600991938,train,train
2000-11-20,-0.0306501553939478,0.019172913867182936,-0.030898395062788468,train,train
2000-11-21,0.004732867882218,0.01862494539300297,-0.030898395062788468,train,train
2000-11-22,-0.0362441553709368,0.020121968177888527,-0.0327630617217848,train,train
2000-11-23,0.0088555551227694,0.01962919352756973,-0.0327630617217848,train,train
2000-11-24,0.0324103513874591,0.020620688079056253,-0.0327630617217848,train,train
2000-11-27,-0.0104669917833007,0.020156226959974672,-0.0327630617217848,train,train
2000-11-28,-0.0194610956620674,0.02011519651428684,-0.0327630617217848,train,train
2000-11-29,0.0126678656580478,0.019747717644824064,-0.0327630617217848,train,train
2000-11-30,-0.0281211440637724,0.02034752898158006,-0.0327630617217848,train,train
2000-12-01,0.0134637360575108,0.020001423720186647,-0.0327630617217848,train,train
2000-12-04,-0.0293689877519879,0.020683466350661903,-0.0327630617217848,train,train
2000-12-05,0.0423155631142565,0.02257374240933087,-0.0327630617217848,train,train
2000-12-07,0.0038189169677936,0.021906037140237568,-0.0327630617217848,train,train
2000-12-11,0.0301598256411029,0.02248686061592866,-0.0327630617217848,train,train
2000-12-12,-0.003541130798239,0.021819068329752427,-0.0327630617217848,train,train
2000-12-13,-0.0037595209613581,0.021174406203793166,-0.0327630617217848,train,train
2000-12-14,-0.0206504578233083,0.02114333544871704,-0.0327630617217848,train,train
2000-12-15,-0.0388395173941289,0.022599307125389632,-0.035447296353929396,train,train
2000-12-18,-0.0113025878473565,0.022085059907495336,-0.035447296353929396,train,train
2000-12-19,0.0221438046181155,0.022088588995871034,-0.035447296353929396,train,train
2000-12-20,-0.0431859536500418,0.02388583290485424,-0.03942320880503583,train,train
2000-12-21,0.0112069478317859,0.02332030817822446,-0.03942320880503583,train,train
2000-12-22,0.0083096679839,0.02270131278221328,-0.03942320880503583,train,train
2000-12-27,0.0043604361429459,0.022035639997856425,-0.03942320880503583,train,train
2000-12-28,-0.0003195304113625,0.02136448900136039,-0.03942320880503583,train,train
2000-12-29,0.0037612887033165,0.020734120295649777,-0.03942320880503583,train,train
2001-01-02,-0.003254498527211,0.020118275905460302,-0.03942320880503583,train,train
2001-01-03,0.0132050140602081,0.019771764404411373,-0.03942320880503583,train,train
2001-01-04,0.0421701056305199,0.02177536167637838,-0.03942320880503583,train,train
2001-01-05,0.0004375526886646,0.02111226848801863,-0.03942320880503583,train,train
2001-01-08,0.0023094149460927,0.02047691899947762,-0.03942320880503583,train,train
2001-01-09,-0.0043529334951487,0.01988172127380546,-0.03942320880503583,train,train
2001-01-10,0.0004173714200501,0.019276315060064456,-0.03942320880503583,train,train
2001-01-11,0.0118224421927073,0.01891211123384087,-0.03942320880503583,train,train
2001-01-12,0.019439160402887,0.018944147689248254,-0.03942320880503583,train,train
2001-01-15,0.000181962213674,0.01836708671473403,-0.03942320880503583,train,train
2001-01-16,-0.017293825128251,0.01830446571679592,-0.03942320880503583,train,train
2001-01-17,0.0301605247527296,0.019223155112216016,-0.03942320880503583,train,train
2001-01-18,0.0050470963176116,0.018678498381684023,-0.03942320880503583,train,train
2001-01-19,-0.0115149770324045,0.018327815075734107,-0.03942320880503583,train,train
2001-01-22,0.0063781156083788,0.017838023955755827,-0.03942320880503583,train,train
2001-01-23,0.0080718018896787,0.017407258022793963,-0.03942320880503583,train,train
2001-01-24,0.0015630543919885,0.01688130511251237,-0.03942320880503583,train,train
2001-01-25,0.0015605186811815,0.016371495584609583,-0.03942320880503583,train,train
2001-01-26,-0.0041439333523276,0.015905176724387238,-0.03942320880503583,train,train
2001-01-29,-0.0139921799149709,0.01579693115014195,-0.03942320880503583,train,train
2001-01-30,0.0086360443363609,0.01546109075852545,-0.03942320880503583,train,train
2001-01-31,0.0079197604588449,0.015115090609728026,-0.03942320880503583,train,train
2001-02-01,0.0006916380066701,0.014655603299755602,-0.03942320880503583,train,train
2001-02-02,-0.0274908337115406,0.015724002730995484,-0.03942320880503583,train,train
2001-02-05,-0.0001827659997853,0.015245051996498173,-0.03942320880503583,train,train
2001-02-06,0.0089073405808949,0.014940795050023957,-0.03942320880503583,train,train
2001-02-07,-0.0054603514537246,0.014547255466344937,-0.03942320880503583,train,train
2001-02-08,0.014079547896849,0.014519617875333235,-0.03942320880503583,train,train
2001-02-09,-0.0084682232703576,0.014229293495193364,-0.03942320880503583,train,train
2001-02-12,0.0159941464155457,0.01434131057273797,-0.03942320880503583,train,train
2001-02-13,-0.0041983561274899,0.013942394674427209,-0.03942320880503583,train,train
2001-02-14,-0.0297288241277973,0.015354319462071142,-0.03942320880503583,train,train
2001-02-15,0.0107618582074236,0.01511816371453021,-0.03942320880503583,train,train
2001-02-16,-0.0077131547061357,0.01477886690462515,-0.03942320880503583,train,train
2001-02-19,0.007307610507498,0.014440016719010572,-0.03942320880503583,train,train
2001-02-20,-0.0185044516079055,0.014715574118366756,-0.03942320880503583,train,train
2001-02-21,-0.0091737598423763,0.014443154313164855,-0.037251431723989335,train,train
2001-02-22,-0.0182321498317588,0.014698064545113453,-0.037251431723989335,train,train
2001-02-23,-0.0078876614539347,0.014380682441480136,-0.037251431723989335,train,train
2001-02-26,0.0139845350841216,0.014357221845638351,-0.037251431723989335,train,train
2001-02-27,0.0081658106981352,0.014062818275112899,-0.037251431723989335,train,train
2001-02-28,-0.000282559632287,0.013634583850094811,-0.037251431723989335,train,train
2001-03-01,-0.0068602604700929,0.013325597719517178,-0.037251431723989335,train,train
2001-03-02,0.0088997667930455,0.013102275078996512,-0.037251431723989335,train,train
2001-03-05,0.0121710145247196,0.013048273877590385,-0.037251431723989335,train,train
2001-03-06,0.0208381521608575,0.013641690483304266,-0.037251431723989335,train,train
2001-03-07,0.0031490913907068,0.013248584176543513,-0.037251431723989335,train,train
2001-03-08,-0.0126868048795377,0.013215550870284193,-0.037251431723989335,train,train
2001-03-09,-0.0073343623745032,0.012938288526818253,-0.037251431723989335,train,train
2001-03-12,-0.0241201249900874,0.013865863737079324,-0.037251431723989335,train,train
2001-03-13,0.0016942923617051,0.013449858145763183,-0.037251431723989335,train,train
2001-03-14,-0.0124738322504982,0.013393302526020131,-0.03346853716312657,train,train
2001-03-15,0.0088292022392728,0.013164156187587801,-0.03346853716312657,train,train
2001-03-16,-0.0198553919529408,0.013658385813105009,-0.03346853716312657,train,train
2001-03-19,-0.0041744961450593,0.013281716678289647,-0.02711326094314177,train,train
2001-03-20,-0.0037469879194257,0.01290976967862383,-0.02711326094314177,train,train
2001-03-21,-0.0349882224912326,0.01516947483440241,-0.03073596011019017,train,train
2001-03-22,-0.0422284889464973,0.01798057022090069,-0.03564851185517574,train,train
2001-03-23,0.0321438883338719,0.01912842451886307,-0.03564851185517574,train,train
2001-03-26,0.0283002045028049,0.019798912131565365,-0.03564851185517574,train,train
2001-03-27,0.0218158823884378,0.01992568868975445,-0.03564851185517574,train,train
2001-03-28,-0.0108430155875164,0.0195003934523695,-0.03564851185517574,train,train
2001-03-29,0.0064613333026927,0.018972463039687058,-0.03564851185517574,train,train
2001-03-30,0.0092278060803324,0.018532842115232276,-0.03564851185517574,train,train
2001-04-02,0.001717422264188,0.017973180993081084,-0.03564851185517574,train,train
2001-04-03,-0.0340889946758396,0.019322957702950484,-0.037101902037856495,train,train
2001-04-04,0.0176641202117434,0.01922746372504465,-0.037101902037856495,train,train
2001-04-05,0.0181286877042411,0.01916331387554636,-0.037101902037856495,train,train
2001-04-06,-0.0012641353110139,0.018582102277627747,-0.037101902037856495,train,train
2001-04-09,0.0133215049490433,0.018309139881471446,-0.037101902037856495,train,train
2001-04-10,0.0155655332057403,0.018156218671465465,-0.037101902037856495,train,train
2001-04-11,0.0012594492746374,0.017605810194587183,-0.037101902037856495,train,train
2001-04-12,0.0036235301676669,0.017092526954898147,-0.037101902037856495,train,train
2001-04-17,-0.0127561591090426,0.016863818806978362,-0.037101902037856495,train,train
2001-04-18,0.0280804902006207,0.017737979520332937,-0.037101902037856495,train,train
2001-04-19,2.043249206852316e-05,0.017197609934672013,-0.037101902037856495,train,train
2001-04-20,-0.0258989692494157,0.017839779054353577,-0.037101902037856495,train,train
2001-04-23,-0.0295606760996288,0.01875079379636215,-0.037101902037856495,train,train
2001-04-24,0.0159996724352742,0.01859720686007004,-0.037101902037856495,train,train
2001-04-25,-0.0072991931035791,0.0181190902093417,-0.037101902037856495,train,train
2001-04-26,0.0183853239105733,0.01813517444998003,-0.037101902037856495,train,train
2001-04-27,0.011556287138464,0.017809108499218414,-0.037101902037856495,train,train
2001-04-30,0.0130341221666833,0.017559264940312253,-0.037101902037856495,train,train
2001-05-02,-0.0131482600954997,0.017326301473244914,-0.037101902037856495,train,train
2001-05-03,-0.0142495830008823,0.01715726424343942,-0.037101902037856495,train,train
2001-05-04,0.0047794507696379,0.016675730938091323,-0.037101902037856495,train,train
2001-05-07,0.0048610057636871,0.016211507172453617,-0.037101902037856495,train,train
2001-05-08,0.0071491091517813,0.015814890850531,-0.037101902037856495,train,train
2001-05-09,-0.0003831961120476,0.015333392860452441,-0.037101902037856495,train,train
2001-05-10,0.0130894679465132,0.015208096879082644,-0.037101902037856495,train,train
2001-05-11,-0.0099661872188321,0.014945518769965737,-0.037101902037856495,train,train
2001-05-14,-0.0085344187167162,0.014640238986954018,-0.037101902037856495,train,train
2001-05-15,0.0067877956298683,0.014291285873223314,-0.037101902037856495,train,train
2001-05-16,-0.0082573508707727,0.01400276513406419,-0.037101902037856495,train,train
2001-05-17,0.007626217929855,0.013704099295852918,-0.037101902037856495,train,train
2001-05-18,0.0069005742305965,0.013393702727128112,-0.037101902037856495,train,train
2001-05-21,-0.0051735343943639,0.0130473646329785,-0.037101902037856495,train,train
2001-05-22,-0.0053146552756171,0.012716699024348377,-0.037101902037856495,train,train
2001-05-23,0.0005918351666444,0.012330149397439587,-0.037101902037856495,train,train
2001-05-24,-0.0017039436055074,0.011961807327575293,-0.037101902037856495,train,train
2001-05-25,-0.0154892328228481,0.012202242600273756,-0.037101902037856495,train,train
2001-05-28,0.0081203031718444,0.011996557857299712,-0.037101902037856495,train,train
2001-05-29,-0.0061367384583921,0.011727827161607115,-0.037101902037856495,train,train
2001-05-30,-0.0049981191519102,0.011436270626387753,-0.037101902037856495,train,train
2001-05-31,0.0064200790193328,0.011198840724220038,-0.037101902037856495,train,train
2001-06-01,-0.0107196127279447,0.011170666827664724,-0.037101902037856495,train,train
2001-06-04,0.017098737124803,0.011612010084735317,-0.037101902037856495,train,train
2001-06-05,0.0042059463224487,0.011305301879364132,-0.037101902037856495,train,train
2001-06-06,-0.0074323804263313,0.011111060987891467,-0.037101902037856495,train,train
2001-06-07,-0.0014595518935391,0.010778504219224534,-0.037101902037856495,train,train
2001-06-08,0.009464578186089,0.010704217786743978,-0.037101902037856495,train,train
2001-06-11,-5.2045166677768295e-05,0.010378132020862223,-0.037101902037856495,train,train
2001-06-12,-0.0170915590270044,0.010898191142860067,-0.037101902037856495,train,train
2001-06-13,0.0082778086717432,0.010758980572502862,-0.037101902037856495,train,train
2001-06-14,-0.0048318634101112,0.010498149237973455,-0.037101902037856495,train,train
2001-06-15,-0.0120278018006262,0.010596157329272991,-0.037101902037856495,train,train
2001-06-18,-0.0374974819902807,0.013780620685389645,-0.03793832187087253,train,train
2001-06-19,0.0032325117291144,0.01338424910149409,-0.03371571758858303,train,train
2001-06-20,-0.0029221152359756,0.012996236455887291,-0.03371571758858303,train,train
2001-06-21,-0.0112137462017455,0.01289623660332438,-0.03371571758858303,train,train
2001-06-22,0.0004818765853348,0.012503922413378842,-0.03371571758858303,train,train
2001-06-25,0.0043712468266968,0.012170195524551126,-0.03371571758858303,train,train
2001-06-26,-0.0193281659482368,0.01271383181793793,-0.03371571758858303,train,train
2001-06-27,-0.0005802621385575,0.012327336718613992,-0.03371571758858303,train,train
2001-06-28,0.0077423629647167,0.012101325869353675,-0.03371571758858303,train,train
2001-06-29,0.0025374594298343,0.011749122714058036,-0.0309857091131084,train,train
2001-07-02,0.0217146299307946,0.01257182885100161,-0.0309857091131084,train,train
2001-07-03,-0.0063462908110135,0.012287569012738897,-0.0309857091131084,train,train
2001-07-04,-0.0146252813645868,0.012440225978970465,-0.0309857091131084,train,train
2001-07-05,-0.0110228801497453,0.012359769507200346,-0.0309857091131084,train,train
2001-07-06,-0.0330519121561633,0.014461804934570804,-0.0333700234153576,train,train
2001-07-09,0.0028540877057618,0.014038658156874278,-0.0333700234153576,train,train
2001-07-10,-0.0071920233555717,0.013724518187232063,-0.0333700234153576,train,train
2001-07-11,-0.023789041204727,0.014526381668873217,-0.0333700234153576,train,train
2001-07-12,-0.0120977852392965,0.014392227172615004,-0.0333700234153576,train,train
2001-07-13,0.0166603545725146,0.014538296863036699,-0.0333700234153576,train,train
2001-07-16,-0.0009398542270671,0.014097281677515134,-0.0333700234153576,train,train
2001-07-17,0.0091909683772649,0.013851995655363334,-0.031446145117057,train,train
2001-07-18,-0.0196114011662065,0.014263293447172205,-0.031446145117057,train,train
2001-07-19,0.0173993921803452,0.014470638495148177,-0.031446145117057,train,train
2001-07-20,-0.0060151144416889,0.01410695969564758,-0.031446145117057,train,train
2001-07-23,0.0089673753300404,0.013852464125993497,-0.031446145117057,train,train
2001-07-24,-0.0006089276818116,0.01343129048883692,-0.031446145117057,train,train
2001-07-25,-0.0266604460923518,0.01456785342781776,-0.0324032800795986,train,train
2001-07-26,0.0094601813347367,0.014312886296547067,-0.0324032800795986,train,train
2001-07-27,-0.0017023368607596,0.01388312170719762,-0.0324032800795986,train,train
2001-07-30,0.0241552839540185,0.014703240078656333,-0.0324032800795986,train,train
2001-07-31,0.0073500200741144,0.014368560136191887,-0.0324032800795986,train,train
2001-08-01,0.0090742565719176,0.01410704494584533,-0.0324032800795986,train,train
2001-08-02,0.0059886516227373,0.01375572720627176,-0.0324032800795986,train,train
2001-08-03,-0.0051242200512659,0.013395607003155582,-0.0324032800795986,train,train
2001-08-06,0.0083135746684925,0.013146204060112845,-0.0324032800795986,train,train
2001-08-07,-0.0079633606832582,0.012894115988349861,-0.0324032800795986,train,train
2001-08-08,-0.0151118164142521,0.01303782010974388,-0.0324032800795986,train,train
2001-08-09,-0.0175963644434512,0.013355283243675688,-0.0324032800795986,train,train
2001-08-10,-0.0107912650530044,0.013215478015354873,-0.0324032800795986,train,train
2001-08-13,0.0162874986744516,0.013419645465066656,-0.0324032800795986,train,train
2001-08-14,0.0133790329932096,0.013417212183371122,-0.0324032800795986,train,train
2001-08-16,-0.0151556585258694,0.013527820479602463,-0.0324032800795986,train,train
2001-08-17,-0.0148645128601936,0.013611724206245965,-0.0324032800795986,train,train
2001-08-20,-0.0011957399626187,0.013200306108510529,-0.0324032800795986,train,train
2001-08-21,0.0006956681219655,0.012799305986069428,-0.0324032800795986,train,train
2001-08-22,0.0132837228333898,0.012828886827795701,-0.0324032800795986,train,train
2001-08-23,0.0114565055266448,0.012750710103319313,-0.0324032800795986,train,train
2001-08-24,0.0164448017377267,0.013001986844407443,-0.0324032800795986,train,train
2001-08-27,-0.002931490579798,0.012626328857161223,-0.0324032800795986,train,train
2001-08-28,-0.016899400584199,0.012922620244785686,-0.0324032800795986,train,train
2001-08-29,0.0062387206059636,0.012621797226997612,-0.0324032800795986,train,train
2001-08-30,-0.0231979864910828,0.013492219015399414,-0.0324032800795986,train,train
2001-08-31,0.0107533233850928,0.013343748099818066,-0.0324032800795986,train,train
2001-09-03,-0.020408414895565,0.013869480179995411,-0.0324032800795986,train,train
2001-09-04,0.0168087353403617,0.014063169865290964,-0.0324032800795986,train,train
2001-09-05,-0.0211971349963236,0.014589910684564462,-0.0324032800795986,train,train
2001-09-06,-0.0265399842492591,0.015567781151905028,-0.0324032800795986,train,train
2001-09-07,-0.0227109695295288,0.016086073156997144,-0.0324032800795986,train,train
2001-09-10,-0.0062963161108818,0.015672098150203664,-0.0324032800795986,train,train
2001-09-12,-0.0455610914372825,0.018852760115729082,-0.03509114989526587,train,train
2001-09-13,0.0002725652391721,0.018278551027117222,-0.03509114989526587,train,train
2001-09-14,-0.0599316651951349,0.023012330859249728,-0.04618155626286024,train,train
2001-09-17,0.0261319828682029,0.023211336906746358,-0.04618155626286024,train,train
2001-09-18,-0.0072143317508348,0.022573501861590784,-0.04618155626286024,train,train
2001-09-19,-0.0157685427253339,0.022224041565349198,-0.04618155626286024,train,train
2001-09-20,-0.0305026983420081,0.022805666367310545,-0.04618155626286024,train,train
2001-09-21,-0.034320487741974,0.02365515305552839,-0.0466044147914638,train,train
2001-09-24,0.0578908319782724,0.026964294831199272,-0.0466044147914638,train,train
2001-09-25,0.0165346959313567,0.02645472687766318,-0.0466044147914638,train,train
2001-09-26,0.0071736868033876,0.02570893087358234,-0.0466044147914638,train,train
2001-09-27,0.0206340700586514,0.025433011420081524,-0.0466044147914638,train,train
2001-09-28,0.0160010326344367,0.02496777459891962,-0.0466044147914638,train,train
2001-10-01,-0.0166680897883733,0.024549050803416104,-0.0466044147914638,train,train
2001-10-02,0.0161073499176078,0.024125988993404564,-0.0466044147914638,train,train
2001-10-03,-0.0089180136209035,0.0234927946875599,-0.0466044147914638,train,train
2001-10-04,0.0300879898763199,0.023939798373958456,-0.0466044147914638,train,train
2001-10-05,-0.0405915827305221,0.025250499098607264,-0.048694779787646504,train,train
2001-10-08,0.0042730367852206,0.02450363183381417,-0.048694779787646504,train,train
2001-10-09,0.0108300293517578,0.02390480426211184,-0.048694779787646504,train,train
2001-10-10,0.0339308568276649,0.02462176820427114,-0.048694779787646504,train,train
2001-10-11,0.0031161586528886,0.023883890135812554,-0.048694779787646504,train,train
2001-10-15,-0.0054696768351903,0.023195017512803808,-0.048694779787646504,train,train
2001-10-16,0.0173934058420829,0.02288842810638955,-0.048694779787646504,train,train
2001-10-17,0.0353326656471007,0.02381913450178805,-0.048694779787646504,train,train
2001-10-18,-0.0147959125714344,0.02337616820693044,-0.048694779787646504,train,train
2001-10-19,-0.0274947254048376,0.023643521758435832,-0.048694779787646504,train,train
2001-10-22,0.0246839237936385,0.023707233484827794,-0.048694779787646504,train,train
2001-10-23,0.0232106070623352,0.02367772964509096,-0.048694779787646504,train,train
2001-10-24,0.0166382290396416,0.023315373216223505,-0.048694779787646504,train,train
2001-10-25,-0.0272175190485554,0.023567728594597177,-0.048694779787646504,train,train
2001-10-26,0.0099762905052253,0.02298005969480403,-0.048694779787646504,train,train
2001-10-29,-0.0210279210748031,0.022867631334395788,-0.048694779787646504,train,train
2001-10-30,-0.029985630257828,0.023355965627493116,-0.048694779787646504,train,train
2001-10-31,0.0276216015222474,0.0236336250881728,-0.048694779787646504,train,train
2001-11-01,-0.002511417965007,0.022921905983829306,-0.048694779787646504,train,train
2001-11-02,-0.0100180181073416,0.022358680388242073,-0.048694779787646504,train,train
2001-11-05,0.0318545533392432,0.023039069154110987,-0.048694779787646504,train,train
2001-11-06,0.011515501290666,0.02251459951314155,-0.048694779787646504,train,train
2001-11-07,0.0124690455497337,0.022041356255416873,-0.048694779787646504,train,train
2001-11-08,0.0297199558599766,0.02257584215533608,-0.048694779787646504,train,train
2001-11-09,-0.0170395922819029,0.022282490713322417,-0.048694779787646504,train,train
2001-11-12,-0.019924731323942,0.022148104296887766,-0.048694779787646504,train,train
2001-11-13,0.0393289912824347,0.023535343333520736,-0.048694779787646504,train,train
2001-11-14,0.0095568509468161,0.022938126485793832,-0.048694779787646504,train,train
2001-11-15,0.0043268696310471,0.022264579401502838,-0.048694779787646504,train,train
2001-11-16,0.0042613266872938,0.021611532580509546,-0.048694779787646504,train,train
2001-11-19,0.0179367305975309,0.021408839723848282,-0.048694779787646504,train,train
2001-11-20,-0.017468269213524,0.021193077619380996,-0.048694779787646504,train,train
2001-11-21,-0.0135802320579991,0.020814973187760478,-0.048694779787646504,train,train
2001-11-22,0.0095325179243887,0.02031549793033594,-0.048694779787646504,train,train
2001-11-23,0.0030051569932724,0.019710356336233182,-0.048694779787646504,train,train
2001-11-26,0.0036735711467896,0.01913107329935887,-0.048694779787646504,train,train
2001-11-27,-0.0145628999289065,0.01888816483702628,-0.048694779787646504,train,train
2001-11-28,-0.0108414530635679,0.018504303038153265,-0.048694779787646504,train,train
2001-11-29,-0.0090727516814927,0.01807770910421399,-0.048694779787646504,train,train
2001-11-30,0.0110353452480066,0.017734206583711283,-0.048694779787646504,train,train
2001-12-03,-0.0074156028335817,0.017289633544053187,-0.048694779787646504,train,train
2001-12-04,0.0251774191136517,0.017861402195680456,-0.048694779787646504,train,train
2001-12-05,0.0358630035919537,0.019417960981789415,-0.048694779787646504,train,train
2001-12-07,-0.0139544758662795,0.01913419504371775,-0.04494791188921033,train,train
2001-12-10,-0.0166022599954796,0.01899180025669555,-0.04494791188921033,train,train
2001-12-11,0.0089320436800287,0.018542762810027105,-0.035138256271501404,train,train
2001-12-12,-0.0121381986552913,0.01822207895567648,-0.035138256271501404,train,train
2001-12-13,-0.0252802712976656,0.018720764909370233,-0.035138256271501404,train,train
2001-12-14,-0.0045660224316723,0.018184881910949694,-0.035138256271501404,train,train
2001-12-17,0.0310877870754551,0.01920509215346816,-0.034965900243441365,train,train
2001-12-18,-0.0081094954028553,0.01872568465202669,-0.03269064613106257,train,train
2001-12-19,-0.0175111779091488,0.018655044112836364,-0.03269064613106257,train,train
2001-12-20,-0.0113771075146301,0.018300173363242373,-0.03269064613106257,train,train
2001-12-21,0.0063084828461628,0.017809839464926737,-0.03269064613106257,train,train
2001-12-27,0.0179432977904357,0.01781787515379568,-0.03269064613106257,train,train
2001-12-28,-0.0044320072788321,0.017309148904774366,-0.03269064613106257,train,train
2002-01-02,-0.0024441608663144,0.016792518363831492,-0.03269064613106257,train,train
2002-01-03,0.0209791382116092,0.017072691850606014,-0.03269064613106257,train,train
2002-01-04,-0.0107653828654531,0.016761318763706855,-0.03269064613106257,train,train
2002-01-07,-0.0343534682933556,0.018300135117633187,-0.03497689376056857,train,train
2002-01-08,0.0011366854430792,0.01774482380391544,-0.030611274652007067,train,train
2002-01-09,-0.0148285921312906,0.017583494368237907,-0.030611274652007067,train,train
2002-01-10,-0.0163363116385324,0.017511168505358454,-0.030611274652007067,train,train
2002-01-11,0.0059930141760617,0.01704105437502454,-0.030611274652007067,train,train
2002-01-14,-0.0231646117516824,0.017469105197924745,-0.030611274652007067,train,train
2002-01-15,0.018846267097815,0.017554781834090753,-0.030611274652007067,train,train
2002-01-16,-0.0183591869315823,0.017604082708715562,-0.030611274652007067,train,train
2002-01-17,0.0219757905886459,0.017896525546992115,-0.030611274652007067,train,train
2002-01-18,0.0039158376321948,0.017377816782225428,-0.030611274652007067,train,train
2002-01-21,-0.0133616997818366,0.01716337106786414,-0.030518872533246335,train,train
2002-01-22,0.0163913081014913,0.017118029293849365,-0.030518872533246335,train,train
2002-01-23,0.0056109180410274,0.016653355678858464,-0.030518872533246335,train,train
2002-01-24,0.0165732950270846,0.016648562896774622,-0.030518872533246335,train,train
2002-01-25,-0.0034515009885079,0.01616350640426171,-0.029873123282949735,train,train
2002-01-28,0.0107059813883692,0.01588900516624811,-0.029873123282949735,train,train
2002-01-29,-0.0115126725099849,0.015660949963587946,-0.029873123282949735,train,train
2002-01-30,-0.0195955015557036,0.015924460851453024,-0.02759945044756787,train,train
2002-01-31,0.0038207324043944,0.015467676812348119,-0.02759945044756787,train,train
2002-02-01,0.0148817984078706,0.015433151325770332,-0.02759945044756787,train,train
2002-02-04,-0.019376148926368,0.01569768578760852,-0.02759945044756787,train,train
2002-02-05,-0.0203699341928243,0.016016502485951697,-0.02759945044756787,train,train
2002-02-06,-0.0185857285662336,0.01618216330253189,-0.02759945044756787,train,train
2002-02-07,0.0210912435440496,0.016517902344271383,-0.02759945044756787,train,train
2002-02-08,-0.0054260225140648,0.016069758405246208,-0.02759945044756787,train,train
2002-02-11,-0.0012907276093105,0.015583416369862177,-0.02759945044756787,train,train
2002-02-12,-0.0040878381526363,0.015141826807120338,-0.02759945044756787,train,train
2002-02-13,0.0101438710595637,0.014889335482747429,-0.02759945044756787,train,train
2002-02-14,0.01941067377633,0.01519859295585614,-0.02759945044756787,train,train
2002-02-15,-0.0126712123361536,0.015058916677225004,-0.02759945044756787,train,train
2002-02-18,-0.0111727443753288,0.014854444661941944,-0.02759945044756787,train,train
2002-02-19,-0.0159323786028905,0.014921316829240118,-0.02759945044756787,train,train
2002-02-20,0.0010113210052809,0.014468874191656857,-0.02759945044756787,train,train
2002-02-21,0.0026014702021139,0.014042559595184327,-0.02759945044756787,train,train
2002-02-22,-0.0096241608518689,0.013817356458867372,-0.02759945044756787,train,train
2002-02-25,0.014601109196681,0.013865630981932407,-0.02759945044756787,train,train
2002-02-26,0.0092049700730964,0.013631003910875105,-0.02759945044756787,train,train
2002-02-27,0.0319055520426177,0.015353627148978383,-0.02759945044756787,train,train
2002-02-28,0.00420033169662,0.014921407501095637,-0.02759945044756787,train,train
2002-03-01,0.011633840359584,0.01474483883247508,-0.02759945044756787,train,train
2002-03-04,0.0185733254456459,0.015002125214466044,-0.02759945044756787,train,train
2002-03-05,-0.0093217729330773,0.014723235457277653,-0.02759945044756787,train,train
2002-03-06,0.0015997187136644,0.014280083633802097,-0.02759945044756787,train,train
2002-03-07,0.0073880917669907,0.01396282834065248,-0.02759945044756787,train,train
2002-03-08,-0.0014923698380505,0.013542399005283657,-0.02759945044756787,train,train
2002-03-11,-0.0062082053506103,0.013217612696312829,-0.02759945044756787,train,train
2002-03-12,-0.011122117262607,0.013101338016040083,-0.02759945044756787,train,train
2002-03-13,-0.0032755685363547,0.012727533747591727,-0.02759945044756787,train,train
2002-03-14,0.0066009081417562,0.01244528134178072,-0.025962671412620767,train,train
2002-03-15,0.0079049018649062,0.012220522673975064,-0.025962671412620767,train,train
2002-03-18,0.0090825969696707,0.012055302485729615,-0.025962671412620767,train,train
2002-03-19,0.0090833885784175,0.011897939982412242,-0.025962671412620767,train,train
2002-03-20,-0.0096315739514071,0.011774266443497201,-0.025962671412620767,train,train
2002-03-21,-0.0066608249244259,0.011531580316068893,-0.025962671412620767,train,train
2002-03-22,0.0013908087572324,0.011185471150145726,-0.025962671412620767,train,train
2002-03-25,-0.0216561886513871,0.012072585032790859,-0.02639142289880837,train,train
2002-03-26,-0.0054019730373248,0.011779361169999286,-0.02639142289880837,train,train
2002-03-27,0.0042748559995708,0.011468418035104656,-0.02639142289880837,train,train
2002-03-28,0.0111777709511064,0.011451187244140355,-0.02639142289880837,train,train
2002-04-02,-0.0057866944882535,0.011192455402116375,-0.02639142289880837,train,train
2002-04-03,0.0041367164846456,0.010898694410300827,-0.021730244865297937,train,train
2002-04-04,-0.0087068255311616,0.010779757701728756,-0.021730244865297937,train,train
2002-04-05,0.0006611538472093,0.010452617519362429,-0.021730244865297937,train,train
2002-04-08,-0.0240316029263101,0.01171976350350926,-0.0229508011097932,train,train
2002-04-09,0.0077929242621181,0.011521955793041513,-0.0229508011097932,train,train
2002-04-10,0.0073993478708661,0.01131702957113041,-0.02201924192350717,train,train
2002-04-11,-0.0158193421274377,0.011636397377870233,-0.02201924192350717,train,train
2002-04-12,0.0070257021781373,0.011412406791089945,-0.02201924192350717,train,train
2002-04-15,0.0111000992808943,0.0113939097452165,-0.02201924192350717,train,train
2002-04-16,0.0287322873791531,0.013098265870240444,-0.02201924192350717,train,train
2002-04-17,0.0048127071518976,0.012753839566454131,-0.02201924192350717,train,train
2002-04-18,-0.0054593992799971,0.012437407314048448,-0.02201924192350717,train,train
2002-04-19,0.0086234672261329,0.012242124238620696,-0.02201924192350717,train,train
2002-04-22,-0.0067803867857861,0.01198481740450336,-0.02201924192350717,train,train
2002-04-23,-0.0007894089258276,0.01162132037736074,-0.02201924192350717,train,train
2002-04-24,-0.003824559837537,0.011306167235253442,-0.02201924192350717,train,train
2002-04-25,-0.018659445310718,0.011876453446069156,-0.02201924192350717,train,train
2002-04-26,0.0013330701773175,0.011519277852153243,-0.02201924192350717,train,train
2002-04-29,-0.0043728114897425,0.011219600051717137,-0.02201924192350717,train,train
2002-04-30,0.000993835444877,0.010880529506175301,-0.02201924192350717,train,train
2002-05-02,-0.0131340469967905,0.011028733310108662,-0.02201924192350717,train,train
2002-05-03,-0.0036098912624952,0.010729252528279531,-0.021449078962805068,train,train
2002-05-06,-0.0091576138224473,0.010641501852742487,-0.021449078962805068,train,train
2002-05-07,-0.0044397663206629,0.010374476347263607,-0.021449078962805068,train,train
2002-05-08,0.0221527687077888,0.01142876561997766,-0.021449078962805068,train,train
2002-05-09,-0.0057659262649444,0.011170247845153969,-0.021449078962805068,train,train
2002-05-10,-0.0181075264346186,0.011703030441798464,-0.021449078962805068,train,train
2002-05-13,0.0127083612872348,0.011765772946422821,-0.021449078962805068,train,train
2002-05-14,0.013104407267063,0.011850356012982559,-0.021449078962805068,train,train
2002-05-15,0.0071930886762506,0.01162366176635531,-0.021449078962805068,train,train
2002-05-16,-0.009107652365064,0.011488250605870495,-0.021449078962805068,train,train
2002-05-17,0.0003090486324689,0.011138529459839867,-0.021449078962805068,train,train
2002-05-20,-0.0112613759665829,0.011145938432258687,-0.021449078962805068,train,train
2002-05-21,-0.0062695581202862,0.010914965344195003,-0.021449078962805068,train,train
2002-05-22,-0.0117543462395706,0.01096713999583582,-0.021449078962805068,train,train
2002-05-23,0.0057109709079317,0.010724662299095508,-0.021449078962805068,train,train
2002-05-24,0.0060685568396426,0.010503662288498259,-0.021449078962805068,train,train
2002-05-27,0.0053689926676344,0.010268245766365255,-0.021449078962805068,train,train
2002-05-28,-0.0085311556267807,0.010172388894997596,-0.021449078962805068,train,train
2002-05-29,0.0027218251057674,0.009885006120159428,-0.021449078962805068,train,train
2002-05-30,-0.0116319992026885,0.009998437356053932,-0.021449078962805068,train,train
2002-05-31,0.0120345645562668,0.0101321502768512,-0.021449078962805068,train,train
2002-06-03,-0.0063345351392144,0.009945271298689173,-0.021449078962805068,train,train
2002-06-04,-0.0298994342315416,0.012108364298047682,-0.02519574193641293,train,train
2002-06-05,-0.0062671456788246,0.01183944102199754,-0.02519574193641293,train,train
2002-06-06,-0.0054749409835551,0.01155683869477122,-0.02519574193641293,train,train
2002-06-07,-0.0128703275772859,0.011639828576776482,-0.02519574193641293,train,train
2002-06-10,0.0003341423045258,0.011285529309860407,-0.02519574193641293,train,train
2002-06-11,0.0094168253569422,0.011182217020058418,-0.02519574193641293,train,train
2002-06-12,-0.0222609982031125,0.012135591509877128,-0.025397345120321404,train,train
2002-06-13,-0.0124081634912429,0.012152118238827768,-0.025397345120321404,train,train
2002-06-14,-0.023336029289556,0.01309533332180607,-0.025755688815802567,train,train
2002-06-17,0.0283259622719683,0.014468590043215355,-0.025755688815802567,train,train
2002-06-18,0.0024244175758134,0.014040383185769091,-0.025755688815802567,train,train
2002-06-19,-0.0189657551816271,0.014383546523010195,-0.025755688815802567,train,train
2002-06-20,-0.0213558942273707,0.014894216294920035,-0.025755688815802567,train,train
2002-06-21,-0.0192772139106684,0.015192895605082326,-0.025755688815802567,train,train
2002-06-24,-0.040382948165573,0.01774321229111334,-0.03143799510780824,train,train
2002-06-25,0.0182053921603772,0.017771282049583594,-0.03143799510780824,train,train
2002-06-26,-0.0134059058981891,0.017540024416224938,-0.03143799510780824,train,train
2002-06-27,0.0018536114022994,0.017011744814812647,-0.03143799510780824,train,train
2002-06-28,0.0319232940463918,0.01825325439783247,-0.03143799510780824,train,train
2002-07-01,-0.0028102406363105,0.017710569315843836,-0.03143799510780824,train,train
2002-07-02,-0.0264879712138847,0.018355957253804164,-0.03225678453699977,train,train
2002-07-03,-0.0182183716534763,0.018347731212428633,-0.03225678453699977,train,train
2002-07-04,0.0142183913902187,0.018126517741376663,-0.03225678453699977,train,train
2002-07-05,0.0569423289441736,0.02243662488517212,-0.03225678453699977,train,train
2002-07-08,0.0077961527682841,0.02183677650073002,-0.03225678453699977,train,train
2002-07-09,-0.0192624928242263,0.0216909367537335,-0.03225678453699977,train,train
2002-07-10,-0.0201219324871405,0.02160001071852098,-0.03225678453699977,train,train
2002-07-11,-0.0326940548980732,0.022420992591732004,-0.03432547909839593,train,train
2002-07-12,0.0130069246303311,0.021970199352098246,-0.03432547909839593,train,train
2002-07-15,-0.0462141511400616,0.024122046885214143,-0.039763718067902604,train,train
2002-07-16,4.676700280825995e-05,0.02338719496659816,-0.039763718067902604,train,train
2002-07-17,0.0366045009284494,0.024383121301313846,-0.039763718067902604,train,train
2002-07-18,0.0135699568836111,0.023872851357144034,-0.039763718067902604,train,train
2002-07-19,-0.0502990986286064,0.0262205684411321,-0.04563206597808034,train,train
2002-07-22,-0.0265950305636656,0.026243186846388634,-0.04563206597808034,train,train
2002-07-23,-0.0150359224663007,0.02570889539377283,-0.04563206597808034,train,train
2002-07-24,-0.0253402518587476,0.02568692597571306,-0.04563206597808034,train,train
2002-07-25,0.0496423215245094,0.0277144489625434,-0.04563206597808034,train,train
2002-07-26,-0.0010623859652515,0.02687141530057409,-0.04563206597808034,train,train
2002-07-29,0.0550002504490961,0.02933002276863026,-0.04563206597808034,train,train
2002-07-30,-0.0520063671945233,0.031159508263099447,-0.04950653898773044,train,train
2002-07-31,-0.011613620618298,0.030343905960146567,-0.04950653898773044,train,train
2002-08-01,-0.0283039432720679,0.030225391039125228,-0.04950653898773044,train,train
2002-08-02,0.0064320898005722,0.02934692683079622,-0.04950653898773044,train,train
2002-08-05,-0.0249902571052069,0.02910392352516137,-0.04950653898773044,train,train
2002-08-06,0.0338645946918866,0.029411302404070448,-0.04950653898773044,train,train
2002-08-07,-0.0125447156448827,0.028680401322054704,-0.04950653898773044,train,train
2002-08-08,0.0487612735094534,0.03026336403062775,-0.04950653898773044,train,train
2002-08-09,0.0006563895127724,0.029341860560210296,-0.04950653898773044,train,train
2002-08-12,-0.0283981066317758,0.029286092977434147,-0.04950653898773044,train,train
2002-08-13,0.0080528521314196,0.028462354663958727,-0.04950653898773044,train,train
2002-08-14,-0.0269570259432153,0.0283742871258142,-0.04950653898773044,train,train
2002-08-16,0.0357204176254904,0.02886782038576213,-0.04950653898773044,train,train
2002-08-19,0.0397275509048922,0.029631852602380337,-0.04950653898773044,train,train
2002-08-20,-0.0178864671568646,0.02906130468116424,-0.04950653898773044,train,train
2002-08-21,0.0095118410695014,0.028272148330416243,-0.04950653898773044,train,train
2002-08-22,0.0228223739456492,0.027975116694929754,-0.04950653898773044,train,train
2002-08-23,-0.0133697775004975,0.027319878877367112,-0.04950653898773044,train,train
2002-08-26,-0.0085339140467302,0.02656996229389473,-0.04950653898773044,train,train
2002-08-27,0.0255355143352237,0.026509033782145162,-0.04950653898773044,train,train
2002-08-28,-0.0349767190881164,0.02709183257790582,-0.04950653898773044,train,train
2002-08-29,-0.0158526464129989,0.02655198171099958,-0.04950653898773044,train,train
2002-08-30,0.0101199240615664,0.02586217393405073,-0.04950653898773044,train,train
2002-09-02,-0.014776896323646,0.025334212402539268,-0.04950653898773044,train,train
2002-09-03,-0.0319496718019308,0.025779058762271007,-0.04950653898773044,train,train
2002-09-04,0.003770252169812,0.02501078100567718,-0.04950653898773044,train,train
2002-09-05,-0.0138339200407266,0.02448447379758648,-0.04950653898773044,train,train
2002-09-06,0.0293653220879443,0.024804423359468357,-0.04950653898773044,train,train
2002-09-09,-0.0190737533558585,0.024498414992174544,-0.04950653898773044,train,train
2002-09-10,0.0245048914440228,0.02449880362756669,-0.04950653898773044,train,train
2002-09-11,0.0307037884372434,0.024914719623047945,-0.04950653898773044,train,train
2002-09-12,-0.0378132234483662,0.02587062138246295,-0.04950653898773044,train,train
2002-09-13,-0.0177210677101309,0.025455331113915743,-0.04950653898773044,train,train
2002-09-16,-0.008881074038014,0.024775549595439105,-0.04950653898773044,train,train
2002-09-17,-0.000821761113917,0.024021629914941237,-0.04950653898773044,train,train
2002-09-18,-0.0294494176957459,0.02438139605726642,-0.04950653898773044,train,train
2002-09-19,-0.0147557091442397,0.02391336827843734,-0.04950653898773044,train,train
2002-09-20,-0.0099999901463014,0.023313906143126905,-0.04950653898773044,train,train
2002-09-23,-0.0319217637577688,0.023917898456091553,-0.04950653898773044,train,train
2002-09-24,-0.0344943324097486,0.02468062909786147,-0.04950653898773044,train,train
2002-09-25,0.010426094282095,0.02406465565980494,-0.04950653898773044,train,train
2002-09-26,0.042235203666938,0.025522341950352974,-0.04950653898773044,train,train
2002-09-27,-0.0091576452488324,0.02484629329101446,-0.04950653898773044,train,train
2002-09-30,-0.0359637775522303,0.02564959240679083,-0.04950653898773044,train,train
2002-10-01,-0.0116850229488043,0.02503237665255292,-0.04950653898773044,train,train
2002-10-02,0.0447674801981306,0.026632129562244193,-0.04950653898773044,train,train
2002-10-03,-0.0112304978963924,0.025966931865336034,-0.04950653898773044,train,train
2002-10-04,-0.0095014809976806,0.025283222617736467,-0.04950653898773044,train,train
2002-10-07,-0.0063666790186351,0.024562551603718195,-0.04950653898773044,train,train
2002-10-08,-0.0018683543604621,0.02381867438983907,-0.0467062297571653,train,train
2002-10-09,-0.0165644786808384,0.023446799609880702,-0.0467062297571653,train,train
2002-10-10,0.0153720028176801,0.023042247621852207,-0.0467062297571653,train,train
2002-10-11,0.0384253433288943,0.024242089133062618,-0.0467062297571653,train,train
2002-10-14,-0.010244890674871,0.02363716606320722,-0.041927789398373265,train,train
2002-10-15,0.0497984840816981,0.025961240789680397,-0.041927789398373265,train,train
2002-10-16,-0.0040834480679067,0.02519022300073536,-0.041927789398373265,train,train
2002-10-17,0.0265978476212324,0.02527689111861085,-0.041927789398373265,train,train
2002-10-18,-0.0021106691042584,0.024512308063273883,-0.041927789398373265,train,train
2002-10-21,0.0034212437678855,0.023780335286296302,-0.041927789398373265,train,train
2002-10-22,0.0015572827416094,0.02305904580248688,-0.041927789398373265,train,train
2002-10-23,-0.0267415544284318,0.023296417357972523,-0.03625124002957097,train,train
2002-10-24,0.0289574139031808,0.02367428113399519,-0.03625124002957097,train,train
2002-10-25,0.0063062347845656,0.02300498658570002,-0.03625124002957097,train,train
2002-10-28,0.0117647736206037,0.022489558404743894,-0.03625124002957097,train,train
2002-10-29,-0.0260809107147254,0.022721053171640887,-0.03625124002957097,train,train
2002-10-30,0.005347030286394,0.022067780263720166,-0.03625124002957097,train,train
2002-10-31,0.0166376098575756,0.02178018167803338,-0.03625124002957097,train,train
2002-11-04,0.0362758111745325,0.02291003718187015,-0.03625124002957097,train,train
2002-11-05,0.0004554121564405,0.02221238527191815,-0.03625124002957097,train,train
2002-11-06,-0.0078813871275932,0.021622063538971902,-0.03625124002957097,train,train
2002-11-07,-0.0327339421623087,0.022444453033020437,-0.03625124002957097,train,train
2002-11-08,-0.0067925812803031,0.021824220793910238,-0.03625124002957097,train,train
2002-11-11,-0.0023405278342653,0.021167132557298393,-0.03625124002957097,train,train
2002-11-12,0.0134243385308787,0.020784066554835827,-0.03625124002957097,train,train
2002-11-13,-0.0013685765692221,0.020153688429467295,-0.03625124002957097,train,train
2002-11-14,0.0222819547276251,0.020287681441267687,-0.03625124002957097,train,train
2002-11-15,-0.003338060486484,0.019686624292531756,-0.03625124002957097,train,train
2002-11-18,0.0167370088736557,0.01952221896802188,-0.03625124002957097,train,train
2002-11-19,-0.0090079402584377,0.019055670827636702,-0.03625124002957097,train,train
2002-11-20,-0.0055716716544368,0.01852549828618008,-0.03625124002957097,train,train
2002-11-21,0.0367661342801272,0.020092470214994624,-0.03609044447011503,train,train
2002-11-22,0.0061818782607005,0.019539136493454016,-0.03609044447011503,train,train
2002-11-25,0.0063262952339449,0.019007169812953716,-0.03609044447011503,train,train
2002-11-26,-0.0167331735143313,0.018878455969495878,-0.03609044447011503,train,train
2002-11-27,0.0347145059228908,0.02018212449403898,-0.03609044447011503,train,train
2002-11-28,0.0005968284776909,0.019567841792114474,-0.03609044447011503,train,train
2002-11-29,-0.0027633226124761,0.018983797395905427,-0.03609044447011503,train,train
2002-12-02,0.0075548171549118,0.018498270337772328,-0.03609044447011503,train,train
2002-12-03,-0.0231114018571883,0.01880699494624848,-0.03609044447011503,train,train
2002-12-04,-0.0106299754502262,0.018419029780584743,-0.03609044447011503,train,train
2002-12-05,-0.013526087687914,0.018162662840647895,-0.03609044447011503,train,train
2002-12-09,-0.0211232724028934,0.018353771830217327,-0.034397350708095874,train,train
2002-12-10,0.0065119160762779,0.017865989673986928,-0.034397350708095874,train,train
2002-12-11,0.0062029767542108,0.01738823127997623,-0.034397350708095874,train,train
2002-12-12,-0.0189974931706149,0.017488963280573287,-0.034397350708095874,train,train
2002-12-13,-0.0211773214491845,0.017731913124567573,-0.034397350708095874,train,train
2002-12-16,0.0306973909809145,0.018764202281362427,-0.034397350708095874,train,train
2002-12-17,-0.0071235553112648,0.018276057354826084,-0.034397350708095874,train,train
2002-12-18,-0.0178392815374329,0.018250145589473712,-0.034397350708095874,train,train
2002-12-19,0.002028548544591,0.017701148147694638,-0.03181309138099026,train,train
2002-12-20,0.006415547915261,0.01723369845114553,-0.03181309138099026,train,train
2002-12-23,0.0051734868441255,0.016756677431230074,-0.03181309138099026,train,train
2002-12-27,-0.0257938342328418,0.017431533991250366,-0.03181309138099026,train,train
2002-12-30,-0.0073278454904649,0.016995549824079168,-0.0285188024351553,train,train
2003-01-02,0.0401161427579318,0.019185309108270262,-0.0285188024351553,train,train
2003-01-03,-0.0074593628347873,0.01869037308560601,-0.0285188024351553,train,train
2003-01-07,0.017797192676576,0.01863798935895251,-0.0285188024351553,train,train
2003-01-08,0.0043846247052485,0.01810209005977249,-0.0285188024351553,train,train
2003-01-09,0.0087118408849231,0.01767988390675799,-0.0285188024351553,train,train
2003-01-10,0.0009167113822591,0.01714275412075188,-0.0285188024351553,train,train
2003-01-13,0.0147687060786506,0.017009657799854073,-0.0285188024351553,train,train
2003-01-14,0.0083055141299032,0.016616487139518077,-0.0285188024351553,train,train
2003-01-15,-0.0034053565750822,0.016131862055277772,-0.0285188024351553,train,train
2003-01-16,0.0066478212765458,0.01572495998824079,-0.0285188024351553,train,train
2003-01-17,-0.0233237134314009,0.016281205149732438,-0.0285188024351553,train,train
2003-01-20,-0.010491256195647,0.01599302879550261,-0.0285188024351553,train,train
2003-01-21,-0.00698749743327,0.015599995483119427,-0.0285188024351553,train,train
2003-01-22,-0.015338456753354,0.015584426934071601,-0.0285188024351553,train,train
2003-01-23,0.0096339186139344,0.015292829835030731,-0.0285188024351553,train,train
2003-01-24,-0.0065665242717139,0.014913938452403314,-0.0285188024351553,train,train
2003-01-27,-0.0401150106931082,0.01748235886620684,-0.032976621190047434,train,train
2003-01-28,-0.0111874911006256,0.017169871771880684,-0.032976621190047434,train,train
2003-01-29,-0.0024208876096354,0.016657366798872045,-0.032976621190047434,train,train
2003-01-30,0.0131433716578442,0.016467686226789974,-0.032976621190047434,train,train
2003-01-31,-0.0120162168778903,0.016235053937931877,-0.03288092902941957,train,train
2003-02-03,0.011617455636758,0.015995632976341583,-0.03288092902941957,train,train
2003-02-04,-0.0242735585325734,0.016609063684779247,-0.03288092902941957,train,train
2003-02-05,0.0218442138321126,0.016968780668407887,-0.03288092902941957,train,train
2003-02-06,-0.0196840381450065,0.01714382768788305,-0.03288092902941957,train,train
2003-02-07,-0.0130486712470562,0.016926081868026664,-0.03288092902941957,train,train
2003-02-10,-0.0037423370844372,0.016436028041171193,-0.030060801152841137,train,train
2003-02-11,0.0231760014864702,0.016916325233277112,-0.030060801152841137,train,train
2003-02-12,-0.0141286308505039,0.01676214271555746,-0.030060801152841137,train,train
2003-02-13,-0.0038772578220772,0.016279227573962,-0.030060801152841137,train,train
2003-02-14,0.0263280003015715,0.017049993295404166,-0.030060801152841137,train,train
2003-02-17,0.0182656808994341,0.017125368346815915,-0.030060801152841137,train,train
2003-02-18,0.0134066106208038,0.016925299969381573,-0.030060801152841137,train,train
2003-02-19,-0.0210141206077115,0.01719806466452728,-0.030060801152841137,train,train
2003-02-20,-0.0078994534352209,0.016786038972534868,-0.030060801152841137,train,train
2003-02-21,0.0089591219700431,0.016421960605014812,-0.030060801152841137,train,train
2003-02-24,-0.015189524464934,0.01635063429699743,-0.030060801152841137,train,train
2003-02-25,-0.0253346169279936,0.01702390132409697,-0.030414487284647868,train,train
2003-02-26,-0.0036598833104274,0.016529613064612002,-0.030414487284647868,train,train
2003-02-27,0.0181158368133598,0.016629053917428412,-0.030414487284647868,train,train
2003-02-28,0.0187940042644404,0.016766835834913067,-0.030414487284647868,train,train
2003-03-03,-0.0020355602208183,0.01626369537358543,-0.030414487284647868,train,train
2003-03-04,-0.0211672203167371,0.016598806973054853,-0.030414487284647868,train,train
2003-03-05,0.0030660272304658,0.016110654882148266,-0.030414487284647868,train,train
2003-03-06,-0.0107552682842565,0.015840472102805727,-0.030414487284647868,train,train
2003-03-07,-0.0174107446921248,0.015939051568316154,-0.030414487284647868,train,train
2003-03-10,-0.0260694463978778,0.01672085898311162,-0.030659430441275934,train,train
2003-03-11,0.0066214811700241,0.01629240738498204,-0.030659430441275934,train,train
2003-03-12,-0.0278528640627,0.017206478671827046,-0.031345773717895334,train,train
2003-03-13,0.0392566923642448,0.019255243636730597,-0.031345773717895334,train,train
2003-03-14,0.0404699377963188,0.021137348343005034,-0.031345773717895334,train,train
2003-03-17,0.0266695461995357,0.021509442739050113,-0.031345773717895334,train,train
2003-03-18,0.004130319703709,0.020878705222764603,-0.031345773717895334,train,train
2003-03-19,0.0133270806393042,0.020504189244501793,-0.031345773717895334,train,train
2003-03-20,-0.011276502426883,0.020070526659728995,-0.031345773717895334,train,train
2003-03-21,0.0252276809279157,0.020416724298354085,-0.031345773717895334,train,train
2003-03-24,-0.0412681511374188,0.022226463756264796,-0.03641200863107567,train,train
2003-03-25,0.0195902706371425,0.022077170830073056,-0.03641200863107567,train,train
2003-03-26,0.0030978487052397,0.021418057417624228,-0.03641200863107567,train,train
2003-03-27,-0.0197947373018289,0.021324143359649276,-0.03641200863107567,train,train
2003-03-28,0.0011284497065091,0.020676371745204935,-0.03641200863107567,train,train
2003-03-31,-0.0266745005464577,0.021084433746186612,-0.03641200863107567,train,train
2003-04-01,0.0139891276981309,0.020727322239951055,-0.03641200863107567,train,train
2003-04-02,0.0364989408506119,0.021994884291521778,-0.03641200863107567,train,train
2003-04-03,0.0102317210748996,0.021471602778247792,-0.03641200863107567,train,train
2003-04-04,0.0137081431091798,0.02108655338278288,-0.03641200863107567,train,train
2003-04-07,0.0203633847368653,0.021043864089742428,-0.03641200863107567,train,train
2003-04-08,-0.008855124871927,0.02051775711591652,-0.03641200863107567,train,train
2003-04-09,0.0110682574767586,0.020076604171472518,-0.03641200863107567,train,train
2003-04-10,-0.0094282838594312,0.01960151486866638,-0.03641200863107567,train,train
2003-04-11,0.0053696263885587,0.019049834521352633,-0.03641200863107567,train,train
2003-04-14,0.0071612241443219,0.018552611984520576,-0.03641200863107567,train,train
2003-04-15,0.0110656473026267,0.018190501911020864,-0.03641200863107567,train,train
2003-04-16,-0.0088334498270073,0.017768581494850336,-0.03641200863107567,train,train
2003-04-17,0.0109042393049499,0.017433108877304884,-0.03641200863107567,train,train
2003-04-22,0.000486648221161,0.01690244649776351,-0.03641200863107567,train,train
2003-04-23,0.0014887681997228,0.01639158691519289,-0.03193183858219217,train,train
2003-04-24,-0.0092266446817872,0.01605213171598902,-0.03193183858219217,train,train
2003-04-25,-0.0052843493866507,0.015616854279150608,-0.03193183858219217,train,train
2003-04-28,0.0176030184692101,0.01574309197315738,-0.03193183858219217,train,train
2003-04-29,-0.0076870354858987,0.015379196307234739,-0.03193183858219217,train,train
2003-04-30,-0.0103781618443735,0.015125834618597265,-0.03193183858219217,train,train
2003-05-02,-0.0051136193688442,0.01471843628642565,-0.03193183858219217,train,train
2003-05-05,0.0053909222294286,0.014331020454368971,-0.03193183858219217,train,train
2003-05-06,0.0118531220024947,0.01419454995764539,-0.03193183858219217,train,train
2003-05-07,-0.0214969150540098,0.014735100101473492,-0.03193183858219217,train,train
2003-05-08,-0.0201900299691126,0.015118003277868323,-0.03193183858219217,train,train
2003-05-09,0.013760909024293,0.01504003120852983,-0.03193183858219217,train,train
2003-05-12,0.0011265455666866,0.014584462030639575,-0.03193183858219217,train,train
2003-05-13,-0.0029754965007586,0.014158932005110376,-0.03193183858219217,train,train
2003-05-14,-0.0019781331017222,0.013736142647333943,-0.03193183858219217,train,train
2003-05-15,0.0078890860241766,0.013457153437337463,-0.03193183858219217,train,train
2003-05-16,0.0105000868523465,0.013298285203449731,-0.03193183858219217,train,train
2003-05-19,-0.0316456968103944,0.015043960036774794,-0.0335889040035044,train,train
2003-05-20,0.0029417193488292,0.014603448645317619,-0.0335889040035044,train,train
2003-05-21,-0.0158761910420484,0.014682924644513446,-0.0335889040035044,train,train
2003-05-22,0.0190150370896131,0.014978226786927566,-0.0335889040035044,train,train
2003-05-23,0.0044693848326786,0.014563137198651635,-0.0335889040035044,train,train
2003-05-26,-0.0012613933368968,0.014122865642346384,-0.0335889040035044,train,train
2003-05-27,0.0039994270106142,0.013727626848784013,-0.0335889040035044,train,train
2003-05-28,0.0170299621182776,0.013947833206290021,-0.0335889040035044,train,train
2003-05-29,0.0015591521508217,0.013528317907530932,-0.0335889040035044,train,train
2003-05-30,0.0039255775455201,0.013151390490238751,-0.0335889040035044,train,train
2003-06-02,0.0132634204467329,0.013158139185840316,-0.0335889040035044,train,train
2003-06-03,-0.0049398631039567,0.012814545020134722,-0.0335889040035044,train,train
2003-06-04,0.011332995542288,0.012730515209777145,-0.0335889040035044,train,train
2003-06-05,-0.0070452856704963,0.012462753285960498,-0.0335889040035044,train,train
2003-06-06,0.0190256136890715,0.012950654225693125,-0.0335889040035044,train,train
2003-06-09,-0.0071110034217943,0.012676366212797009,-0.03319611616475696,train,train
2003-06-10,0.0039949083249345,0.012329087650380417,-0.03319611616475696,train,train
2003-06-11,0.0139979281918233,0.012435535282935095,-0.03319611616475696,train,train
2003-06-12,0.0084895943471533,0.012234720194491138,-0.03319611616475696,train,train
2003-06-13,0.0011819537739391,0.01186553397140911,-0.03319611616475696,train,train
2003-06-16,0.0150095535192913,0.012077278023295317,-0.03319611616475696,train,train
2003-06-17,0.002324611637056,0.01172319218219346,-0.03319611616475696,train,train
2003-06-18,0.0055312847014127,0.01144652556329161,-0.03319611616475696,train,train
2003-06-19,-0.0153976396073732,0.011721211923326695,-0.026605704136953966,train,train
2003-06-20,0.0247328134190715,0.01287813356010101,-0.026605704136953966,train,train
2003-06-23,-0.0231273939850533,0.013710876182968205,-0.027149197113968463,train,train
2003-06-24,-0.0070045954267286,0.013403458493535633,-0.027149197113968463,train,train
2003-06-25,0.0101212029100922,0.013229507266466581,-0.027149197113968463,train,train
2003-06-26,0.0004753449619443,0.012827011652472032,-0.025423335283152496,train,train
2003-06-27,0.0036651962663444,0.012468613157723019,-0.025423335283152496,train,train
2003-06-30,-0.0156306568965157,0.012680590732821661,-0.025423335283152496,train,train
2003-07-01,-0.0180725632619931,0.013067003903911861,-0.025423335283152496,train,train
2003-07-02,0.0135300364914031,0.01309524756584918,-0.025423335283152496,train,train
2003-07-03,-0.005225259447432,0.012760665282805783,-0.025423335283152496,train,train
2003-07-04,0.0007502523789223,0.01237328882998135,-0.025423335283152496,train,train
2003-07-07,0.0209829944692709,0.013051036100470337,-0.025423335283152496,train,train
2003-07-08,0.003033742497773,0.0126752509367902,-0.025423335283152496,train,train
2003-07-09,-0.0072039223815705,0.01241515432818885,-0.025423335283152496,train,train
2003-07-10,-0.0112258192665405,0.012347025336715053,-0.025423335283152496,train,train
2003-07-11,0.0188459671018385,0.012830133325331004,-0.025423335283152496,train,train
2003-07-14,0.0110456636169254,0.012730121089813688,-0.025423335283152496,train,train
2003-07-15,-0.0065499376946481,0.01244615302058698,-0.025423335283152496,train,train
2003-07-16,-0.0096463449354195,0.012296155486490077,-0.025423335283152496,train,train
2003-07-17,0.0018014016394697,0.011929728254870882,-0.025423335283152496,train,train
2003-07-18,-0.0064857833153141,0.011674897617270705,-0.025423335283152496,train,train
2003-07-21,-0.0109577044128747,0.011633112974235402,-0.025423335283152496,train,train
2003-07-22,0.0054355526918373,0.011357036251020287,-0.025423335283152496,train,train
2003-07-23,0.000815723297623,0.011012867943113942,-0.025423335283152496,train,train
2003-07-24,0.0163335845597143,0.011402342907783424,-0.025423335283152496,train,train
2003-07-25,-0.0111345660764676,0.011386453884425635,-0.025423335283152496,train,train
2003-07-28,0.0133666242440949,0.011514870852918501,-0.025423335283152496,train,train
2003-07-29,-0.0104449403985465,0.011453493899661354,-0.025423335283152496,train,train
2003-07-30,0.0086711161865628,0.011305877520752529,-0.024987706921520098,train,train
2003-07-31,0.0110210399842558,0.011288989939913835,-0.0242818846858136,train,train
2003-08-01,-0.009433076983199,0.011186321679351295,-0.0242818846858136,train,train
2003-08-04,-0.0072307373099716,0.01098921193142794,-0.0242818846858136,train,train
2003-08-05,0.006644451459319,0.010778030258499124,-0.0242818846858136,train,train
2003-08-06,-0.0096294948833283,0.010712591207565894,-0.0242818846858136,train,train
2003-08-07,-0.0034720785445808,0.010421005398845992,-0.0242818846858136,train,train
2003-08-08,0.0044103622197874,0.010161131334944664,-0.0242818846858136,train,train
2003-08-11,0.0049798079949697,0.009926811364463441,-0.0190253827630316,train,train
2003-08-12,0.0071383661102577,0.009781945873758791,-0.0190253827630316,train,train
2003-08-13,-0.0024404518123567,0.009502769358214687,-0.018943538047854033,train,train
2003-08-14,0.015891425008928,0.010001835395354267,-0.018943538047854033,train,train
2003-08-18,0.0084589052212397,0.009916032132447471,-0.018943538047854033,train,train
2003-08-19,0.0030215963858057,0.009642397748472614,-0.018943538047854033,train,train
2003-08-20,-0.0017534008688366,0.00935851212296992,-0.018943538047854033,train,train
2003-08-21,0.004876823227462,0.00915171287213182,-0.018943538047854033,train,train
2003-08-22,-0.001248198495572,0.008878180982237721,-0.018943538047854033,train,train
2003-08-25,-0.0054967041112994,0.008712381825046238,-0.018943538047854033,train,train
2003-08-26,-0.0050921936353408,0.00853856471561003,-0.018943538047854033,train,train
2003-08-27,0.001863594595228,0.008291021725180963,-0.018943538047854033,train,train
2003-08-28,0.004441889876662,0.00811174468984083,-0.018943538047854033,train,train
2003-08-29,-0.0089316808937888,0.008163263637398928,-0.018943538047854033,train,train
2003-09-01,0.0116179032351727,0.008410652849557457,-0.018943538047854033,train,train
2003-09-02,0.0013196017825002,0.008160834357238573,-0.018943538047854033,train,train
2003-09-03,0.012114221537316,0.008450356570537046,-0.018943538047854033,train,train
2003-09-04,-0.0035720737372075,0.008239514381691944,-0.018943538047854033,train,train
2003-09-05,-0.0048426427447478,0.008076093903400168,-0.018943538047854033,train,train
2003-09-08,0.00776991274293,0.00805805111762825,-0.018943538047854033,train,train
2003-09-09,-0.009236995110595,0.008133608133285047,-0.018943538047854033,train,train
2003-09-10,-0.0145091979270764,0.008649696865157467,-0.018943538047854033,train,train
2003-09-11,-0.0003654546754891,0.008386670014657678,-0.018943538047854033,train,train
2003-09-12,-0.0128041045317836,0.008715088379949065,-0.018943538047854033,train,train
2003-09-15,0.004928845092369,0.008535409209802305,-0.018943538047854033,train,train
2003-09-16,0.0104866466212651,0.008664883334333405,-0.0160708060285284,train,train
2003-09-17,0.0020590411432315,0.008416042420967437,-0.0160708060285284,train,train
2003-09-18,0.0068329204815154,0.008329544523443932,-0.0160708060285284,train,train
2003-09-19,-0.0130086449149892,0.008681700513229489,-0.0160708060285284,train,train
2003-09-22,-0.0212586339403769,0.009897746177488152,-0.0183206180329619,train,train
2003-09-23,-2.872162874730688e-05,0.009596223534612973,-0.017946798376482134,train,train
2003-09-24,-0.0063627141082658,0.009433520212947858,-0.0162588255941475,train,train
2003-09-25,-0.0019268541563537,0.009158307234855221,-0.0162588255941475,train,train
2003-09-26,-0.0125940736108711,0.009399933900325246,-0.0162588255941475,train,train
2003-09-29,-0.0055075374849888,0.009212882830014075,-0.0162588255941475,train,train
2003-09-30,-0.0101517644743793,0.009271897149655525,-0.0162588255941475,train,train
2003-10-01,0.0070459391232014,0.009153617188643758,-0.0162588255941475,train,train
2003-10-02,0.0016872018387723,0.008884378660364818,-0.0162588255941475,train,train
2003-10-03,0.0233702372930933,0.01034245292945684,-0.0162588255941475,train,train
2003-10-06,-0.0040675534213216,0.010076758014970235,-0.0162588255941475,train,train
2003-10-07,-1.4519230561781184e-05,0.0097697800187729,-0.0162588255941475,train,train
2003-10-08,0.0043709525278233,0.00953247077511022,-0.0162588255941475,train,train
2003-10-09,0.0135980266475957,0.009823965536185171,-0.0162588255941475,train,train
2003-10-10,-0.0063456112057361,0.0096506832825063,-0.0162588255941475,train,train
2003-10-13,0.0125946615451297,0.009852161007427453,-0.0162588255941475,train,train
2003-10-14,-0.0031764409559926,0.009583661020409261,-0.0162588255941475,train,train
2003-10-15,0.0003975813461222,0.00929221444524782,-0.0162588255941475,train,train
2003-10-16,-0.0013070517159021,0.00901482320347806,-0.0162588255941475,train,train
2003-10-17,-0.0058027023312071,0.008855015325071111,-0.0162588255941475,train,train
2003-10-20,-0.0012590589517668,0.008590793466813821,-0.0162588255941475,train,train
2003-10-21,0.003230321517891,0.008366583954794272,-0.0162588255941475,train,train
2003-10-22,-0.0133315307029781,0.008744342519671253,-0.016366454190143803,train,train
2003-10-23,-0.0050310345277589,0.008567052762789597,-0.016366454190143803,train,train
2003-10-24,-0.0015855691064125,0.008315141082475282,-0.016366454190143803,train,train
2003-10-27,0.011867010626698,0.008569867759833281,-0.016366454190143803,train,train
2003-10-28,0.0104187608727347,0.008691899107971844,-0.016366454190143803,train,train
2003-10-29,0.0009392359804471,0.008430248712261699,-0.016366454190143803,train,train
2003-10-30,0.0125377503198891,0.00873136064623306,-0.016366454190143803,train,train
2003-10-31,0.0014597805835012,0.008472916662615666,-0.016366454190143803,train,train
2003-11-03,0.0119626508098939,0.008721765797663893,-0.016366454190143803,train,train
2003-11-04,-0.0021643609180569,0.008472668658844062,-0.016366454190143803,train,train
2003-11-05,-0.000500159952391,0.008215470585978837,-0.016366454190143803,train,train
2003-11-06,0.0044369995650103,0.008039001022548297,-0.016366454190143803,train,train
2003-11-07,0.0054773896993587,0.007908736502705033,-0.016366454190143803,train,train
2003-11-10,-0.0061970908699643,0.007816614510138107,-0.016366454190143803,train,train
2003-11-11,-0.0043706711506379,0.007653735077366906,-0.016366454190143803,train,train
2003-11-12,0.0076603734736867,0.00765413354350624,-0.016366454190143803,train,train
2003-11-13,0.0016682809141522,0.007432200505653033,-0.016366454190143803,train,train
2003-11-14,0.0048101512656972,0.007301479398504713,-0.016366454190143803,train,train
2003-11-17,-0.0221525809920753,0.008919479581175619,-0.019306804286509535,train,train
2003-11-18,-0.0009396342239937,0.008650818677302297,-0.019306804286509535,train,train
2003-11-19,0.0005891379087291,0.008388521262346458,-0.019306804286509535,train,train
2003-11-20,-0.0027943264629469,0.008161724526936684,-0.019306804286509535,train,train
2003-11-21,0.0046855488039321,0.007995885471542574,-0.019306804286509535,train,train
2003-11-24,0.0137331062210673,0.00845068197214468,-0.019306804286509535,train,train
2003-11-25,0.0011175875395463,0.008197812169181737,-0.019306804286509535,train,train
2003-11-26,-0.0033841481976096,0.007991184170128741,-0.019306804286509535,train,train
2003-11-27,0.0031083200852591,0.007785061476931747,-0.019306804286509535,train,train
2003-11-28,0.0003585751776121,0.007548408165773117,-0.019306804286509535,train,train
2003-12-01,0.0163834864039105,0.008346548717386779,-0.019306804286509535,train,train
2003-12-02,-0.0032062567862894,0.00813030060434335,-0.019306804286509535,train,train
2003-12-03,0.004832649705372,0.00797100688950001,-0.018914248545143435,train,train
2003-12-04,-0.0023319457162149,0.007749258805325293,-0.018914248545143435,train,train
2003-12-05,-0.002582367785731,0.007539765826127742,-0.018914248545143435,train,train
2003-12-09,0.0058212598926134,0.007447845902965104,-0.018914248545143435,train,train
2003-12-10,-0.0043661987108181,0.00729972640237949,-0.018914248545143435,train,train
2003-12-11,0.009925098486761,0.007483268003682267,-0.018914248545143435,train,train
2003-12-12,0.0002959263315462,0.007255659608723443,-0.018914248545143435,train,train
2003-12-15,0.0050179832891479,0.00714119947583116,-0.018914248545143435,train,train
2003-12-16,0.0020322775382684,0.006941522547391716,-0.016026061768641502,train,train
2003-12-17,0.0025744613542818,0.006759535652341228,-0.016026061768641502,train,train
2003-12-18,0.0104958991530359,0.007039863410819688,-0.016026061768641502,train,train
2003-12-19,0.0042228464119726,0.0069033355808308,-0.016026061768641502,train,train
2003-12-22,0.0001968932280409,0.006693205930618417,-0.015211958723144231,train,train
2003-12-23,0.0101074250757133,0.006945550215177708,-0.015211958723144231,train,train
2003-12-29,0.0082681949647086,0.007031927943496561,-0.013943240966929832,train,train
2003-12-30,-0.0029939794039764,0.006857037605749453,-0.013943240966929832,train,train
2004-01-02,0.0181865285701581,0.008002675560651767,-0.013943240966929832,train,train
2004-01-05,0.0040783482990477,0.007822929288457785,-0.013943240966929832,train,train
2004-01-07,0.0002907147811975,0.0075849456292130645,-0.013943240966929832,train,train
2004-01-08,0.0037459271672846,0.0074108997029232095,-0.013943240966929832,train,train
2004-01-09,-0.0023695276021734,0.007208538548542816,-0.013943240966929832,train,train
2004-01-12,0.0012610990534821,0.006995760757404423,-0.013943240966929832,train,train
2004-01-13,0.0014483005388411,0.006791913053580542,-0.013893734188339233,train,train
2004-01-14,0.0040189883043239,0.006658183984478909,-0.013893734188339233,train,train
2004-01-15,-0.0026105810433556,0.006486943589698989,-0.013893734188339233,train,train
2004-01-16,0.0027609449233096,0.006325581389876628,-0.013893734188339233,train,train
2004-01-19,0.0046262853905353,0.006236694005291357,-0.013893734188339233,train,train
2004-01-20,-0.0035490636375087,0.006108872412392004,-0.013893734188339233,train,train
2004-01-21,0.0079802000856222,0.0062370055656721145,-0.013893734188339233,train,train
2004-01-22,0.006116448507911,0.006229837932213569,-0.013893734188339233,train,train
2004-01-23,0.0016280679215869,0.006053202799459657,-0.011126902129932831,train,train
2004-01-26,-0.0102937485536658,0.006387524077502085,-0.012881140138568467,train,train
2004-01-27,0.0036911927511741,0.006258588518652425,-0.012881140138568467,train,train
2004-01-28,0.0068366653475138,0.006294770370354524,-0.012881140138568467,train,train
2004-01-29,-0.0128089926380087,0.006862281218268259,-0.015085107394583267,train,train
2004-01-30,-0.0104372510076454,0.007127525645220589,-0.015132941545909799,train,train
2004-02-02,0.0036126465495011,0.006966821184685155,-0.015132941545909799,train,train
2004-02-03,0.00021354601395,0.006754786279981006,-0.015132941545909799,train,train
2004-02-04,-0.0090226033303002,0.006911870345882011,-0.015132941545909799,train,train
2004-02-05,0.0076147272304672,0.006956044768778536,-0.015132941545909799,train,train
2004-02-06,0.0094904171517203,0.00713354374477063,-0.015132941545909799,train,train
2004-02-09,0.0136511678175438,0.007682152207813084,-0.015132941545909799,train,train
2004-02-10,0.0045010831030075,0.00752928414508164,-0.015132941545909799,train,train
2004-02-11,0.0030911719148979,0.007339075771620179,-0.015132941545909799,train,train
2004-02-12,0.0054867569865466,0.0072413107462981074,-0.015132941545909799,train,train
2004-02-13,-0.0051940880901166,0.007135061282866376,-0.015132941545909799,train,train
2004-02-16,0.003275329396539,0.006964066376693519,-0.015132941545909799,train,train
2004-02-17,0.0039308073961485,0.0068202200900110655,-0.015132941545909799,train,train
2004-02-18,0.0029137706630807,0.006650855698347461,-0.0111799973997733,train,train
2004-02-19,0.0069298951065437,0.006667927369152153,-0.0111799973997733,train,train
2004-02-20,-0.0124018282722734,0.007142961622882251,-0.011882690639309168,train,train
2004-02-23,0.0008979432159588,0.006928850180394703,-0.011882690639309168,train,train
2004-02-24,-0.0104360277373109,0.007187702513950457,-0.011882690639309168,train,train
2004-02-25,0.0017143018503744,0.006981376170452252,-0.011882690639309168,train,train
2004-02-26,-0.0016407594961536,0.006780616634407975,-0.011882690639309168,train,train
2004-02-27,0.0108717671759422,0.007092945475464701,-0.011882690639309168,train,train
2004-03-01,0.0061632422385903,0.007040626128430118,-0.011882690639309168,train,train
2004-03-02,0.0064367193953718,0.007005859882840809,-0.011882690639309168,train,train
2004-03-03,-0.0088491518425853,0.007129908669548733,-0.011882690639309168,train,train
2004-03-04,0.0069201166883964,0.007117495534020458,-0.011882690639309168,train,train
2004-03-05,0.0009828851652744,0.0069048665382525735,-0.011882690639309168,train,train
2004-03-08,0.0028237507882504,0.006730153423753722,-0.011882690639309168,train,train
2004-03-09,-0.0099662319167972,0.006966836722501206,-0.011882690639309168,train,train
2004-03-10,0.000747931428506,0.00675708288895561,-0.011882690639309168,train,train
2004-03-11,-0.0220059942691192,0.008483778995499243,-0.015738938393133766,train,train
2004-03-12,-0.0098854799130504,0.008574345366760373,-0.015738938393133766,train,train
2004-03-15,-0.042404803258952,0.013304069863248676,-0.025739930055359964,train,train
2004-03-16,0.0143911764251878,0.013371788809455614,-0.025739930055359964,train,train
2004-03-17,0.0174383224477572,0.01364998744300956,-0.025739930055359964,train,train
2004-03-18,-0.0161972430724601,0.013816072841135462,-0.026869346866843762,train,train
2004-03-19,0.0074780123291055,0.013519840114813582,-0.026869346866843762,train,train
2004-03-22,-0.0193895245724321,0.013941884087705365,-0.02793344070016776,train,train
2004-03-23,0.005227138966962,0.01357766338170553,-0.02793344070016776,train,train
2004-03-24,-0.0019843727534902,0.01317300385052629,-0.02793344070016776,train,train
2004-03-25,0.0206674661472803,0.013738449622725277,-0.02793344070016776,train,train
2004-03-26,0.004789586816534,0.013371488573318142,-0.02793344070016776,train,train
2004-03-29,0.0085515472862328,0.013132274819151309,-0.02793344070016776,train,train
2004-03-30,-0.0021091556235974,0.01274269028332894,-0.02793344070016776,train,train
2004-03-31,0.0017350717411541,0.012361804672225333,-0.02793344070016776,train,train
2004-04-01,0.009903268687846,0.012228239681622913,-0.02793344070016776,train,train
2004-04-02,0.0209934618044911,0.012922909164764016,-0.02793344070016776,train,train
2004-04-05,0.0019570679541242,0.012538392771903458,-0.02793344070016776,train,train
2004-04-06,-0.0004950102094517,0.012157027507199995,-0.02793344070016776,train,train
2004-04-07,0.0015684780663016,0.011792935433929775,-0.02793344070016776,train,train
2004-04-08,0.011423615941639,0.011771103034585603,-0.02793344070016776,train,train
2004-04-13,0.0064392483335552,0.011520988230089126,-0.02793344070016776,train,train
2004-04-14,-0.010990614773298,0.011489856239121672,-0.02793344070016776,train,train
2004-04-15,-0.0049932469173211,0.011206772037414806,-0.02793344070016776,train,train
2004-04-16,0.0092824580266675,0.011100724154291832,-0.02793344070016776,train,train
2004-04-19,-0.005679020026673,0.010852077600740726,-0.02793344070016776,train,train
2004-04-20,0.00416376203546,0.010570796933752203,-0.02793344070016776,train,train
2004-04-21,-0.011178480876347,0.01060823967621013,-0.02793344070016776,train,train
2004-04-22,0.0013875751350045,0.010290684426779427,-0.02793344070016776,train,train
2004-04-23,0.0045834593506443,0.010040158404647186,-0.02793344070016776,train,train
2004-04-26,0.0037377671095428,0.00977725667663961,-0.02793344070016776,train,train
2004-04-27,-0.0004665013789977,0.009480090750928316,-0.02793344070016776,train,train
2004-04-28,-0.0152247661934071,0.009919042481294308,-0.02793344070016776,train,train
2004-04-29,-0.0089433775096859,0.009863224604449765,-0.02793344070016776,train,train
2004-04-30,-0.0061344172065578,0.009680086367889522,-0.02793344070016776,train,train
2004-05-03,0.0075061512488365,0.00956359588014033,-0.02793344070016776,train,train
2004-05-04,-0.0023281209248466,0.009289770342239973,-0.02793344070016776,train,train
2004-05-05,0.0102761936626866,0.009351890311720413,-0.02793344070016776,train,train
2004-05-06,-0.0142465171911673,0.009715357758878293,-0.02793344070016776,train,train
2004-05-07,-0.0114330721119257,0.009826891373929319,-0.02793344070016776,train,train
2004-05-10,-0.026753052516435,0.011563618619071361,-0.030387950014835397,train,train
2004-05-11,0.0119435912131553,0.011586768371608687,-0.030387950014835397,train,train
2004-05-12,-0.0101665737052538,0.011506500878796047,-0.030387950014835397,train,train
2004-05-13,0.0047657288880521,0.011216876527597824,-0.030387950014835397,train,train
2004-05-14,-0.0110827209965404,0.011208872475609755,-0.030387950014835397,train,train
2004-05-17,-0.0139535258952306,0.011392214268461829,-0.030387950014835397,train,train
2004-05-18,0.0068845817048681,0.011173157167841723,-0.030387950014835397,train,train
2004-05-19,0.0224139168144591,0.012144632338995893,-0.030387950014835397,train,train
2004-05-20,-0.0105363107889189,0.012054185981345363,-0.030387950014835397,train,train
2004-05-21,-0.0013697405291703,0.011691782030106719,-0.030387950014835397,train,train
2004-05-24,0.0098659827320253,0.011590347619173123,-0.030387950014835397,train,train
2004-05-25,-0.0053925556722542,0.01131462628008444,-0.030387950014835397,train,train
2004-05-26,0.010730991755819,0.011280459779206968,-0.030387950014835397,train,train
2004-05-27,0.0049459694009729,0.011003708613890563,-0.030387950014835397,train,train
2004-05-28,-0.0017339728012113,0.010676942762999398,-0.030387950014835397,train,train
2004-05-31,0.0009678542022774,0.010354394471137136,-0.030387950014835397,train,train
2004-06-01,-0.0140313073533163,0.010611000468130894,-0.030387950014835397,train,train
2004-06-02,0.0076537747119879,0.010457176823555464,-0.030387950014835397,train,train
2004-06-03,-0.000860220366913,0.01014079844177658,-0.030387950014835397,train,train
2004-06-04,0.0136749003529488,0.010386809877643798,-0.030387950014835397,train,train
2004-06-07,0.0121963961187939,0.010504179880669004,-0.02951579344927303,train,train
2004-06-08,-0.0006537850252402,0.010185439281595963,-0.02951579344927303,train,train
2004-06-09,-0.0035231144312386,0.009912785838263102,-0.020779940053775734,train,train
2004-06-10,0.0027824369246232,0.009634938557413,-0.020779940053775734,train,train
2004-06-11,-0.0043812479727254,0.00940286331777331,-0.020779940053775734,train,train
2004-06-14,-0.0121167865152285,0.009587387505765098,-0.0204557810940914,train,train
2004-06-15,0.0079281095267599,0.009496010450428997,-0.0204557810940914,train,train
2004-06-16,0.0050565397934973,0.009289665079386373,-0.018741445300336466,train,train
2004-06-17,0.00415530120869,0.009063994502317221,-0.018741445300336466,train,train
2004-06-18,0.000777234250913,0.008789930724562176,-0.018741445300336466,train,train
2004-06-21,0.0024755537997776,0.00854370008901188,-0.018741445300336466,train,train
2004-06-22,-0.0089955851613634,0.008571485033647505,-0.018741445300336466,train,train
2004-06-23,0.0062733672426114,0.00845123911238824,-0.018741445300336466,train,train
2004-06-24,0.0068101847582745,0.008361863008276635,-0.018741445300336466,train,train
2004-06-25,-0.0051710342795871,0.008205478872209347,-0.018741445300336466,train,train
2004-06-28,0.0078381707266134,0.008183905286066663,-0.018741445300336466,train,train
2004-06-29,-0.0065213598501347,0.008093788695359438,-0.018741445300336466,train,train
2004-06-30,-0.0065271146692526,0.008008435806869833,-0.018741445300336466,train,train
2004-07-01,0.0008661446455576,0.007767364663849076,-0.018741445300336466,train,train
2004-07-02,-0.0062903525120155,0.007686751503428726,-0.018741445300336466,train,train
2004-07-05,0.0031935278302755,0.00749352366748118,-0.018741445300336466,train,train
2004-07-06,-0.0046632934666774,0.007354488527095268,-0.018741445300336466,train,train
2004-07-07,0.0050974266887993,0.007238937555769242,-0.018741445300336466,train,train
2004-07-08,0.0026256105150522,0.0070478162401379305,-0.018741445300336466,train,train
2004-07-09,-0.0046490136224477,0.00692735235058598,-0.018741445300336466,train,train
2004-07-12,0.0007577251493158,0.006718881365073601,-0.018741445300336466,train,train
2004-07-13,0.0028394047352117,0.006551221103357591,-0.018741445300336466,train,train
2004-07-14,-0.005823890695272,0.006509873288951308,-0.018741445300336466,train,train
2004-07-15,-0.0058079122638725,0.006469903702204544,-0.018741445300336466,train,train
2004-07-16,0.0034762862997502,0.006330335588823227,-0.018741445300336466,train,train
2004-07-19,-0.0036892835232111,0.006203660896758688,-0.018741445300336466,train,train
2004-07-20,0.0010769384624344,0.00602045445109974,-0.018741445300336466,train,train
2004-07-21,0.0051680923816534,0.005972743944102987,-0.018343625686972866,train,train
2004-07-22,-0.0133112183605658,0.006645642336378751,-0.018343625686972866,train,train
2004-07-23,-0.0096869612953975,0.006866215951133288,-0.018343625686972866,train,train
2004-07-26,-0.0138426955612531,0.007470839271623607,-0.018343625686972866,train,train
2004-07-27,0.0130141995340473,0.007913709397482786,-0.018343625686972866,train,train
2004-07-28,-0.004242405174771,0.007742678395888231,-0.018343625686972866,train,train
2004-07-29,0.0081240310478057,0.0077660876537396705,-0.01824596192166063,train,train
2004-07-30,0.0058890434516631,0.007666435962386188,-0.01824596192166063,train,train
2004-08-02,-0.006371810172122,0.007594984123460667,-0.013942509603266666,train,train
2004-08-03,0.003197350975454,0.007405142807609899,-0.013942509603266666,train,train
2004-08-04,-0.0104289579998128,0.007620483022666108,-0.013942509603266666,train,train
2004-08-05,0.0030929194660122,0.007427073774927247,-0.013942509603266666,train,train
2004-08-06,-0.0200425792782196,0.008715161410676363,-0.016009137508922165,train,train
2004-08-09,-0.0061901847595803,0.008584631579209343,-0.015972194064263003,train,train
2004-08-10,0.0027602980336559,0.008350526935696278,-0.015972194064263003,train,train
2004-08-11,-0.0061589521285652,0.008235495344961296,-0.015972194064263003,train,train
2004-08-12,0.0021665088343048,0.008002225077690184,-0.015972194064263003,train,train
2004-08-13,-0.0060385564581815,0.007898184580540745,-0.015972194064263003,train,train
2004-08-17,0.0121190394405676,0.008212837969052847,-0.015972194064263003,train,train
2004-08-18,0.0049935656404503,0.008056041641146741,-0.015972194064263003,train,train
2004-08-19,0.0032893821108741,0.0078520711018646,-0.015972194064263003,train,train
2004-08-20,-0.0035488496856295,0.007662335113976971,-0.015972194064263003,train,train
2004-08-23,0.0105576467447307,0.007866163672473564,-0.015972194064263003,train,train
2004-08-24,0.0004877928879148,0.0076274645578268165,-0.015972194064263003,train,train
2004-08-25,-0.0011042199932028,0.007400045996725514,-0.015732164400012835,train,train
2004-08-26,0.0069260437985123,0.007372465318356455,-0.015732164400012835,train,train
2004-08-27,0.0056104791686662,0.007278784154532188,-0.015732164400012835,train,train
2004-08-30,-7.607332778637484e-05,0.0070570676680364024,-0.015732164400012835,train,train
2004-08-31,-0.0015491149504129,0.006852594928546822,-0.015732164400012835,train,train
2004-09-01,0.0087801949867486,0.006983271673061303,-0.015732164400012835,train,train
2004-09-02,0.0056522317194619,0.006910642637904456,-0.015732164400012835,train,train
2004-09-03,0.0096230440558042,0.007102657346563368,-0.015732164400012835,train,train
2004-09-06,0.0057518755848109,0.007028934575333432,-0.015732164400012835,train,train
2004-09-07,0.0005548813686098,0.006816160179195653,-0.015732164400012835,train,train
2004-09-08,-0.0019372818340707,0.00662552796895633,-0.015732164400012835,train,train
2004-09-09,-0.0071023649108838,0.006655101716354036,-0.015732164400012835,train,train
2004-09-10,0.0020875834876929,0.006472591166820489,-0.015732164400012835,train,train
2004-09-13,0.0079377594331984,0.00656972234703981,-0.015732164400012835,train,train
2004-09-14,-0.0034913058760932,0.00642673553348737,-0.015732164400012835,train,train
2004-09-15,-0.0038507574392692,0.006301940479861029,-0.015732164400012835,train,train
2004-09-16,0.0022428991704163,0.006134608576293002,-0.015732164400012835,train,train
2004-09-17,0.0008042522854181,0.0059509853256065086,-0.015732164400012835,train,train
2004-09-20,-0.0039407984407763,0.005849886007940536,-0.015732164400012835,train,train
2004-09-21,0.0021830151023786,0.005696826276425966,-0.015732164400012835,train,train
2004-09-22,-0.0061394048981507,0.005724346023482237,-0.015732164400012835,train,train
2004-09-23,-0.0038470158125423,0.005629389042558749,-0.015732164400012835,train,train
2004-09-24,-0.0006008399348236,0.005459879142487351,-0.015732164400012835,train,train
2004-09-27,-0.0058269715104125,0.005482597856356405,-0.015732164400012835,train,train
2004-09-28,0.0061023758254006,0.0055217466387111995,-0.015732164400012835,train,train
2004-09-29,0.0074456743325527,0.005655668728061906,-0.015732164400012835,train,train
2004-09-30,-0.0023386948524481,0.005513217123663349,-0.015732164400012835,train,train
2004-10-01,0.0235581953403597,0.007865821211492685,-0.015732164400012835,train,train
2004-10-04,0.0102026083545698,0.008025239421070402,-0.015732164400012835,train,train
2004-10-05,4.809267565351985e-05,0.00778076721627754,-0.015732164400012835,train,train
2004-10-06,0.0022009672394644,0.007562973857737253,-0.015732164400012835,train,train
2004-10-07,0.0010927512777821,0.007337459061538521,-0.015732164400012835,train,train
2004-10-08,-0.0011407382168963,0.007119415999345578,-0.015732164400012835,train,train
2004-10-11,-0.0025864858391567,0.006931544825015778,-0.015732164400012835,train,train
2004-10-13,-0.000638604453914,0.00672220230136258,-0.015732164400012835,train,train
2004-10-14,-0.0049420932150363,0.006628889852334565,-0.015732164400012835,train,train
2004-10-15,0.0006780591261493,0.006429092913050362,-0.015732164400012835,train,train
2004-10-18,0.0007139837356201,0.006235689850372621,-0.014771410946428499,train,train
2004-10-19,0.0097143992223833,0.006497151019527574,-0.014771410946428499,train,train
2004-10-20,-0.0071050531311806,0.006535219957134515,-0.012525530136404334,train,train
2004-10-21,0.0068533847150985,0.006554745366376198,-0.012525530136404334,train,train
2004-10-22,0.0032062247145311,0.006403405205369455,-0.012525530136404334,train,train
2004-10-25,-0.0171303070835772,0.00749334555304657,-0.01586728145386987,train,train
2004-10-26,0.0002793961052324,0.007265390399265423,-0.01586728145386987,train,train
2004-10-27,0.0127816765800604,0.007708503043156289,-0.01586728145386987,train,train
2004-10-28,0.0115657964707693,0.007992610142911034,-0.01586728145386987,train,train
2004-10-29,-0.0020293003249624,0.007765049354080375,-0.0147593131643258,train,train
2004-11-02,0.0103756335920838,0.007945908275915124,-0.0147593131643258,train,train
2004-11-03,0.0023016492730769,0.007724446011985352,-0.010445908375213869,train,train
2004-11-04,0.0009495727693619,0.007492739387381002,-0.010445908375213869,train,train
2004-11-05,0.0043029747372698,0.007340545648039587,-0.010445908375213869,train,train
2004-11-08,0.0008747028646707,0.007120147476870372,-0.010445908375213869,train,train
2004-11-09,-0.0033279490945351,0.006951203118697478,-0.010445908375213869,train,train
2004-11-10,-0.0025412680735749,0.006768127799831533,-0.010445908375213869,train,train
2004-11-11,0.003581757756956,0.006620335338767376,-0.010445908375213869,train,train
2004-11-12,-0.0009936592258482,0.006423266390030465,-0.010445908375213869,train,train
2004-11-15,-0.003503254542112,0.006286431228723258,-0.010445908375213869,train,train
2004-11-16,-0.0072916314490889,0.006351231210499231,-0.010508997221282235,train,train
2004-11-17,0.0194126260298086,0.007780029085951962,-0.010508997221282235,train,train
2004-11-18,0.0014252150234898,0.0075510923511339645,-0.010508997221282235,train,train
2004-11-19,-0.0012048783808187,0.007327002106481647,-0.010508997221282235,train,train
2004-11-22,-0.0026118338790275,0.007132542523461143,-0.010508997221282235,train,train
2004-11-23,0.0004415660698438,0.0069161023643150915,-0.010508997221282235,train,train
2004-11-24,0.007039005847288,0.006923538098252438,-0.010508997221282235,train,train
2004-11-25,0.0100326239354218,0.00714831935435538,-0.010508997221282235,train,train
2004-11-26,-0.0018520247022538,0.006945384161168201,-0.010508997221282235,train,train
2004-11-29,-0.0027156277083127,0.0067665750205287084,-0.010508997221282235,train,train
2004-11-30,-0.0025849481859941,0.006590922749159858,-0.010508997221282235,train,train
2004-12-01,0.0092633551156349,0.006781034714862543,-0.010508997221282235,train,train
2004-12-02,0.0042649363572461,0.006656941251340758,-0.010508997221282235,train,train
2004-12-03,-0.0026705648969267,0.006487209710383652,-0.010508997221282235,train,train
2004-12-07,0.0034646756681375,0.006346581369999855,-0.010508997221282235,train,train
2004-12-09,-0.0048653982544376,0.00626758928068237,-0.010508997221282235,train,train
2004-12-10,0.0058627929467076,0.006244041586665077,-0.010508997221282235,train,train
2004-12-13,0.006852966236913,0.006282241701056951,-0.010508997221282235,train,train
2004-12-14,0.0006635383620274,0.006093027501377449,-0.010508997221282235,train,train
2004-12-15,-0.0025442886493981,0.00594019270465839,-0.010508997221282235,train,train
2004-12-16,0.0031063206381038,0.005809276175288169,-0.010508997221282235,train,train
2004-12-17,-0.0036926815696821,0.005704470363708508,-0.010508997221282235,train,train
2004-12-20,0.0032093750367504,0.005586280380556811,-0.010508997221282235,train,train
2004-12-21,0.0053037864018797,0.0055697348045116255,-0.010508997221282235,train,train
2004-12-22,0.0092616239223149,0.005857242500164784,-0.010508997221282235,train,train
2004-12-23,0.0032302589471826,0.0057336660781164795,-0.010508997221282235,train,train
2004-12-27,-0.0003866360340298,0.005559802185239292,-0.010508997221282235,train,train
2004-12-28,0.0029125937630081,0.005437435835423801,-0.010508997221282235,train,train
2004-12-29,0.002596642308069,0.005310020624541218,-0.010508997221282235,train,train
2004-12-30,-0.0021890842682987,0.005176105223726879,-0.010508997221282235,train,train
2005-01-03,0.0047569532973483,0.005151917861365445,-0.010508997221282235,train,train
2005-01-04,-0.000449418001627,0.004996182621127065,-0.010508997221282235,train,train
2005-01-05,-0.010537750995419,0.005488786942405419,-0.011653229842695035,train,train
2005-01-07,0.0018487437109423,0.005340809524004572,-0.011653229842695035,train,train
2005-01-10,-0.001394565894795,0.00518936223745188,-0.011653229842695035,train,train
2005-01-11,-0.0069019461300263,0.005307722979631585,-0.011653229842695035,train,train
2005-01-12,-0.0023113118132365,0.005177078092194383,-0.011653229842695035,train,train
2005-01-13,0.0079164982910529,0.005380916839150453,-0.011653229842695035,train,train
2005-01-14,0.0009200598195313,0.005221857971292659,-0.011653229842695035,train,train
2005-01-17,0.0076493486458203,0.005398377970680665,-0.011653229842695035,train,train
2005-01-18,0.0002748569177693,0.005234354631755974,-0.011653229842695035,train,train
2005-01-19,-0.0010229361326048,0.00508107707146914,-0.011653229842695035,train,train
2005-01-20,-0.0077214771333678,0.005276890760770414,-0.011796511737454668,train,train
2005-01-21,-0.0020313844335893,0.005140275566354361,-0.011796511737454668,train,train
2005-01-24,-0.0035956750233689,0.005060910951261324,-0.011796511737454668,train,train
2005-01-25,0.0073444274073886,0.005226135026359829,-0.008516953192625234,train,train
2005-01-26,0.0027526440052929,0.005111590849834603,-0.008516953192625234,train,train
2005-01-27,0.007391419469128,0.005276233908884475,-0.008516953192625234,train,train
2005-01-28,0.0015440277867816,0.0051294606845133164,-0.008516953192625234,train,train
2005-01-31,0.0092031063724277,0.005460266926924261,-0.008516953192625234,train,train
2005-02-01,0.003582041897102,0.005366144376330438,-0.008516953192625234,train,train
2005-02-02,0.0053867887859861,0.005367385280101938,-0.008516953192625234,train,train
2005-02-03,0.0003652920556866,0.0052046423083155794,-0.008516953192625234,train,train
2005-02-04,0.0119683617618374,0.005835880778407893,-0.008516953192625234,train,train
2005-02-07,0.0041516497130605,0.00574875864101117,-0.008516953192625234,train,train
2005-02-08,0.0018478554518671,0.0055919769799333266,-0.008516953192625234,train,train
2005-02-09,-0.0030005748796559,0.00547121569013353,-0.008516953192625234,train,train
2005-02-10,4.2364939030761145e-05,0.005304550569800335,-0.008516953192625234,train,train
2005-02-11,0.0144018613622978,0.006236567804862359,-0.008516953192625234,train,train
2005-02-14,-0.0003442086771819,0.006047164631657866,-0.008516953192625234,train,train
2005-02-15,0.0051302558800334,0.005996105369413417,-0.008387058086271033,train,train
2005-02-16,-0.0061114778828009,0.006003090249176651,-0.008387058086271033,train,train
2005-02-17,0.0010542705632312,0.005825938222518665,-0.008387058086271033,train,train
2005-02-18,-0.0016288127305576,0.005662529881327011,-0.008387058086271033,train,train
2005-02-21,-0.0110851437537656,0.006124803237656287,-0.009781457294184134,train,train
2005-02-22,-0.0121500866886139,0.006642281099927539,-0.011257660479266166,train,train
2005-02-23,0.0004063010656947,0.006440699430278237,-0.011257660479266166,train,train
2005-02-24,-0.0001603705230723,0.006244613336660281,-0.011257660479266166,train,train
2005-02-25,0.0092698925716953,0.00646616876352435,-0.011257660479266166,train,train
2005-02-28,-0.0051724422243665,0.006395928993003276,-0.011257660479266166,train,train
2005-03-01,0.0086199544208795,0.00655069844181595,-0.011257660479266166,train,train
2005-03-02,-0.0030345104233609,0.0063944856150938735,-0.011257660479266166,train,train
2005-03-03,-0.0026295535485484,0.006233053233899493,-0.011257660479266166,train,train
2005-03-04,0.0125761616314544,0.006783029260032379,-0.011257660479266166,train,train
2005-03-07,0.0008279648290138,0.006579517332707096,-0.011257660479266166,train,train
2005-03-08,-0.0069063572544988,0.006599584203805237,-0.011257660479266166,train,train
2005-03-09,-0.0074006280330742,0.006650368311632379,-0.011257660479266166,train,train
2005-03-10,-0.009706532575674,0.00687217296334278,-0.011257660479266166,train,train
2005-03-11,0.0011581821450098,0.0066688558776355844,-0.011257660479266166,train,train
2005-03-14,-0.0036184903463299,0.006526164933317512,-0.011257660479266166,train,train
2005-03-15,0.0062409329752499,0.006509403480868663,-0.011257660479266166,train,train
2005-03-16,-0.0165449975346446,0.007500280678842901,-0.013260075992341367,train,train
2005-03-17,0.0037532881320983,0.007329678570980563,-0.013260075992341367,train,train
2005-03-18,0.003037955958255,0.007145242281470657,-0.013260075992341367,train,train
2005-03-21,-0.0041645811023042,0.007002274071380039,-0.013260075992341367,train,train
2005-03-22,0.0079678125953095,0.007063929069131165,-0.013260075992341367,train,train
2005-03-23,-0.0050778907385902,0.006960764808645449,-0.013260075992341367,train,train
2005-03-24,0.0061633754329089,0.006915514711257536,-0.013260075992341367,train,train
2005-03-29,0.0015885263857387,0.00671612150448557,-0.013260075992341367,train,train
2005-03-30,-0.0047301286890884,0.006613800558238276,-0.013260075992341367,train,train
2005-03-31,-0.0022978533972154,0.006436973214858783,-0.013260075992341367,train,train
2005-04-01,0.003310304016825,0.006293332462194359,-0.013260075992341367,train,train
2005-04-04,-0.0090292942041038,0.0064900971256509335,-0.013260075992341367,train,train
2005-04-05,0.0099546013126603,0.006748312699927342,-0.013260075992341367,train,train
2005-04-06,0.0089935501255434,0.006903649576121337,-0.013260075992341367,train,train
2005-04-07,0.0010973174251875,0.0066987313092543655,-0.013260075992341367,train,train
2005-04-08,-0.0007030059330481,0.006496943444796458,-0.013260075992341367,train,train
2005-04-11,-0.0054485625932689,0.006438856089194477,-0.013260075992341367,train,train
2005-04-12,-0.0034016986996577,0.006298065489950907,-0.013260075992341367,train,train
2005-04-13,0.0075816452784557,0.00638236413004364,-0.013260075992341367,train,train
2005-04-14,-0.0010033301686136,0.006192810174774829,-0.013260075992341367,train,train
2005-04-15,-0.0226038161535687,0.008167361524470862,-0.0170996334589424,train,train
2005-04-18,-0.0142349376601959,0.00865225136172675,-0.017794583782803068,train,train
2005-04-19,0.0022576825069941,0.008406877793036813,-0.017794583782803068,train,train
2005-04-20,-0.0032775252521006,0.008190212993574808,-0.017794583782803068,train,train
2005-04-21,0.0002329418437272,0.007940911110286265,-0.017794583782803068,train,train
2005-04-22,0.0085785609467989,0.00798060696819837,-0.017794583782803068,train,train
2005-04-25,0.001076748902077,0.0077419794379662635,-0.017794583782803068,train,train
2005-04-26,-0.0024739039505975,0.00753054864709244,-0.017794583782803068,train,train
2005-04-27,-0.0109251104934983,0.007776123424198014,-0.017794583782803068,train,train
2005-04-28,4.456116814474266e-05,0.0075392392799089325,-0.017794583782803068,train,train
2005-04-29,0.0018012163185304,0.007322867197901849,-0.017794583782803068,train,train
2005-05-02,0.0130565986931201,0.007786874027760536,-0.017794583782803068,train,train
2005-05-03,0.005292877273354,0.007660166818458077,-0.017794583782803068,train,train
2005-05-04,0.0029841472555806,0.007462692170791257,-0.017794583782803068,train,train
2005-05-05,0.0043187538849353,0.007312275027441761,-0.017794583782803068,train,train
2005-05-06,0.002983972795486,0.0071270926562647914,-0.017794583782803068,train,train
2005-05-09,-0.0042841531289323,0.006989203161237548,-0.017794583782803068,train,train
2005-05-10,-0.0084269610576588,0.007083702671579859,-0.017794583782803068,train,train
2005-05-11,0.0004154771487023,0.006868658544625174,-0.017794583782803068,train,train
2005-05-12,0.0068832495309796,0.006869534877765533,-0.017794583782803068,train,train
2005-05-13,0.0010198096723697,0.006664944079037604,-0.017794583782803068,train,train
2005-05-16,-0.000520581103118,0.006463161075139,-0.017794583782803068,train,train
2005-05-17,-0.0004774993621278,0.0062673586427338225,-0.017794583782803068,train,train
2005-05-18,0.0162458746516253,0.007263518698745851,-0.017794583782803068,train,train
2005-05-19,0.003826361292813,0.007104339807356982,-0.017794583782803068,train,train
2005-05-20,-0.00336729140953,0.0069371222087184605,-0.017794583782803068,train,train
2005-05-23,0.003037494505946,0.00676681808820012,-0.017794583782803068,train,train
2005-05-24,-0.0026212503912128,0.00659201749339842,-0.017794583782803068,train,train
2005-05-25,-0.0022538939056621,0.006414999237689228,-0.017794583782803068,train,train
2005-05-26,0.0070968324784863,0.0064579396234435375,-0.017794583782803068,train,train
2005-05-27,-0.0038725143542486,0.0063326508805295134,-0.017794583782803068,train,train
2005-05-30,0.0090512647096599,0.0065277747138554835,-0.017794583782803068,train,train
2005-05-31,-0.0042024458698793,0.006412079633731626,-0.017794583782803068,train,train
2005-06-01,0.013036434834799,0.006988905301095059,-0.017794583782803068,train,train
2005-06-02,-0.0011628424589849,0.0067819791819408596,-0.017794583782803068,train,train
2005-06-03,-0.004412378830053,0.006663608057442789,-0.017794583782803068,train,train
2005-06-06,-0.0050984010858706,0.006580203159520826,-0.017794583782803068,train,train
2005-06-07,0.009070396628934,0.0067555499334772465,-0.017794583782803068,train,train
2005-06-08,-0.0050254377677786,0.006664421137274496,-0.017794583782803068,train,train
2005-06-09,0.0006637773577905,0.006463441387689452,-0.017794583782803068,train,train
2005-06-10,0.0070846056533102,0.006502384818937281,-0.015921288102420966,train,train
2005-06-13,0.0018494849445104,0.006320552468505542,-0.015921288102420966,train,train
2005-06-14,0.0036679173809577,0.006193515768246295,-0.015921288102420966,train,train
2005-06-15,-0.0052978362504653,0.0061434585905196125,-0.015921288102420966,train,train
2005-06-16,0.0063685532605166,0.006157196333084212,-0.015921288102420966,train,train
2005-06-17,0.0059667310852667,0.006145934873860136,-0.015921288102420966,train,train
2005-06-20,-0.0023575715291515,0.005986622850673854,-0.015921288102420966,train,train
2005-06-21,0.0054718341601377,0.005956990188962939,-0.015921288102420966,train,train
2005-06-22,0.0014095810119726,0.005785827797513117,-0.015921288102420966,train,train
2005-06-23,0.004452192745553,0.005714593276773094,-0.015921288102420966,train,train
2005-06-24,-0.0094821825643825,0.0060076525291382,-0.015921288102420966,train,train
2005-06-27,-0.0056476011051072,0.005986660126544137,-0.015921288102420966,train,train
2005-06-28,0.0061744235096445,0.005998091683451937,-0.015921288102420966,train,train
2005-06-29,0.008914475922757,0.006211807343370722,-0.015921288102420966,train,train
2005-06-30,0.00143205090912,0.006032777439228456,-0.015921288102420966,train,train
2005-07-01,0.0046806895702928,0.005960307937061212,-0.015921288102420966,train,train
2005-07-04,-0.0014355074648606,0.005789420986870744,-0.015921288102420966,train,train
2005-07-05,-0.0007745858985648,0.0056162577077874185,-0.015921288102420966,train,train
2005-07-06,0.002555985264828,0.005481039430829317,-0.015921288102420966,train,train
2005-07-07,-0.0193157681673861,0.007115140170196214,-0.0187181739937169,train,train
2005-07-08,0.0153108260826256,0.007851941809704905,-0.014825272107026768,train,train
2005-07-11,0.0084496490820239,0.007889081375456413,-0.013241020408422297,train,train
2005-07-12,-0.0002936163001972,0.007649086303838083,-0.013241020408422297,train,train
2005-07-13,0.0065013430534681,0.007585120809616827,-0.013241020408422297,train,train
2005-07-14,0.0027533974601108,0.0073849093487390865,-0.013241020408422297,train,train
2005-07-15,-0.0021498236839246,0.007179274158023644,-0.013241020408422297,train,train
2005-07-18,0.0017282481250639,0.006973425935995116,-0.013241020408422297,train,train
2005-07-19,0.0083975383022269,0.007066970220678934,-0.013241020408422297,train,train
2005-07-20,-0.0037901538503112,0.006914293889220129,-0.012408303929809133,train,train
2005-07-21,0.0014479383551764,0.006713032393496985,-0.012408303929809133,train,train
2005-07-22,-0.0002694768029186,0.006508861094385879,-0.012408303929809133,train,train
2005-07-25,-0.0001697150638279,0.006310711891175427,-0.012408303929809133,train,train
2005-07-26,0.0026121350007419,0.006151826920089967,-0.012408303929809133,train,train
2005-07-27,0.0045102832937034,0.006065874653405442,-0.012408303929809133,train,train
2005-07-28,0.0039667343703503,0.005960809012715648,-0.012408303929809133,train,train
2005-07-29,-0.0013039886954732,0.005788038755224699,-0.012408303929809133,train,train
2005-08-01,-0.0046272483601463,0.005725032289625334,-0.012408303929809133,train,train
2005-08-02,0.0044592540553374,0.005657078030045203,-0.011481850612291932,train,train
2005-08-03,0.0035333208871038,0.00555260671371686,-0.011481850612291932,train,train
2005-08-04,-0.0074564715055643,0.005684847656444126,-0.012084807412444299,train,train
2005-08-05,-0.0028727527459207,0.005556402235683741,-0.012084807412444299,train,train
2005-08-08,0.0069540505058537,0.005650019341799322,-0.012084807412444299,train,train
2005-08-09,0.0029710811356576,0.005526028848623909,-0.012084807412444299,train,train
2005-08-10,0.0082063278223584,0.0057223600136093395,-0.012084807412444299,train,train
2005-08-11,-0.0006943904543863,0.005550640554388506,-0.012084807412444299,train,train
2005-08-12,-0.0034199590529767,0.005446356683657731,-0.012084807412444299,train,train
2005-08-15,-0.0002257800674938,0.0052807283263219,-0.012084807412444299,train,train
2005-08-16,-0.004438019474164,0.005233993424548499,-0.012084807412444299,train,train
2005-08-17,-0.0045171068450677,0.005193771384370836,-0.012084807412444299,train,train
2005-08-18,-0.0055830935082617,0.0052179499335316,-0.012084807412444299,train,train
2005-08-19,0.0094195390132813,0.005560309733429928,-0.012084807412444299,train,train
2005-08-22,0.0041264660637175,0.005484859615548587,-0.012084807412444299,train,train
2005-08-23,-0.0069727232476333,0.005585319692857732,-0.012084807412444299,train,train
2005-08-24,-0.0024970773650541,0.005449602923990229,-0.012084807412444299,train,train
2005-08-25,-0.009540477973571,0.005777328526686421,-0.0127794762351132,train,train
2005-08-26,-0.0078842391131474,0.005924909028377214,-0.0127794762351132,train,train
2005-08-29,0.0033966387863775,0.005804352115230477,-0.0127794762351132,train,train
2005-08-30,-0.0016313758757083,0.005641698016005133,-0.0127794762351132,train,train
2005-08-31,0.0086900151452713,0.005869413335851476,-0.0127794762351132,train,train
2005-09-01,0.012431115714514,0.006454066191720156,-0.0127794762351132,train,train
2005-09-02,0.0010750381854259,0.006262987674320158,-0.0127794762351132,train,train
2005-09-05,0.010384582375451,0.006583455536336272,-0.0127794762351132,train,train
2005-09-06,0.0118600435583929,0.007012917480150492,-0.0127794762351132,train,train
2005-09-07,0.0033491687551,0.006848588669894301,-0.0127794762351132,train,train
2005-09-08,0.0031847991554116,0.0066856228956514545,-0.0127794762351132,train,train
2005-09-09,0.0043386817831078,0.006568496773965235,-0.0127794762351132,train,train
2005-09-12,0.0007721728120022,0.0063712020787691165,-0.0127794762351132,train,train
2005-09-13,-0.0062033181564429,0.006361253991297977,-0.0127794762351132,train,train
2005-09-14,0.0028053037603312,0.0062056267171462925,-0.0127794762351132,train,train
2005-09-15,0.001585934100946,0.0060291065667940295,-0.0127794762351132,train,train
2005-09-16,0.005369396868538,0.005991572731599383,-0.012246828418034832,train,train
2005-09-19,0.0003702654458009,0.005809753261558,-0.012246828418034832,train,train
2005-09-20,0.0044888128979866,0.005739077056161613,-0.012246828418034832,train,train
2005-09-21,-0.0078829712221931,0.005889758844516682,-0.012246828418034832,train,train
2005-09-22,0.0034510672958192,0.005772564042138043,-0.012246828418034832,train,train
2005-09-23,0.0089382281242463,0.006009713903624203,-0.012246828418034832,train,train
2005-09-26,0.0087750936046589,0.006210458726812436,-0.012246828418034832,train,train
2005-09-27,-0.004335807305862,0.00611420994415536,-0.012246828418034832,train,train
2005-09-28,0.0114711844757446,0.006560170260239411,-0.012246828418034832,train,train
2005-09-29,-0.0019553628534866,0.006378329753631241,-0.0084358961029705,train,train
2005-09-30,0.0030841965109797,0.006229995273384602,-0.0084358961029705,train,train
2005-10-03,0.0061582218749307,0.006225712203408001,-0.0084358961029705,train,train
2005-10-04,0.0035321333840998,0.006097743916225725,-0.0084358961029705,train,train
2005-10-05,-0.0088400314212867,0.006296054426984883,-0.008754916169335034,train,train
2005-10-06,-0.0066932010926853,0.006320586975806124,-0.008754916169335034,train,train
2005-10-07,-0.0017222700796525,0.006142540467041481,-0.008754916169335034,train,train
2005-10-10,0.0063344183193863,0.006154221844602798,-0.008754916169335034,train,train
2005-10-11,0.0008884998426975,0.0059707072981397685,-0.008754916169335034,train,train
2005-10-12,-0.0082111253494105,0.006128273792176703,-0.0088638782480894,train,train
2005-10-13,-0.0145336845744622,0.006926476343001879,-0.010971397989773299,train,train
2005-10-14,0.0058689625234802,0.006867619188953017,-0.010971397989773299,train,train
2005-10-17,1.883413143408825e-05,0.0066584054403796685,-0.010971397989773299,train,train
2005-10-18,-0.0094142975966371,0.006855074119384249,-0.011162820048223434,train,train
2005-10-19,-0.0121727171404234,0.007284436921695602,-0.012082293229485534,train,train
2005-10-20,-0.0019437495422047,0.00707855421164249,-0.012082293229485534,train,train
2005-10-21,-0.0013011373985734,0.006870309414817495,-0.012082293229485534,train,train
2005-10-24,0.0158543232903059,0.007710425175541378,-0.012082293229485534,train,train
2005-10-25,-0.0055114294321259,0.0075964576130906685,-0.012082293229485534,train,train
2005-10-26,-0.0003054149933835,0.007365418852348126,-0.012082293229485534,train,train
2005-10-27,-0.0139220526499887,0.007913522867701661,-0.013542818121624766,train,train
2005-10-28,0.0010548045705781,0.007676794271563205,-0.013542818121624766,train,train
2005-10-31,0.0148130912260035,0.008280268133993332,-0.013542818121624766,train,train
2005-11-01,-0.006366799172354,0.008178095001321588,-0.013542818121624766,train,train
2005-11-02,-0.0002589906899128,0.007929211067328853,-0.013542818121624766,train,train
2005-11-03,0.005014071142653,0.0077851460761279535,-0.013542818121624766,train,train
2005-11-04,-0.0061850963864917,0.007698526774627922,-0.013542818121624766,train,train
2005-11-07,0.0008256624248686,0.0074667381590674264,-0.013542818121624766,train,train
2005-11-08,0.0018503175315038,0.007253445285514506,-0.013542818121624766,train,train
2005-11-09,0.0015408924090698,0.007042597629024051,-0.013542818121624766,train,train
2005-11-10,-0.0017132992269095,0.006840936641786035,-0.013542818121624766,train,train
2005-11-11,0.0068643657556196,0.006842344650946072,-0.013542818121624766,train,train
2005-11-14,-0.0005424914169254,0.006635230012534363,-0.013542818121624766,train,train
2005-11-15,-0.0046085751117846,0.00653138871555967,-0.013542818121624766,train,train
2005-11-16,-0.0061972258917472,0.006511822537947137,-0.013542818121624766,train,train
2005-11-17,0.0051351373500112,0.006437529101758075,-0.013542818121624766,train,train
2005-11-18,0.0078102940594209,0.006528040722720771,-0.013542818121624766,train,train
2005-11-21,0.0007596555765134,0.006331905031864135,-0.013542818121624766,train,train
2005-11-22,-0.0011586316422216,0.006145566344083757,-0.013542818121624766,train,train
2005-11-23,0.0098158585211517,0.006425182585623453,-0.013542818121624766,train,train
2005-11-24,0.0007055211916847,0.006231842311242955,-0.013542818121624766,train,train
2005-11-25,0.0020760094514441,0.006063356825324992,-0.013542818121624766,train,train
2005-11-28,-0.0035252551003913,0.005941723962210997,-0.013542818121624766,train,train
2005-11-29,0.0001223986213796,0.005760793132015465,-0.013542818121624766,train,train
2005-11-30,-0.0058834964112993,0.005768228936215192,-0.013542818121624766,train,train
2005-12-01,0.0113862283450493,0.006249391083336927,-0.013542818121624766,train,train
2005-12-02,-0.0027100299997017,0.006095264664778602,-0.013542818121624766,train,train
2005-12-05,-0.0111134061964068,0.006506426368664805,-0.013542818121624766,train,train
2005-12-06,0.0006834100377073,0.006310435167417825,-0.013542818121624766,train,train
2005-12-07,-0.0031075179411684,0.006165362645241042,-0.013542818121624766,train,train
2005-12-08,-0.001028436463295,0.005982846784603103,-0.013542818121624766,train,train
2005-12-09,-0.0006194878255067,0.005802569622082152,-0.013542818121624766,train,train
2005-12-12,0.004821876697234,0.005748448056559584,-0.013542818121624766,train,train
2005-12-13,-0.0006074327562062,0.00557531292652032,-0.013542818121624766,train,train
2005-12-14,-0.0029662743383281,0.005454080525800892,-0.013542818121624766,train,train
2005-12-15,-0.001801248908337,0.005306302345022606,-0.013542818121624766,train,train
2005-12-16,0.006825499308141,0.005409499084990297,-0.013542818121624766,train,train
2005-12-19,-0.0025612364846013,0.005282093852752276,-0.013542818121624766,train,train
2005-12-20,0.0041705078897986,0.005222075516943308,-0.013542818121624766,train,train
2005-12-21,0.0103882846437111,0.005666467666254262,-0.013542818121624766,train,train
2005-12-22,0.0017395840583964,0.005510344238404379,-0.013542818121624766,train,train
2005-12-23,0.0021097228289408,0.005367412396403932,-0.013542818121624766,train,train
2005-12-27,0.0045402469189353,0.005321409532086443,-0.013542818121624766,train,train
2005-12-28,-0.0002971097194005,0.0051598112266643395,-0.013542818121624766,train,train
2005-12-29,0.0007981973455851,0.00500644184239392,-0.013542818121624766,train,train
2005-12-30,-0.0041092715775967,0.004957192663181744,-0.013542818121624766,train,train
2006-01-02,0.004906922846324,0.004954190858565637,-0.013542818121624766,train,train
2006-01-03,0.0029067121823431,0.0048557497033896325,-0.013542818121624766,train,train
2006-01-04,0.0071567618837352,0.005023620339026378,-0.013542818121624766,train,train
2006-01-05,0.0016323077803575,0.004886964431365105,-0.013542818121624766,train,train
2006-01-06,0.0,0.0047380878075677325,-0.012402725328939634,train,train
2006-01-09,0.0044706799631218,0.00472247035648168,-0.012402725328939634,train,train
2006-01-10,-0.0084828286508283,0.005028033970344286,-0.012402725328939634,train,train
2006-01-11,0.0088203040998869,0.005332178160507098,-0.012402725328939634,train,train
2006-01-12,-0.0009488551772732,0.00517496048952181,-0.011172762499074599,train,train
2006-01-13,-0.0096393760320778,0.005545129152805449,-0.011558278292824431,train,train
2006-01-16,0.004386417610756,0.0054825167076236365,-0.011558278292824431,train,train
2006-01-17,-0.0084867543960296,0.005707539758347869,-0.011558278292824431,train,train
2006-01-18,-0.0091288604858461,0.005968384631852818,-0.011558278292824431,train,train
2006-01-19,0.0105344785377835,0.006335837157842202,-0.011558278292824431,train,train
2006-01-20,-0.0074759826009819,0.006409967355007619,-0.009960547571443566,train,train
2006-01-23,-0.0026756264029632,0.006249156679234534,-0.009960547571443566,train,train
2006-01-24,-0.0043597289719823,0.006152176513403432,-0.009960547571443566,train,train
2006-01-25,0.0147515357079987,0.0069738646133696985,-0.009960547571443566,train,train
2006-01-26,0.0060882327415335,0.0069239219422072,-0.009960547571443566,train,train
2006-01-27,0.0121388521335163,0.0073420267791144715,-0.009960547571443566,train,train
2006-01-30,0.0013417059080663,0.0071259417817116895,-0.009960547571443566,train,train
2006-01-31,0.0059884559503504,0.007062860594682648,-0.009960547571443566,train,train
2006-02-01,0.0104635075763386,0.0073116386153263485,-0.009960547571443566,train,train
2006-02-02,-0.0076128040817605,0.007330057492673551,-0.009960547571443566,train,train
2006-02-03,0.0035676089833705,0.007160281300803708,-0.009960547571443566,train,train
2006-02-06,0.001046375869791,0.0069468802174712735,-0.009960547571443566,train,train
2006-02-07,-0.0011090307128015,0.006740726445855545,-0.009960547571443566,train,train
2006-02-08,0.0024578078717704,0.006563047966368762,-0.009960547571443566,train,train
2006-02-09,0.012622491942029,0.007074519125843179,-0.009960547571443566,train,train
2006-02-10,-0.0028512268825096,0.0068944659905128556,-0.009960547571443566,train,train
2006-02-13,0.0073014339293798,0.006919559080041445,-0.009960547571443566,train,train
2006-02-14,3.513527294683671e-05,0.006708766955238293,-0.009960547571443566,train,train
2006-02-15,-0.0016247116117958,0.006516554464239955,-0.009960547571443566,train,train
2006-02-16,0.0061162160265451,0.006493230249212127,-0.009960547571443566,train,train
2006-02-17,0.0038450385828134,0.006365483173124078,-0.009960547571443566,train,train
2006-02-20,0.0038476656048112,0.006243115031943034,-0.009960547571443566,train,train
2006-02-21,0.0078835485374528,0.00635349639462329,-0.009960547571443566,train,train
2006-02-22,0.010982784540089,0.006721770215169717,-0.009960547571443566,train,train
2006-02-23,-0.0013875555942167,0.006525854868722773,-0.009960547571443566,train,train
2006-02-24,0.0040721505865576,0.0064051947265911305,-0.009960547571443566,train,train
2006-02-27,0.0038865452994894,0.006282614294886865,-0.009960547571443566,train,train
2006-02-28,-0.0078138731669776,0.006384854318447253,-0.009084996971317835,train,train
2006-03-01,0.0136618324624347,0.007036982504001622,-0.009084996971317835,train,train
2006-03-02,-0.0078105541532949,0.007085778769254696,-0.009084996971317835,train,train
2006-03-03,-0.0045744855450746,0.006960698255271316,-0.009084996971317835,train,train
2006-03-06,0.0002891300374792,0.006749018947935712,-0.009084996971317835,train,train
2006-03-07,-0.004927450582408,0.006653802484936259,-0.009084996971317835,train,train
2006-03-08,-0.0061807429186718,0.006626371347852005,-0.009084996971317835,train,train
2006-03-09,0.0060354325194205,0.006592408979048908,-0.009084996971317835,train,train
2006-03-10,0.0061522105149746,0.00656682925249742,-0.009084996971317835,train,train
2006-03-13,0.0062328215571342,0.006547269317765466,-0.009084996971317835,train,train
2006-03-14,-0.0008783974439526,0.006351458597232957,-0.009084996971317835,train,train
2006-03-15,0.0009037069463984,0.00616194497770961,-0.009084996971317835,train,train
2006-03-16,0.0014172163191616,0.005984304644613217,-0.009084996971317835,train,train
2006-03-17,0.0008763620069042,0.005805968358232386,-0.009084996971317835,train,train
2006-03-20,0.0041269117850842,0.005719142987817314,-0.009084996971317835,train,train
2006-03-21,0.0009557921901878,0.005549855227557147,-0.009084996971317835,train,train
2006-03-22,0.0015239053908522,0.005393716411014662,-0.009084996971317835,train,train
2006-03-23,-0.0038058424358165,0.005311846413242541,-0.009084996971317835,train,train
2006-03-24,0.0040401588424683,0.005244248524540716,-0.009084996971317835,train,train
2006-03-27,-0.00964964151821,0.005607044579608438,-0.009472626012044632,train,train
2006-03-28,-0.0055391039755004,0.005602991375483068,-0.009472626012044632,train,train
2006-03-29,0.0036538329604677,0.005505536425335264,-0.009472626012044632,train,train
2006-03-30,0.0044328042504442,0.005447133251740512,-0.009472626012044632,train,train
2006-03-31,-0.0013066896340365,0.005290881901012915,-0.009472626012044632,train,train
2006-04-03,0.0055270126036869,0.005305346125590384,-0.009472626012044632,train,train
2006-04-04,-0.0022004242821469,0.005171886278995855,-0.009472626012044632,train,train
2006-04-05,0.0018983977275708,0.0050358453171058,-0.009472626012044632,train,train
2006-04-06,-0.0006883812111523,0.004885343989511842,-0.009472626012044632,train,train
2006-04-07,-0.0077134607567065,0.005099454809371584,-0.009088418800028567,train,train
2006-04-10,6.768204333936925e-05,0.004944132668445805,-0.009088418800028567,train,train
2006-04-11,-0.0121659875565953,0.005644329558613261,-0.010314829853550466,train,train
2006-04-12,-0.0062638586403312,0.005683406047452914,-0.009876500747260967,train,train
2006-04-13,0.0006634931714492,0.005512662826032849,-0.009876500747260967,train,train
2006-04-18,-0.00210399267681,0.0053695150114844836,-0.009876500747260967,train,train
2006-04-19,0.0115941369821065,0.005930196515515718,-0.009876500747260967,train,train
2006-04-20,0.0053185558878456,0.005895287870308362,-0.009876500747260967,train,train
2006-04-21,0.0110735528610722,0.006326655380799102,-0.009876500747260967,train,train
2006-04-24,-0.0010497552943093,0.006139307239389995,-0.009876500747260967,train,train
2006-04-25,0.0016119872149075,0.005965361509892786,-0.009876500747260967,train,train
2006-04-26,0.0004277105730926,0.005784581389102225,-0.009876500747260967,train,train
2006-04-27,-0.0028802961760519,0.0056525627196896905,-0.009876500747260967,train,train
2006-04-28,0.0001009255464723,0.005480418646415619,-0.009876500747260967,train,train
2006-05-02,0.0030895961235883,0.005367087243560954,-0.009876500747260967,train,train
2006-05-03,-0.0044358890423938,0.005315817401583768,-0.009876500747260967,train,train
2006-05-04,0.0043688413280143,0.005263805300457445,-0.009876500747260967,train,train
2006-05-05,0.0088387617459738,0.005543700029653648,-0.009876500747260967,train,train
2006-05-08,0.0027631519437529,0.005417264433042831,-0.009876500747260967,train,train
2006-05-09,0.0012918411614246,0.005261756352819965,-0.009876500747260967,train,train
2006-05-10,-0.00153221357958,0.00511524934178792,-0.009876500747260967,train,train
2006-05-11,-0.0046855920628855,0.005090492673379324,-0.009876500747260967,train,train
2006-05-12,-0.0251461887204643,0.007892919431248318,-0.01565393926508987,train,train
2006-05-15,-0.0105160765645892,0.008074376663125443,-0.015942750947216266,train,train
2006-05-16,0.0007074141839258,0.00783031615439635,-0.015942750947216266,train,train
2006-05-17,-0.0304435190715611,0.010641592513377061,-0.022585231782873565,train,train
2006-05-18,-0.0033751556120557,0.010350477393427437,-0.022585231782873565,train,train
2006-05-19,0.0053823176071427,0.010121393180041509,-0.022585231782873565,train,train
2006-05-22,-0.028857495606066,0.012093855756951067,-0.028149067799363797,train,train
2006-05-23,0.0190408887304894,0.012618993338002635,-0.028149067799363797,train,train
2006-05-24,-0.0102215990202731,0.012488135108356108,-0.028149067799363797,train,train
2006-05-25,0.0144685776679087,0.01261573191532784,-0.028149067799363797,train,train
2006-05-26,0.0182650901373787,0.013023981776609267,-0.028149067799363797,train,train
2006-05-29,-0.0038092802494354,0.012661646504287173,-0.028149067799363797,train,train
2006-05-30,-0.0182638963476861,0.013065697427060572,-0.028149067799363797,train,train
2006-05-31,0.0155428169974397,0.013227412895692093,-0.028149067799363797,train,train
2006-06-01,0.0005201589244942,0.01282508552473386,-0.028149067799363797,train,train
2006-06-02,0.0012595021793771,0.012438208485876293,-0.028149067799363797,train,train
2006-06-05,-0.006437575806697,0.01216195015011391,-0.028149067799363797,train,train
2006-06-06,-0.0156968901327305,0.012402491328638982,-0.028149067799363797,train,train
2006-06-07,0.0100911297500853,0.012276088044060723,-0.028149067799363797,train,train
2006-06-08,-0.0245398260530373,0.013333880949235991,-0.028149067799363797,train,train
2006-06-09,0.0132060401445814,0.013326245085406177,-0.028149067799363797,train,train
2006-06-12,-0.0060370812881009,0.01300462458591104,-0.028149067799363797,train,train
2006-06-13,-0.0214311824269454,0.013657627165663652,-0.028149067799363797,train,train
2006-06-14,0.0050347739403599,0.013298867242225142,-0.028149067799363797,train,train
2006-06-15,0.0168404437842873,0.013537514932285529,-0.028149067799363797,train,train
2006-06-16,-0.006682123047895,0.013226772017955666,-0.028149067799363797,train,train
2006-06-19,0.0085379084452406,0.012993244435907266,-0.028149067799363797,train,train
2006-06-20,0.0042146844242333,0.012639649947712694,-0.028149067799363797,train,train
2006-06-21,0.0046633515958678,0.012307717767282107,-0.028149067799363797,train,train
2006-06-22,0.0081154561719402,0.012097221142619833,-0.028149067799363797,train,train
2006-06-23,0.0024777810382359,0.011744384093831736,-0.028149067799363797,train,train
2006-06-26,0.0002128010169127,0.011386722150610725,-0.028149067799363797,train,train
2006-06-27,-0.0055221694780327,0.011122394355521807,-0.028149067799363797,train,train
2006-06-28,-0.0022943257195907,0.010798195805698898,-0.028149067799363797,train,train
2006-06-29,0.0175239488111922,0.011315047397821963,-0.028149067799363797,train,train
2006-06-30,0.0140837107098621,0.011499979747791088,-0.028149067799363797,train,train
2006-07-03,0.0018600491158556,0.011158949283442082,-0.028149067799363797,train,train
2006-07-04,0.0028913383723241,0.01084215893716759,-0.028149067799363797,train,train
2006-07-05,-0.0070834438409979,0.01065409669528999,-0.028149067799363797,train,train
2006-07-06,0.0099836502765285,0.010615064115664843,-0.028149067799363797,train,train
2006-07-07,-0.0008682803692202,0.010293883895637705,-0.028149067799363797,train,train
2006-07-10,0.0019590684687413,0.009991820648579022,-0.028149067799363797,train,train
2006-07-11,-0.0098600236612775,0.009983961892807135,-0.028149067799363797,train,train
2006-07-12,0.0001820012147468,0.009679912852858422,-0.028149067799363797,train,train
2006-07-13,-0.0141672976275496,0.010006068628220177,-0.028149067799363797,train,train
2006-07-14,-0.0119213219142992,0.010131199326839539,-0.028149067799363797,train,train
2006-07-17,-0.0054238269825596,0.009912002913657217,-0.028149067799363797,train,train
2006-07-18,-0.0016472770199382,0.009618510536957019,-0.028149067799363797,train,train
2006-07-19,0.023439686795404,0.010951252680701793,-0.028149067799363797,train,train
2006-07-20,0.0018100849197046,0.010626886825640709,-0.028149067799363797,train,train
2006-07-21,-0.0098770452078877,0.010583394611890692,-0.028149067799363797,train,train
2006-07-24,0.0198909793846852,0.011358996904359797,-0.028149067799363797,train,train
2006-07-25,0.004341244190389,0.011064175798499195,-0.028149067799363797,train,train
2006-07-26,0.0020045369437716,0.010738347965847739,-0.028149067799363797,train,train
2006-07-27,0.011383014889329,0.010778115405381863,-0.028149067799363797,train,train
2006-07-28,0.0100610520703973,0.01073644221872501,-0.028149067799363797,train,train
2006-07-31,-0.0058552613645023,0.010507709796328481,-0.028149067799363797,train,train
2006-08-01,-0.0094710504057667,0.010448411123292407,-0.028149067799363797,train,train
2006-08-02,0.0132715739227036,0.010638948151222809,-0.028149067799363797,train,train
2006-08-03,-0.0052654495971477,0.010395166293337928,-0.028149067799363797,train,train
2006-08-04,0.0112409585565202,0.010447844863240664,-0.027946946910221468,train,train
2006-08-07,-0.0121057052415071,0.010554662501132796,-0.027946946910221468,train,train
2006-08-08,0.0036826254369003,0.010272806349219283,-0.027946946910221468,train,train
2006-08-09,0.0065359446373081,0.010087706954970677,-0.024942834695349567,train,train
2006-08-10,-0.0085321585581544,0.010001199202720202,-0.024942834695349567,train,train
2006-08-11,-0.002806601769659,0.009720862470611798,-0.024942834695349567,train,train
2006-08-14,0.0106417333912293,0.009778560554416803,-0.021411634942556268,train,train
2006-08-15,0.0073657215954156,0.009650816701330658,-0.021411634942556268,train,train
2006-08-16,0.004543019373379,0.009422754837314596,-0.021411634942556268,train,train
2006-08-17,0.0034722004202211,0.009175204670533432,-0.021411634942556268,train,train
2006-08-18,-0.0016559328616303,0.008904933729115641,-0.021411634942556268,train,train
2006-08-21,-0.0010694846567777,0.008637627097913518,-0.021411634942556268,train,train
2006-08-22,0.0021461528805871,0.008390973966165335,-0.020555966204237733,train,train
2006-08-23,-0.005652884235075,0.008252347754749681,-0.020555966204237733,train,train
2006-08-24,0.0035979440853209,0.00804934040501882,-0.020555966204237733,train,train
2006-08-25,-0.0010870742780834,0.007808666462827097,-0.020555966204237733,train,train
2006-08-28,0.0061009992146598,0.0077168702915791304,-0.020555966204237733,train,train
2006-08-29,0.0024728846687913,0.007506263477013164,-0.020046102035844098,train,train
2006-08-30,0.0020807876139509,0.0072954185986016966,-0.020046102035844098,train,train
2006-08-31,-0.0022371741446856,0.0070943668826973635,-0.015901395098667368,train,train
2006-09-01,0.0039691440110945,0.006946616818940192,-0.015901395098667368,train,train
2006-09-04,0.0069958685721493,0.00694958176728348,-0.015901395098667368,train,train
2006-09-05,-0.0054060225065684,0.006866759810583218,-0.012731441594451965,train,train
2006-09-06,-0.0090067448114915,0.007013596367372888,-0.012731441594451965,train,train
2006-09-07,-0.0073307983451058,0.007033031936992533,-0.012731441594451965,train,train
2006-09-08,0.0055775981692448,0.006954300972305218,-0.012731441594451965,train,train
2006-09-11,-0.0021958112346913,0.0067638642144342885,-0.012731441594451965,train,train
2006-09-12,0.0090586791816548,0.006923037460218979,-0.012731441594451965,train,train
2006-09-13,0.0034466132158059,0.006765019539855123,-0.012731441594451965,train,train
2006-09-14,0.000622373606753,0.0065607012541745325,-0.012731441594451965,train,train
2006-09-15,0.0052178877004961,0.006487974569388736,-0.012731441594451965,train,train
2006-09-18,0.0007652322427814,0.006293116874441185,-0.012731441594451965,train,train
2006-09-19,-0.0038240525905496,0.006172886155484414,-0.012731441594451965,train,train
2006-09-20,0.0150162475684027,0.0070247785403805075,-0.012731441594451965,train,train
2006-09-21,0.0040799023019783,0.006883705317380192,-0.012731441594451965,train,train
2006-09-22,-0.0070296334337162,0.006892548130806333,-0.012731441594451965,train,train
2006-09-25,0.0003066488564831,0.006682995478273489,-0.012731441594451965,train,train
2006-09-26,0.0179208746099083,0.00782637512874957,-0.012731441594451965,train,train
2006-09-27,0.0260189693277273,0.009909400823924126,-0.012731441594451965,train,train
2006-09-28,-0.0015301139733365,0.009614828450581987,-0.012731441594451965,train,train
2006-09-29,0.0003479622496071,0.009322311689152143,-0.012731441594451965,train,train
2006-10-02,-0.0014544982353244,0.009045335782761977,-0.012731441594451965,train,train
2006-10-03,-0.0042985467064357,0.00883276081895032,-0.012731441594451965,train,train
2006-10-04,0.0094493802765862,0.008870966752298705,-0.012731441594451965,train,train
2006-10-05,0.0102533516282504,0.008959926407617332,-0.011301357454564667,train,train
2006-10-06,0.0027180294183858,0.008712446578962533,-0.010484600285053833,train,train
2006-10-09,-0.0006540728298068,0.008448549611844679,-0.010484600285053833,train,train
2006-10-10,0.0068997236595233,0.008363712232366675,-0.010484600285053833,train,train
2006-10-11,0.0019928309230029,0.008123599194491944,-0.010484600285053833,train,train
2006-10-12,0.0109496549504649,0.008320275755793168,-0.010484600285053833,train,train
2006-10-13,0.0035440972518663,0.008113384426559263,-0.010194500152921766,train,train
2006-10-16,0.0016411982499269,0.007876483882017414,-0.010194500152921766,train,train
2006-10-17,-0.0173120791027241,0.008734938088767309,-0.012962944916665968,train,train
2006-10-18,0.0114776381545142,0.008923304626991037,-0.012962944916665968,train,train
2006-10-19,0.0048768103179336,0.008733546832229221,-0.012962944916665968,train,train
2006-10-20,0.0069795965646761,0.00863835840578723,-0.012962944916665968,train,train
2006-10-23,0.0046139343806144,0.0084511102949933,-0.012962944916665968,train,train
2006-10-24,-0.0030073316715699,0.008226702372884465,-0.0128081763852409,train,train
2006-10-25,0.0041519643697737,0.008040661820010448,-0.0128081763852409,train,train
2006-10-26,-0.0002347098656279,0.007795922862420375,-0.0128081763852409,train,train
2006-10-27,0.0067766353691968,0.007738552558187036,-0.0128081763852409,train,train
2006-10-30,-0.000918373323841,0.007506176691751286,-0.011616994157456666,train,train
2006-10-31,0.0028980981630783,0.007312049342960777,-0.011616994157456666,train,train
2006-11-01,0.0014241021039129,0.007097871911101361,-0.011616994157456666,train,train
2006-11-02,-0.003877500326745,0.006946876928048463,-0.011216540753107134,train,train
2006-11-03,0.0054808936768581,0.006867748163704484,-0.011216540753107134,train,train
2006-11-06,0.0125203323119494,0.007330861492468739,-0.011216540753107134,train,train
2006-11-07,0.0064080970199691,0.0072787952886103026,-0.011216540753107134,train,train
2006-11-08,0.002280789737386,0.00707913337293879,-0.011216540753107134,train,train
2006-11-09,0.0014892684236517,0.006873162065556547,-0.011216540753107134,train,train
2006-11-10,-0.0077542457244249,0.006929187180176829,-0.011357689879546834,train,train
2006-11-13,0.0063714272015378,0.006896993689595565,-0.011357689879546834,train,train
2006-11-14,0.0015103531218369,0.006697109871446065,-0.011357689879546834,train,train
2006-11-15,0.004319912871284,0.006578746280662922,-0.011357689879546834,train,train
2006-11-16,0.0047157332002185,0.0064820827551609235,-0.011357689879546834,train,train
2006-11-17,-0.0050191317102841,0.006403737504112744,-0.011357689879546834,train,train
2006-11-20,0.006050823262102,0.006383112916848408,-0.011357689879546834,train,train
2006-11-21,-0.0019590177416217,0.006207233498862604,-0.011357689879546834,train,train
2006-11-22,0.0046629660319991,0.006125565931387287,-0.011357689879546834,train,train
2006-11-23,-0.0007137569291033,0.005941529385454289,-0.011357689879546834,train,train
2006-11-24,-0.0138376326546551,0.006683746688874023,-0.0133854855229569,train,train
2006-11-27,-0.0216187950727432,0.008368659369146792,-0.017589502276707466,train,train
2006-11-28,-0.0039754730655119,0.00817194317309393,-0.017589502276707466,train,train
2006-11-29,0.0177484833222173,0.009037385436350574,-0.017589502276707466,train,train
2006-11-30,-0.0092499285428699,0.009050278784465357,-0.017589502276707466,train,train
2006-12-01,-0.0137189409253409,0.009396044578370769,-0.017589502276707466,train,train
2006-12-04,0.0135095642412192,0.009692214094563978,-0.017589502276707466,train,train
2006-12-05,0.0133507120764008,0.009949731855099914,-0.017589502276707466,train,train
2006-12-06,-0.0018117536959287,0.009656825629386152,-0.017589502276707466,train,train
2006-12-07,0.0039686872927213,0.009412972595935439,-0.017589502276707466,train,train
2006-12-08,0.0009808183862196,0.009129377316593199,-0.017589502276707466,train,train
2006-12-11,0.0094039582251091,0.009146084637448895,-0.017589502276707466,train,train
2006-12-12,-0.0006617029449694,0.008868939248348633,-0.017589502276707466,train,train
2006-12-13,0.0089247138399433,0.008872295611336303,-0.017589502276707466,train,train
2006-12-14,0.0017015991342853,0.008612101835607218,-0.017589502276707466,train,train
2006-12-15,0.0024843350442899,0.008371888399996398,-0.017589502276707466,train,train
2006-12-18,-0.0048841370505475,0.008204540946499472,-0.017589502276707466,train,train
2006-12-19,-0.0098757635378784,0.008314292810671546,-0.017589502276707466,train,train
2006-12-20,0.0017548794137474,0.008072458928387134,-0.017589502276707466,train,train
2006-12-21,-0.0036187733973719,0.007876575957582007,-0.017589502276707466,train,train
2006-12-22,-0.005975306618731,0.007775620826525454,-0.017589502276707466,train,train
2006-12-27,0.0094321280482268,0.007884831314283865,-0.017589502276707466,train,train
2006-12-28,-0.002722170463096,0.007673652564798452,-0.017589502276707466,train,train
2006-12-29,-0.0010103274280679,0.007443997095300211,-0.017589502276707466,train,train
2007-01-02,0.01528572260415,0.008130652256824729,-0.017589502276707466,train,train
2007-01-03,0.0007445661999003,0.007885069339180635,-0.017589502276707466,train,train
2007-01-04,0.0005077485069684,0.007645869988918532,-0.017589502276707466,train,train
2007-01-05,-0.0054171012815306,0.007530768047939068,-0.017589502276707466,train,train
2007-01-08,0.0012295825342389,0.007307559903337004,-0.017589502276707466,train,train
2007-01-09,-0.000754340417492,0.00708735124036723,-0.017589502276707466,train,train
2007-01-10,-0.0137474617707129,0.007652207332287043,-0.017589502276707466,train,train
2007-01-11,0.0149555374267576,0.008274236304113992,-0.017589502276707466,train,train
2007-01-12,0.0027459633833977,0.008050318386592953,-0.0164012964993704,train,train
2007-01-15,0.0033698289450853,0.007848599453732726,-0.0164012964993704,train,train
2007-01-16,-0.0042471919460441,0.007680286514682779,-0.0164012964993704,train,train
2007-01-17,-0.0042302613235075,0.007518064880184984,-0.0164012964993704,train,train
2007-01-18,-0.0020798266606404,0.007306816153866829,-0.0164012964993704,train,train
2007-01-19,0.0092523979545786,0.007437916418098425,-0.0164012964993704,train,train
2007-01-22,-0.0026567068127479,0.007240630502200419,-0.0164012964993704,train,train
2007-01-23,0.0006195579608421,0.007021691917852986,-0.0164012964993704,train,train
2007-01-24,0.0119063965312062,0.007406189617298937,-0.0164012964993704,train,train
2007-01-25,-0.0002338808767102,0.007180795776542654,-0.0164012964993704,train,train
2007-01-26,-0.0084206486362536,0.007261159529487176,-0.0164012964993704,train,train
2007-01-29,0.0063341912971807,0.007208903537519383,-0.0164012964993704,train,train
2007-01-30,0.003193381798649,0.007032926420714244,-0.0164012964993704,train,train
2007-01-31,-1.37560216567452e-05,0.006818675982221002,-0.0164012964993704,train,train
2007-02-01,0.0012566533135796,0.006618113951460667,-0.0164012964993704,train,train
2007-02-02,0.0040886861814262,0.006494190297447277,-0.0164012964993704,train,train
2007-02-05,-0.0009915252389797,0.0063010336057081045,-0.0164012964993704,train,train
2007-02-06,0.0059004523371763,0.006277719593709523,-0.0164012964993704,train,train
2007-02-07,0.0102443949961851,0.0065834668093400096,-0.0164012964993704,train,train
2007-02-08,-0.001927160962565,0.006400339840855226,-0.0164012964993704,train,train
2007-02-09,0.0033331713653938,0.006258841023288357,-0.0164012964993704,train,train
2007-02-12,-0.0071851819689654,0.0063182525980794825,-0.0164012964993704,train,train
2007-02-13,0.0037575509954574,0.006194533744242388,-0.0164012964993704,train,train
2007-02-14,0.0054557718929839,0.006152709990479037,-0.0164012964993704,train,train
2007-02-15,-0.0019340045145739,0.005984054831054579,-0.0164012964993704,train,train
2007-02-16,-0.0017290191122847,0.005817194161556096,-0.0164012964993704,train,train
2007-02-19,0.0043403617676682,0.0057393107125248005,-0.0164012964993704,train,train
2007-02-20,-0.0019931772756774,0.005585845642939341,-0.0164012964993704,train,train
2007-02-21,-0.0065577475482455,0.005648877271487756,-0.016361732589599,train,train
2007-02-22,0.0001690327291005,0.005476946219056886,-0.012447388744644067,train,train
2007-02-23,-0.0016374516337525,0.005325222846457015,-0.012447388744644067,train,train
2007-02-26,0.0060088280910406,0.005368694381711702,-0.012447388744644067,train,train
2007-02-27,-0.0306061437987348,0.009126755661027606,-0.019357515498262867,train,train
2007-02-28,-0.0111597801520223,0.009261330916494764,-0.018504461907156666,train,train
2007-03-01,-0.0129623006948425,0.009524032217624177,-0.019105302088096732,train,train
2007-03-02,-0.0073286055302285,0.009406767023928278,-0.019105302088096732,train,train
2007-03-05,-0.0153803681926419,0.009867693420267496,-0.0199113245873632,train,train
2007-03-06,0.0055703395098798,0.009663892174767198,-0.0199113245873632,train,train
2007-03-07,0.0062584392675475,0.00949407430830041,-0.0199113245873632,train,train
2007-03-08,0.0200171846785209,0.010429307795845265,-0.0199113245873632,train,train
2007-03-09,0.0044427204413219,0.01016998030133955,-0.0199113245873632,train,train
2007-03-12,-0.0077948203394268,0.010043323295468134,-0.0199113245873632,train,train
2007-03-13,-0.0116320733571418,0.010145666566737299,-0.0199113245873632,train,train
2007-03-14,-0.0275888634603765,0.011934286752903344,-0.024525125150584397,train,train
2007-03-15,0.0245448752378072,0.0130395023796487,-0.024525125150584397,train,train
2007-03-16,0.0026505728672132,0.012658927172623936,-0.024525125150584397,train,train
2007-03-19,0.0193292079877356,0.013154870878046556,-0.024525125150584397,train,train
2007-03-20,0.0051096637206802,0.012815385673061066,-0.024525125150584397,train,train
2007-03-21,-0.0008870812401508,0.012426877248123865,-0.024525125150584397,train,train
2007-03-22,0.0124721097903863,0.012429595842542477,-0.024525125150584397,train,train
2007-03-23,0.003829803922867,0.012087398625248887,-0.024525125150584397,train,train
2007-03-26,-0.0052455661521643,0.011789395703323071,-0.024525125150584397,train,train
2007-03-27,0.0046334867319714,0.011486453410182005,-0.024525125150584397,train,train
2007-03-28,-0.0037078078414798,0.01117350283335469,-0.024525125150584397,train,train
2007-03-29,0.0084089238172753,0.011027190740113754,-0.024525125150584397,train,train
2007-03-30,0.0024891746765291,0.010708630113881791,-0.024525125150584397,train,train
2007-04-02,0.0060668973725754,0.010488217579967605,-0.024525125150584397,train,train
2007-04-03,0.0149847596271872,0.010810880019199722,-0.024525125150584397,train,train
2007-04-04,-0.0006757088299054,0.010482843799634172,-0.024525125150584397,train,train
2007-04-05,0.0021258657960495,0.010176825222182292,-0.024525125150584397,train,train
2007-04-10,0.0020413104226336,0.009879459610786819,-0.024525125150584397,train,train
2007-04-11,-0.0005266388565974,0.009579360092313822,-0.024525125150584397,train,train
2007-04-12,-0.0076704826741118,0.009475677794160834,-0.024525125150584397,train,train
2007-04-13,0.0055144929990102,0.009285781575150016,-0.024525125150584397,train,train
2007-04-16,0.003701723260954,0.009048445192393721,-0.024525125150584397,train,train
2007-04-17,-0.0036549363824528,0.008818356557395176,-0.024525125150584397,train,train
2007-04-18,-0.0064082165213252,0.008692613069152701,-0.024525125150584397,train,train
2007-04-19,-0.0032803530955538,0.008466018759587924,-0.024525125150584397,train,train
2007-04-20,0.0173366843116501,0.009241574681554105,-0.024525125150584397,train,train
2007-04-23,-0.0062392698571202,0.009089444963255758,-0.024525125150584397,train,train
2007-04-24,-0.0276281944811053,0.011111253618417628,-0.02860773391340553,train,train
2007-04-25,0.0028562705470895,0.010795455360508011,-0.02860773391340553,train,train
2007-04-26,-0.0006431714009518,0.010467767919730453,-0.02860773391340553,train,train
2007-04-27,-0.0142965359088565,0.010736068724055893,-0.02860773391340553,train,train
2007-04-30,-0.0020154172343134,0.010420705146317792,-0.02860773391340553,train,train
2007-05-02,0.002938426600212,0.010128854380175205,-0.02860773391340553,train,train
2007-05-03,-0.0014785809485154,0.009826965029386516,-0.02860773391340553,train,train
2007-05-04,0.0154883990271955,0.010255170279083436,-0.02860773391340553,train,train
2007-05-07,0.0035367475199472,0.009980426914065732,-0.02860773391340553,train,train
2007-05-08,-0.0078963303397727,0.009867801582615859,-0.02860773391340553,train,train
2007-05-09,0.0036138053798028,0.009608052505519993,-0.02860773391340553,train,train
2007-05-10,-0.0023299833202301,0.009332819611899303,-0.02860773391340553,train,train
2007-05-11,0.0109786324172546,0.009439663806457768,-0.02860773391340553,train,train
2007-05-14,-0.0034191687332575,0.00919033516808832,-0.02860773391340553,train,train
2007-05-15,0.0093663439718338,0.009200990644252137,-0.02860773391340553,train,train
2007-05-16,0.0063611620582167,0.009055749448241827,-0.02860773391340553,train,train
2007-05-17,0.0033057522727023,0.008817135706706617,-0.02860773391340553,train,train
2007-05-18,0.0066719048961155,0.008703345795889104,-0.02860773391340553,train,train
2007-05-21,-0.0008564896729164,0.008440814465076227,-0.02860773391340553,train,train
2007-05-22,0.0010223861956004,0.008187504156688221,-0.02860773391340553,train,train
2007-05-23,0.0101008393995972,0.008314729595809296,-0.02860773391340553,train,train
2007-05-24,-0.0085096315214742,0.008326552364227191,-0.02860773391340553,train,train
2007-05-25,-0.0027663610190938,0.008101280825588142,-0.023532475378041234,train,train
2007-05-28,0.0047319302061311,0.007939545060183316,-0.023532475378041234,train,train
2007-05-29,0.0042225936372515,0.00776685335502363,-0.023532475378041234,train,train
2007-05-30,-0.0033832405616733,0.007575707846665182,-0.023532475378041234,train,train
2007-05-31,0.0126107079239848,0.007968040265710642,-0.023171197950112767,train,train
2007-06-01,0.0111642260960453,0.00819504010941033,-0.023171197950112767,train,train
2007-06-04,-0.0056411618170608,0.008064646542157277,-0.023171197950112767,train,train
2007-06-05,-0.0064694076772082,0.007977932474054214,-0.023171197950112767,train,train
2007-06-06,-0.0255339770410085,0.009947240882716155,-0.0269170116608301,train,train
2007-06-07,-0.0136843589342994,0.010210114880578831,-0.0269170116608301,train,train
2007-06-08,0.0061335559776789,0.01001243674926436,-0.0269170116608301,train,train
2007-06-11,0.0083408316099297,0.00992008692478299,-0.02248623581032343,train,train
2007-06-12,-0.0118701683108415,0.010047770442401526,-0.02248623581032343,train,train
2007-06-13,0.0044265696649179,0.009801831489640504,-0.02248623581032343,train,train
2007-06-14,0.0166245768691307,0.01033895255250201,-0.02248623581032343,train,train
2007-06-15,0.0114539026199418,0.010409217867041746,-0.02248623581032343,train,train
2007-06-18,-0.0097840828136878,0.010372772252278305,-0.02248623581032343,train,train
2007-06-19,-0.0068695599024346,0.010196577422888764,-0.02248623581032343,train,train
2007-06-20,0.0023638414699576,0.009902890712423947,-0.02248623581032343,train,train
2007-06-21,-0.0102479984945864,0.009923935619661305,-0.02248623581032343,train,train
2007-06-22,-0.0065729233696524,0.009755389668772377,-0.02248623581032343,train,train
2007-06-25,0.0042789555673168,0.00951609886345448,-0.02248623581032343,train,train
2007-06-26,-0.0062897973848304,0.009353954371966459,-0.02248623581032343,train,train
2007-06-27,-0.0049937476376573,0.009151116083701326,-0.02248623581032343,train,train
2007-06-28,0.0093690742697177,0.009164339758161721,-0.02248623581032343,train,train
2007-06-29,0.0048532622309709,0.0089643329404812,-0.02248623581032343,train,train
2007-07-02,-0.005879450694465,0.00880975513801872,-0.02248623581032343,train,train
2007-07-03,0.0043607294199868,0.00860790544330017,-0.02248623581032343,train,train
2007-07-04,0.0080578181280569,0.008575895284612532,-0.02248623581032343,train,train
2007-07-05,-0.0055054916846898,0.008423291960872091,-0.02248623581032343,train,train
2007-07-06,0.0100715060551707,0.008531169360865324,-0.02248623581032343,train,train
2007-07-09,-0.005567203561722,0.008382936535236338,-0.02248623581032343,train,train
2007-07-10,-0.0101212986978446,0.008497273015293298,-0.02248623581032343,train,train
2007-07-11,-0.0038999749532788,0.008293613087962198,-0.02248623581032343,train,train
2007-07-12,0.0118217892023712,0.00854647640647108,-0.02248623581032343,train,train
2007-07-13,0.00545300621027,0.008393082868180166,-0.02248623581032343,train,train
2007-07-16,0.0057676384747797,0.008259125186407854,-0.02248623581032343,train,train
2007-07-17,0.0028680413389175,0.008038277152560462,-0.02248623581032343,train,train
2007-07-18,-0.0063020885935707,0.007944812448696688,-0.017838290628054802,train,train
2007-07-19,0.0098263424005087,0.008070084414217115,-0.017838290628054802,train,train
2007-07-20,-0.0183962332561069,0.009029062553012923,-0.019408915401990634,train,train
2007-07-23,0.0084437479283605,0.008995017792962311,-0.019204856410471604,train,train
2007-07-24,-0.009569613163829,0.009030524578134197,-0.019204856410471604,train,train
2007-07-25,0.0016348142445402,0.008764571225322877,-0.019204856410471604,train,train
2007-07-26,-0.0269572496851962,0.010761516848164713,-0.023629153327437202,train,train
2007-07-27,0.0032339919572888,0.010463706437955984,-0.023629153327437202,train,train
2007-07-30,-0.0054716475491805,0.010233090387985703,-0.023629153327437202,train,train
2007-07-31,0.0200960206897803,0.011075385925971562,-0.023629153327437202,train,train
2007-08-01,-0.0140623920209432,0.011276939973490043,-0.023629153327437202,train,train
2007-08-02,0.0056636516791738,0.011021063001196221,-0.023629153327437202,train,train
2007-08-03,-0.0098792742887545,0.010955911807061191,-0.023629153327437202,train,train
2007-08-06,-0.0070565016590085,0.010761864905882811,-0.023629153327437202,train,train
2007-08-07,0.0151834447683108,0.011077043458399195,-0.023629153327437202,train,train
2007-08-08,0.0236918384969335,0.012207253210874073,-0.023629153327437202,train,train
2007-08-09,-0.0111184579976818,0.012144678488618152,-0.023629153327437202,train,train
2007-08-10,-0.0262473876507137,0.013415630591425828,-0.026246204792306133,train,train
2007-08-13,0.0190441270990217,0.013818144670450012,-0.026246204792306133,train,train
2007-08-14,-0.0122044190516102,0.01372667204637436,-0.026246204792306133,train,train
2007-08-15,-0.0022425606959698,0.0133198340323406,-0.026246204792306133,train,train
2007-08-16,-0.0379551917719164,0.015912532635527568,-0.030386609702608768,train,train
2007-08-17,0.0182730564275,0.016063948725524562,-0.030386609702608768,train,train
2007-08-20,0.0022170062530548,0.015584040834792184,-0.030386609702608768,train,train
2007-08-21,-0.002055487634768,0.015117674780899445,-0.030386609702608768,train,train
2007-08-22,0.0083500266921653,0.01479914937014195,-0.030386609702608768,train,train
2007-08-23,-0.0046559459685171,0.01439356115513779,-0.030386609702608768,train,train
2007-08-24,0.00292734895193,0.013973485208646838,-0.030386609702608768,train,train
2007-08-27,-0.0020181934716063,0.013556812967546085,-0.030386609702608768,train,train
2007-08-28,-0.0127119879921547,0.013507613611943647,-0.030386609702608768,train,train
2007-08-29,0.0041542405307394,0.013135590996351311,-0.030386609702608768,train,train
2007-08-30,0.0091098580460577,0.012929443011637409,-0.030386609702608768,train,train
2007-08-31,0.0115583842553097,0.01285130505401347,-0.030386609702608768,train,train
2007-09-03,0.0046233827984542,0.012511163783033774,-0.030386609702608768,train,train
2007-09-04,0.0029652533781494,0.012151750067761423,-0.030386609702608768,train,train
2007-09-05,-0.0242813134245465,0.013197729305605687,-0.030386609702608768,train,train
2007-09-06,-0.0029325943065028,0.012815820764063164,-0.030386609702608768,train,train
2007-09-07,-0.0231558976676968,0.013658780397715155,-0.030386609702608768,train,train
2007-09-10,-0.01065969003572,0.013497639961685338,-0.030386609702608768,train,train
2007-09-11,0.0172763332618666,0.013753668925842028,-0.030386609702608768,train,train
2007-09-12,0.0010663052802031,0.01333723452607052,-0.030386609702608768,train,train
2007-09-13,0.0069427052565264,0.013042276821626777,-0.030386609702608768,train,train
2007-09-14,-0.0155198792375507,0.013204049556985006,-0.030386609702608768,train,train
2007-09-17,-0.0119095946720855,0.013129981566488164,-0.030386609702608768,train,train
2007-09-18,0.0248832352040688,0.014113934767930608,-0.030386609702608768,train,train
2007-09-19,0.0317371449353099,0.015738035057594975,-0.030386609702608768,train,train
2007-09-20,-0.0046816003729401,0.015301622317543912,-0.030386609702608768,train,train
2007-09-21,0.0016275554953759,0.014840828919883961,-0.030386609702608768,train,train
2007-09-24,0.0030471727703759,0.014408063942149184,-0.030386609702608768,train,train
2007-09-25,-0.012691705418179,0.014310888559160328,-0.030386609702608768,train,train
2007-09-26,0.014001672300195,0.01429252423834455,-0.030386609702608768,train,train
2007-09-27,0.0046673934382201,0.013904198928664496,-0.030386609702608768,train,train
2007-09-28,-0.0003497905980979,0.013480893300696118,-0.030386609702608768,train,train
2007-10-01,0.0018163459889424,0.01307778122996256,-0.030386609702608768,train,train
2007-10-02,0.0127243023474059,0.013056842359411687,-0.030386609702608768,train,train
2007-10-03,-0.0004193036800432,0.012659494989500236,-0.030386609702608768,train,train
2007-10-04,-0.0044607433834082,0.012322375520888327,-0.030386609702608768,train,train
2007-10-05,0.0117596219034331,0.012289337028815786,-0.030386609702608768,train,train
2007-10-08,-0.0055957462365993,0.011993534878759404,-0.030386609702608768,train,train
2007-10-09,0.0036196312723171,0.011661916222799296,-0.030386609702608768,train,train
2007-10-10,7.398183164651584e-05,0.011306661796791254,-0.030386609702608768,train,train
2007-10-11,0.0157659810510663,0.01162257004444166,-0.030386609702608768,train,train
2007-10-12,0.0106254665850799,0.011565168342082807,-0.030386609702608768,train,train
2007-10-15,-0.0048474833435575,0.01127554066729554,-0.030386609702608768,train,train
2007-10-16,0.006052447927489,0.011032111124093311,-0.030386609702608768,train,train
2007-10-17,0.0098209174304959,0.010963213600659246,-0.030386609702608768,train,train
2007-10-18,0.0049518931165907,0.010698214992826952,-0.029494630949058864,train,train
2007-10-19,0.001456375195271,0.010378437142139782,-0.029494630949058864,train,train
2007-10-22,-0.0130861849693319,0.010560498770685023,-0.029494630949058864,train,train
2007-10-23,0.0066195635381725,0.010366378514922924,-0.029494630949058864,train,train
2007-10-24,-0.012935222093418,0.010538182648831782,-0.029494630949058864,train,train
2007-10-25,0.0101055070637022,0.010512724304793834,-0.029494630949058864,train,train
2007-10-26,0.0140629171891763,0.010758822814893116,-0.029494630949058864,train,train
2007-10-29,0.0085635998138551,0.010639889415160305,-0.029494630949058864,train,train
2007-10-30,0.0028172347329042,0.010338811375261993,-0.029494630949058864,train,train
2007-10-31,0.0068197218536471,0.010162090128694918,-0.029494630949058864,train,train
2007-11-01,-0.0082717759414007,0.010058694143385597,-0.029494630949058864,train,train
2007-11-02,0.0040591539055237,0.009802820615705084,-0.028464134288053233,train,train
2007-11-05,0.0001390347712279,0.009504248226047533,-0.028464134288053233,train,train
2007-11-06,0.0043819249503133,0.009277012787422398,-0.028464134288053233,train,train
2007-11-07,-0.0033714337412202,0.009032230190313191,-0.028464134288053233,train,train
2007-11-08,0.0065308044882037,0.008901988301157513,-0.020985696776598003,train,train
2007-11-09,-0.0135431508493391,0.009246387838869068,-0.020985696776598003,train,train
2007-11-12,0.0027613920090569,0.008990187091069888,-0.020985696776598003,train,train
2007-11-13,0.0025387974220665,0.008738465862925296,-0.020985696776598003,train,train
2007-11-14,-0.0003731011819746,0.008472749894147683,-0.020985696776598003,train,train
2007-11-15,-0.0052704392389388,0.008315461088173855,-0.020985696776598003,train,train
2007-11-16,0.0027433268690728,0.008090094564406037,-0.020985696776598003,train,train
2007-11-19,-0.0146737157594073,0.008627962002039814,-0.020985696776598003,train,train
2007-11-20,0.0102884363354445,0.008736494717209756,-0.020985696776598003,train,train
2007-11-21,-0.0216010805234605,0.009987149760270216,-0.023012763871901265,train,train
2007-11-22,-0.0030898308574689,0.009712435018968598,-0.023012763871901265,train,train
2007-11-23,0.0048910794160294,0.009492463843969103,-0.023012763871901265,train,train
2007-11-26,-0.0040361525430482,0.009256235156928668,-0.023012763871901265,train,train
2007-11-27,-0.0009528615355921,0.008977287598707152,-0.023012763871901265,train,train
2007-11-28,0.0162492944654394,0.009570713939387214,-0.020092285809569333,train,train
2007-11-29,0.0057713648402007,0.009386222377406587,-0.020092285809569333,train,train
2007-11-30,0.0065762421842399,0.009241748642058333,-0.0172648918401395,train,train
2007-12-03,-0.0015812350705145,0.008968575201563586,-0.0172648918401395,train,train
2007-12-04,-0.0017046507763744,0.00870537596738354,-0.0172648918401395,train,train
2007-12-05,0.0059663076888844,0.00856576710725872,-0.0172648918401395,train,train
2007-12-06,-0.0067496332627044,0.008467790568885606,-0.0172648918401395,train,train
2007-12-07,0.0078501040215333,0.00843200548388882,-0.0166059823774023,train,train
2007-12-10,0.0008277818484278,0.008177646780023362,-0.0166059823774023,train,train
2007-12-11,0.0036440160657795,0.007978609128949508,-0.0166059823774023,train,train
2007-12-12,-0.0019212320688416,0.007749850280769543,-0.0166059823774023,train,train
2007-12-13,-0.0230118168489699,0.009393039523674712,-0.01976220437727923,train,train
2007-12-14,0.004923602683289,0.009186400372653577,-0.01976220437727923,train,train
2007-12-17,-0.0166507885750183,0.00979599307413424,-0.020421228649149567,train,train
2007-12-18,-0.0023790674320976,0.009515429007709788,-0.020421228649149567,train,train
2007-12-19,-0.0068945032268396,0.009378850480384742,-0.020421228649149567,train,train
2007-12-20,-0.0024342187830225,0.009112661050342292,-0.020421228649149567,train,train
2007-12-21,0.0097997637641593,0.009155341507738514,-0.020421228649149567,train,train
2007-12-27,-0.0021672361685722,0.008892293078421482,-0.020421228649149567,train,train
2007-12-28,-0.0048557328185415,0.0087030564799554,-0.020421228649149567,train,train
2008-01-02,-0.011913421229849,0.008928290815810442,-0.020421228649149567,train,train
2008-01-03,-0.0097793184644274,0.008981626715462262,-0.020421228649149567,train,train
2008-01-04,-0.0172584599054099,0.009679912584675007,-0.0206237857592801,train,train
2008-01-07,0.0044210395116491,0.009447295941693917,-0.0206237857592801,train,train
2008-01-08,0.0002386027106442,0.009159679713208382,-0.0206237857592801,train,train
2008-01-09,-0.0045774533060409,0.008951141448317448,-0.0206237857592801,train,train
2008-01-10,-0.0054587779504537,0.00878085716982465,-0.0206237857592801,train,train
2008-01-11,-0.0045545635780465,0.008586145144466017,-0.0206237857592801,train,train
2008-01-14,-0.0018068350939204,0.008336333385771257,-0.0206237857592801,train,train
2008-01-15,-0.0343056496720246,0.011659221373006946,-0.026306182348151668,train,train
2008-01-16,-0.0092284588915516,0.011527838637579836,-0.026306182348151668,train,train
2008-01-17,-0.0030080473163456,0.011200915174854074,-0.026306182348151668,train,train
2008-01-18,-0.0087638152372461,0.011069830087213394,-0.026306182348151668,train,train
2008-01-21,-0.078392756679664,0.021998048273890323,-0.04523674106688617,train,train
2008-01-22,0.0167996414443445,0.021721255887915337,-0.04523674106688617,train,train
2008-01-23,-0.0466406510902862,0.023958823008548395,-0.053113019147324934,train,train
2008-01-24,0.0672222127536183,0.02847302655509622,-0.053113019147324934,train,train
2008-01-25,0.0026211316642816,0.027613088682848785,-0.053113019147324934,train,train
2008-01-28,-0.0087435904646077,0.026857414787414408,-0.053113019147324934,train,train
2008-01-29,0.0167397913141213,0.02636009715676049,-0.053113019147324934,train,train
2008-01-30,-0.0022294723391827,0.025562896385223882,-0.053113019147324934,train,train
2008-01-31,0.0008999742047666,0.024785127970614662,-0.053113019147324934,train,train
2008-02-01,0.019885661108569,0.024518784339196995,-0.053113019147324934,train,train
2008-02-04,0.0015549584742774,0.023774894575899434,-0.053113019147324934,train,train
2008-02-05,-0.0532590015520236,0.026486263423679296,-0.0594308031073246,train,train
2008-02-06,0.0172214421565226,0.026023556738782785,-0.0594308031073246,train,train
2008-02-07,-0.0114013746851448,0.025384866666955566,-0.0594308031073246,train,train
2008-02-08,0.0035083155038324,0.024626539850690167,-0.0594308031073246,train,train
2008-02-11,-0.0090085192444887,0.02397806669135926,-0.0594308031073246,train,train
2008-02-12,0.033439352013583,0.024648371895629437,-0.0594308031073246,train,train
2008-02-13,0.0009049305854331,0.023898511184607438,-0.0594308031073246,train,train
2008-02-14,0.0034988916129641,0.02318631150445268,-0.0594308031073246,train,train
2008-02-15,-0.0181381514432676,0.022914805060863127,-0.0594308031073246,train,train
2008-02-18,0.0180630351248063,0.022653021604057945,-0.0594308031073246,train,train
2008-02-19,-0.0031976705433009,0.02197688172467811,-0.0594308031073246,train,train
2008-02-20,-0.014368313868217,0.02159609309863701,-0.0594308031073246,train,train
2008-02-21,0.0070543311304603,0.02100936881868154,-0.0594308031073246,train,train
2008-02-22,-0.0118746865906307,0.020575967884096415,-0.0594308031073246,train,train
2008-02-25,0.0106289092129649,0.020118316275691963,-0.0594308031073246,train,train
2008-02-26,0.0210588153199192,0.020175982576899534,-0.0594308031073246,train,train
2008-02-27,0.0013164465490347,0.019563998529384025,-0.0594308031073246,train,train
2008-02-28,-0.0136346989022852,0.019259785486854065,-0.0594308031073246,train,train
2008-02-29,-0.0076921490305649,0.018767874844589135,-0.0594308031073246,train,train
2008-03-03,-0.0236557647768284,0.019096461741428178,-0.0594308031073246,train,train
2008-03-04,-0.0182332962622061,0.01904577500482569,-0.0594308031073246,train,train
2008-03-05,0.0248662306932424,0.01944419755443123,-0.0594308031073246,train,train
2008-03-06,-0.0112461052121476,0.01905205244508229,-0.0594308031073246,train,train
2008-03-07,-0.0087862397349982,0.01859660562438231,-0.0594308031073246,train,train
2008-03-10,-0.0028643128305431,0.018043723938903303,-0.0594308031073246,train,train
2008-03-11,0.0312029896117369,0.019090809537862994,-0.0594308031073246,train,train
2008-03-12,0.0057432568504396,0.018562612107063767,-0.0594308031073246,train,train
2008-03-13,-0.0044343349579862,0.01802986782353794,-0.0594308031073246,train,train
2008-03-14,-0.0039701643898636,0.01750763542078559,-0.0594308031073246,train,train
2008-03-17,-0.0284627300068504,0.018350310082178155,-0.0594308031073246,train,train
2008-03-18,0.0291613062457782,0.019171665400349747,-0.0594308031073246,train,train
2008-03-19,-0.005062398819389,0.018628936144557014,-0.0594308031073246,train,train
2008-03-20,-3.856704157525053e-05,0.01806142617320973,-0.0594308031073246,train,train
2008-03-25,0.0356119428752733,0.019563610019799282,-0.0594308031073246,train,train
2008-03-26,-0.0023251487436162,0.018976172580032567,-0.0594308031073246,train,train
2008-03-27,0.0100146359660571,0.018560899607829025,-0.0594308031073246,train,train
2008-03-28,-0.0070792758317955,0.01807881476687429,-0.0594308031073246,train,train
2008-03-31,-0.0129834453776473,0.017814239304694314,-0.0594308031073246,train,train
2008-04-01,0.0318996535260511,0.018956834345152333,-0.0594308031073246,train,train
2008-04-02,0.0101389305922177,0.018546367544600283,-0.0594308031073246,train,train
2008-04-03,-0.0072377826346456,0.018068558714004316,-0.0594308031073246,train,train
2008-04-04,0.0077940531883624,0.017621841023784016,-0.0594308031073246,train,train
2008-04-07,0.0052725967309717,0.017133754427466077,-0.0594308031073246,train,train
2008-04-08,-0.0115756469409565,0.016852042738492303,-0.0594308031073246,train,train
2008-04-09,-0.0117260063861805,0.01658920785747462,-0.0594308031073246,train,train
2008-04-10,-0.0067215390133935,0.016167883395815978,-0.0594308031073246,train,train
2008-04-11,-0.0171436367983805,0.016228083166262952,-0.0594308031073246,train,train
2008-04-14,-0.008926411179957,0.0158849139515862,-0.0594308031073246,train,train
2008-04-15,0.0187140068355877,0.016068711985871346,-0.0594308031073246,train,train
2008-04-16,0.0169119775862146,0.016120551905700678,-0.0427874608830534,train,train
2008-04-17,-0.0050649762077281,0.0156786192363619,-0.0427874608830534,train,train
2008-04-18,0.0259129741917045,0.016472974503012047,-0.0351258321119008,train,train
2008-04-21,-0.0141755180383429,0.016344236731569785,-0.0351258321119008,train,train
2008-04-22,-0.009918728849241,0.016031497147691018,-0.0351258321119008,train,train
2008-04-23,0.0051070449123553,0.01559337299024328,-0.0351258321119008,train,train
2008-04-24,0.0004536920977724,0.015118744476022225,-0.0351258321119008,train,train
2008-04-25,0.0075504850074174,0.014774384518152066,-0.0351258321119008,train,train
2008-04-28,0.007594816027791,0.01444459640995754,-0.0351258321119008,train,train
2008-04-29,-0.0123691827860964,0.014328551374354511,-0.0351258321119008,train,train
2008-04-30,0.0066241321229088,0.013986482366955984,-0.0351258321119008,train,train
2008-05-02,0.0187884533540121,0.014320081928091534,-0.023450597015294967,train,train
2008-05-05,0.0009952381982133,0.013885974635793106,-0.023450597015294967,train,train
2008-05-06,-0.0048576130207394,0.013515430379617645,-0.023450597015294967,train,train
2008-05-07,0.0014982574693831,0.013108834172884627,-0.023450597015294967,train,train
2008-05-08,0.0033593555513562,0.01273609663723867,-0.023450597015294967,train,train
2008-05-09,-0.0092008990647575,0.012552093877751573,-0.023450597015294967,train,train
2008-05-12,0.0077717391593294,0.01231770079384032,-0.023450597015294967,train,train
2008-05-13,-0.0026718674473709,0.011960373748974537,-0.023450597015294967,train,train
2008-05-14,0.0121120755235723,0.0119695300748013,-0.023450597015294967,train,train
2008-05-15,-5.637673732107761e-05,0.011604898185639936,-0.023450597015294967,train,train
2008-05-16,-0.0043516874219193,0.011301746466374583,-0.023450597015294967,train,train
2008-05-19,0.0086563491866311,0.011160718958617814,-0.023450597015294967,train,train
2008-05-20,-0.0180956061204339,0.011693374468681362,-0.023450597015294967,train,train
2008-05-21,-0.0096878291870281,0.011582838518184676,-0.023450597015294967,train,train
2008-05-22,-0.0003753410757807,0.011230354941204312,-0.023450597015294967,train,train
2008-05-23,-0.020008299231127,0.01194041632718245,-0.024042264671601934,train,train
2008-05-26,0.0004492120940844,0.011577186058485317,-0.024042264671601934,train,train
2008-05-27,-0.0097873499071575,0.011477669445629095,-0.024042264671601934,train,train
2008-05-28,0.0035472236066526,0.011161883795662615,-0.024042264671601934,train,train
2008-05-29,0.0029809032972895,0.01084645278161808,-0.022234775166727835,train,train
2008-05-30,0.0045246611217053,0.010574268729477922,-0.022188878452803765,train,train
2008-06-02,-0.0223719832580195,0.011624826351702982,-0.023614337498665632,train,train
2008-06-03,0.0098535741955636,0.01152622956176311,-0.023614337498665632,train,train
2008-06-04,-0.0067606001446723,0.011297126745097742,-0.023614337498665632,train,train
2008-06-05,-0.0076673497235725,0.01111282427828896,-0.023614337498665632,train,train
2008-06-06,-0.0252029172373837,0.012417584059316273,-0.02534587683408453,train,train
2008-06-09,-0.0066760564712991,0.012149847490337191,-0.02534587683408453,train,train
2008-06-10,-0.0053716062819591,0.011852970751632212,-0.02534587683408453,train,train
2008-06-11,-0.0134890706773128,0.011957451332326558,-0.02534587683408453,train,train
2008-06-12,0.021150603879433,0.012698137126797059,-0.022527733242176735,train,train
2008-06-13,0.0112488060206659,0.012615873474116626,-0.022527733242176735,train,train
2008-06-16,-0.0133282714346701,0.01265974789915656,-0.022527733242176735,train,train
2008-06-17,0.0045504700578081,0.012324588046778986,-0.022527733242176735,train,train
2008-06-18,-0.019877900345594,0.012903084810245997,-0.022527733242176735,train,train
2008-06-19,-0.0036880692822848,0.01254258079762825,-0.022527733242176735,train,train
2008-06-20,-0.0138016132350985,0.012621664896304516,-0.022527733242176735,train,train
2008-06-23,-0.0007333700530679,0.012238476586871976,-0.022527733242176735,train,train
2008-06-24,-0.0160758458426325,0.01250197823509279,-0.022527733242176735,train,train
2008-06-25,0.019512478724892,0.013029416785207677,-0.022527733242176735,train,train
2008-06-26,-0.0300465273534714,0.014620102189009035,-0.0258738092829582,train,train
2008-06-27,0.0010013135903954,0.01417683682880005,-0.0258738092829582,train,train
2008-06-30,-0.0036127547509336,0.013773411347070838,-0.0258738092829582,train,train
2008-07-01,-0.0231188793465259,0.014504944104057619,-0.026122774645793666,train,train
2008-07-02,0.0072795996448226,0.014175660602365584,-0.026122774645793666,train,train
2008-07-03,0.0103369079067968,0.013975102583060638,-0.026122774645793666,train,train
2008-07-04,-0.0180413745588728,0.014251833370940619,-0.026122774645793666,train,train
2008-07-07,0.0182166989655103,0.014520287753315176,-0.026122774645793666,train,train
2008-07-08,-0.0157719524849602,0.014598414303067327,-0.026122774645793666,train,train
2008-07-09,0.0172396890986317,0.014770216348016353,-0.026122774645793666,train,train
2008-07-10,-0.0219307643046472,0.015294680084537115,-0.026122774645793666,train,train
2008-07-11,-0.030794316743324,0.01663697692419888,-0.0286812537780597,train,train
2008-07-14,0.0052132561584619,0.01618061628900985,-0.0286812537780597,train,train
2008-07-15,-0.0257952657555629,0.01691234303716217,-0.02887870328411944,train,train
2008-07-16,0.0121307169347542,0.016664182061754986,-0.02887870328411944,train,train
2008-07-17,0.0309141818483279,0.01784305086920863,-0.02887870328411944,train,train
2008-07-18,0.0215155642751672,0.01808444543873624,-0.02887870328411944,train,train
2008-07-21,-0.009349795738765,0.017682461865883604,-0.02887870328411944,train,train
2008-07-22,-0.0149182008681891,0.01752890336583383,-0.02887870328411944,train,train
2008-07-23,0.0275915659444936,0.018289460809230447,-0.02887870328411944,train,train
2008-07-24,-0.0220086002460275,0.018533667288969023,-0.02887870328411944,train,train
2008-07-25,-0.00732427985881,0.01805839744591193,-0.02887870328411944,train,train
2008-07-28,-0.0091270986764249,0.017650428069330194,-0.02887870328411944,train,train
2008-07-29,0.0171962941487721,0.017623510045272732,-0.02887870328411944,train,train
2008-07-30,0.0114121254169832,0.017313781110111573,-0.02887870328411944,train,train
2008-07-31,0.0053503601371046,0.016837415970537995,-0.02887870328411944,train,train
2008-08-01,-0.0265934206399598,0.01757615609998565,-0.02914475491225173,train,train
2008-08-04,-0.0105922689261007,0.017237104081491452,-0.02914475491225173,train,train
2008-08-05,0.0261923752142009,0.017901204508381226,-0.02914475491225173,train,train
2008-08-06,0.0019553026445627,0.01736246894844581,-0.02914475491225173,train,train
2008-08-07,-0.0048442703843323,0.01687530816429707,-0.02914475491225173,train,train
2008-08-08,0.0070076461327027,0.016451014873279487,-0.02914475491225173,train,train
2008-08-11,0.0207826359658888,0.016742545039528798,-0.02914475491225173,train,train
2008-08-12,-0.0042921452852444,0.01626651149465029,-0.02914475491225173,train,train
2008-08-13,-0.0253859540160395,0.016952587770353026,-0.02914475491225173,train,train
2008-08-14,-0.0076045267212824,0.016541358704293716,-0.02914475491225173,train,train
2008-08-15,0.0068089583391318,0.016123934685333748,-0.02914475491225173,train,train
2008-08-18,-0.0007361552615145,0.015633774625049366,-0.02914475491225173,train,train
2008-08-19,-0.0297422106148303,0.016817430244262726,-0.0301943515705419,train,train
2008-08-20,0.0039269466161894,0.0163334520846938,-0.0301943515705419,train,train
2008-08-21,-0.0143825115479173,0.016223013156882026,-0.0301943515705419,train,train
2008-08-22,0.0246460546308624,0.016847571548063316,-0.0301943515705419,train,train
2008-08-25,-0.0149141733657424,0.016737866682289323,-0.0301943515705419,train,train
2008-08-26,0.0081594400782676,0.016350577908841507,-0.0301943515705419,train,train
2008-08-27,0.0052140365598717,0.01590383867846913,-0.0301943515705419,train,train
2008-08-28,0.0158156101008094,0.015898558771151997,-0.0301943515705419,train,train
2008-08-29,0.0038254588830261,0.015442680106760323,-0.0301943515705419,train,train
2008-09-01,-0.00115379321861,0.014974901037216432,-0.0301943515705419,train,train
2008-09-02,0.0178073579028511,0.015159779719335444,-0.0301943515705419,train,train
2008-09-03,-0.0046142325225391,0.014741345066742425,-0.0301943515705419,train,train
2008-09-04,-0.0316368465235258,0.01625798950028424,-0.030825896873440405,train,train
2008-09-05,-0.0300997771337041,0.0174018011782054,-0.030843646800184633,train,train
2008-09-08,0.0365337401875176,0.019098067271752547,-0.030843646800184633,train,train
2008-09-09,-0.0178312984558226,0.01902443994925054,-0.030843646800184633,train,train
2008-09-10,-0.0150197555032067,0.01880822000568496,-0.030843646800184633,train,train
2008-09-11,-0.0039700062088698,0.018261156818592326,-0.030843646800184633,train,train
2008-09-12,0.0244374567453105,0.01868938241309121,-0.030843646800184633,train,train
2008-09-15,-0.0459943501766491,0.021336922200123676,-0.03614183781449964,train,train
2008-09-16,0.0011462381588418,0.02068881885827922,-0.03614183781449964,train,train
2008-09-17,-0.023187523195228,0.020847188446440512,-0.03614183781449964,train,train
2008-09-18,-0.0027991199714719,0.020223725040432093,-0.03614183781449964,train,train
2008-09-19,0.0835385544354802,0.028340439584990947,-0.03614183781449964,train,train
2008-09-22,-0.0200475657757769,0.02791243412048359,-0.03614183781449964,train,train
2008-09-23,-0.0135083287840942,0.027263643127998644,-0.03614183781449964,train,train
2008-09-24,-0.005706734837116,0.026470018355949143,-0.03614183781449964,train,train
2008-09-25,0.0288869658734953,0.026621224000804633,-0.03614183781449964,train,train
2008-09-26,-0.0044421487460377,0.025833159976895413,-0.03614183781449964,train,train
2008-09-29,-0.0396046719422731,0.026859315469826537,-0.039078622880816004,train,train
2008-09-30,0.0038115638270287,0.02605780380204084,-0.039078622880816004,train,train
2008-10-01,0.0175917230325991,0.02562882583736242,-0.039078622880816004,train,train
2008-10-02,-0.0162456606297365,0.02516469352747095,-0.039078622880816004,train,train
2008-10-03,0.0371304730537478,0.026038172248899337,-0.039078622880816004,train,train
2008-10-06,-0.0625641217428867,0.02953241251552395,-0.049387714620602964,train,train
2008-10-07,0.012599771591543,0.02879859094291584,-0.049387714620602964,train,train
2008-10-08,-0.0533596933747948,0.030829088901598727,-0.05397272176477686,train,train
2008-10-09,-0.039083080422563,0.03138560162991159,-0.05397272176477686,train,train
2008-10-10,-0.0958586628301049,0.03843547351946848,-0.07059415931592879,train,train
2008-10-13,0.1011762561626287,0.04475317391929839,-0.07059415931592879,train,train
2008-10-14,0.0266414601673624,0.04387780561161714,-0.07059415931592879,train,train
2008-10-15,-0.0519601056972647,0.044404248341996105,-0.07059415931592879,train,train
2008-10-16,-0.0419309407054944,0.04425974764812227,-0.07059415931592879,train,train
2008-10-17,0.0366009351705934,0.04383796817240343,-0.07059415931592879,train,train
2008-10-20,0.0295028819129096,0.04311248785149845,-0.07059415931592879,train,train
2008-10-21,-0.0151274666308778,0.041963029287945416,-0.07059415931592879,train,train
2008-10-22,-0.0851698344724807,0.04572172481046502,-0.0811975396818241,train,train
2008-10-23,-0.0206785557180831,0.044617302837132715,-0.0811975396818241,train,train
2008-10-24,-0.0533789940218145,0.045190933934580735,-0.0811975396818241,train,train
2008-10-27,-0.0419664420824869,0.0450039799901145,-0.0811975396818241,train,train
2008-10-28,-0.0131321584354978,0.04375138783129159,-0.0811975396818241,train,train
2008-10-29,0.0900247506821386,0.04780795169275836,-0.0811975396818241,train,train
2008-10-30,0.0197798419243304,0.046604063762152544,-0.0811975396818241,train,train
2008-10-31,0.0326804849760211,0.04588794263740802,-0.0811975396818241,train,train
2008-11-03,0.0126228195241463,0.044597322981192004,-0.0811975396818241,train,train
2008-11-04,0.0522309715086032,0.0450917997772032,-0.0811975396818241,train,train
2008-11-05,0.0018386270829781,0.043720441622787334,-0.0811975396818241,train,train
2008-11-06,-0.0647307182462694,0.0452569591094092,-0.08191973851628499,train,train
2008-11-07,0.022688022084589,0.04422878686701163,-0.08191973851628499,train,train
2008-11-10,-0.0053334298132985,0.04290129579486254,-0.08191973851628499,train,train
2008-11-11,-0.0419599194768048,0.042845396492220605,-0.08191973851628499,train,train
2008-11-12,-0.0301982486502903,0.04219360584062163,-0.08191973851628499,train,train
2008-11-13,0.0107895157000183,0.040993501562396104,-0.08191973851628499,train,train
2008-11-14,0.0104253742424285,0.039826629857559914,-0.08191973851628499,train,train
2008-11-17,-0.0384792412789621,0.03974707460463842,-0.08191973851628499,train,train
2008-11-18,0.0037581706473899,0.03854721227334067,-0.08191973851628499,train,train
2008-11-19,-0.038147550112545,0.03852334946988091,-0.08191973851628499,train,train
2008-11-20,-0.0275451023762424,0.03795430814823161,-0.08191973851628499,train,train
2008-11-21,-0.0017540805273678,0.03680057532838385,-0.08191973851628499,train,train
2008-11-24,0.0781502411622335,0.040490406461938196,-0.08191973851628499,train,train
2008-11-25,0.0085454904115344,0.03931267173454643,-0.08191973851628499,train,train
2008-11-26,-0.0048989527765329,0.03813393467336036,-0.08191973851628499,train,train
2008-11-27,0.0223052082292278,0.03737374070254062,-0.08191973851628499,train,train
2008-11-28,0.0069032045017543,0.03627461865269267,-0.08191973851628499,train,train
2008-12-01,-0.0459408865499712,0.03692602042346592,-0.08191973851628499,train,train
2008-12-02,0.037386514076695,0.036953811864864274,-0.08191973851628499,train,train
2008-12-03,0.0051031732878953,0.035849849390472116,-0.08191973851628499,train,train
2008-12-04,-0.0049447859513889,0.03477881616338695,-0.08191973851628499,train,train
2008-12-05,-0.0398152429331613,0.03510138607936536,-0.08191973851628499,train,train
2008-12-08,0.0622416376613176,0.03729104656532007,-0.08191973851628499,train,train
2008-12-09,0.0029392533461865,0.036162178824216906,-0.08191973851628499,train,train
2008-12-10,0.0098050103330246,0.035142698819720805,-0.08191973851628499,train,train
2008-12-11,0.0032940605458382,0.03408166330457433,-0.08191973851628499,train,train
2008-12-12,-0.0228116189998075,0.03351251087091997,-0.08191973851628499,train,train
2008-12-15,0.0053780185450258,0.03251827896413578,-0.08191973851628499,train,train
2008-12-16,0.0158097105615861,0.03176458681715319,-0.08191973851628499,train,train
2008-12-17,0.0031800583779668,0.030806759053847763,-0.08191973851628499,train,train
2008-12-18,0.0065999121014233,0.029911980034469668,-0.08191973851628499,train,train
2008-12-19,0.0011443899081655,0.02900209534332435,-0.08191973851628499,train,train
2008-12-22,-0.018457149316263,0.02847971600803015,-0.08191973851628499,train,train
2008-12-23,-0.0033467031892833,0.02762427548006274,-0.08191973851628499,train,train
2008-12-29,-0.0056175412305043,0.026818052990832064,-0.08191973851628499,train,train
2008-12-30,0.0195574152139495,0.026438703403097917,-0.08191973851628499,train,train
2009-01-02,0.031101827601814,0.026741431453629033,-0.08191973851628499,train,train
2009-01-05,0.0164976738268265,0.026239822814180226,-0.08191973851628499,train,train
2009-01-06,0.008250775871688,0.025520601901003203,-0.08191973851628499,train,train
2009-01-07,-0.0159638671498684,0.025050224696973038,-0.08191973851628499,train,train
2009-01-08,-0.0105571088011876,0.024424374806760445,-0.08191973851628499,train,train
2009-01-09,-0.0096562819818768,0.023798145022708356,-0.06775984891352153,train,train
2009-01-12,-0.0192271988424255,0.023548921730094503,-0.06775984891352153,train,train
2009-01-13,-0.0156215249512604,0.023149957543790033,-0.06775984891352153,train,train
2009-01-14,-0.0410874660877668,0.024597888006764473,-0.06775984891352153,train,train
2009-01-15,-0.0094316016888416,0.023960176029293803,-0.06775984891352153,train,train
2009-01-16,0.0010446179497291,0.023231661732065454,-0.06775984891352153,train,train
2009-01-19,-0.0146424666660971,0.022807709447184597,-0.06775984891352153,train,train
2009-01-20,-0.0260340421654736,0.023014047768742926,-0.06775984891352153,train,train
2009-01-21,-0.0055490901474105,0.022354309542182413,-0.054683532939351694,train,train
2009-01-22,-0.0087126819354685,0.02177812883127849,-0.054683532939351694,train,train
2009-01-23,0.0016531881534279,0.02111856206119384,-0.05087934895957583,train,train
2009-01-26,0.0244634040693758,0.02133404631194559,-0.0508771747576818,train,train
2009-01-27,-0.0030733277431544,0.02069782019254287,-0.0508771747576818,train,train
2009-01-28,0.0412938103442333,0.022472349709013423,-0.0508771747576818,train,train
2009-01-29,-0.0260916061970005,0.02270577957688098,-0.0508771747576818,train,train
2009-01-30,-0.003190024656222,0.022027933540409758,-0.0508771747576818,train,train
2009-02-02,-0.0260147516218053,0.022287263241899398,-0.0508771747576818,train,train
2009-02-03,0.0154866375776901,0.021938754140849934,-0.0508771747576818,train,train
2009-02-04,0.0158391823185607,0.02162135932472186,-0.0508771747576818,train,train
2009-02-05,-0.0065188651335311,0.021023413720506066,-0.04299609070484759,train,train
2009-02-06,0.012305215143547,0.020604610847562436,-0.04299609070484759,train,train
2009-02-09,0.0046819491258588,0.02000980329103078,-0.04299609070484759,train,train
2009-02-10,-0.0220829953900803,0.020140213881806215,-0.0422811985236331,train,train
2009-02-11,-0.0049543224116516,0.01956433594390879,-0.0422811985236331,train,train
2009-02-12,-0.0187119530268379,0.01951424294291914,-0.0422811985236331,train,train
2009-02-13,0.0078462819100624,0.019017128736112703,-0.0422811985236331,train,train
2009-02-16,-0.0233173210195859,0.019302175054012848,-0.0422811985236331,train,train
2009-02-17,-0.0291258979801176,0.02002794547864817,-0.0422811985236331,train,train
2009-02-18,0.0023177582584683,0.019426111404258015,-0.0422811985236331,train,train
2009-02-19,0.0018427581198441,0.0188397219056572,-0.0422811985236331,train,train
2009-02-20,-0.0351856548269191,0.02019705009474145,-0.0422811985236331,train,train
2009-02-23,-0.0083466227455605,0.019688208380986023,-0.0422811985236331,train,train
2009-02-24,-0.0075880048345523,0.01917870395360677,-0.0422811985236331,train,train
2009-02-25,0.0038278497231225,0.0186180683807385,-0.0422811985236331,train,train
2009-02-26,0.0391076078570052,0.02043523480545064,-0.0422811985236331,train,train
2009-02-27,-0.0247281997148392,0.020717913117128513,-0.0422811985236331,train,train
2009-03-02,-0.047069377421812,0.023160517825510114,-0.042657362147580036,train,train
2009-03-03,-0.0070532386703364,0.022521321038817176,-0.042657362147580036,train,train
2009-03-04,0.0189483867364721,0.022323077495012996,-0.042657362147580036,train,train
2009-03-05,-0.0461169411153954,0.024413662916242317,-0.04475792820832473,train,train
2009-03-06,-0.0127482752110324,0.023875016900936515,-0.04475792820832473,train,train
2009-03-09,-0.0173768388696859,0.023535775276055507,-0.04475792820832473,train,train
2009-03-10,0.048095587040936,0.025680496185685773,-0.04475792820832473,train,train
2009-03-11,0.0071598638593386,0.024959856376018993,-0.04475792820832473,train,train
2009-03-12,0.0186733610622814,0.024627960315351857,-0.04475792820832473,train,train
2009-03-13,0.0118227432147673,0.024052668853252288,-0.04475792820832473,train,train
2009-03-16,0.0277620202623715,0.02429120854073052,-0.04475792820832473,train,train
2009-03-17,0.0010993066363531,0.02355273980096472,-0.04475792820832473,train,train
2009-03-18,0.002129799746961,0.022841186961753107,-0.04475792820832473,train,train
2009-03-19,0.0052072654861719,0.02218205511991761,-0.04475792820832473,train,train
2009-03-20,0.0010900765187941,0.021507957857302234,-0.04475792820832473,train,train
2009-03-23,0.0309429523379818,0.022187489584976405,-0.04475792820832473,train,train
2009-03-24,0.0046670140171897,0.021541923628790184,-0.04475792820832473,train,train
2009-03-25,0.0103226548122432,0.02103817096026351,-0.04475792820832473,train,train
2009-03-26,0.0004706658066726,0.020397589335266374,-0.04475792820832473,train,train
2009-03-27,-0.0185710927493975,0.020292636122573274,-0.04475792820832473,train,train
2009-03-30,-0.0420574098085994,0.022208402894928852,-0.0450812427819356,train,train
2009-03-31,0.0277520054964454,0.022579433078342762,-0.0450812427819356,train,train
2009-04-01,0.0185096132323349,0.02235614674248752,-0.0450812427819356,train,train
2009-04-02,0.045872914246954,0.02441452262551617,-0.0450812427819356,train,train
2009-04-03,-0.0017772655822367,0.023674760833151384,-0.0450812427819356,train,train
2009-04-06,0.0001441283599338,0.022953559394036295,-0.0450812427819356,train,train
2009-04-07,0.0029879746321742,0.022266333669204944,-0.0450812427819356,train,train
2009-04-08,0.0070087216078221,0.02165616699415722,-0.0450812427819356,train,train
2009-04-09,0.0350835148469745,0.02268703099982825,-0.0450812427819356,train,train
2009-04-14,0.0148238858096567,0.022293589851834144,-0.0450812427819356,train,train
2009-04-15,-0.0140085082217469,0.02188511361014192,-0.0450812427819356,train,train
2009-04-16,0.0184920622483718,0.021696499437396564,-0.0450812427819356,train,train
2009-04-17,0.0174700948961325,0.021466393630685268,-0.0450812427819356,train,train
2009-04-20,-0.035239291400377,0.02253144806001413,-0.0450812427819356,train,train
2009-04-21,-0.0118151246913393,0.022035925505150936,-0.0450812427819356,train,train
2009-04-22,0.0250215097128993,0.02222637282588436,-0.0450812427819356,train,train
2009-04-23,-0.0073735917284728,0.021624826967034674,-0.0450812427819356,train,train
2009-04-24,0.0134789853001877,0.021224423091247953,-0.0450812427819356,train,train
2009-04-27,-0.0125899252269584,0.020807641395798455,-0.0450812427819356,train,train
2009-04-28,-0.013847320591614,0.020456914754742293,-0.0450812427819356,train,train
2009-04-29,0.0267859184438891,0.020890796184415427,-0.0450812427819356,train,train
2009-04-30,0.0163646784446192,0.02064722754612362,-0.0450812427819356,train,train
2009-05-04,0.0040524362197579,0.020042825633623466,-0.0450812427819356,train,train
2009-05-05,0.0068089546164008,0.01950368374423499,-0.0450812427819356,train,train
2009-05-06,0.0100513127691586,0.019069131918428673,-0.0450812427819356,train,train
2009-05-07,-1.0793153966039674e-05,0.018488209528902993,-0.0450812427819356,train,train
2009-05-08,0.0192310918456035,0.01853362219599786,-0.0450812427819356,train,train
2009-05-11,-0.0097517878660545,0.01812708704113314,-0.0450812427819356,train,train
2009-05-12,-0.0051437076489372,0.017619967968860558,-0.0450812427819356,train,train
2009-05-13,-0.0293842234310479,0.018537568075370523,-0.0450812427819356,train,train
2009-05-14,-0.0018236994366809,0.017978389725394697,-0.0450812427819356,train,train
2009-05-15,-0.0006235766874353,0.017431364782029942,-0.0450812427819356,train,train
2009-05-18,0.019925723270836,0.017591003278559704,-0.0450812427819356,train,train
2009-05-19,0.0197077875424111,0.01772514050591784,-0.0450812427819356,train,train
2009-05-20,0.0051039383761013,0.017230576914719943,-0.0450812427819356,train,train
2009-05-21,-0.0176317649670623,0.017254911246264312,-0.0450812427819356,train,train
2009-05-22,0.0089889829988536,0.016873534108499375,-0.0450812427819356,train,train
2009-05-25,0.004159613831124,0.01639119664165783,-0.0450812427819356,train,train
2009-05-26,0.0062176441658333,0.015964667038279895,-0.0450812427819356,train,train
2009-05-27,0.0111120766895342,0.01571582173880187,-0.0450812427819356,train,train
2009-05-28,-0.0079488110675421,0.015360951975496128,-0.0411378807747906,train,train
2009-05-29,-0.0011877335225332,0.014895836918854927,-0.0411378807747906,train,train
2009-06-01,0.0216853028808921,0.015387915444415978,-0.0411378807747906,train,train
2009-06-02,0.0035136826245656,0.01494394269114401,-0.035560308213341434,train,train
2009-06-03,-0.0209107870443201,0.015367426546289363,-0.035560308213341434,train,train
2009-06-04,-0.0010782801935353,0.014901613739015293,-0.035560308213341434,train,train
2009-06-05,0.0067884540159331,0.014543025578633458,-0.035560308213341434,train,train
2009-06-08,-0.0129844416669494,0.014454250617935352,-0.035560308213341434,train,train
2009-06-09,0.0107443226923634,0.014258901341883868,-0.035560308213341434,train,train
2009-06-10,0.0135842622697274,0.01421932566311382,-0.035560308213341434,train,train
2009-06-11,0.0083576058328213,0.013937318375149308,-0.035560308213341434,train,train
2009-06-12,0.0006178312069347,0.013513578941378699,-0.035560308213341434,train,train
2009-06-15,-0.0203510762605637,0.014018194789429136,-0.035560308213341434,train,train
2009-06-16,-0.0021875449558696,0.01360170280594134,-0.035560308213341434,train,train
2009-06-17,-0.0228644504621631,0.014327348874236503,-0.035560308213341434,train,train
2009-06-18,0.0107997866667728,0.014140533007673688,-0.035560308213341434,train,train
2009-06-19,0.0207654840975851,0.014622917393771535,-0.035560308213341434,train,train
2009-06-22,-0.025625960747688,0.015504880592035688,-0.035560308213341434,train,train
2009-06-23,0.0010916784622447,0.015034917643764583,-0.035560308213341434,train,train
2009-06-24,0.0283574248003579,0.016147273333909157,-0.035560308213341434,train,train
2009-06-25,0.0051440249365108,0.015705987059259345,-0.030083158526370963,train,train
2009-06-26,0.0020357672431504,0.015235682086187731,-0.030083158526370963,train,train
2009-06-29,0.0162603501404226,0.015299097598056146,-0.030083158526370963,train,train
2009-06-30,-0.0058981451170465,0.014903218814244822,-0.030083158526370963,train,train
2009-07-01,0.0117717638557786,0.014734111463550087,-0.030083158526370963,train,train
2009-07-02,-0.0266243577510919,0.015703495907682042,-0.0304159575275056,train,train
2009-07-03,0.0066455594069821,0.015311877882517715,-0.0304159575275056,train,train
2009-07-06,-0.014400973761732,0.015258757182318379,-0.0304159575275056,train,train
2009-07-07,-0.0051338632466784,0.014847265189729428,-0.0304159575275056,train,train
2009-07-08,-0.0168855170031625,0.014977384540204192,-0.0304159575275056,train,train
2009-07-09,0.00877493455981,0.01467932877882962,-0.0304159575275056,train,train
2009-07-10,-0.0104535038392677,0.01446064577894819,-0.0304159575275056,train,train
2009-07-13,0.0235307696021765,0.015158676949120665,-0.0304159575275056,train,train
2009-07-14,0.0069369882236072,0.014794785093870135,-0.02721151397660927,train,train
2009-07-15,0.027771467262904,0.015875383134004883,-0.02721151397660927,train,train
2009-07-16,0.0092750865122423,0.015558526795970584,-0.02721151397660927,train,train
2009-07-17,0.0044213574784553,0.015123379080563184,-0.02721151397660927,train,train
2009-07-20,0.0099976100170205,0.014865757010280266,-0.02721151397660927,train,train
2009-07-21,-0.0020330262333415,0.014421486724304896,-0.02721151397660927,train,train
2009-07-22,0.0030776156659034,0.014002457843898872,-0.02721151397660927,train,train
2009-07-23,0.0210890756581475,0.01452548253438967,-0.02721151397660927,train,train
2009-07-24,0.0066127264342418,0.014175822845221191,-0.02721151397660927,train,train
2009-07-27,0.0145602724217532,0.014199183360971479,-0.02721151397660927,train,train
2009-07-28,0.0068028957816961,0.013867103630260252,-0.02721151397660927,train,train
2009-07-29,-0.0002251184583195,0.013444768871425459,-0.02721151397660927,train,train
2009-07-30,0.0197629940324426,0.013905058697944056,-0.02721151397660927,train,train
2009-07-31,-0.0017764610698712,0.013488475332135931,-0.02721151397660927,train,train
2009-08-03,0.0042195526661126,0.013118342359483802,-0.02721151397660927,train,train
2009-08-04,-0.0022224677758847,0.012730350099894351,-0.02721151397660927,train,train
2009-08-05,-0.0159771700815894,0.012948138965692694,-0.025038256320314336,train,train
2009-08-06,0.0066665373884466,0.012659447371804564,-0.025038256320314336,train,train
2009-08-07,0.0157987949933572,0.012869422158296302,-0.025038256320314336,train,train
2009-08-10,-0.0022495628243871,0.012489529096855205,-0.025038256320314336,train,train
2009-08-11,-0.0083751458481998,0.0122815968390205,-0.025038256320314336,train,train
2009-08-12,0.0093633798329307,0.012126324116359749,-0.025038256320314336,train,train
2009-08-13,0.0102818947582512,0.012023639797070301,-0.025038256320314336,train,train
2009-08-14,-0.0132036667057045,0.012097687712948743,-0.025038256320314336,train,train
2009-08-17,-0.0282246683387756,0.013615091600502073,-0.0268249956125185,train,train
2009-08-18,0.0103066521846852,0.013439572198847066,-0.0268249956125185,train,train
2009-08-19,-0.0011960324034181,0.01303344177281439,-0.0268249956125185,train,train
2009-08-20,0.0182514049145416,0.013403924614078362,-0.0268249956125185,train,train
2009-08-21,0.0243510158912993,0.014299076958062736,-0.0268249956125185,train,train
2009-08-24,0.0127133896857809,0.014208926855311624,-0.0268249956125185,train,train
2009-08-25,0.0109100424032696,0.014032880237188962,-0.0268249956125185,train,train
2009-08-26,-0.0045079023592704,0.01365011703638669,-0.0268249956125185,train,train
2009-08-27,-0.0017155471679407,0.013240949343825642,-0.0268249956125185,train,train
2009-08-28,0.0075264737726855,0.012969280766537004,-0.0268249956125185,train,train
2009-08-31,-0.0068047743128409,0.01268417936612821,-0.0268249956125185,train,train
2009-09-01,-0.0170470860023701,0.012987351165303801,-0.0268249956125185,train,train
2009-09-02,-0.0156320638534575,0.013161029522517503,-0.0268249956125185,train,train
2009-09-03,0.0016713237891477,0.012766657181874702,-0.0268249956125185,train,train
2009-09-04,0.0183991214035203,0.013172696898085482,-0.0268249956125185,train,train
2009-09-07,0.014674305718704,0.013267586888890548,-0.0268249956125185,train,train
2009-09-08,-0.0019336266233371,0.012872119672303915,-0.0268249956125185,train,train
2009-09-09,0.0083580285751209,0.012646793090201914,-0.0268249956125185,train,train
2009-09-10,-0.0106304017296375,0.012534959888025369,-0.0268249956125185,train,train
2009-09-11,0.0098099291115244,0.012388373128911183,-0.0268249956125185,train,train
2009-09-14,0.0034865752088391,0.01204129784763563,-0.02396537069741253,train,train
2009-09-15,0.0087240210501597,0.011868436932518272,-0.02396537069741253,train,train
2009-09-16,0.0131620942732946,0.01195000631997488,-0.02396537069741253,train,train
2009-09-17,0.002049472225624,0.011596831988470363,-0.02396537069741253,train,train
2009-09-18,0.0005350544336716,0.011244309602349997,-0.02396537069741253,train,train
2009-09-21,-0.0042459200389358,0.010951260144207721,-0.02396537069741253,train,train
2009-09-22,0.0075857917342157,0.010779004916755512,-0.02396537069741253,train,train
2009-09-23,0.0030924947007692,0.010478050466769582,-0.02396537069741253,train,train
2009-09-24,-0.0133679202148618,0.010673530181780286,-0.020719090448102735,train,train
2009-09-25,-0.0044645581871925,0.010405994836501786,-0.020719090448102735,train,train
2009-09-28,0.0210248353876963,0.011327412193870555,-0.020719090448102735,train,train
2009-09-29,-0.0031585786905495,0.011009552586273437,-0.020719090448102735,train,train
2009-09-30,-0.0082678582292729,0.010864579239109365,-0.0204163081409117,train,train
2009-10-01,-0.0204438321600367,0.011663350870293587,-0.02190519550039413,train,train
2009-10-02,-0.0167656394951628,0.01203066616497479,-0.02190519550039413,train,train
2009-10-05,0.0201285468878796,0.01266342041708081,-0.02190519550039413,train,train
2009-10-06,0.0222563102750786,0.013433580478926269,-0.02190519550039413,train,train
2009-10-07,-0.0081313457808803,0.013175756011222128,-0.02190519550039413,train,train
2009-10-08,0.007894389227578,0.012919899247123045,-0.02190519550039413,train,train
2009-10-09,-0.0060362853442929,0.012613269727074161,-0.02190519550039413,train,train
2009-10-12,0.0004767252739378,0.01222957623283238,-0.02190519550039413,train,train
2009-10-13,-0.0120307604956028,0.012217738523586619,-0.02190519550039413,train,train
2009-10-14,0.0223697397157011,0.013051477381882157,-0.02190519550039413,train,train
2009-10-15,-0.0017874945305611,0.012661449614503143,-0.02190519550039413,train,train
2009-10-16,-0.0147328377984084,0.012795192790099661,-0.02190519550039413,train,train
2009-10-19,0.0177325994351404,0.013143844414298953,-0.02190519550039413,train,train
2009-10-20,-0.0080336394155145,0.01289447048015429,-0.02190519550039413,train,train
2009-10-21,0.0071835209461576,0.012624876443624677,-0.02190519550039413,train,train
2009-10-22,-0.0039319174508399,0.01227810463362302,-0.02190519550039413,train,train
2009-10-23,-0.0075355404189765,0.012046319120582231,-0.02190519550039413,train,train
2009-10-26,-0.0100333269713191,0.011935117724614816,-0.02190519550039413,train,train
2009-10-27,0.0009804015392381,0.011574017635422812,-0.02190519550039413,train,train
2009-10-28,-0.0177079007314797,0.012030569233021766,-0.022125467076763997,train,train
2009-10-29,0.021945123866462,0.012843123763211183,-0.022125467076763997,train,train
2009-10-30,-0.0232583460547692,0.013693287333198486,-0.0239756155178605,train,train
2009-11-02,0.0044579370797291,0.013320966297178724,-0.0239756155178605,train,train
2009-11-03,-0.0196763151845825,0.013785162213761545,-0.0239756155178605,train,train
2009-11-04,0.01284147645039,0.01373037022332942,-0.0239756155178605,train,train
2009-11-05,0.0140563998240577,0.013750150000721297,-0.0239756155178605,train,train
2009-11-06,0.0027410251599313,0.013348161696482341,-0.0239756155178605,train,train
2009-11-09,0.0201910008997598,0.013854371385052376,-0.021126164466462802,train,train
2009-11-10,-0.0002369625658587,0.013432436828882455,-0.021126164466462802,train,train
2009-11-11,-0.0010670683424226,0.013025853357958805,-0.021126164466462802,train,train
2009-11-12,0.0028007956783672,0.01264765400170251,-0.021126164466462802,train,train
2009-11-13,0.0027424468921765,0.012280741978372443,-0.021126164466462802,train,train
2009-11-16,0.0100529906015879,0.012158592983118336,-0.021126164466462802,train,train
2009-11-17,-0.0022968089523507,0.011801610915938647,-0.021126164466462802,train,train
2009-11-18,0.0062516412646666,0.011544103261347544,-0.021126164466462802,train,train
2009-11-19,-0.0157621057950404,0.011839635959258988,-0.021126164466462802,train,train
2009-11-20,-0.0107701295107914,0.011778204542699407,-0.021126164466462802,train,train
2009-11-23,0.0186989629221345,0.012303723378574744,-0.021126164466462802,train,train
2009-11-24,-0.002960690177226,0.011950926893652595,-0.021126164466462802,train,train
2009-11-25,0.0050772736002577,0.011653407091194213,-0.021126164466462802,train,train
2009-11-26,-0.0261028406826738,0.012982113869682892,-0.023268339632493234,train,train
2009-11-27,0.0101817383601184,0.0128313378669538,-0.023268339632493234,train,train
2009-11-30,-0.011280331517992,0.012743601936576462,-0.023268339632493234,train,train
2009-12-01,0.0184972715284158,0.013159953272660087,-0.023268339632493234,train,train
2009-12-02,0.0005646816828133,0.012759797798337379,-0.023268339632493234,train,train
2009-12-03,0.0030705738817559,0.012393925887344469,-0.023268339632493234,train,train
2009-12-04,0.010602753311899,0.012293817049009118,-0.023268339632493234,train,train
2009-12-07,-0.0016969235905965,0.011926543269396048,-0.023268339632493234,train,train
2009-12-08,-0.0170359829238902,0.012293143257375403,-0.023268339632493234,train,train
2009-12-09,-0.022930281830724,0.013175809590600456,-0.024097156189389,train,train
2009-12-10,0.0046248599496894,0.01282455459807271,-0.024097156189389,train,train
2009-12-11,0.0018353459391789,0.012441991732982249,-0.024097156189389,train,train
2009-12-14,0.0077095712401741,0.012209881985876107,-0.024097156189389,train,train
2009-12-15,0.0025254169297064,0.01185407140448426,-0.024097156189389,train,train
2009-12-16,0.0108227629120343,0.011794736120569254,-0.024097156189389,train,train
2009-12-17,-0.0141173193597976,0.011946831148845302,-0.024097156189389,train,train
2009-12-18,-0.004446983955883,0.011633989341894378,-0.024097156189389,train,train
2009-12-21,0.0158293963459697,0.011927401764321569,-0.024097156189389,train,train
2009-12-22,0.0050586965652929,0.011630243451152308,-0.024097156189389,train,train
2009-12-23,0.0064296731556377,0.011385396382313026,-0.024097156189389,train,train
2009-12-28,0.004643495134293,0.011096996826131633,-0.024097156189389,train,train
2009-12-29,0.0009892159231385,0.010761665815949705,-0.024097156189389,train,train
2009-12-30,-0.0079332476328147,0.010613238391101143,-0.024097156189389,train,train
2010-01-04,0.0170315923001925,0.011103462864096102,-0.024097156189389,train,train
2010-01-05,0.004870815444119,0.01083112020546996,-0.024097156189389,train,train
2010-01-06,0.0014819425479075,0.010507432808918511,-0.024097156189389,train,train
2010-01-07,-0.0046087018423547,0.010249691875378709,-0.024097156189389,train,train
2010-01-08,-0.0002712620731366,0.009937667106244373,-0.024097156189389,train,train
2010-01-11,-0.0073027734727659,0.009799572637994552,-0.024097156189389,train,train
2010-01-12,-0.0090180994275541,0.009754449932784869,-0.024097156189389,train,train
2010-01-13,-0.0006520383203711,0.009458638650461718,-0.024097156189389,train,train
2010-01-14,0.0034643884766994,0.00920966957408663,-0.024097156189389,train,train
2010-01-15,-0.012984141858096,0.009478618529695941,-0.024097156189389,train,train
2010-01-18,0.0021673600661201,0.009205183521091703,-0.024097156189389,train,train
2010-01-19,0.0127149963196147,0.009452594740177348,-0.024097156189389,train,train
2010-01-20,-0.0264304286211058,0.011220717798270703,-0.02526387178618293,train,train
2010-01-21,-0.0228922248542683,0.012239014460348759,-0.02526387178618293,train,train
2010-01-22,-0.0061882515959399,0.011962588930990966,-0.02526387178618293,train,train
2010-01-25,-0.0109714541850993,0.011905447925722892,-0.02526387178618293,train,train
2010-01-26,0.0086739348200806,0.011736674895776655,-0.02526387178618293,train,train
2010-01-27,-0.0272554390025967,0.013193032352952862,-0.026596236102125432,train,train
2010-01-28,-0.0194689275559339,0.013651193534515193,-0.026596236102125432,train,train
2010-01-29,0.0108740114903425,0.013500682478130804,-0.026596236102125432,train,train
2010-02-01,0.0043294295518615,0.013132286904704051,-0.026596236102125432,train,train
2010-02-02,0.0131641496743934,0.01313420085066479,-0.026596236102125432,train,train
2010-02-03,-0.0229249527058437,0.013917255672738708,-0.026596236102125432,train,train
2010-02-04,-0.0612304600109267,0.020174705924046004,-0.038305442544876396,train,train
2010-02-05,-0.0136054744142711,0.019841979982266784,-0.038305442544876396,train,train
2010-02-08,0.0101429877958181,0.019397286705239013,-0.038305442544876396,train,train
2010-02-09,0.0067475766113186,0.018878856825593662,-0.038305442544876396,train,train
2010-02-10,0.0173276237588256,0.018789394712082495,-0.038305442544876396,train,train
2010-02-11,-0.016714715197878,0.01867141597941672,-0.038305442544876396,train,train
2010-02-12,-0.0055396806714996,0.018153395051955547,-0.038305442544876396,train,train
2010-02-15,0.0066963518186818,0.017676636401148155,-0.038305442544876396,train,train
2010-02-16,0.0096968383171615,0.017301947473964963,-0.038305442544876396,train,train
2010-02-17,0.0100227548530375,0.016953562460408644,-0.038305442544876396,train,train
2010-02-18,0.0071752200054882,0.01653078673931365,-0.038305442544876396,train,train
2010-02-19,0.0096467346441618,0.016200446443389152,-0.038305442544876396,train,train
2010-02-22,-0.0099967229699107,0.01589664320777948,-0.038305442544876396,train,train
2010-02-23,-0.0246715511724896,0.01655482393727947,-0.038305442544876396,train,train
2010-02-24,-0.005727709286417,0.016111699571393592,-0.038305442544876396,train,train
2010-02-25,-0.0125417428069008,0.015920093280260034,-0.038305442544876396,train,train
2010-02-26,0.0202745616493494,0.01621437260128945,-0.038305442544876396,train,train
2010-03-01,0.0097553207415501,0.015900990632299307,-0.038305442544876396,train,train
2010-03-02,0.008264796385622,0.01554893644147115,-0.038305442544876396,train,train
2010-03-03,0.0134996994926385,0.015433657122560018,-0.038305442544876396,train,train
2010-03-04,0.0075479705663342,0.015077274867374327,-0.038305442544876396,train,train
2010-03-05,0.0252252304275484,0.01587020791886959,-0.038305442544876396,train,train
2010-03-08,0.0052945904461354,0.015441296924300121,-0.038305442544876396,train,train
2010-03-09,-0.0068384608576906,0.015064312280229268,-0.038305442544876396,train,train
2010-03-10,0.0106853672904096,0.01483806317062802,-0.038305442544876396,train,train
2010-03-11,-0.0068210445716177,0.014482735600676226,-0.038305442544876396,train,train
2010-03-12,0.0028568022453749,0.014058959129128287,-0.038305442544876396,train,train
2010-03-15,-0.0108193834642666,0.01388591428029283,-0.038305442544876396,train,train
2010-03-16,0.0092201806688682,0.013651014701100288,-0.038305442544876396,train,train
2010-03-17,0.0096733095064879,0.013445577906359227,-0.038305442544876396,train,train
2010-03-18,-0.0083901269746392,0.01319697712208561,-0.038305442544876396,train,train
2010-03-19,-0.007496332432874,0.012926031597046691,-0.038305442544876396,train,train
2010-03-22,-0.0117972639174767,0.012861099542157906,-0.038305442544876396,train,train
2010-03-23,0.0122884992847883,0.012827464341312012,-0.038305442544876396,train,train
2010-03-24,-0.0118835491800283,0.012772796694883326,-0.038305442544876396,train,train
2010-03-25,0.0205037616556835,0.013363380178917222,-0.038305442544876396,train,train
2010-03-26,-0.0018319080372406,0.01296404594412236,-0.038305442544876396,train,train
2010-03-29,0.0017958081525538,0.012576803791984798,-0.038305442544876396,train,train
2010-03-30,-0.0099946861884453,0.012437003623264253,-0.038305442544876396,train,train
2010-03-31,-0.0100129427252177,0.012305033803232411,-0.038305442544876396,train,train
2010-04-01,0.01792280844105,0.012712303065520628,-0.038305442544876396,train,train
2010-04-06,0.0083405423876364,0.012493212922025463,-0.038305442544876396,train,train
2010-04-07,0.0027469922121891,0.012131294446224187,-0.038305442544876396,train,train
2010-04-08,-0.0103289230861668,0.01203076912635794,-0.038305442544876396,train,train
2010-04-09,0.0282967395962206,0.013568248587492893,-0.038305442544876396,train,train
2010-04-12,0.0058280346692017,0.013232138407468678,-0.038305442544876396,train,train
2010-04-13,1.7467696159050105e-05,0.012829034879193672,-0.038305442544876396,train,train
2010-04-14,0.0037187760117223,0.012471521377810945,-0.038305442544876396,train,train
2010-04-15,0.001719690587804,0.012098923707984549,-0.038305442544876396,train,train
2010-04-16,-0.0231584556753158,0.013029956322032195,-0.03771915006200433,train,train
2010-04-19,-0.0053608678657788,0.01270107516335854,-0.03771915006200433,train,train
2010-04-20,0.0094290190036578,0.012528872880241326,-0.03771915006200433,train,train
2010-04-21,-0.0215381996690225,0.013243411154579951,-0.03771915006200433,train,train
2010-04-22,-0.0221880052149125,0.013942851831448133,-0.03771915006200433,train,train
2010-04-23,0.0088592533714929,0.013691169138540071,-0.0363534889529107,train,train
2010-04-26,0.0019306541615814,0.01328250244369649,-0.0363534889529107,train,train
2010-04-27,-0.0428072443279408,0.016606835608083688,-0.04290308517045236,train,train
2010-04-28,-0.0304074406895149,0.017740251309839535,-0.04481504834279413,train,train
2010-04-29,0.0265932097423287,0.01839199428577708,-0.04481504834279413,train,train
2010-04-30,0.0048917842931829,0.01787191371380903,-0.04481504834279413,train,train
2010-05-03,-0.0066364538970934,0.01740354943756876,-0.03262874539664843,train,train
2010-05-04,-0.0556008084391203,0.021684038253733346,-0.04293849781885867,train,train
2010-05-05,-0.0229717903785927,0.021763452237223053,-0.04293849781885867,train,train
2010-05-06,-0.0297687724565168,0.022324868888731423,-0.04293849781885867,train,train
2010-05-07,-0.0333205827462957,0.023132476277265904,-0.04390954517111894,train,train
2010-05-10,0.1348363669385081,0.03992312014542118,-0.04390954517111894,train,train
2010-05-11,-0.0337253691218017,0.03957863340441528,-0.044044473962954266,train,train
2010-05-12,0.008080316681491,0.03842391989232517,-0.044044473962954266,train,train
2010-05-13,-0.0111924461590386,0.03735411642322291,-0.044044473962954266,train,train
2010-05-14,-0.0687388092021584,0.0399388488362641,-0.055715620656406506,train,train
2010-05-17,-0.0030752052393968,0.03872947664014919,-0.055715620656406506,train,train
2010-05-18,0.0361153539210776,0.03857762494635137,-0.055715620656406506,train,train
2010-05-19,-0.0264274010978039,0.0379584458248533,-0.055715620656406506,train,train
2010-05-20,-0.0113692554107163,0.03690729725931811,-0.055715620656406506,train,train
2010-05-21,0.0146486626271775,0.035962406406333566,-0.055715620656406506,train,train
2010-05-24,-0.0127734563949376,0.03500695167189862,-0.055715620656406506,train,train
2010-05-25,-0.0309990543250916,0.03477950470579082,-0.055715620656406506,train,train
2010-05-26,0.0042333144571445,0.03373592103089676,-0.055715620656406506,train,train
2010-05-27,0.0318133317564586,0.03362366592716383,-0.055715620656406506,train,train
2010-05-28,0.0096586859713685,0.032685092452679976,-0.055715620656406506,train,train
2010-05-31,-0.0070375620352085,0.03173622518961239,-0.055715620656406506,train,train
2010-06-01,-0.0063990717286606,0.030809310233563376,-0.055715620656406506,train,train
2010-06-02,-0.0034145595980443,0.029882441906222985,-0.055715620656406506,train,train
2010-06-03,0.0008843955950966,0.028972912238092008,-0.055715620656406506,train,train
2010-06-04,-0.0387748497565,0.029652541263122112,-0.055715620656406506,train,train
2010-06-07,-0.0144596323154395,0.028966561224304,-0.055715620656406506,train,train
2010-06-08,-0.0143717802088226,0.02830390172739287,-0.055715620656406506,train,train
2010-06-09,0.0226825689479683,0.027998466705500828,-0.055715620656406506,train,train
2010-06-10,0.0364795171441676,0.02857839393408582,-0.055715620656406506,train,train
2010-06-11,0.0387577623377705,0.029289093061181524,-0.055715620656406506,train,train
2010-06-14,0.0023294878007172,0.02840256158888807,-0.055715620656406506,train,train
2010-06-15,0.0163514105370629,0.027827060428924924,-0.055715620656406506,train,train
2010-06-16,-0.0060437093480023,0.027019921538544944,-0.055715620656406506,train,train
2010-06-17,0.0073874604423855,0.02625920914002259,-0.055715620656406506,train,train
2010-06-18,0.0219709263386018,0.026021848455297238,-0.055715620656406506,train,train
2010-06-21,0.0099883269783698,0.02534747328153711,-0.055715620656406506,train,train
2010-06-22,-0.0055556530296609,0.024612936730262446,-0.055715620656406506,train,train
2010-06-23,-0.0130741572798859,0.02407706108588379,-0.055715620656406506,train,train
2010-06-24,-0.0307637869699294,0.02452972102624179,-0.055715620656406506,train,train
2010-06-25,-0.0053866252260072,0.023819020229372597,-0.055715620656406506,train,train
2010-06-28,0.0159703923328706,0.02342238645146933,-0.055715620656406506,train,train
2010-06-29,-0.0560497847700867,0.02653651066405375,-0.060129800803788463,train,train
2010-06-30,0.0111813174184377,0.025873471469494456,-0.060129800803788463,train,train
2010-07-01,-0.0092400755934371,0.0251871608989208,-0.060129800803788463,train,train
2010-07-02,0.0078788932530803,0.024496001862198722,-0.060129800803788463,train,train
2010-07-05,0.0033131620008586,0.023763616798490685,-0.060129800803788463,train,train
2010-07-06,0.0353012438682245,0.024608892365635023,-0.060129800803788463,train,train
2010-07-07,0.0379999964688414,0.025610578133918073,-0.060129800803788463,train,train
2010-07-08,0.0092785359797672,0.02493417500957233,-0.060129800803788463,train,train
2010-07-09,0.0046317718640189,0.024201187926205635,-0.060129800803788463,train,train
2010-07-12,-0.0068463969602429,0.023523775978728064,-0.060129800803788463,train,train
2010-07-13,0.0198157878362733,0.023317930460782153,-0.060129800803788463,train,train
2010-07-14,0.001850231307415,0.02261211466159006,-0.060129800803788463,train,train
2010-07-15,-0.0115762009330685,0.022105876399349765,-0.060129800803788463,train,train
2010-07-16,-0.0167232984109786,0.021820396597790965,-0.060129800803788463,train,train
2010-07-19,-0.0062144567955525,0.021210353453434517,-0.060129800803788463,train,train
2010-07-20,0.0131560572184326,0.020815168951861158,-0.060129800803788463,train,train
2010-07-21,-0.0020395906321012,0.02018723801765973,-0.060129800803788463,train,train
2010-07-22,0.0257686039638332,0.020564881742170086,-0.060129800803788463,train,train
2010-07-23,0.0082451270430814,0.020040419821018403,-0.060129800803788463,train,train
2010-07-26,0.0113426137567934,0.01962754733064361,-0.060129800803788463,train,train
2010-07-27,0.0130771441339462,0.019297328293980388,-0.0545211479095817,train,train
2010-07-28,-0.0001033036432608,0.018709471046159463,-0.0545211479095817,train,train
2010-07-29,0.0014645199929874,0.018143052046060114,-0.0545211479095817,train,train
2010-07-30,-0.0150953378888159,0.017974767616076002,-0.0545211479095817,train,train
2010-08-02,0.0314624286811926,0.019055177766475084,-0.0545211479095817,train,train
2010-08-03,0.0033169391473412,0.018492537328546298,-0.0545211479095817,train,train
2010-08-04,-0.00258816646544,0.017940385084383982,-0.0545211479095817,train,train
2010-08-05,-0.0003043640047623,0.01739400845705991,-0.0545211479095817,train,train
2010-08-06,-0.0175798770546589,0.01740521654641018,-0.0419412296172261,train,train
2010-08-09,0.0150489631752147,0.01727290788502975,-0.0419412296172261,train,train
2010-08-10,-0.0087408728862713,0.01688301861413642,-0.0419412296172261,train,train
2010-08-11,-0.0325914836838103,0.01821171125941998,-0.04247203940346567,train,train
2010-08-12,-0.0031277850066638,0.01767352324013438,-0.04247203940346567,train,train
2010-08-13,-0.0064603977404607,0.01720803366553811,-0.04247203940346567,train,train
2010-08-16,-0.0017044840416321,0.016689030925345127,-0.04247203940346567,train,train
2010-08-17,0.0107817013339963,0.016394725769369498,-0.04247203940346567,train,train
2010-08-18,0.0020712439426827,0.015903371157017763,-0.04247203940346567,train,train
2010-08-19,-0.0148337742845368,0.015841232050565632,-0.04247203940346567,train,train
2010-08-20,-0.0141353174744487,0.015744090539414557,-0.04247203940346567,train,train
2010-08-23,0.0124930415355448,0.015568184509024065,-0.04247203940346567,train,train
2010-08-24,-0.016662489718031,0.015636002704937257,-0.04247203940346567,train,train
2010-08-25,-0.0158729473511618,0.015650320546565243,-0.04247203940346567,train,train
2010-08-26,0.0110965333542454,0.015415075879363698,-0.04247203940346567,train,train
2010-08-27,0.0142712514395964,0.015348850366189612,-0.03980168514127547,train,train
2010-08-30,-0.0012029273610271,0.014884179425282829,-0.03980168514127547,train,train
2010-08-31,0.0050189598948861,0.014483019948883603,-0.03980168514127547,train,train
2010-09-01,0.0345204670667103,0.016391221846451982,-0.03980168514127547,train,train
2010-09-02,-0.0006830534597623,0.015892759927846452,-0.03980168514127547,train,train
2010-09-03,0.0058476624094113,0.015475035973333915,-0.03980168514127547,train,train
2010-09-06,0.0021958088025032,0.015013241776886463,-0.03980168514127547,train,train
2010-09-07,-0.0136104929671111,0.014932793243751852,-0.03980168514127547,train,train
2010-09-08,0.010168534889441,0.014690573893652664,-0.03980168514127547,train,train
2010-09-09,0.0118973866631573,0.01453812409529295,-0.03980168514127547,train,train
2010-09-10,-0.0021773917856108,0.01410532137800525,-0.03980168514127547,train,train
2010-09-13,0.0070474649247426,0.01378413912502815,-0.03980168514127547,train,train
2010-09-14,0.0038382987507376,0.013397249500216032,-0.03980168514127547,train,train
2010-09-15,-0.005083863256716,0.013048672593699163,-0.03980168514127547,train,train
2010-09-16,-0.0032605821218755,0.012676342880204526,-0.03540704850285197,train,train
2010-09-17,-0.0120346837347807,0.012638762021784133,-0.03540704850285197,train,train
2010-09-20,0.0144857524631799,0.012757124620468623,-0.03540704850285197,train,train
2010-09-21,0.0018042198888985,0.012376384263252597,-0.0222982197164826,train,train
2010-09-22,-0.0194492413660104,0.012910490833759388,-0.023206867368159866,train,train
2010-09-23,-0.005100549091324,0.012579382465624074,-0.023206867368159866,train,train
2010-09-24,0.0213017407197069,0.013265453662986449,-0.023206867368159866,train,train
2010-09-27,-0.0107401692964619,0.013127642569126793,-0.023206867368159866,train,train
2010-09-28,-0.0021033909458043,0.012738145652552353,-0.023206867368159866,train,train
2010-09-29,-0.0098589811998183,0.012583986014121374,-0.023206867368159866,train,train
2010-09-30,0.0026379547905007,0.01221772606060513,-0.023206867368159866,train,train
2010-10-01,-0.0061437528397377,0.011940737088798892,-0.023206867368159866,train,train
2010-10-04,-0.0064416636847677,0.011684007529612761,-0.023206867368159866,train,train
2010-10-05,0.0255027529315082,0.012936324611730252,-0.023206867368159866,train,train
2010-10-06,0.0045898755521627,0.012592521679453836,-0.023206867368159866,train,train
2010-10-07,0.0037405560795769,0.012243235344455792,-0.023206867368159866,train,train
2010-10-08,-0.0018172437799052,0.011878600317170532,-0.023206867368159866,train,train
2010-10-11,-0.0018672766025451,0.011525809302604464,-0.023206867368159866,train,train
2010-10-12,-0.0049276096061327,0.011239684313228306,-0.023206867368159866,train,train
2010-10-13,0.0202569532580346,0.011973776454037403,-0.023206867368159866,train,train
2010-10-14,-0.0015103688146151,0.01161490060458352,-0.023206867368159866,train,train
2010-10-15,0.0017036658648399,0.011268793623712992,-0.023206867368159866,train,train
2010-10-18,0.0027106663774237,0.010945658037888184,-0.023206867368159866,train,train
2010-10-19,-0.0002202902767959,0.010612346383237126,-0.023206867368159866,train,train
2010-10-20,0.0001468954491984,0.010289114476412314,-0.023206867368159866,train,train
2010-10-21,-0.0004222817268056,0.009976202855676203,-0.023206867368159866,train,train
2010-10-22,0.0029793195820164,0.009699779725481042,-0.023206867368159866,train,train
2010-10-25,-0.0050011395491045,0.00948373697056487,-0.023206867368159866,train,train
2010-10-26,-0.0066918967281122,0.009339790137922292,-0.023206867368159866,train,train
2010-10-27,-0.0090893499597216,0.009324953404313725,-0.023206867368159866,train,train
2010-10-28,0.0049782372523861,0.0091227430853624,-0.023206867368159866,train,train
2010-10-29,0.0055086244280132,0.008947159968547006,-0.022901071589283898,train,train
2010-11-01,-0.0152269744658479,0.009442468760637703,-0.022901071589283898,train,train
2010-11-02,0.0105177345380305,0.009510413645401053,-0.022901071589283898,train,train
2010-11-03,-0.0180581897957771,0.010226777731340954,-0.018056640293272832,train,train
2010-11-04,0.003145606877232,0.009945122138910186,-0.018056640293272832,train,train
2010-11-05,-0.0166140675990032,0.010465790062266006,-0.018056640293272832,train,train
2010-11-08,-0.0131566190911668,0.01064643571738371,-0.018056640293272832,train,train
2010-11-09,0.0114002205314166,0.010693161345702053,-0.018056640293272832,train,train
2010-11-10,-0.0168953308704931,0.011162894333671255,-0.0181342540107602,train,train
2010-11-11,-0.0084279037883964,0.011017956754608142,-0.0181342540107602,train,train
2010-11-12,0.0075872712667598,0.010842769475560855,-0.0181342540107602,train,train
2010-11-15,0.0119458586710961,0.010912099856101623,-0.0181342540107602,train,train
2010-11-16,-0.0248775688176105,0.012209139760435946,-0.020794999993132668,train,train
2010-11-17,0.0092581307310312,0.012052472242093664,-0.020794999993132668,train,train
2010-11-18,0.0132590581775757,0.012128252938615363,-0.020794999993132668,train,train
2010-11-19,-0.0052046206997605,0.011827685013566807,-0.020794999993132668,train,train
2010-11-22,-0.0271674237830555,0.013258379226505457,-0.023831411322225465,train,train
2010-11-23,-0.0309449509449354,0.014922899914898214,-0.02766331451520047,train,train
2010-11-24,0.0052278406300243,0.014524847139197057,-0.02766331451520047,train,train
2010-11-25,-0.0021372181112372,0.014092089107982481,-0.02766331451520047,train,train
2010-11-26,-0.0181228465499688,0.01436586269341672,-0.02766331451520047,train,train
2010-11-29,-0.0235811482742339,0.015078446985894153,-0.02766331451520047,train,train
2010-11-30,-0.0061855154695591,0.014697402008296721,-0.02766331451520047,train,train
2010-12-01,0.0434153780976822,0.017780509316882846,-0.02766331451520047,train,train
2010-12-02,0.0274346653518674,0.018502361272330337,-0.02766331451520047,train,train
2010-12-03,0.0067327091811727,0.01801435240767246,-0.02766331451520047,train,train
2010-12-06,-0.0125499178284298,0.017734032405456072,-0.02766331451520047,train,train
2010-12-07,0.0035125487005191,0.01721529642320199,-0.02766331451520047,train,train
2010-12-08,0.0153679545545894,0.01711008143504595,-0.02766331451520047,train,train
2010-12-09,0.0105704959420983,0.01678969078270308,-0.02766331451520047,train,train
2010-12-10,-0.0062637150375798,0.01635035599454574,-0.02766331451520047,train,train
2010-12-13,0.00289051553944,0.015868062184290172,-0.02766331451520047,train,train
2010-12-14,0.001132230952208,0.015387156672081365,-0.02766331451520047,train,train
2010-12-15,-0.0151594990855688,0.015373592285982774,-0.02766331451520047,train,train
2010-12-16,4.9949850165819565e-05,0.014905255753872297,-0.02766331451520047,train,train
2010-12-17,-0.0112717743901917,0.01471257367074998,-0.02766331451520047,train,train
2010-12-20,0.0098522074540114,0.014467072754335047,-0.02766331451520047,train,train
2010-12-21,0.0205259826564337,0.014900247658183506,-0.02766331451520047,train,train
2010-12-22,-0.0019522749938497,0.014454238828723827,-0.02766331451520047,train,train
2010-12-23,-0.0075502772388431,0.014135413686685076,-0.02766331451520047,train,train
2010-12-27,-0.0207846759154761,0.014619900480604603,-0.02766331451520047,train,train
2010-12-28,0.0004544885257744,0.0141749565871723,-0.02766331451520047,train,train
2010-12-29,0.0078451573210621,0.013876830336818961,-0.02766331451520047,train,train
2010-12-30,-0.0123385448398048,0.013789373311027588,-0.02766331451520047,train,train
2011-01-03,0.0029573762968086,0.01338890480233102,-0.02766331451520047,train,train
2011-01-04,1.0172175928771066e-05,0.012981025063758235,-0.02766331451520047,train,train
2011-01-05,-0.0088371287707311,0.012770367328240535,-0.02766331451520047,train,train
2011-01-06,-0.0101210651834101,0.012627093981716929,-0.02766331451520047,train,train
2011-01-07,-0.014743265802264,0.012763961981637897,-0.02766331451520047,train,train
2011-01-10,-0.012938098415331,0.012774477107767001,-0.02766331451520047,train,train
2011-01-11,0.0151738680027024,0.012931001727014713,-0.02766331451520047,train,train
2011-01-12,0.0527575665057525,0.01800499393892561,-0.02766331451520047,train,train
2011-01-13,0.0263398290065909,0.01861064786250307,-0.02766331451520047,train,train
2011-01-14,0.0013779043216994,0.018046848983951466,-0.02766331451520047,train,train
2011-01-17,-0.0101717994889457,0.017673578105329324,-0.02766331451520047,train,train
2011-01-18,0.029086542702039,0.018557361322233228,-0.02766331451520047,train,train
2011-01-19,-0.0025449914130292,0.01800282584948336,-0.02766331451520047,train,train
2011-01-20,0.0075873485475638,0.017553054028622762,-0.02766331451520047,train,train
2011-01-21,0.0179078121169599,0.01757454145850824,-0.02766331451520047,train,train
2011-01-24,-0.0012658397447049,0.01704197107273017,-0.02766331451520047,train,train
2011-01-25,-0.014059966390857,0.016877914878795523,-0.02766331451520047,train,train
2011-01-26,0.0005905583795217,0.0163643849737316,-0.02766331451520047,train,train
2011-01-27,0.0146983636346278,0.01626923549053636,-0.02766331451520047,train,train
2011-01-28,-0.0075733965924044,0.01588232105822341,-0.02766331451520047,train,train
2011-01-31,0.0054748950203479,0.015456768853603505,-0.02766331451520047,train,train
2011-02-01,0.0148713396534769,0.015422269799723004,-0.02766331451520047,train,train
2011-02-02,0.003849276974704,0.01498214395280597,-0.02766331451520047,train,train
2011-02-03,-0.01367135990939,0.014906747602464096,-0.02766331451520047,train,train
2011-02-04,-0.0005526037725234,0.014453261877317498,-0.02766331451520047,train,train
2011-02-07,0.0062358236955837,0.014095960484848286,-0.02766331451520047,train,train
2011-02-08,0.0038834684911569,0.0136996064002689,-0.02766331451520047,train,train
2011-02-09,-0.0026939821862359,0.013298643351565475,-0.02766331451520047,train,train
2011-02-10,-0.0132276107318337,0.01329439209715825,-0.02723117433407493,train,train
2011-02-11,0.0010834879056795,0.012892123421745153,-0.02723117433407493,train,train
2011-02-14,-0.0026785669284896,0.012516585748104122,-0.02723117433407493,train,train
2011-02-15,0.0047683335296794,0.012191359396772803,-0.02723117433407493,train,train
2011-02-16,0.0202621750540185,0.01281970489441879,-0.025103591711548467,train,train
2011-02-17,0.0058842165922292,0.012512457147157065,-0.020829556913226268,train,train
2011-02-18,-0.0040484486021025,0.012171741247369142,-0.020829556913226268,train,train
2011-02-21,-0.0235492007235547,0.013135299736832392,-0.0226383416377549,train,train
2011-02-22,-0.0100965618359053,0.012973063126348336,-0.0226383416377549,train,train
2011-02-23,-0.0064213113331912,0.012675817102722487,-0.0198311252415332,train,train
2011-02-24,0.0013344518765143,0.01229400685606672,-0.0198311252415332,train,train
2011-02-25,0.0163113365905546,0.012571301857191105,-0.0198311252415332,train,train
2011-02-28,0.0025929963295021,0.012204867486352657,-0.0198311252415332,train,train
2011-03-01,-0.008226644797388,0.012003413015272198,-0.0198311252415332,train,train
2011-03-02,-0.0110346217828939,0.011947501046151226,-0.0198311252415332,train,train
2011-03-03,-0.007251041047993,0.011718910791950688,-0.0198311252415332,train,train
2011-03-04,-0.0064750589827933,0.011472073974245264,-0.0198311252415332,train,train
2011-03-07,-0.0002857907856017,0.01112280868201509,-0.0198311252415332,train,train
2011-03-08,0.0069311601898133,0.010916790713974452,-0.0198311252415332,train,train
2011-03-09,-0.0008708934186771,0.010586370843870783,-0.0198311252415332,train,train
2011-03-10,-0.0118029405042566,0.010663279845251235,-0.0198311252415332,train,train
2011-03-11,-0.0035710182049955,0.01037537156423216,-0.019692380813764933,train,train
2011-03-14,0.001681538320298,0.010067725128224474,-0.019692380813764933,train,train
2011-03-15,-0.0083102709233979,0.009971017002856325,-0.019692380813764933,train,train
2011-03-16,-0.0232207443221034,0.011216420430749054,-0.022518206987044737,train,train
2011-03-17,0.0228236946258679,0.012227627088894133,-0.022518206987044737,train,train
2011-03-18,0.0002712098557716,0.011855310441262439,-0.022518206987044737,train,train
2011-03-21,0.0235386265886849,0.01285921844514963,-0.022518206987044737,train,train
2011-03-22,0.0001606789891207,0.012467536971796978,-0.020504403615974037,train,train
2011-03-23,0.005835800729724,0.012171955622000925,-0.020504403615974037,train,train
2011-03-24,0.0109940275716616,0.012104512876564246,-0.020504403615974037,train,train
2011-03-25,-0.0042112485593243,0.01178100823044784,-0.020504403615974037,train,train
2011-03-28,0.0037835087842289,0.011459647549272499,-0.020504403615974037,train,train
2011-03-29,-0.0014893436615782,0.011116528203934507,-0.020504403615974037,train,train
2011-03-30,-0.0002515638253205,0.01077805012104841,-0.020504403615974037,train,train
2011-03-31,-0.0146233236564586,0.011046577670609764,-0.020504403615974037,train,train
2011-04-01,0.0143997290154101,0.011275921127867116,-0.020464422900705565,train,train
2011-04-04,0.0024387282818613,0.010948719431190674,-0.020464422900705565,train,train
2011-04-05,-0.0072313042143889,0.010761946635735499,-0.020464422900705565,train,train
2011-04-06,0.0154716422838255,0.011101019257911092,-0.020464422900705565,train,train
2011-04-07,0.000368762540282,0.01076321652663873,-0.020464422900705565,train,train
2011-04-08,0.0058909982100272,0.01053462157811011,-0.020464422900705565,train,train
2011-04-11,-0.0032031255189814,0.01024378628592793,-0.020464422900705565,train,train
2011-04-12,-0.0086600517737108,0.010155729310436564,-0.020464422900705565,train,train
2011-04-13,0.0001390789732671,0.009846403817379064,-0.020464422900705565,train,train
2011-04-14,-0.0152557730498892,0.01025177471113108,-0.020675239365182434,train,train
2011-04-15,-0.0060525885789809,0.010049426916720382,-0.020675239365182434,train,train
2011-04-18,-0.0204469953469582,0.010955195096224701,-0.02240564679753877,train,train
2011-04-19,0.0030499547364598,0.010647697171418438,-0.02240564679753877,train,train
2011-04-20,0.0151974339230743,0.010974004174491224,-0.02240564679753877,train,train
2011-04-21,0.0046117904878824,0.010699493364393154,-0.02240564679753877,train,train
2011-04-26,0.006263360172405,0.010486381148821918,-0.02240564679753877,train,train
2011-04-27,0.0084427373796203,0.010375120581956622,-0.02240564679753877,train,train
2011-04-28,0.011745361630709,0.010462396984195323,-0.02240564679753877,train,train
2011-04-29,0.0010208995175007,0.010146752178164962,-0.02240564679753877,train,train
2011-05-02,-0.000147138517444,0.009837707251376645,-0.02240564679753877,train,train
2011-05-03,-0.0047643721055086,0.00960914197103707,-0.02240564679753877,train,train
2011-05-04,-0.0104930916824571,0.009664459179786547,-0.02240564679753877,train,train
2011-05-05,-0.0079944467600981,0.00957247803358657,-0.02240564679753877,train,train
2011-05-06,-0.0015820683254337,0.00928894891645271,-0.02240564679753877,train,train
2011-05-09,-0.0203941428992641,0.010298677659285011,-0.02240564679753877,train,train
2011-05-10,0.0074842751001844,0.010151840141795931,-0.02240564679753877,train,train
2011-05-11,0.0054365494789759,0.009932252059978424,-0.02240564679753877,train,train
2011-05-12,-0.004177200750552,0.009683883182411571,-0.02240564679753877,train,train
2011-05-13,-0.0125792407149461,0.009881557351907213,-0.02240564679753877,train,train
2011-05-16,0.0007143103871938,0.009582122912843728,-0.02240564679753877,train,train
2011-05-17,-0.0055635579463043,0.009389634996481346,-0.02240564679753877,train,train
2011-05-18,0.0036125619731969,0.009146494786842098,-0.021353960856108568,train,train
2011-05-19,0.0031948719238872,0.008902319768980918,-0.021353960856108568,train,train
2011-05-20,-0.014580410718764,0.009340852318536465,-0.021353960856108568,train,train
2011-05-23,-0.0141709455542171,0.009698730462722464,-0.021353960856108568,train,train
2011-05-24,0.0032873819326036,0.009437683138963544,-0.021353960856108568,train,train
2011-05-25,0.0099836194777827,0.009471326766732204,-0.021353960856108568,train,train
2011-05-26,-0.0013907732519013,0.00918910898254978,-0.021353960856108568,train,train
2011-05-27,0.0056684012316579,0.009016717075020712,-0.021353960856108568,train,train
2011-05-30,-0.0003509551999879,0.008742454219237056,-0.021353960856108568,train,train
2011-05-31,0.0210680923087253,0.009923534966969516,-0.021353960856108568,train,train
2011-06-01,-0.0131347905636804,0.010144915813121937,-0.021353960856108568,train,train
2011-06-02,-0.0076018566872621,0.010010566984423605,-0.021353960856108568,train,train
2011-06-03,0.0024043016935853,0.00972345639506244,-0.021353960856108568,train,train
2011-06-06,-0.0125225554219286,0.00991371432251284,-0.021353960856108568,train,train
2011-06-07,0.0010232734811962,0.009614970259201615,-0.021353960856108568,train,train
2011-06-08,-0.0084539945444471,0.009549292922811833,-0.021353960856108568,train,train
2011-06-09,0.003880312741318,0.009307043849920897,-0.021353960856108568,train,train
2011-06-10,-0.0170286430052323,0.00994093970743552,-0.0192899270838182,train,train
2011-06-13,-0.0004623424608732,0.009638763974904858,-0.0192899270838182,train,train
2011-06-14,0.0185672435230182,0.010393073492892849,-0.0192899270838182,train,train
2011-06-15,-0.0198852578227101,0.011191980466007383,-0.020242132022977467,train,train
2011-06-16,-0.0014708765699963,0.010857007406253862,-0.020242132022977467,train,train
2011-06-17,0.0216127570881666,0.01178256378584092,-0.020242132022977467,train,train
2011-06-20,-0.009626631130519,0.011664450369423755,-0.020242132022977467,train,train
2011-06-21,0.0191224377165637,0.012240747351732102,-0.020242132022977467,train,train
2011-06-22,-0.0005572561755881,0.011868629830435951,-0.020242132022977467,train,train
2011-06-23,-0.0281244887044801,0.013411626430157716,-0.0229885423169008,train,train
2011-06-24,-0.0131510446254511,0.013396134463956948,-0.0229885423169008,train,train
2011-06-27,0.0060452670888382,0.013072174597684718,-0.0229885423169008,train,train
2011-06-28,0.0065122536107425,0.012773934813323971,-0.0229885423169008,train,train
2011-06-29,0.0206078567523614,0.013374005816272775,-0.0229885423169008,train,train
2011-06-30,0.0210997178600928,0.013958655927624524,-0.0229885423169008,train,train
2011-07-01,0.0126704530791688,0.013884734554947167,-0.0229885423169008,train,train
2011-07-04,-0.0022900796841024,0.01347343201783553,-0.0229885423169008,train,train
2011-07-05,-0.0132610725544003,0.013460784926461964,-0.0229885423169008,train,train
2011-07-06,-0.0122331391407319,0.013390300541080775,-0.0229885423169008,train,train
2011-07-07,-0.0008136793155782,0.012983907890437147,-0.0229885423169008,train,train
2011-07-08,-0.0256291126954619,0.014066912856569342,-0.024733532248966728,train,train
2011-07-11,-0.0272956498779162,0.015189091651936402,-0.0270164170926194,train,train
2011-07-12,-0.0069730786693484,0.014825094416765243,-0.0270164170926194,train,train
2011-07-13,0.0065904829324217,0.014463833755785367,-0.0270164170926194,train,train
2011-07-14,-0.0070905127452674,0.014130352435786746,-0.0270164170926194,train,train
2011-07-15,-0.0119899493589846,0.014011152040422395,-0.0270164170926194,train,train
2011-07-18,-0.0144862911444437,0.014040113834194437,-0.0270164170926194,train,train
2011-07-19,0.0102174308670772,0.013840558597828335,-0.0270164170926194,train,train
2011-07-20,0.0301432143718938,0.015316141841930081,-0.0270164170926194,train,train
2011-07-21,0.0288419310240429,0.016444469221550843,-0.0270164170926194,train,train
2011-07-22,0.0041540573556681,0.015975941457412515,-0.0270164170926194,train,train
2011-07-25,-0.0193827852878215,0.016200568047277198,-0.0270164170926194,train,train
2011-07-26,-0.0033300033037229,0.015728198754827578,-0.0270164170926194,train,train
2011-07-27,-0.0195214601765504,0.015981204784138045,-0.0270164170926194,train,train
2011-07-28,0.0014196889806243,0.015498254836577753,-0.0270164170926194,train,train
2011-07-29,-0.0027271107859118,0.015040956644942951,-0.0270164170926194,train,train
2011-08-01,-0.0329864690087897,0.016671622070075276,-0.029468869197062,train,train
2011-08-02,-0.0220589341948326,0.017042951568589666,-0.029468869197062,train,train
2011-08-03,-0.0085057493710097,0.016654588935812294,-0.029468869197062,train,train
2011-08-04,-0.0396346818312174,0.01884110646685429,-0.0335818798481624,train,train
2011-08-05,-0.0017628860934123,0.018272233617276215,-0.0335818798481624,train,train
2011-08-08,-0.0247289421275575,0.018722534144910652,-0.0335818798481624,train,train
2011-08-09,-0.003611975568229,0.018173719205744142,-0.0335818798481624,train,train
2011-08-10,-0.0564838380223501,0.022402956569327732,-0.04303499628745241,train,train
2011-08-11,0.0349580096294807,0.02334743372406581,-0.04303499628745241,train,train
2011-08-12,0.0471066421469942,0.02540745256556755,-0.04303499628745241,train,train
2011-08-15,0.0071098700079005,0.024694925434409105,-0.04303499628745241,train,train
2011-08-16,-0.0039923693294279,0.02396258171504309,-0.04303499628745241,train,train
2011-08-17,0.0061945832413527,0.02328208269882987,-0.04303499628745241,train,train
2011-08-18,-0.0481734373095302,0.025471019925404605,-0.0480973190543659,train,train
2011-08-19,-0.0213622046174859,0.02524335777675183,-0.0480973190543659,train,train
2011-08-22,0.0184967557363143,0.024890184481046414,-0.0480973190543659,train,train
2011-08-23,-0.0017015638184139,0.024135528286245995,-0.0480973190543659,train,train
2011-08-24,0.0107275265630068,0.023547337252572968,-0.0480973190543659,train,train
2011-08-25,-0.0083992859015798,0.022922507419665384,-0.0480973190543659,train,train
2011-08-26,-0.0137826868531011,0.02247915952685457,-0.0480973190543659,train,train
2011-08-29,0.0252719613606609,0.022656437895499683,-0.0480973190543659,train,train
2011-08-30,0.0059145598431397,0.022013955767061968,-0.0480973190543659,train,train
2011-08-31,0.0319078182545634,0.02272936262963144,-0.0480973190543659,train,train
2011-09-01,0.0048627983761789,0.022069102802315527,-0.0480973190543659,train,train
2011-09-02,-0.0345586588828705,0.02301044621071432,-0.0480973190543659,train,train
2011-09-05,-0.0480431071000228,0.025223009438143224,-0.05090012747730103,train,train
2011-09-06,-0.0162598788353628,0.024776828134248807,-0.05090012747730103,train,train
2011-09-07,0.0273676345307586,0.024939867378135902,-0.05090012747730103,train,train
2011-09-08,0.0147497374758381,0.024448526562658852,-0.05090012747730103,train,train
2011-09-09,-0.045424044299157,0.026185248749046475,-0.05090012747730103,train,train
2011-09-12,-0.0346638778571609,0.026769801691686922,-0.05090012747730103,train,train
2011-09-13,0.025009567265379,0.026667464314096313,-0.05090012747730103,train,train
2011-09-14,0.0266389874354537,0.02666575655896828,-0.05090012747730103,train,train
2011-09-15,0.0356735990463451,0.027290202612395422,-0.05090012747730103,train,train
2011-09-16,0.0060384190358376,0.026500143384049834,-0.05090012747730103,train,train
2011-09-19,-0.019951220715512,0.0261534933784195,-0.05090012747730103,train,train
2011-09-20,0.016822945518551,0.025689406234799175,-0.05090012747730103,train,train
2011-09-21,-0.0183321533616994,0.025308356879642706,-0.05090012747730103,train,train
2011-09-22,-0.0473247160039958,0.027137794253808623,-0.05090012747730103,train,train
2011-09-23,0.0209892630550372,0.026808678336686768,-0.05090012747730103,train,train
2011-09-26,0.0252874856844348,0.026719849102208117,-0.05090012747730103,train,train
2011-09-27,0.0394706935468075,0.02765121072984048,-0.05090012747730103,train,train
2011-09-28,-0.0060780745605318,0.026850152084453554,-0.05090012747730103,train,train
2011-09-29,0.0131556858244492,0.02623088163046536,-0.05090012747730103,train,train
2011-09-30,-0.0053562378987046,0.025465603450742082,-0.05090012747730103,train,train
2011-10-03,-0.0228170192896022,0.025314504216348878,-0.05090012747730103,train,train
2011-10-04,-0.0154895430266867,0.024834859228248244,-0.05090012747730103,train,train
2011-10-05,0.030165036412089,0.02518650003907355,-0.05090012747730103,train,train
2011-10-06,0.0264826224744255,0.02526614245888227,-0.05090012747730103,train,train
2011-10-07,0.0106953666927118,0.02463612651349387,-0.05090012747730103,train,train
2011-10-10,0.0106271026645859,0.024027037363690138,-0.05090012747730103,train,train
2011-10-11,-0.0052881733876921,0.023331062977804715,-0.05090012747730103,train,train
2011-10-12,0.0202558601921932,0.023158069479586877,-0.05090012747730103,train,train
2011-10-13,-0.0092376929797857,0.0225663135978258,-0.05090012747730103,train,train
2011-10-14,0.0035716351815233,0.02189633744496751,-0.05090012747730103,train,train
2011-10-17,-0.0124667032492043,0.021447791011847264,-0.05090012747730103,train,train
2011-10-18,-0.0059969916404222,0.020846225304709757,-0.05090012747730103,train,train
2011-10-19,0.0043259980669551,0.020238924340091693,-0.05090012747730103,train,train
2011-10-20,-0.0276457280492641,0.020757995849786434,-0.05090012747730103,train,train
2011-10-21,0.0280411528221513,0.021265443877179716,-0.05090012747730103,train,train
2011-10-24,0.0116900971816492,0.020815510068764965,-0.05090012747730103,train,train
2011-10-25,-0.0086900118834156,0.020293331669529242,-0.05090012747730103,train,train
2011-10-26,-0.0053183719801961,0.01971819607534451,-0.05090012747730103,train,train
2011-10-27,0.0483991569779694,0.022495055564467386,-0.05090012747730103,train,train
2011-10-28,-0.0049851313123863,0.02184392284846453,-0.05090012747730103,train,train
2011-10-31,-0.0296512001895639,0.022389264566885312,-0.05090012747730103,train,train
2011-11-01,-0.0428137082222026,0.024107742210322827,-0.05090012747730103,train,train
2011-11-02,-0.000594565132187,0.023373776992013998,-0.04784708680451626,train,train
2011-11-03,0.0159775428812648,0.022997181488421968,-0.04784708680451626,train,train
2011-11-04,-0.0134266661745073,0.022537849429358436,-0.04784708680451626,train,train
2011-11-07,-0.0140576934355932,0.022120906450011347,-0.04784708680451626,train,train
2011-11-08,0.0049543966797951,0.02148132199906678,-0.04784708680451626,train,train
2011-11-09,-0.0211051816155889,0.021458939503143076,-0.04784708680451626,train,train
2011-11-10,-0.003567159906869,0.02082355390685393,-0.0469306224677252,train,train
2011-11-11,0.0290765102548892,0.021408637985381347,-0.0469306224677252,train,train
2011-11-14,-0.0217277389839744,0.021427918052090586,-0.0469306224677252,train,train
2011-11-15,-0.0162077419941647,0.021151070558183282,-0.0469306224677252,train,train
2011-11-16,0.0080403383037722,0.020601081064210176,-0.0469306224677252,train,train
2011-11-17,-0.0040423154233729,0.01999801708650715,-0.0469306224677252,train,train
2011-11-18,0.0047645899705789,0.019423890578459363,-0.0469306224677252,train,train
2011-11-21,-0.0354084703432853,0.020733447856417984,-0.0469306224677252,train,train
2011-11-22,-0.0145802478085531,0.020416618867565812,-0.0469306224677252,train,train
2011-11-23,-0.0211716101545439,0.020462703902871606,-0.0469306224677252,train,train
2011-11-24,-0.0022637490994811,0.019847075088151533,-0.0469306224677252,train,train
2011-11-25,0.0053857966864144,0.01928762335121373,-0.0469306224677252,train,train
2011-11-28,0.0448845473962172,0.021692603010330137,-0.0451874895084518,train,train
2011-11-29,0.000997065054857,0.0210331769394301,-0.0451874895084518,train,train
2011-11-30,0.0387923582548422,0.022497592843986072,-0.0451874895084518,train,train
2011-12-01,-0.0033786854932956,0.021827920507622875,-0.0451874895084518,train,train
2011-12-02,0.0162080104667822,0.02153212955244688,-0.041848964856494565,train,train
2011-12-05,0.0170528853979858,0.021289967141904308,-0.041848964856494565,train,train
2011-12-06,0.0008037394047659,0.020642327840411062,-0.041848964856494565,train,train
2011-12-07,-0.0078930727536897,0.020106650457011762,-0.041848964856494565,train,train
2011-12-08,-0.0214091129907441,0.020187168107177664,-0.041848964856494565,train,train
2011-12-09,0.0220336528646489,0.020302693474753417,-0.041848964856494565,train,train
2011-12-12,-0.0315574543021443,0.021147571395125325,-0.041848964856494565,train,train
2011-12-13,-0.0063679536146955,0.020562578616300592,-0.041848964856494565,train,train
2011-12-14,-0.0176626318232183,0.02040021016474594,-0.041848964856494565,train,train
2011-12-15,0.0083250610868282,0.01988358264513266,-0.0365932109558774,train,train
2011-12-16,-0.0057129873722963,0.019328573169285736,-0.0365932109558774,train,train
2011-12-19,0.0060280269524885,0.018797828141867933,-0.0365932109558774,train,train
2011-12-20,0.0241103168683284,0.01915816497083168,-0.0365932109558774,train,train
2011-12-21,-0.0090300594399252,0.01870576612587522,-0.0365932109558774,train,train
2011-12-22,0.0100349490091566,0.01830173099112668,-0.0365932109558774,train,train
2011-12-23,0.0093851990130045,0.017892486508758215,-0.0365932109558774,train,train
2011-12-27,-0.001534720236584,0.017351482098956386,-0.0365932109558774,train,train
2011-12-28,-0.0202753744410379,0.01754066542899776,-0.0365932109558774,train,train
2011-12-29,0.0153746140141667,0.017418299929545123,-0.0365932109558774,train,train
2011-12-30,0.0091942215120274,0.017037175958538136,-0.0365932109558774,train,train
2012-01-03,0.0192044324470463,0.01717492521964647,-0.0365932109558774,train,train
2012-01-04,-0.0173966496066071,0.01718830934020345,-0.0365932109558774,train,train
2012-01-05,-0.0298283010346217,0.018196025715874732,-0.0365932109558774,train,train
2012-01-06,-0.0048740424846268,0.01768205327868132,-0.0365932109558774,train,train
2012-01-09,-0.0012311963857353,0.017146039144173567,-0.0365932109558774,train,train
2012-01-10,0.0231627488483757,0.017565256470837426,-0.0365932109558774,train,train
2012-01-11,-0.0054558066365568,0.01708250246177205,-0.0365932109558774,train,train
2012-01-12,2.375672235687692e-05,0.016562101641940635,-0.0365932109558774,train,train
2012-01-13,0.0027965646633388,0.016072158056249584,-0.0365932109558774,train,train
2012-01-16,-0.0001183419234693,0.015582562337389036,-0.0365932109558774,train,train
2012-01-17,0.0100914358341959,0.015308739291347278,-0.0365932109558774,train,train
2012-01-18,-0.0135175127596244,0.015207216636893487,-0.0365932109558774,train,train
2012-01-19,0.0215109822595473,0.015657177684281383,-0.0365932109558774,train,train
2012-01-20,-0.0048817746672988,0.015227221798117549,-0.0365932109558774,train,train
2012-01-23,0.0067164676759049,0.014854724600281581,-0.0365932109558774,train,train
2012-01-24,-0.0032768895223281,0.014424539946552567,-0.0365932109558774,train,train
2012-01-25,-0.0041990445052513,0.01402288237114375,-0.0365932109558774,train,train
2012-01-26,0.0183452639277145,0.014319066963663809,-0.032264741893350435,train,train
2012-01-27,-0.0065050869182224,0.013973993965080731,-0.032264741893350435,train,train
2012-01-30,-0.016338723674656,0.01412704464404894,-0.032264741893350435,train,train
2012-01-31,-0.0009162130359453,0.013698516479242884,-0.032264741893350435,train,train
2012-02-01,0.0217841679502537,0.014313049671724582,-0.032264741893350435,train,train
2012-02-02,0.0086669163919385,0.01403846550858145,-0.032264741893350435,train,train
2012-02-03,0.0100832202868629,0.013833079298793068,-0.032264741893350435,train,train
2012-02-06,-0.0029271816286729,0.013430820579947076,-0.032264741893350435,train,train
2012-02-07,0.0013121216823744,0.013025629534200929,-0.032264741893350435,train,train
2012-02-08,0.0002711787201916,0.0126289910741282,-0.032264741893350435,train,train
2012-02-09,0.0059488281965283,0.012330662757211949,-0.032264741893350435,train,train
2012-02-10,-0.0118650945516261,0.012303225492256483,-0.032264741893350435,train,train
2012-02-13,-0.0010008091384198,0.01193093848774705,-0.032264741893350435,train,train
2012-02-14,-0.0018677959321579,0.011576518272138249,-0.032264741893350435,train,train
2012-02-15,-0.0034602839976793,0.011255809287097815,-0.027598289442503365,train,train
2012-02-16,-0.0212150588911716,0.012087033199690449,-0.027598289442503365,train,train
2012-02-17,0.0114900967107033,0.012052050805629424,-0.027598289442503365,train,train
2012-02-20,0.0184381593276369,0.012527360299267517,-0.027598289442503365,train,train
2012-02-21,-0.0058003544153985,0.012228545186744743,-0.027598289442503365,train,train
2012-02-22,-0.0126378049122382,0.012253486243563098,-0.027598289442503365,train,train
2012-02-23,-0.0150485461556583,0.012438913702484528,-0.027598289442503365,train,train
2012-02-24,0.0,0.012059974280734844,-0.027598289442503365,train,train
2012-02-27,0.0011133977403506,0.011695759066625809,-0.027598289442503365,train,train
2012-02-28,-0.0012306696477705,0.011343465352475091,-0.027598289442503365,train,train
2012-02-29,-0.0071560708715325,0.011136710234613201,-0.027598289442503365,train,train
2012-03-01,0.0096158974807184,0.011051364848756705,-0.027598289442503365,train,train
2012-03-02,0.0018350912927343,0.010724120417184587,-0.027598289442503365,train,train
2012-03-05,-0.0129168097177203,0.01086816413181023,-0.027533604742645868,train,train
2012-03-06,-0.034527855988291,0.01351148927576447,-0.031971203775019004,train,train
2012-03-07,-0.0005879691845318,0.013100666561968132,-0.0285237386380281,train,train
2012-03-08,0.0176819809729463,0.013419722932067406,-0.0285237386380281,train,train
2012-03-09,-0.0029777082551942,0.013031332646595726,-0.0285237386380281,train,train
2012-03-12,-0.0124523553155278,0.012997321335094663,-0.0285237386380281,train,train
2012-03-13,0.0237492981312118,0.013879347602749755,-0.0285237386380281,train,train
2012-03-14,0.001705618908111,0.013463010831045941,-0.0285237386380281,train,train
2012-03-15,0.0042336901065414,0.013094004311658917,-0.0285237386380281,train,train
2012-03-16,0.0070478233335635,0.012811950702503702,-0.0285237386380281,train,train
2012-03-19,0.0123551745277274,0.012785004349307755,-0.0285237386380281,train,train
2012-03-20,-0.0028322654305142,0.01241492084901238,-0.0285237386380281,train,train
2012-03-21,-0.0089809362441375,0.01223608912419665,-0.0285237386380281,train,train
2012-03-22,-0.0163025278776043,0.012517384285223908,-0.0285237386380281,train,train
2012-03-23,-0.0086322335422965,0.012318877470738036,-0.0285237386380281,train,train
2012-03-26,-0.0069184742906311,0.012063224063297554,-0.0285237386380281,train,train
2012-03-27,-0.0103147862866859,0.011965524697297735,-0.0285237386380281,train,train
2012-03-28,-0.0197883981676538,0.012572915196056952,-0.0285237386380281,train,train
2012-03-29,-0.0087843840064908,0.012378345159108099,-0.025177104349038804,train,train
2012-03-30,0.0121867969614978,0.012366935932403803,-0.025177104349038804,train,train
2012-04-02,0.0043362194573182,0.012037142769184512,-0.025177104349038804,train,train
2012-04-03,-0.02751738675437,0.013477078025683526,-0.0277534338779442,train,train
2012-04-04,-0.0211564690855015,0.014056653415151379,-0.0277534338779442,train,train
2012-04-05,-2.6133137629503868e-05,0.01362843262800674,-0.0277534338779442,train,train
2012-04-10,-0.0300669444860445,0.0151271740383313,-0.030704062409568505,train,train
2012-04-11,0.0190674518694775,0.015392062044134862,-0.030704062409568505,train,train
2012-04-12,-0.007511644249605,0.015036160663288507,-0.030704062409568505,train,train
2012-04-13,-0.0364818716872186,0.017099022707478116,-0.03369222405385137,train,train
2012-04-16,-0.0057401129248171,0.016637635549595988,-0.03369222405385137,train,train
2012-04-17,0.0225212328941913,0.01704800919593762,-0.03369222405385137,train,train
2012-04-18,-0.0407044473980416,0.019303048017628808,-0.0372380583578504,train,train
2012-04-19,-0.0244662392174203,0.019651132656701306,-0.0372380583578504,train,train
2012-04-20,0.0189987066660113,0.01961259914209906,-0.0372380583578504,train,train
2012-04-23,-0.0279411728907606,0.02020933821164927,-0.0372380583578504,train,train
2012-04-24,0.022143608448543,0.020330584684238692,-0.0372380583578504,train,train
2012-04-25,0.0168573735911688,0.020139090740407196,-0.0372380583578504,train,train
2012-04-26,-0.0129791019991023,0.01978270513912391,-0.0372380583578504,train,train
2012-04-27,0.0167506446752703,0.019614003749526973,-0.0372380583578504,train,train
2012-04-30,-0.019044419673803,0.019580295956496338,-0.0372380583578504,train,train
2012-05-02,-0.0258774950577979,0.020014079928573507,-0.0372380583578504,train,train
2012-05-03,0.0029231696618781,0.0194175767519126,-0.0372380583578504,train,train
2012-05-04,0.0035111191935002,0.01884567396462354,-0.0372380583578504,train,train
2012-05-07,0.0268611039555746,0.019420118328495512,-0.0372380583578504,train,train
2012-05-08,-0.0080028786827186,0.01893027469879452,-0.0372380583578504,train,train
2012-05-09,-0.0281067760052949,0.019602383365453804,-0.0372380583578504,train,train
2012-05-10,0.0336289472396396,0.020713584748580694,-0.0372380583578504,train,train
2012-05-11,-0.0071361428767644,0.020158494726985256,-0.0372380583578504,train,train
2012-05-14,-0.026977354663052,0.020631279043127317,-0.0372380583578504,train,train
2012-05-15,-0.0160919847974729,0.020387442530670374,-0.0372380583578504,train,train
2012-05-16,-0.0134014844487717,0.020037088892619712,-0.0372380583578504,train,train
2012-05-17,-0.0111945706035632,0.019619249222974592,-0.0372380583578504,train,train
2012-05-18,0.0043954594829028,0.019052014263923597,-0.0372380583578504,train,train
2012-05-21,-0.0065237750026359,0.018540606006252448,-0.0372380583578504,train,train
2012-05-22,0.0208269682172477,0.018685678556629247,-0.0372380583578504,train,train
2012-05-23,-0.033708413892493,0.01990931285010185,-0.0372380583578504,train,train
2012-05-24,0.0144742771873496,0.019625701920675614,-0.0372380583578504,train,train
2012-05-25,0.0013152626594448,0.019030551234219612,-0.0372380583578504,train,train
2012-05-28,-0.0219102194501904,0.019215504948944025,-0.0372380583578504,train,train
2012-05-29,-0.0236320690105263,0.019508715328268426,-0.0372380583578504,train,train
2012-05-30,-0.0261397399199908,0.019968769003594993,-0.0372380583578504,train,train
2012-05-31,-9.853669014416372e-05,0.019360454900558464,-0.0372380583578504,train,train
2012-06-01,-0.0040806702541018,0.018797252280653345,-0.0369649109925844,train,train
2012-06-04,0.0283655378401603,0.01950417175688498,-0.0369649109925844,train,train
2012-06-05,0.0045253383463961,0.01894245692078267,-0.0369649109925844,train,train
2012-06-06,0.0238213873648718,0.01927005925012171,-0.0369649109925844,train,train
2012-06-07,0.0029867354039595,0.018697334243025263,-0.0369649109925844,train,train
2012-06-08,0.017536808467859,0.018629741501212063,-0.0369649109925844,train,train
2012-06-11,-0.0054482910270297,0.01811144016374117,-0.0369649109925844,train,train
2012-06-12,0.0009356777861968,0.017561188413420806,-0.0369649109925844,train,train
2012-06-13,0.014127395161576,0.017374309074758756,-0.0369649109925844,train,train
2012-06-14,0.0121252271530193,0.017104849806019017,-0.0369649109925844,train,train
2012-06-15,0.0034290042455095,0.016605023874726108,-0.0369649109925844,train,train
2012-06-18,-0.0300803415873628,0.01770516381760294,-0.0369649109925844,train,train
2012-06-19,0.026337653171977,0.018338069002381576,-0.0369649109925844,train,train
2012-06-20,0.0151522986284304,0.018162687506959138,-0.0369649109925844,train,train
2012-06-21,-0.0033309959262998,0.01762827151080287,-0.0369649109925844,train,train
2012-06-22,0.0150627632316129,0.01748495951500508,-0.0369649109925844,train,train
2012-06-25,-0.0373813089648191,0.019267125272917098,-0.03818920935002643,train,train
2012-06-26,-0.0145375568595087,0.019016551287548193,-0.03818920935002643,train,train
2012-06-27,0.0209931160426705,0.019140901879757276,-0.03818920935002643,train,train
2012-06-28,0.0081861665234538,0.018665810366154712,-0.03818920935002643,train,train
2012-06-29,0.0550634806513372,0.022570488300303677,-0.03818920935002643,train,train
2012-07-02,0.0030647458770814,0.021895773236512147,-0.03818920935002643,train,train
2012-07-03,0.0133163466015706,0.021477869952489834,-0.03818920935002643,train,train
2012-07-04,-0.0070892779426126,0.020895847327618913,-0.03818920935002643,train,train
2012-07-05,-0.0303505672922724,0.021580261015672963,-0.03818920935002643,train,train
2012-07-06,-0.0314491607232108,0.022295923129262006,-0.03818920935002643,train,train
2012-07-09,-0.0075369980064914,0.021695392995560007,-0.03726472341845123,train,train
2012-07-10,0.0057547027794293,0.021081642935090728,-0.03726472341845123,train,train
2012-07-11,0.0116754815515485,0.02063852080164017,-0.03726472341845123,train,train
2012-07-12,-0.0261699935669429,0.021011514515250445,-0.034179627860174304,train,train
2012-07-13,0.0051900550467398,0.020411048919014345,-0.034179627860174304,train,train
2012-07-16,-0.0200814730968496,0.020391424584866612,-0.034179627860174304,train,train
2012-07-17,0.0039877098184835,0.019794334911283837,-0.034179627860174304,train,train
2012-07-18,0.0050192560286443,0.019230661163104373,-0.034179627860174304,train,train
2012-07-19,0.0062614497328853,0.018707794477419565,-0.034179627860174304,train,train
2012-07-20,-0.0600076273015309,0.02334604034559981,-0.04369911671961433,train,train
2012-07-23,-0.011091813350406,0.02279730342021368,-0.04369911671961433,train,train
2012-07-24,-0.0364479611911025,0.023837811416708876,-0.044612299152484165,train,train
2012-07-25,0.0081263441651214,0.023197177115322924,-0.044612299152484165,train,train
2012-07-26,0.0588352308694506,0.026711749250847936,-0.044612299152484165,train,train
2012-07-27,0.0383217067704187,0.027546681973436328,-0.044612299152484165,train,train
2012-07-30,0.0274545010868035,0.027541159820828554,-0.044612299152484165,train,train
2012-07-31,-0.0094092632557402,0.026801429240262263,-0.044612299152484165,train,train
2012-08-01,-0.0026898487640646,0.025993301636074446,-0.044612299152484165,train,train
2012-08-02,-0.0529550694141884,0.028343729266753243,-0.050114668560179466,train,train
2012-08-03,0.0582535421517993,0.03096406755928671,-0.050114668560179466,train,train
2012-08-06,0.0431514902494414,0.031827191796826276,-0.050114668560179466,train,train
2012-08-07,0.0220834031268337,0.03132814279575766,-0.050114668560179466,train,train
2012-08-08,-0.0084811720755776,0.03044472361438075,-0.050114668560179466,train,train
2012-08-09,-0.0056099611369075,0.029549223746760722,-0.050114668560179466,train,train
2012-08-10,-0.0088290592450157,0.02873054757262868,-0.050114668560179466,train,train
2012-08-13,0.0031025680803549,0.027865664494414792,-0.050114668560179466,train,train
2012-08-14,0.0077777211636348,0.027083853474761065,-0.050114668560179466,train,train
2012-08-15,0.0005753035446596,0.026259148317298815,-0.050114668560179466,train,train
2012-08-16,0.0396581920464728,0.027249525315362805,-0.050114668560179466,train,train
2012-08-17,0.0191883275393589,0.026834230880412906,-0.050114668560179466,train,train
2012-08-20,-0.012162005958004,0.026186757215471694,-0.050114668560179466,train,train
2012-08-21,0.0099773680936677,0.02550635902473984,-0.050114668560179466,train,train
2012-08-22,-0.0273845506703439,0.025622933215812545,-0.050114668560179466,train,train
2012-08-23,-0.0079051193250203,0.024917706131978502,-0.050114668560179466,train,train
2012-08-24,0.0037551685162025,0.024176116966584303,-0.050114668560179466,train,train
2012-08-27,0.0120470534371707,0.02362463636710902,-0.050114668560179466,train,train
2012-08-28,-0.0088784444367052,0.023007947396636277,-0.050114668560179466,train,train
2012-08-29,-0.0037569670908517,0.02232600709722416,-0.050114668560179466,train,train
2012-08-30,-0.0153096034996261,0.021968308876423127,-0.050114668560179466,train,train
2012-08-31,0.0308601309489917,0.022600687160523908,-0.050114668560179466,train,train
2012-09-03,0.00184456266728,0.02191683693433451,-0.050114668560179466,train,train
2012-09-04,0.0072374149987944,0.021322984952527713,-0.050114668560179466,train,train
2012-09-05,0.0007742268759264,0.02067427076546847,-0.050114668560179466,train,train
2012-09-06,0.0479383754249976,0.023230695505863593,-0.050114668560179466,train,train
2012-09-07,0.0026421215495964,0.022532291255927622,-0.050114668560179466,train,train
2012-09-10,-0.0031891814827016,0.021859829665375065,-0.050114668560179466,train,train
2012-09-11,0.0092095049265527,0.021313608860978727,-0.050114668560179466,train,train
2012-09-12,0.0077500490870278,0.02075132581232206,-0.050114668560179466,train,train
2012-09-13,-0.0070567550355647,0.020193274600443418,-0.050114668560179466,train,train
2012-09-14,0.027173131835409,0.02067861176114706,-0.050114668560179466,train,train
2012-09-17,-0.0007974245623291,0.020049609434153848,-0.04980355263560726,train,train
2012-09-18,-0.011069917784091,0.01962702761345121,-0.04980355263560726,train,train
2012-09-19,0.0050132916696127,0.01906869124414946,-0.04980355263560726,train,train
2012-09-20,-0.0095156430756682,0.018634133583492172,-0.04980355263560726,train,train
2012-09-21,0.0256708112171201,0.01912946709283053,-0.04980355263560726,train,train
2012-09-24,-0.0112774530952973,0.018751298021186233,-0.04980355263560726,train,train
2012-09-25,0.0044871328517663,0.018213252551489704,-0.04980355263560726,train,train
2012-09-26,-0.0400068241743002,0.020195345335618495,-0.05098984029667317,train,train
2012-09-27,-0.0015417396425644,0.01958375532166703,-0.05098984029667317,train,train
2012-09-28,-0.0172085349537082,0.019449423761751045,-0.05098984029667317,train,train
2012-10-01,0.0097595979370571,0.01900784745040576,-0.05098984029667317,train,train
2012-10-02,0.0106063253819693,0.018611018701363856,-0.05098984029667317,train,train
2012-10-03,-0.0051485339501998,0.018088069553895074,-0.05098984029667317,train,train
2012-10-04,-0.0017776026308778,0.01754243873702147,-0.05098984029667317,train,train
2012-10-05,0.0179617894961994,0.01756788206773853,-0.05098984029667317,train,train
2012-10-08,-0.0080022993738415,0.017145111817696783,-0.05098984029667317,train,train
2012-10-09,-0.0186237819998864,0.017237409406450955,-0.05098984029667317,train,train
2012-10-10,-0.0100432911482332,0.016892384316257975,-0.05098984029667317,train,train
2012-10-11,0.0086609073822964,0.016514604688455364,-0.05098984029667317,train,train
2012-10-12,-0.0106974232771319,0.016224497829553992,-0.0431366182598637,train,train
2012-10-15,0.0034049076882731,0.01575232915520336,-0.0431366182598637,train,train
2012-10-16,0.0335143064071078,0.0173389805185313,-0.040115481419610834,train,train
2012-10-17,0.0234009950898265,0.01776114368413061,-0.040115481419610834,train,train
2012-10-18,-0.0034384504612926,0.01724065277084132,-0.040115481419610834,train,train
2012-10-19,-0.0233435236802462,0.017666377878768704,-0.040115481419610834,train,train
2012-10-22,-0.0045976890600401,0.017165173392532044,-0.040115481419610834,train,train
2012-10-23,-0.0165637944567532,0.017129686049320424,-0.040115481419610834,train,train
2012-10-24,0.0056373512374144,0.01666515404182705,-0.040115481419610834,train,train
2012-10-25,-0.0015798672422265,0.016162100003209317,-0.030244966174963434,train,train
2012-10-26,-0.0004628926465238,0.0156701475455417,-0.030244966174963434,train,train
2012-10-29,-0.0060628978916573,0.015265183801834276,-0.030244966174963434,train,train
2012-10-30,0.0135327251290701,0.015166817902206595,-0.030244966174963434,train,train
2012-10-31,0.0011481947937288,0.01470746492224386,-0.030244966174963434,train,train
2012-11-01,0.0055310986059914,0.014323635574812825,-0.030244966174963434,train,train
2012-11-02,0.0104066578524978,0.014119293734984698,-0.030244966174963434,train,train
2012-11-05,-0.0190408881419352,0.014461898682894745,-0.030244966174963434,train,train
2012-11-06,0.0024271570435607,0.014033929890885888,-0.030244966174963434,train,train
2012-11-07,-0.0228293116415567,0.014710702399715704,-0.030244966174963434,train,train
2012-11-08,-0.0047890982312978,0.014310716505457108,-0.030244966174963434,train,train
2012-11-09,0.0016381968630457,0.013880555890284592,-0.030244966174963434,train,train
2012-11-12,-0.0090501215046994,0.0136390587603729,-0.030244966174963434,train,train
2012-11-13,0.016460444074886,0.013824589020485112,-0.030244966174963434,train,train
2012-11-14,-0.0026551352562921,0.013419206030311583,-0.028726553165367704,train,train
2012-11-15,0.0029280722192895,0.013030157384705535,-0.028726553165367704,train,train
2012-11-16,-0.0140413219223969,0.013093029621202554,-0.028726553165367704,train,train
2012-11-19,0.0228774683160832,0.013876040233985691,-0.028726553165367704,train,train
2012-11-20,0.0019173762482741,0.013461515624970503,-0.028726553165367704,train,train
2012-11-21,0.0034265385562944,0.013078384026121569,-0.028726553165367704,train,train
2012-11-22,0.0089536042650766,0.012868236195017754,-0.028726553165367704,train,train
2012-11-23,0.0043078435260816,0.012520761300944575,-0.028726553165367704,train,train
2012-11-26,-0.004409465550706,0.012187284313106393,-0.028726553165367704,train,train
2012-11-27,-0.0014105057324171,0.011821060721358752,-0.028726553165367704,train,train
2012-11-28,-0.0033245842296651,0.011489838971951518,-0.028726553165367704,train,train
2012-11-29,0.0172159287428143,0.011911284891813853,-0.028726553165367704,train,train
2012-11-30,-0.0049156386276847,0.01161102043295915,-0.028726553165367704,train,train
2012-12-03,-0.0057382007995768,0.011344710867619987,-0.028726553165367704,train,train
2012-12-04,0.0016717397963735,0.011006725199917916,-0.028726553165367704,train,train
2012-12-05,-0.0024325632708937,0.010688038243425763,-0.028726553165367704,train,train
2012-12-06,0.0034949556505992,0.010397739884385216,-0.028726553165367704,train,train
2012-12-07,-0.0079064668824293,0.010265327473340148,-0.028726553165367704,train,train
2012-12-10,-0.0056347716572494,0.0100478540168823,-0.028726553165367704,train,train
2012-12-11,0.0148171734274863,0.01039589947174921,-0.028726553165367704,train,train
2012-12-12,0.0082852780733757,0.010281487841859376,-0.028726553165367704,train,train
2012-12-13,0.0037866221096903,0.01001133173598097,-0.028726553165367704,train,train
2012-12-14,0.0008727536099083,0.009708700184473958,-0.028726553165367704,train,train
2012-12-17,0.0020168483556696,0.009425889260598726,-0.028726553165367704,train,train
2012-12-18,0.0158556399539567,0.009929784698212577,-0.028726553165367704,train,train
2012-12-19,0.0116109138100756,0.010038594815709295,-0.021737907821246034,train,train
2012-12-20,0.0,0.009732778776975586,-0.021737907821246034,train,train
2012-12-21,0.0032376360584441,0.009469545976078781,-0.021737907821246034,train,train
2012-12-24,0.0010246839757386,0.009184495716613611,-0.021737907821246034,train,train
2012-12-27,-0.002243569088513,0.008921641105182386,-0.021737907821246034,train,train
2012-12-28,-0.018267747603631,0.009738715282813087,-0.021737907821246034,train,train
2012-12-31,0.0044789518296385,0.009505560551995274,-0.021737907821246034,train,train
2013-01-02,0.0337194425212199,0.012375556099008278,-0.021737907821246034,train,train
2013-01-03,-0.0052459042452407,0.012067157748000686,-0.021737907821246034,train,train
2013-01-04,0.0038481029370175,0.011737452539672224,-0.021737907821246034,train,train
2013-01-07,-0.0019934769877346,0.011390353884925267,-0.021737907821246034,train,train
2013-01-08,0.0040303557903088,0.011087397259690426,-0.021737907821246034,train,train
2013-01-09,0.0179847685104139,0.011617300427247712,-0.021737907821246034,train,train
2013-01-10,0.0014513552023262,0.01126899973286508,-0.021737907821246034,train,train
2013-01-11,0.0052998168110217,0.011002555029372847,-0.021737907821246034,train,train
2013-01-14,-0.0037695594606964,0.010707260100304775,-0.021737907821246034,train,train
2013-01-15,-0.0036092955490901,0.01041865224421493,-0.021737907821246034,train,train
2013-01-16,-0.0023164130502012,0.010117181518381502,-0.0200459824623743,train,train
2013-01-17,0.0055550206849604,0.009902899345744544,-0.0200459824623743,train,train
2013-01-18,-0.0028898714423188,0.00962727645505304,-0.0200459824623743,train,train
2013-01-21,0.0071686248692058,0.00949772266263978,-0.0200459824623743,train,train
2013-01-22,-0.0039080655125561,0.009258007895484957,-0.0200459824623743,train,train
2013-01-23,-0.002180272065131,0.008991845347756463,-0.0200459824623743,train,train
2013-01-24,0.0060536283424691,0.008843125621578383,-0.0200459824623743,train,train
2013-01-25,0.006785464073329,0.008733348148041588,-0.0200459824623743,train,train
2013-01-28,-0.0059894831826058,0.008593458105448027,-0.0200459824623743,train,train
2013-01-29,-0.0034073585503113,0.008373367089463339,-0.0200459824623743,train,train
2013-01-30,-0.0082602959804285,0.008366625915568969,-0.0200459824623743,train,train
2013-01-31,-0.0247559974056644,0.010127781983798911,-0.021951018883617366,train,train
2013-02-01,-0.015983916701315,0.010571035210591,-0.021951018883617366,train,train
2013-02-04,-0.0384087924287624,0.013912444014201346,-0.027144179146019267,train,train
2013-02-05,0.0217328870224333,0.014501097725385504,-0.027144179146019267,train,train
2013-02-06,-0.00463163716829,0.014105036295530435,-0.027144179146019267,train,train
2013-02-07,-0.0051771203409657,0.013734011812497742,-0.027144179146019267,train,train
2013-02-08,0.0198036020802224,0.014171684972471876,-0.027144179146019267,train,train
2013-02-11,-0.0118498821686416,0.01404320611919114,-0.027144179146019267,train,train
2013-02-12,0.0191383147118478,0.01439984184705881,-0.027144179146019267,train,train
2013-02-13,0.0086452997875596,0.0141208565962584,-0.027144179146019267,train,train
2013-02-14,-0.0071042084315678,0.013800828315638097,-0.027144179146019267,train,train
2013-02-15,-0.0118555085300557,0.013691905470613962,-0.027144179146019267,train,train
2013-02-18,-0.0050802841139508,0.013332994265804005,-0.027144179146019267,train,train
2013-02-19,0.0142524896615279,0.013389944720556627,-0.027144179146019267,train,train
2013-02-20,-0.0076029462744685,0.013114933090394926,-0.027144179146019267,train,train
2013-02-21,-0.0183593662271008,0.01348722956960592,-0.02717471868717587,train,train
2013-02-22,0.020317513499969,0.013991394536097625,-0.02717471868717587,train,train
2013-02-25,0.0079763664438891,0.013705142067840449,-0.02717471868717587,train,train
2013-02-26,-0.0325201340281832,0.015492404945210042,-0.03189497462087,train,train
2013-02-27,0.0193585849693541,0.01575115941917066,-0.03189497462087,train,train
2013-02-28,0.0114376781591942,0.015526181454744091,-0.03189497462087,train,train
2013-03-01,-0.0052626315588263,0.015108285454913084,-0.03189497462087,train,train
2013-03-04,0.0072047825460784,0.01475395558879335,-0.03189497462087,train,train
2013-03-05,0.0212370834578149,0.015221014289881377,-0.03189497462087,train,train
2013-03-06,-0.00767477409066,0.014876580551073108,-0.03189497462087,train,train
2013-03-07,0.0036063151631008,0.014450405548023532,-0.03189497462087,train,train
2013-03-08,0.028091104776936,0.015608714787820815,-0.03189497462087,train,train
2013-03-11,-0.008578466009843,0.015278398588621973,-0.03189497462087,train,train
2013-03-12,-0.0025868799412159,0.0148265037178916,-0.03189497462087,train,train
2013-03-13,-0.0039928224541461,0.014408062243614655,-0.03189497462087,train,train
2013-03-14,0.0186061426130498,0.014693809401756599,-0.03189497462087,train,train
2013-03-15,-0.0044916230780697,0.014288598018125098,-0.03189497462087,train,train
2013-03-18,-0.0129972720736619,0.014214427044575586,-0.03189497462087,train,train
2013-03-19,-0.0222009500906456,0.014815528040838381,-0.03189497462087,train,train
2013-03-20,0.0113878505833158,0.014632527714500042,-0.03189497462087,train,train
2013-03-21,-0.0077650221826077,0.014313697965461563,-0.03189497462087,train,train
2013-03-22,-0.0026018368734935,0.01389227144086406,-0.03189497462087,train,train
2013-03-25,-0.0229394955036388,0.014594133090976532,-0.03189497462087,train,train
2013-03-26,-0.018610582479341,0.014865753403367397,-0.03189497462087,train,train
2013-03-27,-0.0113399073440599,0.01467810603276381,-0.03189497462087,train,train
2013-03-28,0.0024778295319217,0.014243888768797295,-0.03189497462087,train,train
2013-04-02,0.0163305170050381,0.014377628885233749,-0.03189497462087,train,train
2013-04-03,-0.0183148343094883,0.014643743680045004,-0.03189497462087,train,train
2013-04-04,-0.00716092994601,0.014305579690818067,-0.03189497462087,train,train
2013-04-05,-0.0063274020310484,0.013956102416530069,-0.03189497462087,train,train
2013-04-08,-0.0014500424106884,0.013535604321957832,-0.03189497462087,train,train
2013-04-09,0.0109071539071342,0.01339245271338309,-0.03189497462087,train,train
2013-04-10,0.0329721079260626,0.015291367380475339,-0.03189497462087,train,train
2013-04-11,0.0028350857333152,0.014841786417062474,-0.03189497462087,train,train
2013-04-12,-0.0147040866066485,0.014833560475586007,-0.03189497462087,train,train
2013-04-15,-0.0032763219545085,0.014404044658805766,-0.03189497462087,train,train
2013-04-16,-0.0081940317237117,0.01410873636206483,-0.03189497462087,train,train
2013-04-17,-0.0185001610718836,0.014410010853963073,-0.03189497462087,train,train
2013-04-18,0.0012167411453773,0.013974202502595444,-0.03189497462087,train,train
2013-04-19,0.013097860481632,0.013923177525274534,-0.03189497462087,train,train
2013-04-22,0.0140751757963602,0.013932344184601453,-0.03189497462087,train,train
2013-04-23,0.0320673913061166,0.01562570499914427,-0.03189497462087,train,train
2013-04-24,0.011991570761172,0.015431810116647918,-0.03189497462087,train,train
2013-04-25,-0.0028888218472371,0.014978418980907326,-0.03189497462087,train,train
2013-04-26,-0.008174247184551,0.014659500403478864,-0.03189497462087,train,train
2013-04-29,0.0183790064050667,0.014908862047154038,-0.031289473986861466,train,train
2013-04-30,-0.0037819383812334,0.01448433294852658,-0.031289473986861466,train,train
2013-05-02,-0.0014976909435662,0.014047872849499056,-0.025886859874155867,train,train
2013-05-03,0.0163295378934482,0.014195118744440457,-0.025886859874155867,train,train
2013-05-06,-0.004809793443979,0.013813014123538117,-0.025886859874155867,train,train
2013-05-07,0.0047161876296524,0.013441947149573415,-0.025886859874155867,train,train
2013-05-08,0.0061840293162411,0.013120187487100065,-0.025886859874155867,train,train
2013-05-09,-0.0028305498072943,0.012739375229874977,-0.025886859874155867,train,train
2013-05-10,-0.0032949605617637,0.012377624419851883,-0.025886859874155867,train,train
2013-05-13,-0.0101987422230958,0.012257818389834639,-0.025886859874155867,train,train
2013-05-14,0.0019843410528851,0.011894331487827639,-0.025886859874155867,train,train
2013-05-15,0.0126518509694413,0.011941137894981597,-0.025886859874155867,train,train
2013-05-16,-0.004694981649931,0.011634341362317805,-0.025886859874155867,train,train
2013-05-17,0.0046833754681599,0.011338097959772102,-0.025886859874155867,train,train
2013-05-20,-0.0078608235235007,0.011160056909027046,-0.025886859874155867,train,train
2013-05-21,-0.0059718838253808,0.010918510053363034,-0.025886859874155867,train,train
2013-05-22,-0.0002480798631414,0.010586062662547207,-0.025886859874155867,train,train
2013-05-23,-0.0141381511843356,0.010832085601042917,-0.025886859874155867,train,train
2013-05-24,-0.0095134551799341,0.010757526831379921,-0.021250342691208467,train,train
2013-05-27,0.0119076363151738,0.01082997823973133,-0.021250342691208467,train,train
2013-05-28,0.0175057779545757,0.011341880737354162,-0.021250342691208467,train,train
2013-05-29,-0.0082109446791275,0.011178780787374132,-0.021250342691208467,train,train
2013-05-30,-0.000971864559212,0.010840844189541801,-0.021250342691208467,train,train
2013-05-31,-0.0134775631859897,0.011016857589319543,-0.021250342691208467,train,train
2013-06-03,-0.0043600499146563,0.010734499717743925,-0.021250342691208467,train,train
2013-06-04,0.0094429489986898,0.010661419806308216,-0.021250342691208467,train,train
2013-06-05,-0.0086827953405894,0.010553169004841831,-0.021250342691208467,train,train
2013-06-06,-0.0089657453934216,0.010464716379799727,-0.021250342691208467,train,train
2013-06-07,0.0060545667798453,0.010253737772566947,-0.021250342691208467,train,train
2013-06-10,-0.0047531628867104,0.010009312836339379,-0.021250342691208467,train,train
2013-06-11,-0.0169278761495199,0.010553120027005041,-0.021250342691208467,train,train
2013-06-12,0.0042558287101329,0.010284598506831069,-0.021250342691208467,train,train
2013-06-13,-0.0064338665062971,0.010095061503188589,-0.021250342691208467,train,train
2013-06-14,-9.915302214167954e-05,0.009787555395872791,-0.020016746351621133,train,train
2013-06-17,0.0080705273574482,0.009693114612924015,-0.020016746351621133,train,train
2013-06-18,0.0053811223271973,0.009489808812370241,-0.020016746351621133,train,train
2013-06-19,-0.0100624953418278,0.009525141036639711,-0.020016746351621133,train,train
2013-06-20,-0.0347010395696502,0.012551268537270285,-0.0239372610402916,train,train
2013-06-21,-0.0157067610888022,0.012762618148915737,-0.023838678317007367,train,train
2013-06-24,-0.0192750072751655,0.013243976405203702,-0.0241587359722331,train,train
2013-06-25,0.0071895849881688,0.012960715423865418,-0.0241587359722331,train,train
2013-06-26,0.0279072230032696,0.014304898510152765,-0.0241587359722331,train,train
2013-06-27,0.0027317789968253,0.013885246526146892,-0.0241587359722331,train,train
2013-06-28,-0.0104696624738411,0.013704338611014078,-0.0241587359722331,train,train
2013-07-01,0.0184308837767241,0.0140328974758201,-0.0241587359722331,train,train
2013-07-02,-0.0025959758055629,0.0136202505225069,-0.0241587359722331,train,train
2013-07-03,-0.0156932649114344,0.013753445555675349,-0.0241587359722331,train,train
2013-07-04,0.0302195994688314,0.015251271432151032,-0.0241587359722331,train,train
2013-07-05,-0.0168367403280805,0.015351017978356685,-0.0241587359722331,train,train
2013-07-08,0.0187843693149789,0.015578372175141138,-0.0241587359722331,train,train
2013-07-09,-0.0003493295968155,0.01510403458416365,-0.0241587359722331,train,train
2013-07-10,-0.0024734644474483,0.014656433081033132,-0.0241587359722331,train,train
2013-07-11,0.0044553799104952,0.014251785622443414,-0.023634640998111866,train,train
2013-07-12,-0.0234335144117084,0.014962431810485368,-0.025803187085508033,train,train
2013-07-15,0.0013248466886484,0.014510245238014563,-0.025803187085508033,train,train
2013-07-16,-0.0072700591811823,0.014180465771093644,-0.025803187085508033,train,train
2013-07-17,0.0018576787142584,0.01375599982292721,-0.025803187085508033,train,train
2013-07-18,0.0183390388659,0.014073133981177415,-0.025803187085508033,train,train
2013-07-19,-0.0017734208454745,0.01365132284208201,-0.025803187085508033,train,train
2013-07-22,0.0028661849528866,0.013254055959949555,-0.025803187085508033,train,train
2013-07-23,0.0134294187682605,0.013264643106141389,-0.025803187085508033,train,train
2013-07-24,0.0146071672712284,0.013349002639548949,-0.025803187085508033,train,train
2013-07-25,0.0108774222791047,0.013213751099090731,-0.025803187085508033,train,train
2013-07-26,0.0085960337323121,0.012983086411859895,-0.025803187085508033,train,train
2013-07-29,0.0026898316476448,0.012604801167361271,-0.025803187085508033,train,train
2013-07-30,0.0095530206739692,0.012442819775293152,-0.025803187085508033,train,train
2013-07-31,-0.0027353207874798,0.012082353119795245,-0.025803187085508033,train,train
2013-08-01,0.0125844041414673,0.012113062996306389,-0.025803187085508033,train,train
2013-08-02,0.0039499226330108,0.011783837692863227,-0.025803187085508033,train,train
2013-08-05,-0.0015407488404927,0.011431086358907811,-0.025803187085508033,train,train
2013-08-06,-0.0036628815449116,0.011119107576457878,-0.025803187085508033,train,train
2013-08-07,0.0052152479382967,0.010855800696517363,-0.025803187085508033,train,train
2013-08-08,0.0113303850101287,0.010884859287350545,-0.025803187085508033,train,train
2013-08-09,0.0073188311450854,0.010704450913657947,-0.025803187085508033,train,train
2013-08-12,-0.0020397209207281,0.010390369622261041,-0.025803187085508033,train,train
2013-08-13,0.0046691980400555,0.010138554071178406,-0.025803187085508033,train,train
2013-08-14,0.0035103964613151,0.009867230357800133,-0.025803187085508033,train,train
2013-08-15,-0.0058995485616963,0.009675163111377904,-0.025803187085508033,train,train
2013-08-16,0.0095337311415371,0.009666735546533202,-0.025803187085508033,train,train
2013-08-19,-0.0187894998138516,0.010441347985499564,-0.025803187085508033,train,train
2013-08-20,-0.018031244336599,0.01104481730173053,-0.025803187085508033,train,train
2013-08-21,-0.0047866336237052,0.010772345221062348,-0.025803187085508033,train,train
2013-08-22,0.0196478910133174,0.01149970406333624,-0.025803187085508033,train,train
2013-08-23,0.006594851648515,0.011265794513819635,-0.025803187085508033,train,train
2013-08-26,-0.0042568085944316,0.010972249706898292,-0.025803187085508033,train,train
2013-08-27,-0.0300306714080117,0.012933573416718839,-0.029388408463123433,train,train
2013-08-28,0.000488278874391,0.012540135047983632,-0.029388408463123433,train,train
2013-08-29,0.0040403659305528,0.012198326164336387,-0.029388408463123433,train,train
2013-08-30,-0.0169355418288008,0.012533154677133182,-0.029388408463123433,train,train
2013-09-02,0.0166390114978884,0.012816652074894613,-0.029388408463123433,train,train
2013-09-03,0.0018489827213851,0.012434456176713366,-0.029388408463123433,train,train
2013-09-04,0.0053260621531726,0.012126037055424841,-0.029388408463123433,train,train
2013-09-05,0.0070069777930417,0.01188125382511858,-0.029388408463123433,train,train
2013-09-06,0.0122059181504413,0.011900983454454407,-0.029388408463123433,train,train
2013-09-09,-0.0026030409929667,0.011556035310471738,-0.029388408463123433,train,train
2013-09-10,0.0193993480367454,0.012170025358482378,-0.029388408463123433,train,train
2013-09-11,0.0083274218484913,0.011974293443502279,-0.029388408463123433,train,train
2013-09-12,0.0055058227915676,0.011687580003557805,-0.0242463976982952,train,train
2013-09-13,0.0019477926398985,0.011341569050588765,-0.0242463976982952,train,train
2013-09-16,0.0064545261583717,0.01110913910675633,-0.024084561877857232,train,train
2013-09-17,-0.0008337279006336,0.010772645892463224,-0.024084561877857232,train,train
2013-09-18,0.0078097346332069,0.010618211848301348,-0.024084561877857232,train,train
2013-09-19,0.0100131799547816,0.01058288542187305,-0.024084561877857232,train,train
2013-09-20,0.0019752429152769,0.010271889363491247,-0.024084561877857232,train,train
2013-09-23,-0.0068156130234681,0.010097928663007894,-0.024084561877857232,train,train
2013-09-24,0.0063575609614271,0.009913384304509753,-0.024084561877857232,train,train
2013-09-25,0.0081802537726341,0.009818027814884615,-0.024084561877857232,train,train
2013-09-26,0.0031865597464054,0.009550879527271914,-0.024084561877857232,train,train
2013-09-27,-0.0047565648567375,0.009332932889182,-0.024084561877857232,train,train
2013-09-30,-0.0045943034589012,0.009118326359123415,-0.024084561877857232,train,train
2013-10-01,0.0167754271508161,0.009748853287517258,-0.024084561877857232,train,train
2013-10-02,0.0009095053332071,0.009454489092135641,-0.024084561877857232,train,train
2013-10-03,-0.005824400746711,0.009276828164691333,-0.024084561877857232,train,train
2013-10-04,0.0133787321959398,0.009572637925860264,-0.0222838051861541,train,train
2013-10-07,-0.0041483284211507,0.009336476357246604,-0.0222838051861541,train,train
2013-10-08,-0.0067377119159467,0.009201272142209288,-0.0222838051861541,train,train
2013-10-09,0.0128054177781906,0.009456337978379204,-0.0222838051861541,train,train
2013-10-10,0.0231953880983478,0.010786034953848203,-0.0222838051861541,train,train
2013-10-11,0.0008277726256425,0.01045941439447175,-0.0222838051861541,train,train
2013-10-14,0.0028402536831643,0.01016461563296171,-0.0222838051861541,train,train
2013-10-15,0.0112096177956477,0.010230326396326204,-0.0222838051861541,train,train
2013-10-16,0.0074882635969093,0.010086845343647061,-0.0222838051861541,train,train
2013-10-17,0.0039399998917256,0.00982706456660701,-0.0222838051861541,train,train
2013-10-18,0.0084137774510701,0.009748047249385662,-0.0222838051861541,train,train
2013-10-21,0.0035928935223488,0.00949196990605513,-0.0222838051861541,train,train
2013-10-22,-0.0024836490370613,0.009222892924021538,-0.0222838051861541,train,train
2013-10-23,-0.018608359638698,0.010036648422719412,-0.022476176953520433,train,train
2013-10-24,0.0088231928458158,0.009968007663884835,-0.022476176953520433,train,train
2013-10-25,-0.0101263846267084,0.009977581175641369,-0.022476176953520433,train,train
2013-10-28,-0.0081118591175611,0.009875582719521504,-0.022476176953520433,train,train
2013-10-29,0.0130307626705314,0.010092747522535571,-0.022476176953520433,train,train
2013-10-30,-0.008675105313681,0.01001335041495285,-0.022476176953520433,train,train
2013-10-31,0.013125900320842,0.010226852443183047,-0.022476176953520433,train,train
2013-11-01,-0.0070495530616014,0.010064540334414718,-0.022476176953520433,train,train
2013-11-04,0.0036018561449467,0.009797738304109295,-0.022476176953520433,train,train
2013-11-05,-0.0079412387056581,0.009696377243799686,-0.022476176953520433,train,train
2013-11-06,0.0042173828513144,0.009457575103677764,-0.022476176953520433,train,train
2013-11-07,-0.009878697649448,0.009483369826499213,-0.022476176953520433,train,train
2013-11-08,0.0006978603392982,0.009196057068840769,-0.022476176953520433,train,train
2013-11-11,0.0043303027278424,0.008978781040846205,-0.022223425127769567,train,train
2013-11-12,-0.0084013474863998,0.008945186237073317,-0.0218581909585035,train,train
2013-11-13,-0.0033431162899474,0.008711254846384476,-0.0218581909585035,train,train
2013-11-14,0.0034564836211952,0.008488205940017776,-0.0218581909585035,train,train
2013-11-15,-0.0013192561599618,0.008235963081770077,-0.0218581909585035,train,train
2013-11-18,0.008953220255137,0.00828075067777328,-0.0218581909585035,train,train
2013-11-19,-0.015793946318452,0.008911986663971435,-0.017112615928650265,train,train
2013-11-20,-0.0073270198976221,0.008824919781827223,-0.017112615928650265,train,train
2013-11-21,0.0041547385972367,0.00861638948603337,-0.017112615928650265,train,train
2013-11-22,0.0081031599419319,0.008586460840835216,-0.014842896861286134,train,train
2013-11-25,0.0012081927009938,0.008330141353007697,-0.014842896861286134,train,train
2013-11-26,0.0026283689579365,0.008101992289935002,-0.014842896861286134,train,train
2013-11-27,0.0096093425070883,0.008200250613689088,-0.014842896861286134,train,train
2013-11-28,0.005226668592424,0.008052859578694496,-0.014842896861286134,train,train
2013-11-29,-0.0022541276905537,0.00782703647936054,-0.014842896861286134,train,train
2013-12-02,-0.0094061085435366,0.0079306520994338,-0.014842896861286134,train,train
2013-12-03,-0.0145218584440583,0.008471988581146374,-0.016308054800402764,train,train
2013-12-04,-0.0067379081059783,0.008378071342893098,-0.016308054800402764,train,train
2013-12-05,-0.0156770423639667,0.008984805735123414,-0.0166931161070389,train,train
2013-12-06,0.000894011482147,0.008713844469798896,-0.0166931161070389,train,train
2013-12-09,0.0092017738194068,0.00874388808269098,-0.0166931161070389,train,train
2013-12-10,-0.00518879050878,0.008572260897284226,-0.0166931161070389,train,train
2013-12-11,-0.0084694544769503,0.008566127306190918,-0.0166931161070389,train,train
2013-12-12,-0.0092965735604692,0.008611701434805458,-0.0166931161070389,train,train
2013-12-13,6.477142666069307e-05,0.00834936939093961,-0.0166931161070389,train,train
2013-12-16,0.0167684701146237,0.0090774526422273,-0.0166931161070389,train,train
2013-12-17,-0.0091728290108014,0.009083203466137408,-0.0166931161070389,train,train
2013-12-18,0.0106669796147021,0.00918593366734399,-0.0166931161070389,train,train
2013-12-19,0.0182055199396838,0.009960168275528614,-0.0166931161070389,train,train
2013-12-20,0.0075414305620502,0.009831838355443469,-0.0166931161070389,train,train
2013-12-23,0.0070443534195501,0.009687234777101605,-0.0166931161070389,train,train
2013-12-24,0.006241718210357,0.009515750592682413,-0.0166931161070389,train,train
2013-12-27,0.0081746221664501,0.009440657055282785,-0.0166931161070389,train,train
2013-12-30,0.0001818789042647,0.009153165031478564,-0.0166931161070389,train,train
2013-12-31,0.0014935284617734,0.008881860273830065,-0.0166931161070389,train,train
2014-01-02,-0.0158971224911506,0.009450783333582938,-0.016766476149433534,train,train
2014-01-03,0.0038551694196163,0.009211406361488237,-0.016766476149433534,train,train
2014-01-06,0.0091941916853732,0.009210374388260292,-0.016766476149433534,train,train
2014-01-07,0.0289247872154518,0.011399111172243025,-0.016766476149433534,train,train
2014-01-08,0.0073315122652171,0.011196803816796476,-0.016766476149433534,train,train
2014-01-09,-0.001893755345933,0.010865610398304065,-0.016766476149433534,train,train
2014-01-10,0.0054957530002311,0.010620263557484926,-0.016766476149433534,train,train
2014-01-13,0.0072521723095159,0.01044883909058946,-0.016766476149433534,train,train
2014-01-14,0.0015905550610536,0.01013801439951153,-0.016766476149433534,train,train
2014-01-15,0.0136798562214902,0.010384646540988267,-0.016766476149433534,train,train
2014-01-16,-0.0066252306081218,0.01019823767084449,-0.016766476149433534,train,train
2014-01-17,0.0009751072118504,0.009890442787865765,-0.016766476149433534,train,train
2014-01-20,-0.0011090544984693,0.00959298739394969,-0.015789370391189765,train,train
2014-01-21,-0.0092929403913612,0.009575249718889452,-0.015789370391189765,train,train
2014-01-22,-0.0075301899156882,0.009465014968732323,-0.015789370391189765,train,train
2014-01-23,-0.0037522803334059,0.009222586097123474,-0.015789370391189765,train,train
2014-01-24,-0.0370303219520288,0.012736852566155357,-0.02290713025387713,train,train
2014-01-27,-0.0112599565964863,0.012653101036810895,-0.02290713025387713,train,train
2014-01-28,0.012292894589613,0.012631778312666844,-0.02290713025387713,train,train
2014-01-29,0.0017294915635649,0.012254288327114117,-0.02290713025387713,train,train
2014-01-30,0.0068779187471413,0.01199982805865731,-0.02290713025387713,train,train
2014-01-31,-0.0044556790955315,0.011685345763101762,-0.02290713025387713,train,train
2014-02-03,-0.0198320618606592,0.012326926134513286,-0.024253168767946198,train,train
2014-02-04,0.0029671364498398,0.011973477163001563,-0.024253168767946198,train,train
2014-02-05,0.0021199145872204,0.011620324794168678,-0.024253168767946198,train,train
2014-02-06,0.0192106863037717,0.012209547883454503,-0.024253168767946198,train,train
2014-02-07,0.0107602861167375,0.012127477123710003,-0.024253168767946198,train,train
2014-02-10,-0.0089454431248643,0.01196045218480279,-0.024253168767946198,train,train
2014-02-11,0.0108101724191393,0.011894572759916507,-0.024253168767946198,train,train
2014-02-12,-0.0010311720817583,0.011534981942951744,-0.024253168767946198,train,train
2014-02-13,0.0017939422425106,0.011192209506837211,-0.024253168767946198,train,train
2014-02-14,0.003351028658536,0.010882250870590183,-0.024253168767946198,train,train
2014-02-17,-0.001402296716935,0.010556323561485444,-0.024253168767946198,train,train
2014-02-18,-0.0075292611969898,0.010399576700858363,-0.024253168767946198,train,train
2014-02-19,0.0011046322783649,0.010086393635578492,-0.024253168767946198,train,train
2014-02-20,0.0008351957913618,0.009781261140472761,-0.024253168767946198,train,train
2014-02-21,0.0008741594678654,0.009485701587903272,-0.024253168767946198,train,train
2014-02-24,0.012050891613135,0.009658843712275154,-0.024253168767946198,train,train
2014-02-25,0.0048347530517573,0.009439181975730546,-0.024253168767946198,train,train
2014-02-26,-0.0017785114809066,0.009161989585999432,-0.024253168767946198,train,train
2014-02-27,-0.0059053614238724,0.008999884865725668,-0.024253168767946198,train,train
2014-02-28,-0.0049213779414869,0.008808589534716447,-0.024253168767946198,train,train
2014-03-03,-0.023559475434289,0.010307216286659612,-0.026807286415659003,train,train
2014-03-04,0.0247945032689078,0.0116940338919594,-0.026807286415659003,train,train
2014-03-05,0.0087013160180344,0.01153638491786138,-0.026807286415659003,train,train
2014-03-06,0.0086553521764643,0.011384102671383171,-0.026807286415659003,train,train
2014-03-07,-0.0136604219286035,0.011533358298894826,-0.026807286415659003,train,train
2014-03-10,0.002986371399805,0.011205907249299334,-0.026807286415659003,train,train
2014-03-11,-0.0030749599205011,0.010890607813793805,-0.026807286415659003,train,train
2014-03-12,-0.0091826194448158,0.010795751397319838,-0.026807286415659003,train,train
2014-03-13,-0.011997796541197,0.010871622723835055,-0.026807286415659003,train,train
2014-03-14,-0.013996569278078,0.011083992372056406,-0.026807286415659003,train,train
2014-03-17,0.0164758526433197,0.011479147046232983,-0.026807286415659003,train,train
2014-03-18,0.0076300118140931,0.011285282128129941,-0.026807286415659003,train,train
2014-03-19,0.0041598549196717,0.010988830726058288,-0.026807286415659003,train,train
2014-03-20,-0.0013284386092789,0.010659034741979328,-0.026807286415659003,train,train
2014-03-21,-0.0026623774977076,0.01035487400064805,-0.026807286415659003,train,train
2014-03-24,-0.0140239441574536,0.010610856290564949,-0.026807286415659003,train,train
2014-03-25,0.0077775737317082,0.010462518536901614,-0.026807286415659003,train,train
2014-03-26,0.0149321479836055,0.010783069094240606,-0.026807286415659003,train,train
2014-03-27,0.005722811058867,0.010548134353079996,-0.026807286415659003,train,train
2014-03-28,0.0126561662947834,0.010686349364851471,-0.026807286415659003,train,train
2014-03-31,0.0011223956603003,0.010364447177920172,-0.026807286415659003,train,train
2014-04-01,0.0117865328698696,0.010455228395937344,-0.026807286415659003,train,train
2014-04-02,-0.0026125632493015,0.010156900214457055,-0.026807286415659003,train,train
2014-04-03,0.0141106685635261,0.010436451632956123,-0.026807286415659003,train,train
2014-04-04,0.0087578159315645,0.01034341876360425,-0.026807286415659003,train,train
2014-04-07,-0.0066718976989833,0.010160609536364712,-0.026807286415659003,train,train
2014-04-08,-0.0119223786717247,0.010274837895215543,-0.026807286415659003,train,train
2014-04-09,0.0004483704492513,0.009962430341546466,-0.026807286415659003,train,train
2014-04-10,-0.0143221883233213,0.010276308768895404,-0.026807286415659003,train,train
2014-04-11,-0.0127255671915179,0.010439481511052461,-0.026807286415659003,train,train
2014-04-14,-0.0016868249859686,0.010129883043669708,-0.026807286415659003,train,train
2014-04-15,-0.0083482207450778,0.010031910387669653,-0.026807286415659003,train,train
2014-04-16,0.0161405839057313,0.01049914184082382,-0.026807286415659003,train,train
2014-04-17,0.0023832372355002,0.010196021273680906,-0.026807286415659003,train,train
2014-04-22,0.0140280313507038,0.010465584486264116,-0.019237908539423167,train,train
2014-04-23,-0.0012845653458059,0.010151638173636948,-0.019237908539423167,train,train
2014-04-24,0.0036003991079873,0.00988181079439108,-0.019237908539423167,train,train
2014-04-25,-0.0150039856305191,0.010261498359870495,-0.0194651743084891,train,train
2014-04-28,0.0014253300458897,0.009955015902480033,-0.0194651743084891,train,train
2014-04-29,0.0134830668996803,0.010201165948203557,-0.0194651743084891,train,train
2014-04-30,-0.0001912047858557,0.009890508230461595,-0.017628549796043134,train,train
2014-05-02,0.0014808817197838,0.009596061927348023,-0.017628549796043134,train,train
2014-05-05,0.0002386466434816,0.00930391086457276,-0.017628549796043134,train,train
2014-05-06,0.0004199170851278,0.009021062673258792,-0.017628549796043134,train,train
2014-05-07,-0.0064704707937929,0.00888869039775663,-0.017628549796043134,train,train
2014-05-08,0.0168916724756516,0.009559707312957955,-0.017628549796043134,train,train
2014-05-09,-0.0098680116152058,0.009578485416240226,-0.017628549796043134,train,train
2014-05-12,0.0075804606689545,0.009470498557847578,-0.017628549796043134,train,train
2014-05-13,0.001909807204365,0.00919389820324394,-0.017628549796043134,train,train
2014-05-14,0.0025187594744991,0.008935141144869405,-0.017628549796043134,train,train
2014-05-15,-0.0237297780617966,0.01043229047015761,-0.020764413042201568,train,train
2014-05-16,0.0109099093937819,0.010461562539379509,-0.020764413042201568,train,train
2014-05-19,-0.0050899211018243,0.010219201100320685,-0.020764413042201568,train,train
2014-05-20,0.0027108046153078,0.009930108486860061,-0.020764413042201568,train,train
2014-05-21,0.0073957854464993,0.009796554998028676,-0.020764413042201568,train,train
2014-05-22,-0.0010261061391124,0.009501437473780483,-0.020764413042201568,train,train
2014-05-23,0.0036339441101612,0.009254891042676676,-0.020764413042201568,train,train
2014-05-26,0.0121057033238917,0.00945022279616057,-0.020764413042201568,train,train
2014-05-27,0.002495150920223,0.009182693228575694,-0.020764413042201568,train,train
2014-05-28,0.0040053373073218,0.00895684694806423,-0.020764413042201568,train,train
2014-05-29,-0.0020845357462145,0.00869898374366911,-0.017685317338545666,train,train
2014-05-30,0.0059349982074241,0.008558354474172584,-0.017685317338545666,train,train
2014-06-02,0.0026542224345774,0.008323064293346972,-0.017685317338545666,train,train
2014-06-03,-0.0046935847762935,0.008150998684851527,-0.017685317338545666,train,train
2014-06-04,-0.0019599033950745,0.007917254957742976,-0.017685317338545666,train,train
2014-06-05,0.0111688384780874,0.008149020044086757,-0.017685317338545666,train,train
2014-06-06,0.0171283678466428,0.008945669070761922,-0.017685317338545666,train,train
2014-06-09,0.0089794679032599,0.008947700601032189,-0.017685317338545666,train,train
2014-06-10,-0.00094988901038,0.008678237299756876,-0.017685317338545666,train,train
2014-06-11,-0.0070719474571325,0.008590334156668447,-0.017685317338545666,train,train
2014-06-12,0.0012271265293663,0.008334060285297653,-0.017685317338545666,train,train
2014-06-13,0.0022700662560429,0.008099281402510134,-0.017685317338545666,train,train
2014-06-16,-0.0095380531057361,0.00819273611839746,-0.017685317338545666,train,train
2014-06-17,0.0045589000922007,0.008021264476526919,-0.017685317338545666,train,train
2014-06-18,0.0048531391465706,0.007867237148377292,-0.017685317338545666,train,train
2014-06-19,0.0067713031914535,0.007805821413695967,-0.017685317338545666,train,train
2014-06-20,-0.0029271270802323,0.007601913012038048,-0.017685317338545666,train,train
2014-06-23,-0.0033043790228055,0.0074146390201829246,-0.017685317338545666,train,train
2014-06-24,-0.0011158492378984,0.0071939534793425755,-0.017685317338545666,train,train
2014-06-25,-0.0126130317332068,0.007628440393248239,-0.017685317338545666,train,train
2014-06-26,0.0020313480306581,0.007412765958307356,-0.017685317338545666,train,train
2014-06-27,-0.0026515820283089,0.007216232149720032,-0.017685317338545666,train,train
2014-06-30,-0.0033267645140446,0.007043692765889792,-0.017685317338545666,train,train
2014-07-01,0.0076876704252568,0.007083982489212928,-0.017685317338545666,train,train
2014-07-02,0.0007628404673938,0.006870717209123694,-0.017685317338545666,train,train
2014-07-03,0.00667678539193,0.0068592359239114204,-0.017685317338545666,train,train
2014-07-04,-0.0072942315777646,0.006886110605478817,-0.017685317338545666,train,train
2014-07-07,-0.0110423132410083,0.007203427588126877,-0.017685317338545666,train,train
2014-07-08,-0.0184827106988574,0.008323018837116954,-0.019072158130391034,train,train
2014-07-09,0.0053928885302808,0.008176874635900043,-0.019072158130391034,train,train
2014-07-10,-0.020047286505531,0.009325407436495344,-0.020753258422061664,train,train
2014-07-11,0.0004935556333903,0.009042126202118571,-0.020753258422061664,train,train
2014-07-14,0.006384486156558,0.008905062789713147,-0.020753258422061664,train,train
2014-07-15,-0.0123707401233404,0.009150095483838577,-0.020753258422061664,train,train
2014-07-16,0.0182087377879171,0.009929465264117124,-0.020753258422061664,train,train
2014-07-17,-0.0117955809283876,0.010051207259415086,-0.020753258422061664,train,train
2014-07-18,-0.0015471848725699,0.009752373464506471,-0.020753258422061664,train,train
2014-07-21,-0.0042838892700483,0.009513325566615466,-0.020753258422061664,train,train
2014-07-22,0.0157971528003423,0.010002307920279003,-0.020753258422061664,train,train
2014-07-23,0.0009573146060237,0.009700431999836187,-0.020753258422061664,train,train
2014-07-24,0.0187368550819541,0.010465020899461601,-0.020753258422061664,train,train
2014-07-25,0.0025196292090036,0.01016496800593341,-0.020753258422061664,train,train
2014-07-28,-0.0007625736524723,0.00985707214148692,-0.020753258422061664,train,train
2014-07-29,0.0019650538194141,0.009568899890850595,-0.020753258422061664,train,train
2014-07-30,0.0033152549257208,0.009312865795618675,-0.020753258422061664,train,train
2014-07-31,-0.0212717350037242,0.010424725596949397,-0.0216829331903506,train,train
2014-08-01,-0.018208746649868,0.011047529896720587,-0.0216829331903506,train,train
2014-08-04,-0.0016943986237315,0.010719015860216145,-0.0216829331903506,train,train
2014-08-05,-0.0136597363589403,0.010917818774582068,-0.0216829331903506,train,train
2014-08-06,-0.0104466699173011,0.010890124679203738,-0.0216829331903506,train,train
2014-08-07,-0.016492519390128,0.011304836060151915,-0.019933910736037532,train,train
2014-08-08,0.0025962163107603,0.010978878794942219,-0.019933910736037532,train,train
2014-08-11,0.0087396357131191,0.010857555284790014,-0.019933910736037532,train,train
2014-08-12,0.0046978359426134,0.010589499332317742,-0.019933910736037532,train,train
2014-08-13,0.0060840824655727,0.01037449805578476,-0.019933910736037532,train,train
2014-08-14,-0.0008932758808512,0.010060828684699461,-0.019933910736037532,train,train
2014-08-15,-0.0070770569195139,0.009907176261277559,-0.019933910736037532,train,train
2014-08-18,0.0127531743235819,0.010100575246161004,-0.019933910736037532,train,train
2014-08-19,0.0031918833881829,0.009824032281043475,-0.019933910736037532,train,train
2014-08-20,0.0033065598624968,0.009559127257804537,-0.019933910736037532,train,train
2014-08-21,0.0129189188587264,0.009793273557077277,-0.019933910736037532,train,train
2014-08-22,-0.005338030312653,0.009584539039674897,-0.019933910736037532,train,train
2014-08-25,0.0179237379608278,0.01027750982661531,-0.019933910736037532,train,train
2014-08-26,0.0127157839039012,0.010439877650597567,-0.019933910736037532,train,train
2014-08-27,0.0009693376528502,0.010124621453022021,-0.019933910736037532,train,train
2014-08-28,-0.0106867848542256,0.010159228525050731,-0.019933910736037532,train,train
2014-08-29,0.0006153201429408,0.009850890614733812,-0.019933910736037532,train,train
2014-09-01,0.0016484256042288,0.009559324325892718,-0.019933910736037532,train,train
2014-09-02,0.0007906433445136,0.009270132021036239,-0.019933910736037532,train,train
2014-09-03,0.0121802776286171,0.009469993485362404,-0.019933910736037532,train,train
2014-09-04,0.0194029848221468,0.010338688466945193,-0.019933910736037532,train,train
2014-09-05,0.0043867958935534,0.010081161101592148,-0.019933910736037532,train,train
2014-09-08,-0.004161597810656,0.009827062347779154,-0.019933910736037532,train,train
2014-09-09,-0.0136936766816777,0.010100885703127713,-0.019933910736037532,train,train
2014-09-10,-0.0012608678565519,0.009798040913034198,-0.019933910736037532,train,train
2014-09-11,-0.0047195666455098,0.009569637817010996,-0.019933910736037532,train,train
2014-09-12,0.0002388578283913,0.00927829257221241,-0.019933910736037532,train,train
2014-09-15,-0.0043810649426075,0.009059422391859116,-0.019933910736037532,train,train
2014-09-16,-0.003937126312038,0.008836221129277365,-0.019933910736037532,train,train
2014-09-17,0.0100157290949842,0.008911395253999525,-0.019933910736037532,train,train
2014-09-18,0.0076352697949725,0.008840024216095005,-0.019933910736037532,train,train
2014-09-19,0.0009912655422723,0.008574160186000442,-0.019933910736037532,train,train
2014-09-22,-0.0049203327480544,0.008399870831303181,-0.019933910736037532,train,train
2014-09-23,-0.0134349371720825,0.008783747058783715,-0.019933910736037532,train,train
2014-09-24,0.0050880947583571,0.00860687412161531,-0.019933910736037532,train,train
2014-09-25,-0.0068208078227571,0.00851028732640153,-0.019933910736037532,train,train
2014-09-26,0.0063140887002999,0.008394733701681738,-0.019933910736037532,train,train
2014-09-29,-0.0153596817051347,0.008966518277001675,-0.019933910736037532,train,train
2014-09-30,0.0129700016167311,0.009255690116213768,-0.019842589386374402,train,train
2014-10-01,-0.0067010660108899,0.009122608656336895,-0.019842589386374402,train,train
2014-10-02,-0.0316587944381097,0.01176288337489332,-0.0237130920305673,train,train
2014-10-03,0.0142480534594096,0.011926605611689891,-0.0237130920305673,train,train
2014-10-06,0.0073634011339747,0.011703096458090673,-0.0237130920305673,train,train
2014-10-07,-0.0204026943218578,0.012398423885333252,-0.024444407921230565,train,train
2014-10-08,-0.0088302561090278,0.012213765403307833,-0.024444407921230565,train,train
2014-10-09,-0.0063359085009056,0.011942952968145184,-0.024444407921230565,train,train
2014-10-10,-0.0120642980401214,0.011950268419387943,-0.024444407921230565,train,train
2014-10-13,0.0036188657649169,0.011620075375967438,-0.024444407921230565,train,train
2014-10-14,0.0017262098922838,0.011274013068739454,-0.024444407921230565,train,train
2014-10-15,-0.0365647148970349,0.014131378947708833,-0.029831748112956264,train,train
2014-10-16,-0.0173059723495911,0.014341684679416577,-0.029831748112956264,train,train
2014-10-17,0.0292584389399666,0.0156430898236061,-0.029831748112956264,train,train
2014-10-20,-0.0041867664078147,0.015201171811832812,-0.029831748112956264,train,train
2014-10-21,0.0236115160278886,0.015832286895259423,-0.029831748112956264,train,train
2014-10-22,0.0095874554835209,0.015528579715887888,-0.029831748112956264,train,train
2014-10-23,0.0081424389084732,0.01518705170188792,-0.029542067885667465,train,train
2014-10-24,0.0005417322431512,0.014724990847585065,-0.029542067885667465,train,train
2014-10-27,-0.0140351238731616,0.014684512803013777,-0.029542067885667465,train,train
2014-10-28,0.0193886420974655,0.015008397243849182,-0.029542067885667465,train,train
2014-10-29,-0.0142426477982433,0.014963557382444766,-0.029542067885667465,train,train
2014-10-30,0.0015503898266407,0.014512676840690943,-0.029542067885667465,train,train
2014-10-31,0.0206453183927668,0.014951738093937792,-0.029542067885667465,train,train
2014-11-03,-0.0099174539974591,0.014698386215344559,-0.029542067885667465,train,train
2014-11-04,-0.0214341456451487,0.015187012868485757,-0.0298858849934311,train,train
2014-11-05,0.0119915611890672,0.015014476036830836,-0.0298858849934311,train,train
2014-11-06,-0.0014704537590702,0.014561529977182588,-0.0298858849934311,train,train
2014-11-07,-0.0132922774012735,0.014488510767865285,-0.0298858849934311,train,train
2014-11-10,0.0143831288580986,0.01448220947781227,-0.0298858849934311,train,train
2014-11-11,0.0063847017165638,0.014127851671016756,-0.0298858849934311,train,train
2014-11-12,-0.0177111682889931,0.014368073990539512,-0.0298858849934311,train,train
2014-11-13,-0.001665157696896,0.013936334604015966,-0.0298858849934311,train,train
2014-11-14,0.0007491588919499,0.013513023762508172,-0.0298858849934311,train,train
2014-11-17,0.0157406749090852,0.013656933525845183,-0.0298858849934311,train,train
2014-11-18,0.0119470241715057,0.013560420587978288,-0.0298858849934311,train,train
2014-11-19,-0.0053917912551165,0.0132134851915692,-0.0298858849934311,train,train
2014-11-20,-0.0162832495335275,0.01341749128472297,-0.0298858849934311,train,train
2014-11-21,0.0300649689615791,0.014948627681252977,-0.0298858849934311,train,train
2014-11-24,0.0115011989149124,0.014764499177702653,-0.0298858849934311,train,train
2014-11-25,0.0053509077495815,0.014374593651124585,-0.0298858849934311,train,train
2014-11-26,-0.0049281637106692,0.013988867499923056,-0.0298858849934311,train,train
2014-11-27,0.0075416685114153,0.013687940492665203,-0.0298858849934311,train,train
2014-11-28,0.0040096832910365,0.013307245606832547,-0.0298858849934311,train,train
2014-12-01,-0.0091310811135303,0.013094289482069749,-0.0298858849934311,train,train
2014-12-02,0.0071329279410985,0.012815050201954033,-0.0298858849934311,train,train
2014-12-03,0.0117180283599628,0.0127518905381351,-0.0298858849934311,train,train
2014-12-04,-0.0238197555410807,0.013671024643419946,-0.0306810882920751,train,train
2014-12-05,0.0260974149744624,0.014715556530892517,-0.0306810882920751,train,train
2014-12-08,-0.0087995161713791,0.014429159257007372,-0.0306810882920751,train,train
2014-12-09,-0.0323161771936857,0.016073851970111526,-0.033513228842943436,train,train
2014-12-10,-0.0062036572992751,0.015658087876903926,-0.033513228842943436,train,train
2014-12-11,0.0033510955933793,0.015203255029885964,-0.033513228842943436,train,train
2014-12-12,-0.0278778703320395,0.016245035086097176,-0.033513228842943436,train,train
2014-12-15,-0.0240522420485233,0.016815995834480384,-0.033513228842943436,train,train
2014-12-16,0.0178131346961477,0.016877485565484334,-0.033513228842943436,train,train
2014-12-17,-0.0032188967887659,0.01638231441721675,-0.033513228842943436,train,train
2014-12-18,0.0334459547576043,0.017871634662322798,-0.033513228842943436,train,train
2014-12-19,-0.0026692724335326,0.017339524413685355,-0.033513228842943436,train,train
2014-12-22,0.0007138212212101,0.01681220190585915,-0.033513228842943436,train,train
2014-12-23,0.0102357687391545,0.016491736799041475,-0.033513228842943436,train,train
2014-12-24,0.0003911938385514,0.015989619183929504,-0.033513228842943436,train,train
2014-12-29,-0.0083924328114168,0.015638216716042465,-0.0322529208075867,train,train
2014-12-30,-0.0111255336362857,0.015404779863924146,-0.0322529208075867,train,train
2014-12-31,2.9165754447248777e-05,0.01493548991948637,-0.0322529208075867,train,train
2015-01-02,0.0069121790275165,0.014579143346626392,-0.0322529208075867,train,train
2015-01-05,-0.0351488830464567,0.01655067896622375,-0.03467659171239243,train,train
2015-01-06,-0.0123036044992679,0.01632703882548472,-0.03467659171239243,train,train
2015-01-07,0.002054477768891,0.015837648743880023,-0.03467659171239243,train,train
2015-01-08,0.0223537602082425,0.016302229491615843,-0.03467659171239243,train,train
2015-01-09,-0.0399367774360049,0.018587998728530467,-0.037216791793165505,train,train
2015-01-12,0.0080445266210092,0.018129140615078993,-0.03580061255871577,train,train
2015-01-13,0.0170520656200589,0.01806632700881604,-0.03580061255871577,train,train
2015-01-14,-0.0121140304658622,0.017765517874291696,-0.03580061255871577,train,train
2015-01-15,0.01376829218155,0.017551374874837097,-0.03580061255871577,train,train
2015-01-16,0.0056340309602948,0.017072558469337064,-0.03580061255871577,train,train
2015-01-19,0.0117446786764639,0.01680060017262478,-0.03580061255871577,train,train
2015-01-20,0.0123672676164983,0.016568087236873818,-0.03580061255871577,train,train
2015-01-21,0.0049856030882094,0.01610971129773998,-0.03580061255871577,train,train
2015-01-22,0.0168190505256501,0.016153150090487043,-0.03580061255871577,train,train
2015-01-23,0.0067229655847572,0.01574740290810784,-0.03580061255871577,train,train
2015-01-26,0.0107719700835614,0.015493998090168166,-0.03580061255871577,train,train
2015-01-27,-0.00912890273178,0.015187506382359967,-0.03580061255871577,train,train
2015-01-28,-0.0134881878123793,0.01509094436193747,-0.03580061255871577,train,train
2015-01-29,0.0048366876904085,0.01467910142004134,-0.03580061255871577,train,train
2015-01-30,-0.0099757332034132,0.014440165254130888,-0.03580061255871577,train,train
2015-02-02,-0.0072547541597978,0.01411258862462017,-0.03580061255871577,train,train
2015-02-03,0.0258159222212462,0.015073253087323225,-0.03580061255871577,train,train
2015-02-04,-0.0019267489264858,0.014621679889874898,-0.03580061255871577,train,train
2015-02-05,-0.0040069439375046,0.014210181118372559,-0.03580061255871577,train,train
2015-02-06,0.0035624994652237,0.013804889594571844,-0.03580061255871577,train,train
2015-02-09,-0.0198878875470877,0.01424331992129487,-0.03580061255871577,train,train
2015-02-10,0.0129596213951832,0.0141695779697182,-0.03580061255871577,train,train
2015-02-11,-0.0129693259293347,0.014100444260845356,-0.03580061255871577,train,train
2015-02-12,0.0188661966235097,0.014430841249013521,-0.03580061255871577,train,train
2015-02-13,0.0166469414479326,0.014573313555236164,-0.03580061255871577,train,train
2015-02-16,-0.0046665864825177,0.014175514158731785,-0.03580061255871577,train,train
2015-02-17,0.0007948576491906,0.013745049926627752,-0.03580061255871577,train,train
2015-02-18,0.0099799382836992,0.013548681254098013,-0.03580061255871577,train,train
2015-02-19,0.0096797717426172,0.013348207248952509,-0.03580061255871577,train,train
2015-02-20,-0.0028546182318304,0.012960443251305062,-0.03580061255871577,train,train
2015-02-23,0.0101329587965476,0.012808407986648179,-0.03580061255871577,train,train
2015-02-24,0.0067469595144964,0.01252770066710975,-0.03580061255871577,train,train
2015-02-25,-0.0013566082005445,0.012150601224343057,-0.03580061255871577,train,train
2015-02-26,0.0081120923051525,0.011946850882147373,-0.03580061255871577,train,train
2015-02-27,0.0034770349105749,0.011614172271255965,-0.03580061255871577,train,train
2015-03-02,1.790913942313402e-05,0.011260358650498781,-0.03580061255871577,train,train
2015-03-03,-0.0147614554703406,0.01150052043943064,-0.03580061255871577,train,train
2015-03-04,0.0033172916317498,0.011179736919145315,-0.03580061255871577,train,train
2015-03-05,0.0065927973001001,0.010958796699493753,-0.03580061255871577,train,train
2015-03-06,-0.0029257847911283,0.010649090317648026,-0.03432117693816703,train,train
2015-03-09,-0.0034045987693558,0.010358301727823793,-0.03432117693816703,train,train
2015-03-10,-0.0138458558161246,0.010599962886747001,-0.03432117693816703,train,train
2015-03-11,0.0109105010941245,0.01061885127760449,-0.033045967510328296,train,train
2015-03-12,-0.0009077055601116,0.010297758885872256,-0.0316578493431831,train,train
2015-03-13,0.001995865763039,0.009996010033804069,-0.0316578493431831,train,train
2015-03-16,0.00730522210337,0.00985530211606579,-0.0316578493431831,train,train
2015-03-17,-0.0078219682713534,0.009745273329634145,-0.0316578493431831,train,train
2015-03-18,0.0019839043674099,0.009460881762577075,-0.0316578493431831,train,train
2015-03-19,0.0037034562024763,0.009217414061034435,-0.0316578493431831,train,train
2015-03-20,0.0291972049193364,0.011446033599474768,-0.0316578493431831,train,train
2015-03-23,0.0029030843725061,0.01112010152755452,-0.0316578493431831,train,train
2015-03-24,0.0109847910427467,0.011112029362780752,-0.0316578493431831,train,train
2015-03-25,-0.0099462481069951,0.011045552763447276,-0.0316578493431831,train,train
2015-03-26,-0.0009512317642232,0.010711595222526285,-0.0316578493431831,train,train
2015-03-27,-0.0023075234334254,0.010400646890569907,-0.0316578493431831,train,train
2015-03-30,0.008860234608432,0.010314711524651066,-0.0248620401511444,train,train
2015-03-31,-0.0006941379013452,0.010001929166522245,-0.0248620401511444,train,train
2015-04-01,0.0042181394565463,0.009752119454636159,-0.0248620401511444,train,train
2015-04-02,0.0055336129877005,0.009551693891028036,-0.0248620401511444,train,train
2015-04-07,0.0082604503006669,0.00947918072234175,-0.016165066277850967,train,train
2015-04-08,-0.0064141223207347,0.00932373493003353,-0.016165066277850967,train,train
2015-04-09,0.0067635445332759,0.009190258056334005,-0.016165066277850967,train,train
2015-04-10,0.0012519396071758,0.008915561323903969,-0.016165066277850967,train,train
2015-04-13,0.0099172720643182,0.008978816002621787,-0.016165066277850967,train,train
2015-04-14,-0.0137204363604666,0.009331506364767572,-0.016165066277850967,train,train
2015-04-15,0.0062768977698603,0.009176947047376512,-0.016165066277850967,train,train
2015-04-16,-0.0142541657109024,0.009557941728770022,-0.016301169576110233,train,train
2015-04-17,-0.0219676203371091,0.01071576295378223,-0.018872321118179134,train,train
2015-04-20,0.0022159035375288,0.010403486667940248,-0.018872321118179134,train,train
2015-04-21,0.003306040659802,0.010119010675439853,-0.018872321118179134,train,train
2015-04-22,-0.0020243753466554,0.009823268303336448,-0.018872321118179134,train,train
2015-04-23,0.0023307468766738,0.009541108269481168,-0.018872321118179134,train,train
2015-04-24,0.0069425923060325,0.00940546423442411,-0.018872321118179134,train,train
2015-04-27,0.0116481285338987,0.009554879691427974,-0.018872321118179134,train,train
2015-04-28,-0.0027959560554774,0.009289080932926175,-0.018872321118179134,train,train
2015-04-29,-0.0199079105817648,0.010241547604128882,-0.020587806155320534,train,train
2015-04-30,0.0005359025207823,0.009930416455450728,-0.020587806155320534,train,train
2015-05-04,0.0038660048269138,0.00967435477534645,-0.020587806155320534,train,train
2015-05-05,-0.0278132373655783,0.011592761632387368,-0.023229589428150732,train,train
2015-05-06,0.0043089631986323,0.011289048886432443,-0.023229589428150732,train,train
2015-05-07,0.0014948345076542,0.010951261986043539,-0.023229589428150732,train,train
2015-05-08,0.0216244342189514,0.011865550980006362,-0.023229589428150732,train,train
2015-05-11,0.0018451399824177,0.011512953337387638,-0.023229589428150732,train,train
2015-05-12,-0.0108221506760123,0.011472678222245757,-0.023229589428150732,train,train
2015-05-13,0.0001766224649393,0.011123258361893235,-0.023229589428150732,train,train
2015-05-14,0.0065220215083872,0.010902085574038302,-0.023229589428150732,train,train
2015-05-15,-0.0071668271727216,0.01071475367776854,-0.023229589428150732,train,train
2015-05-18,0.0024446095933742,0.010405582951309368,-0.023229589428150732,train,train
2015-05-19,0.0133699278403006,0.010606832014813664,-0.023229589428150732,train,train
2015-05-20,0.0066227837938707,0.010410872594449944,-0.023229589428150732,train,train
2015-05-21,0.0018386938689504,0.010103758696436673,-0.023229589428150732,train,train
2015-05-22,-0.0035594808966506,0.009834682387514492,-0.023229589428150732,train,train
2015-05-25,-0.0202748298107408,0.010750899610486591,-0.023351895837809403,train,train
2015-05-26,-0.0072687055243965,0.010574354670082645,-0.023351895837809403,train,train
2015-05-27,0.016832177251324,0.011050216719529807,-0.023351895837809403,train,train
2015-05-28,-0.004234254354733,0.010763669763240419,-0.023351895837809403,train,train
2015-05-29,-0.0146195034830272,0.011033085900652861,-0.023351895837809403,train,train
2015-06-01,0.0018258195295147,0.010706318808954611,-0.023351895837809403,train,train
2015-06-02,0.002958825404247,0.010405432502256012,-0.023351895837809403,train,train
2015-06-03,-0.0003372629875617,0.010088779351578276,-0.023351895837809403,train,train
2015-06-04,-0.0108417014059795,0.010135532055058943,-0.023351895837809403,train,train
2015-06-05,-0.0075737340294352,0.010000347807236366,-0.023351895837809403,train,train
2015-06-08,-0.0131671553361959,0.010218071132489051,-0.023351895837809403,train,train
2015-06-09,0.0019034043734346,0.009917752563006314,-0.023351895837809403,train,train
2015-06-10,0.0144677122242541,0.010247877281036648,-0.023351895837809403,train,train
2015-06-11,0.0053203796844308,0.010020790180437176,-0.023351895837809403,train,train
2015-06-12,-0.0113759921378888,0.010107227785956139,-0.023351895837809403,train,train
2015-06-15,-0.0172275119186602,0.010669298023798303,-0.023351895837809403,train,train
2015-06-16,0.0026988581322044,0.010365370963668146,-0.023351895837809403,train,train
2015-06-17,-0.0053493870070123,0.010134664117899268,-0.023351895837809403,train,train
2015-06-18,0.0053953782297034,0.009914400544166566,-0.023351895837809403,train,train
2015-06-19,0.0066372466788193,0.009748887140063216,-0.023351895837809403,train,train
2015-06-22,0.0380011968222893,0.013265888965202853,-0.023351895837809403,train,train
2015-06-23,0.0030126316397398,0.012882908770874342,-0.023351895837809403,train,train
2015-06-24,-0.0070936992046753,0.012610726077396791,-0.023351895837809403,train,train
2015-06-25,-0.0011930920152979,0.012230044790621388,-0.023351895837809403,train,train
2015-06-26,0.0056347157372818,0.011937527262049176,-0.023351895837809403,train,train
2015-06-29,-0.0466560176985781,0.01626534115700127,-0.032145625133755164,train,train
2015-06-30,-0.0078064413159024,0.015885341517812537,-0.032145625133755164,train,train
2015-07-01,0.013099227082446,0.015732095081035312,-0.032145625133755164,train,train
2015-07-02,-0.0059840211369297,0.015323100118397864,-0.032145625133755164,train,train
2015-07-03,-0.0061592755130689,0.014932707520570118,-0.032145625133755164,train,train
2015-07-06,-0.0224870233036839,0.015490209220175926,-0.03231875945594676,train,train
2015-07-07,-0.0185870412126366,0.01569326202056631,-0.03231875945594676,train,train
2015-07-08,0.0081150498670488,0.015344478047038984,-0.03231875945594676,train,train
2015-07-09,0.0261267434880716,0.01619512981304525,-0.03231875945594676,train,train
2015-07-10,0.0303299821621497,0.017370658161367493,-0.03231875945594676,train,train
2015-07-13,0.0169004261359509,0.017342803789357188,-0.03231875945594676,train,train
2015-07-14,0.0030334412161624,0.016830881694560398,-0.03231875945594676,train,train
2015-07-15,0.0068514449583503,0.016404219023786203,-0.03231875945594676,train,train
2015-07-16,0.0153112768242542,0.016340704071516162,-0.03231875945594676,train,train
2015-07-17,-0.0026009370198036,0.015855705136718204,-0.03231875945594676,train,train
2015-07-20,0.0065460272828291,0.01545607358454441,-0.03231875945594676,train,train
2015-07-21,-0.0084729052210663,0.015128258504696129,-0.03231875945594676,train,train
2015-07-22,0.0022403648163692,0.014677653325121207,-0.03231875945594676,train,train
2015-07-23,-0.0036987817767617,0.014259325226055454,-0.03231875945594676,train,train
2015-07-24,-0.01165672341413,0.01411670664827628,-0.03231875945594676,train,train
2015-07-27,-0.0145985022739429,0.014146077135249102,-0.03231875945594676,train,train
2015-07-28,0.009554592168779,0.013913382849189982,-0.029805956937667594,train,train
2015-07-29,0.0027068687159157,0.013505810500090622,-0.029805956937667594,train,train
2015-07-30,-0.0101821159464365,0.013329779868298546,-0.029805956937667594,train,train
2015-07-31,0.0010828616480562,0.01292642273863845,-0.029805956937667594,train,train
2015-08-03,0.0075914117256539,0.012669831587207999,-0.029805956937667594,train,train
2015-08-04,-0.0102961696568066,0.012540088559393248,-0.029805956937667594,train,train
2015-08-05,0.0115025909158293,0.012480271138056057,-0.029805956937667594,train,train
2015-08-06,-0.0022988784872569,0.012113167552567812,-0.029805956937667594,train,train
2015-08-07,-0.006722579325774,0.011859033806961941,-0.029805956937667594,train,train
2015-08-10,0.0118721474839369,0.011859821036483106,-0.029805956937667594,train,train
2015-08-11,-0.0141918832197192,0.012012518748193137,-0.029805956937667594,train,train
2015-08-12,-0.0247102770201925,0.013125488093782622,-0.03128443934081817,train,train
2015-08-13,0.006212302183877,0.01281629015524601,-0.03128443934081817,train,train
2015-08-14,-0.0062858157457485,0.012520884334511618,-0.03128443934081817,train,train
2015-08-17,0.00192841260628,0.012148634423585594,-0.03128443934081817,train,train
2015-08-18,-0.00022014812375,0.011778661518535821,-0.03128443934081817,train,train
2015-08-19,-0.0106549450882935,0.011714278741271926,-0.03128443934081817,train,train
2015-08-20,-0.018288396464411,0.012208963656137703,-0.03128443934081817,train,train
2015-08-21,-0.0302343045789369,0.013962881376914772,-0.03386686643256916,train,train
2015-08-24,-0.0514485760084461,0.018495450558525393,-0.042779632761987034,train,train
2015-08-25,0.0361151501475325,0.01999537531760319,-0.042779632761987034,train,train
2015-08-26,-0.0130251758402606,0.019647021259887935,-0.042779632761987034,train,train
2015-08-27,0.0301580486365717,0.020430751126114984,-0.042779632761987034,train,train
2015-08-28,0.006074712771109,0.019864158280624482,-0.042779632761987034,train,train
2015-08-31,-0.0091113518238513,0.01938790089383892,-0.042779632761987034,train,train
2015-09-01,-0.0262904851485273,0.019869792036301154,-0.042779632761987034,train,train
2015-09-02,-0.0054688592510176,0.01931099745539706,-0.042779632761987034,train,train
2015-09-03,0.0104202183730491,0.01889588850558588,-0.042779632761987034,train,train
2015-09-04,-0.0222118051882526,0.019111074895302296,-0.042779632761987034,train,train
2015-09-07,-0.0016710925689777,0.018533395416303725,-0.042779632761987034,train,train
2015-09-08,0.0061815060131887,0.0180324763111756,-0.042779632761987034,train,train
2015-09-09,0.0172431701677557,0.017986094763577043,-0.042779632761987034,train,train
2015-09-10,-0.0179732213399015,0.017985322618004285,-0.042779632761987034,train,train
2015-09-11,-0.0123592271384609,0.017698264028454282,-0.042779632761987034,train,train
2015-09-14,-0.0042708101776963,0.017190963493011698,-0.042779632761987034,train,train
2015-09-15,0.0088403610796532,0.016807337424770648,-0.042779632761987034,train,train
2015-09-16,0.0196673223868891,0.01699251629464218,-0.042779632761987034,train,train
2015-09-17,0.0129262716512601,0.016776357869048616,-0.042779632761987034,train,train
2015-09-18,-0.0260014919332247,0.017467800872307284,-0.042779632761987034,train,train
2015-09-21,0.0009743828308935,0.016937343020372846,-0.035991121911970105,train,train
2015-09-22,-0.0315994671875217,0.018154138725549666,-0.0377607825916349,train,train
2015-09-23,-0.0079476328022966,0.017708423976292197,-0.0377607825916349,train,train
2015-09-24,-0.0195252296222641,0.017822655763067453,-0.0377607825916349,train,train
2015-09-25,0.0242530684095566,0.018272408559864006,-0.0377607825916349,train,train
2015-09-28,-0.0132498417443069,0.01801059571693359,-0.0377607825916349,train,train
2015-09-29,-3.191434895910878e-05,0.017461922165261105,-0.0377607825916349,train,train
2015-09-30,0.0175167416313031,0.01746521618549191,-0.0377607825916349,train,train
2015-10-01,0.0007737067539205,0.016934215870540746,-0.0377607825916349,train,train
2015-10-02,0.0037869777799748,0.016444515169606887,-0.0377607825916349,train,train
2015-10-05,0.0375729970536349,0.01840925204534863,-0.0377607825916349,train,train
2015-10-06,0.0131511495593812,0.018136804881263267,-0.0377607825916349,train,train
2015-10-07,0.0065800365524274,0.01765799769749761,-0.0377607825916349,train,train
2015-10-08,0.001100692652977,0.017122186810764568,-0.0377607825916349,train,train
2015-10-09,0.0125325736917434,0.01688203330502862,-0.0377607825916349,train,train
2015-10-12,-0.0061490060260073,0.016436893931270662,-0.0377607825916349,train,train
2015-10-13,-0.0128772697542347,0.016245326643708074,-0.0377607825916349,train,train
2015-10-14,-0.0077111143198117,0.015863280762134845,-0.0377607825916349,train,train
2015-10-15,0.0063657490762429,0.015458862235757187,-0.0377607825916349,train,train
2015-10-16,0.0127673677484082,0.015310720984984936,-0.0377607825916349,train,train
2015-10-19,-0.0023680678211077,0.014855623553643805,-0.0377607825916349,train,train
2015-10-20,-0.0105082565325641,0.014631253719991754,-0.0377607825916349,train,train
2015-10-21,0.0056174688037736,0.014252106077325147,-0.0377607825916349,train,train
2015-10-22,0.0202610465739561,0.014682158440682002,-0.0377607825916349,train,train
2015-10-23,0.0106421812050281,0.014471599467118054,-0.0377607825916349,train,train
2015-10-26,0.0001908890738951,0.014030814159798496,-0.0377607825916349,train,train
2015-10-27,-0.014990119840089,0.014090214434025044,-0.0377607825916349,train,train
2015-10-28,0.0095930797723606,0.013861591719572889,-0.0377607825916349,train,train
2015-10-29,-0.0023728433694213,0.013451874391305924,-0.0377607825916349,train,train
2015-10-30,-0.0035167405863136,0.013070493373327165,-0.0377607825916349,train,train
2015-11-02,0.0055344801834941,0.012744620726210227,-0.0377607825916349,train,train
2015-11-03,0.0045011949039083,0.012405461754462372,-0.0377607825916349,train,train
2015-11-04,0.0007927725752684,0.012029108934676283,-0.0377607825916349,train,train
2015-11-05,-0.0040469277718401,0.011704706383331437,-0.0377607825916349,train,train
2015-11-06,0.0021068386315437,0.011359862172137547,-0.0377607825916349,train,train
2015-11-09,-0.0123206550191294,0.01141978952791109,-0.0377607825916349,train,train
2015-11-10,0.0011227976628509,0.011075312084342488,-0.0377607825916349,train,train
2015-11-11,0.0039007901666749,0.010780341151147,-0.0377607825916349,train,train
2015-11-12,-0.0227287367545051,0.011842235366785366,-0.0377607825916349,train,train
2015-11-13,-0.0032187656954163,0.011508512211816127,-0.0364461761148317,train,train
2015-11-16,0.0012945950181333,0.011162421811838512,-0.027963814756424565,train,train
2015-11-17,0.0233607415410178,0.012242023353345548,-0.027963814756424565,train,train
2015-11-18,-0.0099589480707585,0.012117175679067716,-0.027963814756424565,train,train
2015-11-19,0.0090805428390965,0.011956745591769808,-0.027963814756424565,train,train
2015-11-20,-0.006238863311617,0.011692790264209427,-0.027963814756424565,train,train
2015-11-23,-0.0012543385119032,0.011340743600803694,-0.027963814756424565,train,train
2015-11-24,-0.0068539821863916,0.011122694898391404,-0.0267765652917505,train,train
2015-11-25,0.0019672257201686,0.010794613467678479,-0.0267765652917505,train,train
2015-11-26,0.0102143061754926,0.010760677588348831,-0.0267765652917505,train,train
2015-11-27,-0.0020926841774597,0.010445449289272562,-0.0267765652917505,train,train
2015-11-30,0.0073632321169829,0.010286593091786653,-0.0267765652917505,train,train
2015-12-01,-0.000741612860835,0.009974876288353389,-0.0267765652917505,train,train
2015-12-02,-0.0035905520431097,0.00971091094534051,-0.0267765652917505,train,train
2015-12-03,-0.0243809577986348,0.011149419271682396,-0.02732730563979373,train,train
2015-12-04,-0.0014079409660306,0.010815263055323557,-0.02732730563979373,train,train
2015-12-07,-0.0036081405338132,0.010522967297544957,-0.02732730563979373,train,train
2015-12-08,-0.020655276243805,0.011388033039246168,-0.02732730563979373,train,train
2015-12-09,-0.0001626232423173,0.01104117953354265,-0.02732730563979373,train,train
2015-12-10,-0.0057917243075263,0.010798417985504601,-0.02732730563979373,train,train
2015-12-11,-0.0152506532359539,0.011115953696273108,-0.026236387246887195,train,train
2015-12-14,-0.0212189375216892,0.01196516441825968,-0.026236387246887195,train,train
2015-12-15,0.0295840200931689,0.013678015377788167,-0.0227762106916097,train,train
2015-12-16,-6.174353487318464e-05,0.01326133655143232,-0.0227762106916097,train,train
2015-12-17,0.017101431810517,0.013522529441665836,-0.0227762106916097,train,train
2015-12-18,-0.0164735149447346,0.013717502543420208,-0.0227762106916097,train,train
2015-12-21,-0.0368224816963451,0.016069641967501196,-0.027977392083161665,train,train
2015-12-22,0.0053031163533611,0.01563415402154182,-0.027977392083161665,train,train
2015-12-23,0.0236570152457212,0.01622776718687176,-0.027977392083161665,train,train
2015-12-24,0.0043366502408771,0.01576922300932215,-0.027977392083161665,train,train
2015-12-28,-0.0135585969685617,0.015645396248226646,-0.027977392083161665,train,train
2015-12-29,0.0122668261750999,0.015463512531206806,-0.027977392083161665,train,train
2015-12-30,-0.0029514918844033,0.015009852926502792,-0.027977392083161665,train,train
2015-12-31,-0.0101845749044035,0.014764873102798212,-0.027977392083161665,train,train
2016-01-04,-0.0245009163556675,0.015522212574671016,-0.028568118616882465,train,train
2016-01-05,0.0023594552655395,0.015060436911639828,-0.028568118616882465,train,train
2016-01-06,-0.0148713602159919,0.015049159300497208,-0.028568118616882465,train,train
2016-01-07,-0.0151289534608248,0.015053958877379241,-0.028568118616882465,train,train
2016-01-08,-0.0167073765448836,0.015158250659943164,-0.028568118616882465,train,train
2016-01-11,-0.0025962610336065,0.014710222417311191,-0.028568118616882465,train,train
2016-01-12,0.0032919514247757,0.014284866873854435,-0.028568118616882465,train,train
2016-01-13,0.0021400271211704,0.013859608914838825,-0.028568118616882465,train,train
2016-01-14,-0.0165671650646486,0.014036797754926222,-0.028568118616882465,train,train
2016-01-15,-0.0281706483596311,0.015258601360546088,-0.029831348803881233,train,train
2016-01-18,-0.0087345903866752,0.01494767556192719,-0.029831348803881233,train,train
2016-01-19,0.010056436690533,0.014700168011182698,-0.029831348803881233,train,train
2016-01-20,-0.0324922143969521,0.01632402778019657,-0.032495114817642765,train,train
2016-01-21,0.0194677753548961,0.016529522274604115,-0.032495114817642765,train,train
2016-01-22,0.0324719911838395,0.017891266386581936,-0.032495114817642765,train,train
2016-01-25,-0.0179524731497996,0.01789494469598481,-0.032495114817642765,train,train
2016-01-26,0.0144612583048054,0.017707709689214805,-0.032495114817642765,train,train
2016-01-27,0.0055640203086786,0.01722227345070866,-0.032495114817642765,train,train
2016-01-28,-0.0173560804553086,0.01723033117408351,-0.032495114817642765,train,train
2016-01-29,0.0258770333613577,0.017867526548506023,-0.032495114817642765,train,train
2016-02-01,-0.00310149839907,0.017339860212903666,-0.032495114817642765,train,train
2016-02-02,-0.0300071096275124,0.018348190776278465,-0.033107268573603195,train,train
2016-02-03,-0.0254360175100188,0.018848771781820334,-0.033107268573603195,train,train
2016-02-04,0.0183051568658922,0.018816597776836624,-0.033107268573603195,train,train
2016-02-05,0.0037012258332994,0.018265881723631156,-0.033107268573603195,train,train
2016-02-08,-0.0454185727176745,0.0209139832144865,-0.03824442293699057,train,train
2016-02-09,-0.0242383629453058,0.02112820168774844,-0.03824442293699057,train,train
2016-02-10,0.026894258383596,0.021517781488919877,-0.03824442293699057,train,train
2016-02-11,-0.050029350639277,0.024195251197618766,-0.044090135017765535,train,train
2016-02-12,0.0222769235910288,0.02408446074060518,-0.044090135017765535,train,train
2016-02-15,0.0321021554946203,0.024639206104496426,-0.044090135017765535,train,train
2016-02-16,-0.0050990671419331,0.02392122651444401,-0.044090135017765535,train,train
2016-02-17,0.027549087591863,0.024154268916832634,-0.044090135017765535,train,train
2016-02-18,-0.0083432439062962,0.02350743643243695,-0.044090135017765535,train,train
2016-02-19,-0.0122745937089456,0.022988769706331423,-0.044090135017765535,train,train
2016-02-22,0.0232563018933028,0.02300490937428885,-0.044090135017765535,train,train
2016-02-23,-0.0143386890287335,0.022578932308323436,-0.044090135017765535,train,train
2016-02-24,-0.0311915854625905,0.023186086201707826,-0.044090135017765535,train,train
2016-02-25,0.0248821030287072,0.023291330164241723,-0.044090135017765535,train,train
2016-02-26,0.0161310279985188,0.022924866434242824,-0.044090135017765535,train,train
2016-02-29,0.0133489554024288,0.022465711820157466,-0.044090135017765535,train,train
2016-03-01,0.0175257830337326,0.02220033556926357,-0.044090135017765535,train,train
2016-03-02,0.0176690338424481,0.021954846636680687,-0.044090135017765535,train,train
2016-03-03,0.0002852012119439,0.021286128200629553,-0.044090135017765535,train,train
2016-03-04,0.0050743234004181,0.020675062854210148,-0.044090135017765535,train,train
2016-03-07,-0.0028184206178867,0.02005710199083526,-0.044090135017765535,train,train
2016-03-08,-0.0053060867765608,0.019489468265382337,-0.044090135017765535,train,train
2016-03-09,0.0023769339673178,0.018904708402310885,-0.044090135017765535,train,train
2016-03-10,0.0006618880966624,0.018329511874050814,-0.044090135017765535,train,train
2016-03-11,0.0362575946518818,0.019866794794453427,-0.044090135017765535,train,train
2016-03-14,0.0057149038874085,0.019312373517182332,-0.044090135017765535,train,train
2016-03-15,-0.0170320746592977,0.01918320094893261,-0.044090135017765535,train,train
2016-03-16,-0.0028410562781405,0.018611818362933668,-0.04264671258463453,train,train
2016-03-17,0.0017835667126357,0.018050115302164976,-0.04264671258463453,train,train
2016-03-18,0.0080200406057307,0.01761015405256914,-0.04264671258463453,train,train
2016-03-21,-0.0033310646947078,0.01709316336228973,-0.04264671258463453,train,train
2016-03-22,-0.0032199026653386,0.016591194233586196,-0.04264671258463453,train,train
2016-03-23,-0.0072437499084909,0.016183324049619547,-0.04264671258463453,train,train
2016-03-24,-0.0154996296383406,0.016143118961118953,-0.04264671258463453,train,train
2016-03-29,0.0021025026229691,0.015659805344960184,-0.04264671258463453,train,train
2016-03-30,0.0070029363516209,0.01527933900036949,-0.04264671258463453,train,train
2016-03-31,-0.0167227481589245,0.015369766642019266,-0.04264671258463453,train,train
2016-04-01,-0.0139450620406282,0.015288028923027934,-0.04264671258463453,train,train
2016-04-04,-0.00055812390516,0.014822924434397856,-0.04264671258463453,train,train
2016-04-05,-0.0247051185878692,0.015593476729935428,-0.04264671258463453,train,train
2016-04-06,0.001298609834758,0.01512178259285562,-0.04264671258463453,train,train
2016-04-07,-0.012665217982335,0.014985749065390743,-0.04264671258463453,train,train
2016-04-08,0.0161122304221098,0.015055714951416872,-0.04264671258463453,train,train
2016-04-11,0.0082717456879229,0.014737007367167826,-0.04264671258463453,train,train
2016-04-12,0.0057146990712472,0.014356465097650466,-0.04264671258463453,train,train
2016-04-13,0.0316028681891905,0.01592689804579202,-0.04264671258463453,train,train
2016-04-14,0.004614801009372,0.015483019724225519,-0.04264671258463453,train,train
2016-04-15,-0.0011968588023991,0.01501420707375131,-0.042213169606514,train,train
2016-04-18,0.0034624875062883,0.014581500553583194,-0.042213169606514,train,train
2016-04-19,0.0100489042571681,0.014349974825646282,-0.042213169606514,train,train
2016-04-20,0.0194172903839534,0.014703344544632261,-0.042213169606514,train,train
2016-04-21,0.0054511673051317,0.014317819451634019,-0.042213169606514,train,train
2016-04-22,0.0038632329221494,0.013913857507365124,-0.042213169606514,train,train
2016-04-25,-0.0101018583978796,0.013715048577259718,-0.042213169606514,train,train
2016-04-26,0.0155242945656608,0.01383027936571357,-0.042213169606514,train,train
2016-04-27,0.0053288403088405,0.013472335433616882,-0.042213169606514,train,train
2016-04-28,-0.0068381134218797,0.013168871645815563,-0.042213169606514,train,train
2016-04-29,-0.0265993339186625,0.014334067932499753,-0.042213169606514,train,train
2016-05-02,-0.0003990059210677,0.01389773814789333,-0.042213169606514,train,train
2016-05-03,-0.0289219543695087,0.015223240941497365,-0.042213169606514,train,train
2016-05-04,-0.0126988819930847,0.015083697726670545,-0.03671429682379207,train,train
2016-05-05,0.0040476563870356,0.01465775808971627,-0.03671429682379207,train,train
2016-05-06,0.0014603954624423,0.014215725277946515,-0.03671429682379207,train,train
2016-05-09,-0.0047572612619892,0.013831830195250881,-0.0289042912502539,train,train
2016-05-10,0.0131225220929282,0.01379030058127821,-0.0289042912502539,train,train
2016-05-11,-0.0127645835333464,0.013730918479164774,-0.0289042912502539,train,train
2016-05-12,-9.243170346379104e-05,0.013312638640095692,-0.0289042912502539,train,train
2016-05-13,0.0067186671735949,0.013011579305504587,-0.0289042912502539,train,train
2016-05-16,-0.004527856146866,0.01266385459247033,-0.0289042912502539,train,train
2016-05-17,0.0019102236906263,0.012286975120987743,-0.0289042912502539,train,train
2016-05-18,0.0087445179188877,0.012103700582233944,-0.0289042912502539,train,train
2016-05-19,-0.0115073667579056,0.012068751513697063,-0.0289042912502539,train,train
2016-05-20,0.0110628949232064,0.012010775826661556,-0.026742135625346802,train,train
2016-05-23,-0.006542728276103,0.011754643737626148,-0.026742135625346802,train,train
2016-05-24,0.0231519710054755,0.012729578788039512,-0.026742135625346802,train,train
2016-05-25,0.0229350461969544,0.013560259075586908,-0.026742135625346802,train,train
2016-05-26,-0.0050317998104484,0.01320480704838812,-0.026742135625346802,train,train
2016-05-27,0.0030901667605349,0.012824892251809598,-0.026742135625346802,train,train
2016-05-30,0.0010536095941636,0.012436872403659576,-0.026742135625346802,train,train
2016-05-31,-0.0091346484826193,0.01226383935184556,-0.026742135625346802,train,train
2016-06-01,-0.0130468536456056,0.012312224563903726,-0.026742135625346802,train,train
2016-06-02,0.0045874762717511,0.011989917330903805,-0.026742135625346802,train,train
2016-06-03,-0.0176024067891015,0.012398520638847742,-0.026742135625346802,train,train
2016-06-06,0.0024851404217499,0.012036214960068065,-0.026742135625346802,train,train
2016-06-07,0.0080144994333505,0.011833519104691506,-0.026742135625346802,train,train
2016-06-08,-0.0071195185675755,0.011604804893451507,-0.026742135625346802,train,train
2016-06-09,-0.0070338114845491,0.011382428434133991,-0.026742135625346802,train,train
2016-06-10,-0.0323319337454286,0.013583347629278219,-0.029284407344533265,train,train
2016-06-13,-0.0222346968443614,0.014251308623224337,-0.029284407344533265,train,train
2016-06-14,-0.02155821968366,0.014791863296476946,-0.029284407344533265,train,train
2016-06-15,0.0151551367207888,0.014813910919683234,-0.029284407344533265,train,train
2016-06-16,-0.0061881415709639,0.014442382943900534,-0.029284407344533265,train,train
2016-06-17,0.0195756470008228,0.014800670151125668,-0.029284407344533265,train,train
2016-06-20,0.0335263611619145,0.016533519294833293,-0.029284407344533265,train,train
2016-06-21,0.0023333439990977,0.016040027877449427,-0.029284407344533265,train,train
2016-06-22,0.003995587270074,0.015582150933319832,-0.029284407344533265,train,train
2016-06-23,0.0208453403646403,0.0159470033216682,-0.029284407344533265,train,train
2016-06-24,-0.1318516236113468,0.035806976121724045,-0.06436850390876137,train,train
2016-06-27,-0.0184283515803188,0.03500839063940077,-0.06436850390876137,train,train
2016-06-28,0.024483636341915,0.034467652620429765,-0.06436850390876137,train,train
2016-06-29,0.0339172687865319,0.03443487766566236,-0.06436850390876137,train,train
2016-06-30,0.0071303304681281,0.033431506825347665,-0.06436850390876137,train,train
2016-07-01,0.0128530614837756,0.032565591980905466,-0.06436850390876137,train,train
2016-07-04,-0.001573392969023,0.03157586496248208,-0.06436850390876137,train,train
2016-07-05,-0.0230720911917967,0.031131212902148934,-0.06436850390876137,train,train
2016-07-06,-0.0176822998853017,0.030492016914389464,-0.06436850390876137,train,train
2016-07-07,0.0102922886147884,0.02967040919961797,-0.06436850390876137,train,train
2016-07-08,0.0219471089721963,0.02926454726597792,-0.06436850390876137,train,train
2016-07-11,0.0144565868103231,0.028593154376772786,-0.06436850390876137,train,train
2016-07-12,0.0239020599338354,0.028333599784107256,-0.06436850390876137,train,train
2016-07-13,-0.0037808994017314,0.02748605130133402,-0.06436850390876137,train,train
2016-07-14,0.0092093323539018,0.026744022571697567,-0.06436850390876137,train,train
2016-07-15,-0.0024936418570545,0.025936485376766377,-0.06436850390876137,train,train
2016-07-18,-0.0007739026411853,0.025147070063829408,-0.06436850390876137,train,train
2016-07-19,-0.0046091928512946,0.024407115854845732,-0.06436850390876137,train,train
2016-07-20,0.0105858079559209,0.023805218459311155,-0.06436850390876137,train,train
2016-07-21,0.0009440600219069,0.02308117404512376,-0.06436850390876137,train,train
2016-07-22,0.0018972602950139,0.0223828536022742,-0.06436850390876137,train,train
2016-07-25,-0.0028179755585098,0.021711956761952395,-0.06436850390876137,train,train
2016-07-26,-0.0018090679653754,0.02105518667837257,-0.06241854951619071,train,train
2016-07-27,0.0117528402423575,0.020615755822263545,-0.06241854951619071,train,train
2016-07-28,-0.0212602886601763,0.020654994971450437,-0.06241854951619071,train,train
2016-07-29,0.0126566164198199,0.020264315546948818,-0.06241854951619071,train,train
2016-08-01,-0.0086313065423024,0.01976041251261634,-0.06241854951619071,train,train
2016-08-02,-0.0281246339761594,0.02035940005712877,-0.0641027304443116,train,train
2016-08-03,-0.0016685780678295,0.019743401672739896,-0.0641027304443116,train,train
2016-08-04,0.0146557971908016,0.019475660156008937,-0.0641027304443116,train,train
2016-08-05,0.0181867696753555,0.019400741575390325,-0.0641027304443116,train,train
2016-08-08,0.0027014101234429,0.018821352349230283,-0.0641027304443116,train,train
2016-08-09,0.0119459263160634,0.018481098866993076,-0.0641027304443116,train,train
2016-08-10,-0.0007503910705637,0.017919032887329753,-0.0641027304443116,train,train
2016-08-11,0.0069741579935345,0.017456934668586572,-0.0641027304443116,train,train
2016-08-12,-0.000355543371803,0.01692535017679858,-0.0641027304443116,train,train
2016-08-15,0.0004816446442826,0.016410159925626024,-0.0641027304443116,train,train
2016-08-16,-0.0114056944378738,0.016153672641048344,-0.0641027304443116,train,train
2016-08-17,-0.0157467226744438,0.01612954518595162,-0.0641027304443116,train,train
2016-08-18,0.0074073521125639,0.015743081850466446,-0.0641027304443116,train,train
2016-08-19,-0.0117055345591918,0.015530457847096554,-0.0641027304443116,train,train
2016-08-22,0.0020569547317066,0.015065765080144908,-0.0641027304443116,train,train
2016-08-23,0.0132444953536536,0.014962741735172869,-0.0641027304443116,train,train
2016-08-24,0.0086561084083748,0.014661047526903634,-0.0641027304443116,train,train
2016-08-25,-0.0064908950002371,0.01430305697343074,-0.0641027304443116,train,train
2016-08-26,0.0069529221525509,0.0139715203197669,-0.0641027304443116,train,train
2016-08-29,-0.0049895748200956,0.013600916463828447,-0.0641027304443116,train,train
2016-08-30,0.0079760906596516,0.013330525656152356,-0.0641027304443116,train,train
2016-08-31,0.0036086756599848,0.012954616621664803,-0.0641027304443116,train,train
2016-09-01,0.0052632906038823,0.012625961348915579,-0.0641027304443116,train,train
2016-09-02,0.0165353546273955,0.012893994072608972,-0.06101611625976764,train,train
2016-09-05,0.0049713366794985,0.012560359447828807,-0.06101611625976764,train,train
2016-09-06,-0.0060270622126076,0.012266882261847188,-0.06101611625976764,train,train
2016-09-07,0.012928016922571,0.01230755189684272,-0.06101611625976764,train,train
2016-09-08,0.0094721301105128,0.012156091419601008,-0.06101611625976764,train,train
2016-09-09,-0.0083413380713753,0.011961563456958873,-0.06101611625976764,train,train
2016-09-12,-0.0177625401078775,0.012386473678162,-0.06101611625976764,train,train
2016-09-13,-0.0161905685108189,0.012647027986496405,-0.06101611625976764,train,train
2016-09-14,-0.0025019011540817,0.012277053736171299,-0.06101611625976764,train,train
2016-09-15,0.0020776811529852,0.011913920054826437,-0.06101611625976764,train,train
2016-09-16,-0.0100381284655077,0.0118097774320192,-0.024152337942710798,train,train
2016-09-19,0.0094646024117046,0.011682350548708033,-0.024152337942710798,train,train
2016-09-20,-0.0033790478185165,0.011356661187686908,-0.024152337942710798,train,train
2016-09-21,0.0083006555552984,0.011196846926294104,-0.024152337942710798,train,train
2016-09-22,0.0199403429164052,0.011903959625386836,-0.024152337942710798,train,train
2016-09-23,-0.0125350945884104,0.01194276832470149,-0.024152337942710798,train,train
2016-09-26,-0.0127973481613321,0.011995760065114033,-0.024152337942710798,train,train
2016-09-27,-0.0026667519115802,0.011648650476036809,-0.022382487581404403,train,train
2016-09-28,0.0059901942378169,0.011388702299143072,-0.022382487581404403,train,train
2016-09-29,0.0063751564165072,0.011151634176886015,-0.022382487581404403,train,train
2016-09-30,-0.0019230436435163,0.01082216678569864,-0.022382487581404403,train,train
2016-10-03,-0.0031716165141008,0.01052120170797904,-0.022382487581404403,train,train
2016-10-04,0.0019862786358642,0.010212279981783678,-0.022382487581404403,train,train
2016-10-05,0.0010599699853236,0.009904576460553297,-0.022382487581404403,train,train
2016-10-06,-0.0023836429369988,0.009620577009214985,-0.022382487581404403,train,train
2016-10-07,-0.0153153242887796,0.010053642193506327,-0.022382487581404403,train,train
2016-10-10,0.0089116470353278,0.009988804995928377,-0.022382487581404403,train,train
2016-10-11,-0.0009542912754084,0.009687326361911315,-0.022382487581404403,train,train
2016-10-12,-0.000771036964866,0.009394110090887926,-0.022382487581404403,train,train
2016-10-13,-0.00899675384825,0.009370743883176996,-0.022382487581404403,train,train
2016-10-14,0.018324027079281,0.010133527943060432,-0.022382487581404403,train,train
2016-10-17,-0.0031070692442006,0.009854253803090055,-0.022382487581404403,train,train
2016-10-18,0.0141544575313569,0.01016370301687289,-0.022382487581404403,train,train
2016-10-19,0.009519903893933,0.01012622939120297,-0.022382487581404403,train,train
2016-10-20,0.0123369214061217,0.010272296148822644,-0.02069258086495193,train,train
2016-10-21,0.0043168283545992,0.010015336464720186,-0.02069258086495193,train,train
2016-10-24,0.0126444147745966,0.01019222351260915,-0.02069258086495193,train,train
2016-10-25,-0.0083352427593028,0.0100904465329595,-0.016566610431046735,train,train
2016-10-26,0.0036694858381377,0.009824255296938344,-0.016566610431046735,train,train
2016-10-27,0.0026020417637014,0.009546269946500497,-0.016566610431046735,train,train
2016-10-28,0.0004456460518899,0.009256095814228859,-0.016566610431046735,train,train
2016-10-31,-0.0063234079236508,0.009106806268115475,-0.016566610431046735,train,train
2016-11-01,-0.0112847226317634,0.009251950230802048,-0.016566610431046735,train,train
2016-11-02,-0.0186785451976058,0.010069555657067691,-0.017543884605434063,train,train
2016-11-03,0.0007322582285438,0.009764443977499851,-0.017543884605434063,train,train
2016-11-04,-0.009993663939841,0.009778348702868896,-0.017543884605434063,train,train
2016-11-07,0.0143647107657479,0.010112360361291501,-0.017543884605434063,train,train
2016-11-08,0.0020385759041429,0.009817005126566835,-0.017543884605434063,train,train
2016-11-09,-0.0039801605364746,0.00956774137137411,-0.017543884605434063,train,train
2016-11-10,-0.0163892827593589,0.010107704477996311,-0.017610122688280733,train,train
2016-11-11,-0.0135205105593018,0.010344273815628035,-0.017610122688280733,train,train
2016-11-14,0.0021968627900629,0.010043571729889138,-0.017610122688280733,train,train
2016-11-15,0.0033322503651413,0.00977175350986616,-0.017610122688280733,train,train
2016-11-16,-0.0056101650666239,0.00957321125759861,-0.017610122688280733,train,train
2016-11-17,0.0091608971835012,0.009548974478343568,-0.017610122688280733,train,train
2016-11-18,-0.0109683535044069,0.009640032442301816,-0.017610122688280733,train,train
2016-11-21,-0.0009631073985941,0.009349335083896994,-0.017610122688280733,train,train
2016-11-22,0.0042743234013663,0.00912478235097671,-0.017610122688280733,train,train
2016-11-23,-0.0027779403245445,0.008872934741241935,-0.017610122688280733,train,train
2016-11-24,0.0034365912289163,0.008643716921757541,-0.017610122688280733,train,train
2016-11-25,0.0019848369888292,0.008394485473357046,-0.017610122688280733,train,train
2016-11-28,-0.0063723519860142,0.008287083646897614,-0.017610122688280733,train,train
2016-11-29,0.0055188579304549,0.008147556542904744,-0.017610122688280733,train,train
2016-11-30,0.0024430955124394,0.007921984593750117,-0.017610122688280733,train,train
2016-12-01,-0.0021892688030652,0.0076993469452234595,-0.017610122688280733,train,train
2016-12-02,-0.0071891381956838,0.0076696916013451865,-0.017610122688280733,train,train
2016-12-05,0.0066699244007866,0.007613408736886041,-0.017086132155927868,train,train
2016-12-06,0.0260408392179093,0.00975569943518041,-0.016794384081914766,train,train
2016-12-07,0.0075167501575183,0.009636043957830293,-0.016794384081914766,train,train
2016-12-08,0.0204361509053872,0.010599071581863618,-0.016794384081914766,train,train
2016-12-09,0.0026425588678311,0.010296547301684092,-0.016794384081914766,train,train
2016-12-12,0.0018305497866086,0.009992937901685572,-0.016794384081914766,train,train
2016-12-13,0.0156501476970835,0.010419352513902152,-0.016794384081914766,train,train
2016-12-14,-0.0121727906068661,0.010532793659326,-0.016794384081914766,train,train
2016-12-15,0.0131903516758898,0.010710858059640258,-0.016794384081914766,train,train
2016-12-16,0.0076785636103367,0.010553518460608965,-0.016794384081914766,train,train
2016-12-19,-0.0081175527085391,0.010423426811901353,-0.016794384081914766,train,train
2016-12-20,0.00759691169919,0.010275784201451369,-0.016794384081914766,train,train
2016-12-21,-0.0038552726384327,0.010007398469357987,-0.016794384081914766,train,train
2016-12-22,-0.0040737800545751,0.009753711278945122,-0.016794384081914766,train,train
2016-12-23,0.0036468720449943,0.009498672077348164,-0.016794384081914766,train,train
2016-12-27,0.000949559580664,0.00921224102826494,-0.016794384081914766,train,train
2016-12-28,-0.0033864005601165,0.00897003479381716,-0.016794384081914766,train,train
2016-12-29,-0.0019066823739076,0.00870930301520456,-0.016794384081914766,train,train
2016-12-30,0.002676775876158,0.008469400758937025,-0.016794384081914766,train,train
2017-01-03,0.0151328935153471,0.009009282559192165,-0.016196112838755498,train,train
2017-01-04,-0.0033548374825953,0.008773393754389453,-0.016196112838755498,train,train
2017-01-05,0.0026700105994236,0.008531226704727071,-0.016196112838755498,train,train
2017-01-06,0.0029151829421513,0.008302097134903567,-0.016196112838755498,train,train
2017-01-09,-0.0024305288707078,0.008071169435875587,-0.016196112838755498,train,train
2017-01-10,-0.0043072366227761,0.007896093131310605,-0.016196112838755498,train,train
2017-01-11,-0.0046022362096251,0.007738102107221236,-0.016196112838755498,train,train
2017-01-12,-0.0001274679795518,0.00750243331550661,-0.016196112838755498,train,train
2017-01-13,0.0110154101558452,0.007758200240293876,-0.016196112838755498,train,train
2017-01-16,-0.0107391116940414,0.007968563352889403,-0.016196112838755498,train,train
2017-01-17,-0.0016059231696512,0.007735816773171443,-0.016196112838755498,train,train
2017-01-18,-0.0009264841423988,0.007503585266468475,-0.016196112838755498,train,train
2017-01-19,-0.0007567783462334,0.007277357154078167,-0.016196112838755498,train,train
2017-01-20,0.0001066143590977,0.007055707867848969,-0.016196112838755498,train,train
2017-01-23,-0.0080600072459209,0.007119961777544747,-0.016196112838755498,train,train
2017-01-24,0.008816704943534,0.007232999483931716,-0.016196112838755498,train,train
2017-01-25,0.0171207529280727,0.00817095560457464,-0.016196112838755498,train,train
2017-01-26,-0.0038295933141035,0.007977379999692849,-0.016196112838755498,train,train
2017-01-27,-0.0009149962599121,0.007737603585689092,-0.0140275279751756,train,train
2017-01-30,-0.0151390944793744,0.008368381539678867,-0.015016295932678366,train,train
2017-01-31,-0.004936653334156,0.008203063682949058,-0.015016295932678366,train,train
2017-02-01,0.0016732396240007,0.007963719131767912,-0.015016295932678366,train,train
2017-02-02,0.0080696150331867,0.007970112563329019,-0.015016295932678366,train,train
2017-02-03,0.0059674250504327,0.00786434627415139,-0.015016295932678366,train,train
2017-02-06,-0.0112010087785967,0.008103383345249399,-0.0136107985485141,train,train
2017-02-07,-0.0027609928242185,0.007885576530868531,-0.012837631288279068,train,train
2017-02-08,-0.0001928927051039,0.007645496102050831,-0.012837631288279068,train,train
2017-02-09,0.0115836347175115,0.007937079412719155,-0.012837631288279068,train,train
2017-02-10,-0.0064093734413811,0.00785380162101428,-0.012837631288279068,train,train
2017-02-13,0.0112395288223711,0.008096967852044763,-0.012837631288279068,train,train
2017-02-14,0.0027482563330931,0.007879112251108418,-0.012837631288279068,train,train
2017-02-15,0.0077405072502728,0.00787086478241904,-0.012837631288279068,train,train
2017-02-16,-0.0030722341512199,0.007668102701355281,-0.012837631288279068,train,train
2017-02-17,-0.0057098439698931,0.007564915742151508,-0.012837631288279068,train,train
2017-02-20,0.002764488408187,0.0073656511554811375,-0.012837631288279068,train,train
2017-02-21,0.0036044791984244,0.0071956364656018176,-0.012837631288279068,train,train
2017-02-22,-0.0088033895044531,0.007302091008911051,-0.012837631288279068,train,train
2017-02-23,0.0017079268710685,0.007091989986462862,-0.012837631288279068,train,train
2017-02-24,-0.004211818164078,0.006952906398394815,-0.012837631288279068,train,train
2017-02-27,0.0011417613012333,0.00674689188248106,-0.012837631288279068,train,train
2017-02-28,0.009590100339819,0.006950361036746458,-0.012837631288279068,train,train
2017-03-01,0.0203042143835972,0.008375245353585794,-0.012837631288279068,train,train
2017-03-02,-0.0036471081905699,0.008169096310977007,-0.012837631288279068,train,train
2017-03-03,0.0084553015970457,0.008186550798202944,-0.012837631288279068,train,train
2017-03-06,0.0005713129522505,0.007938389071003535,-0.012837631288279068,train,train
2017-03-07,-0.0002447657426253,0.007696787277572145,-0.012837631288279068,train,train
2017-03-08,0.004966355370403,0.007560818968361331,-0.012837631288279068,train,train
2017-03-09,0.0149029039444304,0.008189127989145591,-0.012837631288279068,train,train
2017-03-10,0.0007998080574699,0.007942070873832521,-0.012359738317337499,train,train
2017-03-13,-0.0010498793193139,0.007704416601806234,-0.012359738317337499,train,train
2017-03-14,-0.0091253114256351,0.007796975797104019,-0.012359738317337499,train,train
2017-03-15,0.0078539632016738,0.007800406781968686,-0.012359738317337499,train,train
2017-03-16,0.0183418341115279,0.008796643559950615,-0.012359738317337499,train,train
2017-03-17,0.0076223125640445,0.008730639184791158,-0.012359738317337499,train,train
2017-03-20,-0.0031085182257453,0.008498846396664527,-0.012359738317337499,train,train
2017-03-21,-0.0002055830433167,0.0082400911726093,-0.012359738317337499,train,train
2017-03-22,0.0017023871493246,0.007999940231108607,-0.012359738317337499,train,train
2017-03-23,0.0093023590720055,0.008084004832847566,-0.012359738317337499,train,train
2017-03-24,-0.0015023531041536,0.007846367948307436,-0.012359738317337499,train,train
2017-03-27,-0.0006306913803016,0.007608904446662729,-0.012359738317337499,train,train
2017-03-28,0.0083221071693843,0.007653571018162717,-0.012359738317337499,train,train
2017-03-29,-0.0020620331471029,0.007437582887756057,-0.012359738317337499,train,train
2017-03-30,0.0036874695789678,0.0072673534916953084,-0.012359738317337499,train,train
2017-03-31,0.0054627136789802,0.007171892052392568,-0.012359738317337499,train,train
2017-04-03,-0.0132385290000946,0.007672378541214069,-0.013192877419355232,train,train
2017-04-04,0.0034709038906062,0.007487075487797001,-0.013192877419355232,train,train
2017-04-05,0.003997327523122,0.007324727915629288,-0.013192877419355232,train,train
2017-04-06,0.0111082696275197,0.007605008871972448,-0.013192877419355232,train,train
2017-04-07,0.0009596786342288,0.0073770759336658975,-0.013192877419355232,train,train
2017-04-10,-0.0087090844923681,0.007463703071058,-0.013192877419355232,train,train
2017-04-11,-0.0020524022381479,0.007253770951565444,-0.013192877419355232,train,train
2017-04-12,-0.0053713699291058,0.007154806659276426,-0.013192877419355232,train,train
2017-04-13,-0.0033258653412573,0.006984516135554367,-0.013192877419355232,train,train
2017-04-18,-0.0059832927952177,0.006928524032530189,-0.013192877419355232,train,train
2017-04-19,0.0102545925152534,0.007171720756723658,-0.013192877419355232,train,train
2017-04-20,0.0002121406311074,0.006953435418159695,-0.013192877419355232,train,train
2017-04-21,0.0004337453982553,0.006742442908314248,-0.013192877419355232,train,train
2017-04-24,0.0368754886213534,0.011149932908021392,-0.013192877419355232,train,train
2017-04-25,0.0015127502437671,0.010816609839509638,-0.013192877419355232,train,train
2017-04-26,-0.0018285312453287,0.010496652661962036,-0.011188283068108798,train,train
2017-04-27,-0.0074135542673399,0.010337629384535404,-0.011188283068108798,train,train
2017-04-28,0.0029812976255318,0.0100492723391502,-0.011188283068108798,train,train
2017-05-02,0.0097047118148098,0.010028932543303665,-0.011188283068108798,train,train
2017-05-03,0.0015422235249232,0.009730746419709887,-0.011188283068108798,train,train
2017-05-04,0.0161011434925188,0.010225506815684775,-0.010389076643394267,train,train
2017-05-05,0.0110619094763652,0.010277610653024212,-0.010389076643394267,train,train
2017-05-08,-0.0035175560942795,0.01000169565341955,-0.010389076643394267,train,train
2017-05-09,-0.0042536569860026,0.0097528199436003,-0.010389076643394267,train,train
2017-05-10,-0.0013041471351218,0.009461104323817238,-0.010389076643394267,train,train
2017-05-11,-0.0158386420888263,0.00995959338114064,-0.012734160838185335,train,train
2017-05-12,0.0032722663892372,0.009689393889089695,-0.012734160838185335,train,train
2017-05-15,0.0055639916251033,0.009492564083002347,-0.012734160838185335,train,train
2017-05-16,0.0022425133798166,0.009219760217773085,-0.012734160838185335,train,train
2017-05-17,-0.0180357950656226,0.00997101469178466,-0.0157043220515145,train,train
2017-05-18,-0.0094266655624954,0.0099391945026942,-0.0157043220515145,train,train
2017-05-19,0.013987021383479,0.010227342673028873,-0.0157043220515145,train,train
2017-05-22,-0.0038837153493737,0.00996130616723337,-0.0157043220515145,train,train
2017-05-23,0.0113221947653308,0.010048158487114189,-0.0157043220515145,train,train
2017-05-24,-0.0008155733882108,0.00974409920107182,-0.0157043220515145,train,train
2017-05-25,0.0027740613048771,0.009471660152966943,-0.0157043220515145,train,train
2017-05-26,-0.0030675010570726,0.009213803723447345,-0.0157043220515145,train,train
2017-05-29,-0.0018542331095806,0.008944653103191836,-0.0157043220515145,train,train
2017-05-30,-0.0006525106497852,0.008673635696588711,-0.0157043220515145,train,train
2017-05-31,0.0002849311565821,0.008409691431387308,-0.0157043220515145,train,train
2017-06-01,9.19075410783518e-05,0.00815352943164165,-0.0157043220515145,train,train
2017-06-02,0.0022858140460996,0.007924943937485524,-0.0157043220515145,train,train
2017-06-05,-0.0019458116280802,0.007698287030311975,-0.0157043220515145,train,train
2017-06-06,-0.0004594659166549,0.0074646146815974,-0.0157043220515145,train,train
2017-06-07,-0.0007355848558763,0.0072394550284429525,-0.0157043220515145,train,train
2017-06-08,0.0074593849408926,0.007252838891365365,-0.0157043220515145,train,train
2017-06-09,0.0022980937903142,0.0070543834435902834,-0.0157043220515145,train,train
2017-06-12,-0.0124561695983613,0.007489181256107845,-0.0157043220515145,train,train
2017-06-13,0.0036547918654234,0.007316010931402492,-0.0157043220515145,train,train
2017-06-14,-0.0098163405643431,0.007489606632928514,-0.0157043220515145,train,train
2017-06-15,-0.0070965399651415,0.007466606179092172,-0.0157043220515145,train,train
2017-06-16,0.0055735063194065,0.007366751911472642,-0.0157043220515145,train,train
2017-06-19,0.0082839009618374,0.0074249762700231235,-0.0157043220515145,train,train
2017-06-20,-0.0095208666632574,0.007567117705900555,-0.0157043220515145,train,train
2017-06-21,-0.0005025796512492,0.007337625592165864,-0.0157043220515145,train,train
2017-06-22,-0.002871698228716,0.007148783352009462,-0.0157043220515145,train,train
2017-06-23,-0.0074131539696425,0.007164920677564209,-0.0157043220515145,train,train
2017-06-26,0.0061704675929191,0.0071091773951531,-0.0157043220515145,train,train
2017-06-27,-0.0045631711451087,0.006982644978486563,-0.0157043220515145,train,train
2017-06-28,0.0051333380345351,0.006885706979276484,-0.0157043220515145,train,train
2017-06-29,-0.0161633172986325,0.007761659135388892,-0.01667925148436047,train,train
2017-06-30,-0.0082572229666647,0.007792281774243074,-0.01667925148436047,train,train
2017-07-03,0.0151746434059942,0.00841977814934537,-0.01667925148436047,train,train
2017-07-04,-0.003542602206512,0.00820926952065512,-0.01667925148436047,train,train
2017-07-05,-0.0040872482931381,0.008021902244204758,-0.01667925148436047,train,train
2017-07-06,-0.0023974151669283,0.007799661316211094,-0.01667925148436047,train,train
2017-07-07,-0.000914899225988,0.007565372170909147,-0.01667925148436047,train,train
2017-07-10,0.0019716074358957,0.007350782194581835,-0.01667925148436047,train,train
2017-07-11,-0.0057637971015138,0.007265345164649481,-0.01667925148436047,train,train
2017-07-12,0.0105953804218293,0.0075069202151616665,-0.01667925148436047,train,train
2017-07-13,0.0092277196854573,0.0076211330316034555,-0.01667925148436047,train,train
2017-07-14,-0.0003002989128461,0.007389328746949674,-0.01667925148436047,train,train
2017-07-17,-0.0003660339093866,0.0071647810448077385,-0.01667925148436047,train,train
2017-07-18,-0.0119667076996776,0.007539639763609764,-0.01667925148436047,train,train
2017-07-19,0.0060248195799867,0.007457432853025807,-0.01667925148436047,train,train
2017-07-20,-0.0022029901106758,0.007250358363392077,-0.01667925148436047,train,train
2017-07-21,-0.0131675063086785,0.0077341210203292115,-0.01667925148436047,train,train
2017-07-24,0.0019067984177759,0.0075130408685188345,-0.01667925148436047,train,train
2017-07-25,0.0073343920494981,0.007502441903184365,-0.01667925148436047,train,train
2017-07-26,0.0049292000835637,0.007373415575419949,-0.01667925148436047,train,train
2017-07-27,0.0026441550305735,0.0071780718276231534,-0.01667925148436047,train,train
2017-07-28,-0.0063673226547467,0.007132026368441524,-0.01667925148436047,train,train
2017-07-31,-0.0032226409658095,0.006959667880050548,-0.01667925148436047,train,train
2017-08-01,0.0080137371460861,0.007027372009746209,-0.01667925148436047,train,train
2017-08-02,-0.0069002863921314,0.007019811753827067,-0.01667925148436047,train,train
2017-08-03,0.0033422828198364,0.006855023187596445,-0.015788872890977867,train,train
2017-08-04,0.0103078391163233,0.0071096381879260295,-0.015788872890977867,train,train
2017-08-07,0.0016967141524699,0.006905567912078966,-0.015788872890977867,train,train
2017-08-08,0.0054364386977943,0.00682634221526632,-0.015788872890977867,train,train
2017-08-09,-0.0130049317538025,0.007345114441095871,-0.0141119184537045,train,train
2017-08-10,-0.0138745929990032,0.007890749244330777,-0.014401805535438066,train,train
2017-08-11,-0.0161196190117146,0.008609216877490205,-0.015385843103116767,train,train
2017-08-14,0.0171908340810468,0.009348956354223037,-0.015385843103116767,train,train
2017-08-15,0.0019386049416478,0.009076579596167497,-0.015385843103116767,train,train
2017-08-16,0.0059736126108576,0.008920890213039621,-0.015385843103116767,train,train
2017-08-17,-0.0095769288314743,0.00896160695478814,-0.015385843103116767,train,train
2017-08-18,-0.0055786034278813,0.00879539790070437,-0.015385843103116767,train,train
2017-08-21,-0.0024583182568055,0.00854868893438734,-0.015385843103116767,train,train
2017-08-22,0.0047760908675849,0.008370420550105426,-0.015385843103116767,train,train
2017-08-23,-0.0069115893911273,0.00829013316233112,-0.015385843103116767,train,train
2017-08-24,0.0018652158049494,0.008050557196751865,-0.015385843103116767,train,train
2017-08-25,-0.0011689863835465,0.007810555336042238,-0.015385843103116767,train,train
2017-08-28,-0.0057582280843147,0.0077028513953077546,-0.015385843103116767,train,train
2017-08-29,-0.0091121348556339,0.00779459713768059,-0.015385843103116767,train,train
2017-08-30,0.0052059179767893,0.007663973824673308,-0.015385843103116767,train,train
2017-08-31,0.0052275039167893,0.007540020751308567,-0.015385843103116767,train,train
2017-09-01,0.0025212134567226,0.007336360759396686,-0.015385843103116767,train,train
2017-09-04,-0.0080024739637749,0.00737802366578939,-0.015385843103116767,train,train
2017-09-05,-0.0062087444832533,0.007313140891824189,-0.015385843103116767,train,train
2017-09-06,-0.0048053153061406,0.0071873897370976466,-0.015385843103116767,train,train
2017-09-07,-0.0006022550902934,0.006969994234616514,-0.015385843103116767,train,train
2017-09-08,0.0004640172637504,0.006758615921475025,-0.015385843103116767,train,train
2017-09-11,0.0188738362201443,0.008019442464627114,-0.015385843103116767,train,train
2017-09-12,0.0013166871290672,0.007781824329590576,-0.015385843103116767,train,train
2017-09-13,0.0033611340133883,0.007589546482772781,-0.015385843103116767,train,train
2017-09-14,-0.0009550785076391,0.007362056327050467,-0.015385843103116767,train,train
2017-09-15,-0.0042265429119453,0.007212468430440087,-0.015385843103116767,train,train
2017-09-18,0.0020333278247243,0.007010462476260541,-0.015385843103116767,train,train
2017-09-19,0.0038616049001959,0.006862398168826016,-0.015385843103116767,train,train
2017-09-20,-0.0083501882100133,0.006960639101290554,-0.015385843103116767,train,train
2017-09-21,0.0004760179716943,0.006749597208950519,-0.014387239439798768,train,train
2017-09-22,0.0007766236678086,0.006546741738710356,-0.014387239439798768,train,train
2017-09-25,-0.0086251539750766,0.006689681204317343,-0.014387239439798768,train,train
2017-09-26,-0.0026365064095897,0.00651795938168852,-0.014387239439798768,train,train
2017-09-27,0.0174434251130857,0.007628312500927754,-0.014387239439798768,train,train
2017-09-28,-0.0039039146146713,0.007457487209122162,-0.014387239439798768,train,train
2017-09-29,0.0051183115117203,0.007338194281267561,-0.014387239439798768,train,train
2017-10-02,-0.0121917083431597,0.007715984365622474,-0.014387239439798768,train,train
2017-10-03,0.000175477709473,0.007481047880630756,-0.014387239439798768,train,train
2017-10-04,-0.0289401876426369,0.010142000808332377,-0.01964479988445157,train,train
2017-10-05,0.0247589206918568,0.011552870587087049,-0.01964479988445157,train,train
2017-10-06,-0.0028627381079488,0.011222851947804726,-0.01964479988445157,train,train
2017-10-09,0.004945778022067,0.010948191846438264,-0.01964479988445157,train,train
2017-10-10,-0.0091961406549094,0.010851049285701587,-0.01964479988445157,train,train
2017-10-11,0.0133298662520184,0.011015519707325814,-0.01964479988445157,train,train
2017-10-12,-0.0002432580936646,0.01068010882094103,-0.01964479988445157,train,train
2017-10-13,-0.0017434968339099,0.010363552857688576,-0.01964479988445157,train,train
2017-10-16,-0.0074953243758479,0.010214197345558267,-0.01964479988445157,train,train
2017-10-17,0.0034708404918883,0.009939458827943141,-0.01964479988445157,train,train
2017-10-18,0.0055246634353062,0.009731217069269332,-0.01964479988445157,train,train
2017-10-19,-0.007415476308847,0.009608025179167087,-0.01964479988445157,train,train
2017-10-20,0.0024681646472045,0.009334924165543115,-0.01964479988445157,train,train
2017-10-23,-0.0060144904817069,0.009169667735045088,-0.01964479988445157,train,train
2017-10-24,0.0043501404984303,0.008953952274287837,-0.01964479988445157,train,train
2017-10-25,-0.0051476503104347,0.008772272446380241,-0.01964479988445157,train,train
2017-10-26,0.0189751612928892,0.009692213514289722,-0.01964479988445157,train,train
2017-10-27,-0.0146313256463822,0.010057196629698277,-0.019897044100244565,train,train
2017-10-30,0.0240765378045305,0.0113955759909137,-0.019897044100244565,train,train
2017-10-31,0.0073917215829824,0.011195796350078321,-0.019897044100244565,train,train
2017-11-01,-0.0015976841023924,0.010861779790952479,-0.019897044100244565,train,train
2017-11-02,-0.0046650747033874,0.010592702201648367,-0.019897044100244565,train,train
2017-11-03,-0.0096082525794508,0.010536229429671183,-0.018587740544059598,train,train
2017-11-06,-0.0039952849687111,0.01026202420957296,-0.018587740544059598,train,train
2017-11-07,-0.0083515323322949,0.01015753306482592,-0.018587740544059598,train,train
2017-11-08,-0.0001955091516061,0.009848210127477565,-0.018587740544059598,train,train
2017-11-09,-0.0086010787365462,0.009777868964042757,-0.018587740544059598,train,train
2017-11-10,-0.0047840254266653,0.009552148038336192,-0.018587740544059598,train,train
2017-11-13,-0.0042496865206651,0.009319469424218737,-0.018587740544059598,train,train
2017-11-14,-0.0059380520764132,0.00915188436748098,-0.018587740544059598,train,train
2017-11-15,0.002349495847641,0.008891725145970444,-0.018587740544059598,train,train
2017-11-16,0.0074418381417334,0.008811462239768132,-0.018587740544059598,train,train
2017-11-17,-0.0077914133977065,0.008753611949288457,-0.018587740544059598,train,train
2017-11-20,0.001507255669997,0.008494968393613151,-0.018587740544059598,train,train
2017-11-21,-0.0032069330741578,0.008273553282145756,-0.018587740544059598,train,train
2017-11-22,0.0020492526601336,0.008037197836662876,-0.018587740544059598,train,train
2017-11-23,0.0018855392137082,0.007806027902160277,-0.018587740544059598,train,train
2017-11-24,0.002061126523259,0.007585045936936664,-0.018587740544059598,train,train
2017-11-27,0.0009543968951089,0.0073576897841317445,-0.018587740544059598,train,train
2017-11-28,0.0080466381218903,0.007400835501875794,-0.018587740544059598,train,train
2017-11-29,0.0120811970187281,0.007761658549729891,-0.018587740544059598,train,train
2017-11-30,-0.0055374940458915,0.0076464745637801245,-0.018587740544059598,train,train
2017-12-01,-0.0124163991672258,0.008013144011937973,-0.018662637485414968,train,train
2017-12-04,0.0121812926340932,0.008322312284031328,-0.018662637485414968,train,train
2017-12-05,0.0002644670547573,0.008069041170866929,-0.018662637485414968,train,train
2017-12-06,-0.0026770698399203,0.007850659976574291,-0.018662637485414968,train,train
2017-12-07,0.0076883196273722,0.007841014339055664,-0.018662637485414968,train,train
2017-12-08,0.0056841247907801,0.0077285944382914544,-0.018662637485414968,train,train
2017-12-11,-0.0013766939104743,0.00750073455332759,-0.018662637485414968,train,train
2017-12-12,-0.0018063034899877,0.00728567921658578,-0.018662637485414968,train,train
2017-12-13,-0.0027057367741137,0.007094752641045216,-0.018662637485414968,train,train
2017-12-14,-0.0082204308878852,0.007167280737791063,-0.018662637485414968,train,train
2017-12-15,-0.0025679885488099,0.006977348514662377,-0.018662637485414968,train,train
2017-12-18,0.0091887399077324,0.007129401463157679,-0.018662637485414968,train,train
2017-12-19,-0.000957087049375,0.006916185671792454,-0.018662637485414968,train,train
2017-12-20,-0.0026024483306603,0.0067357234971998515,-0.018662637485414968,train,train
2017-12-21,0.0094480029828605,0.006928467246854446,-0.018662637485414968,train,train
2017-12-22,-0.0119689040924,0.007329305478534437,-0.018662637485414968,train,train
2017-12-27,-0.0016513140229385,0.007117528078620808,-0.018662637485414968,train,train
2017-12-28,-0.0071181580948187,0.007117565881165292,-0.018662637485414968,train,train
2017-12-29,-0.0048864594175991,0.007003771024723405,-0.013005542968669334,train,train
2018-01-02,0.0034984102420011,0.006844265665944749,-0.013005542968669334,train,train
2018-01-03,0.0036543946209297,0.006695865153839129,-0.013005542968669334,train,train
2018-01-04,0.0194226861785817,0.008048538864439521,-0.013005542968669334,train,train
2018-01-05,0.0093603821881905,0.00813321857961468,-0.013005542968669334,train,train
2018-01-08,-0.0012494114506687,0.007891384639868075,-0.013005542968669334,train,train
2018-01-09,0.002698656502691,0.007679484309343696,-0.013005542968669334,train,train
2018-01-10,0.0001726034015022,0.007445656318825176,-0.013005542968669334,train,train
2018-01-11,0.0006614797015466,0.007220649794908425,-0.013005542968669334,train,train
2018-01-12,0.0026031898313914,0.007029659471906444,-0.013005542968669334,train,train
2018-01-15,0.0004586618604531,0.006816433656659486,-0.013005542968669334,train,train
2018-01-16,0.0050696895092379,0.006724436543763827,-0.013005542968669334,train,train
2018-01-17,-0.0043630249016652,0.0066065969453867135,-0.013005542968669334,train,train
2018-01-18,-0.0040081187476909,0.006480138637452206,-0.013005542968669334,train,train
2018-01-19,0.0044758449497888,0.0063776685580106685,-0.013005542968669334,train,train
2018-01-22,0.0099224589815771,0.006643906109823679,-0.013005542968669334,train,train
2018-01-23,0.0024063993493625,0.006468419015655989,-0.013005542968669334,train,train
2018-01-24,-0.0043924973209921,0.006362991423164844,-0.0113311852796922,train,train
2018-01-25,0.0030531592875263,0.006214314697397749,-0.0113311852796922,train,train
2018-01-26,9.49340385870406e-06,0.006025002085997901,-0.0113311852796922,train,train
2018-01-29,-0.0037634937570608,0.0059137504380611505,-0.0113311852796922,train,train
2018-01-30,-0.0121427940256451,0.006459175210040589,-0.012176032428423633,train,train
2018-01-31,0.0022318150299961,0.006286218865904186,-0.012176032428423633,train,train
2018-02-01,-0.0050358611016045,0.006218291452989793,-0.012176032428423633,train,train
2018-02-02,-0.0182244714490268,0.007501666565134042,-0.014261221547299233,train,train
2018-02-05,-0.0144707954701195,0.008090904552116831,-0.0150372220287907,train,train
2018-02-06,-0.0256121071816777,0.010044589306702479,-0.019435791366941332,train,train
2018-02-07,0.0168701864037878,0.010579051906376832,-0.019435791366941332,train,train
2018-02-08,-0.0223592498117797,0.011627446925799345,-0.022065276147494733,train,train
2018-02-09,-0.0120336367065975,0.011652217618750777,-0.022065276147494733,train,train
2018-02-12,0.0135494358365696,0.011774674415796027,-0.022065276147494733,train,train
2018-02-13,-0.0123985374809006,0.011813035344145857,-0.022065276147494733,train,train
2018-02-14,0.0036717404719631,0.011488421844845529,-0.022065276147494733,train,train
2018-02-15,0.0029586173341833,0.011161989575690541,-0.022065276147494733,train,train
2018-02-16,0.0119916737285795,0.01121350190347855,-0.022065276147494733,train,train
2018-02-19,-0.0026376447386619,0.010891074218322153,-0.022065276147494733,train,train
2018-02-20,0.0090450185852132,0.010789221910947635,-0.022065276147494733,train,train
2018-02-21,-0.0073027822877704,0.010612384681380833,-0.022065276147494733,train,train
2018-02-22,0.0054011030740601,0.010373796844601664,-0.022065276147494733,train,train
2018-02-23,-0.0054926665260303,0.010147358496113843,-0.022065276147494733,train,train
2018-02-26,0.008111659990579,0.010036866694835604,-0.022065276147494733,train,train
2018-02-27,-0.0002222127656421,0.009731255529359972,-0.022065276147494733,train,train
2018-02-28,-0.0060688001287547,0.00955119438746817,-0.022065276147494733,train,train
2018-03-01,-0.0103888485101296,0.009603514240920175,-0.022065276147494733,train,train
2018-03-02,-0.0215372350512647,0.010701634746534227,-0.02316953068157403,train,train
2018-03-05,0.0062441902862345,0.01048774912996956,-0.02316953068157403,train,train
2018-03-06,-0.000417153360116,0.010168763441045229,-0.02316953068157403,train,train
2018-03-07,0.0013030268812444,0.009864147082639049,-0.02316953068157403,train,train
2018-03-08,0.0048739168604038,0.009637874129785466,-0.02316953068157403,train,train
2018-03-09,0.0041277521161191,0.009398808484537825,-0.02316953068157403,train,train
2018-03-12,0.00426509809801,0.009172175782245884,-0.02316953068157403,train,train
2018-03-13,-0.0036870566124033,0.008938497818614537,-0.02316953068157403,train,train
2018-03-14,-0.0003302541056682,0.008666572720783739,-0.02316953068157403,train,train
2018-03-15,-0.000443903504907,0.008403257510064476,-0.02316953068157403,train,train
2018-03-16,0.0078991425392351,0.008373866475227374,-0.02316953068157403,train,train
2018-03-19,-0.0099769057920024,0.008478600138654386,-0.02316953068157403,train,train
2018-03-20,0.0018091881379401,0.008232244553924923,-0.02316953068157403,train,train
2018-03-21,-0.0052504165921756,0.00808440918282669,-0.02316953068157403,train,train
2018-03-22,-0.0150120762918145,0.00865782637852745,-0.02316953068157403,train,train
2018-03-23,-0.009989308059533,0.008743435061529149,-0.02316953068157403,train,train
2018-03-26,-0.0012889684514286,0.008482952531683371,-0.02316953068157403,train,train
2018-03-27,0.0098225744185544,0.008569237581488103,-0.02316953068157403,train,train
2018-03-28,0.008555636129868,0.00856842210325279,-0.02316953068157403,train,train
2018-03-29,0.0047402272685973,0.00838814468000031,-0.02316953068157403,train,train
2018-04-03,-0.0053055770669977,0.008235791509204901,-0.02316953068157403,train,train
2018-04-04,-0.0038084289041016,0.008039204806394838,-0.02316953068157403,train,train
2018-04-05,0.0236427569614601,0.009710297754875098,-0.02316953068157403,train,train
2018-04-06,-0.0059824604619472,0.009527847581156938,-0.02316953068157403,train,train
2018-04-09,0.0061774351381613,0.009360701311928718,-0.02316953068157403,train,train
2018-04-10,0.0021224120710059,0.009090414912864235,-0.02316953068157403,train,train
2018-04-11,-0.0028411496026272,0.008840918083243025,-0.02316953068157403,train,train
2018-04-12,0.0011497522592855,0.008576213524440763,-0.02316953068157403,train,train
2018-04-13,0.0020805063172128,0.008330549952071012,-0.02316953068157403,train,train
2018-04-16,-0.0001228864764979,0.00807682393140272,-0.02316953068157403,train,train
2018-04-17,0.003863140343495,0.007887738010897625,-0.02316953068157403,train,train
2018-04-18,0.00543197209058,0.007762332479378609,-0.02316953068157403,train,train
2018-04-19,0.0010849210372473,0.007530551135781153,-0.02316953068157403,train,train
2018-04-20,0.0016403437373898,0.0073121879105166295,-0.02316953068157403,train,train
2018-04-23,0.003816971474357,0.007150815533248395,-0.02316953068157403,train,train
2018-04-24,-0.0038978922400776,0.0069984088804548395,-0.02316953068157403,train,train
2018-04-25,-0.0025733133555934,0.006814424388318644,-0.02316953068157403,train,train
2018-04-26,0.004483725382865,0.006697493901303837,-0.02316953068157403,train,train
2018-04-27,0.0023301337181866,0.006518497562567603,-0.02316953068157403,train,train
2018-04-30,0.0055460022340372,0.006464274923887792,-0.02316953068157403,train,train
2018-05-02,0.0107926786920262,0.00680209924031304,-0.02316953068157403,train,train
2018-05-03,-0.0049782825581435,0.006706671205917743,-0.02316953068157403,train,train
2018-05-04,0.0064836776574739,0.006693501094523744,-0.019636187051619635,train,train
2018-05-07,0.0036355467309062,0.006550405444718921,-0.019636187051619635,train,train
2018-05-08,0.0026785400573051,0.006384654838838696,-0.016315949607993267,train,train
2018-05-09,0.0052086836232126,0.0063202698891458246,-0.016315949607993267,train,train
2018-05-10,0.0024818912968449,0.006157812099106796,-0.016315949607993267,train,train
2018-05-11,0.0024174669391053,0.005999514950488223,-0.015646053284402935,train,train
2018-05-14,-0.0013249992983552,0.005825793186434128,-0.015646053284402935,train,train
2018-05-15,-0.004905870145001,0.005774731854277989,-0.015646053284402935,train,train
2018-05-16,-0.0095085625043877,0.006063946071946467,-0.015646053284402935,train,train
2018-05-17,0.0103703703573749,0.0064045164006827,-0.015646053284402935,train,train
2018-05-18,-0.010231878254149,0.006696136233939727,-0.015646053284402935,train,train
2018-05-21,-0.0045493529282213,0.00658708909607291,-0.015646053284402935,train,train
2018-05-22,0.0071565494165279,0.006622637704653548,-0.015646053284402935,train,train
2018-05-23,-0.0112876555081617,0.006990882660246049,-0.0159456556170803,train,train
2018-05-24,-0.0028969602199269,0.006814956834648293,-0.0159456556170803,train,train
2018-05-25,-0.0171021951148022,0.007823434228222167,-0.017883835485960467,train,train
2018-05-28,-0.0063396593444114,0.00774243066304827,-0.017883835485960467,train,train
2018-05-29,-0.0252117849243212,0.00972041997868391,-0.0212837383634627,train,train
2018-05-30,0.0047046992476196,0.009494494319810328,-0.019108685443645967,train,train
2018-05-31,-0.010582463368963,0.009563263506926,-0.019108685443645967,train,train
2018-06-01,0.017478847028803,0.010212700621094606,-0.019108685443645967,train,train
2018-06-04,0.0121655772390962,0.010340279247252693,-0.019108685443645967,train,train
2018-06-05,-0.0065751535633054,0.010153819531553518,-0.019108685443645967,train,train
2018-06-06,0.0108019551960862,0.010193869833291548,-0.019108685443645967,train,train
2018-06-07,0.0038123642159846,0.009927342570009616,-0.019108685443645967,train,train
2018-06-08,-0.0084494938173615,0.009844929629934562,-0.019108685443645967,train,train
2018-06-11,0.0154752997246909,0.010270169187866515,-0.019108685443645967,train,train
2018-06-12,0.0016252796764669,0.009965253869328306,-0.019108685443645967,train,train
2018-06-13,-0.0015444807117941,0.009669076110958028,-0.019108685443645967,train,train
2018-06-14,0.0059023363924693,0.00948534793049371,-0.019108685443645967,train,train
2018-06-15,-0.0107731679754217,0.009567506714623678,-0.019108685443645967,train,train
2018-06-18,-0.0083178812073376,0.00949716707850661,-0.019108685443645967,train,train
2018-06-19,-0.0014340737768523,0.009214543158610356,-0.017867211849095035,train,train
2018-06-20,0.0034281126945894,0.008973207602824513,-0.017867211849095035,train,train
2018-06-21,-0.0089068139227736,0.008969237841515812,-0.017867211849095035,train,train
2018-06-22,0.0092335815831043,0.008985317776313147,-0.017867211849095035,train,train
2018-06-25,-0.0179499120004469,0.009758265207416562,-0.0200879640131901,train,train
2018-06-26,0.002025416989097,0.009473988299843068,-0.0200879640131901,train,train
2018-06-27,0.0021972665090293,0.009201127422980928,-0.0200879640131901,train,train
2018-06-28,-0.0072320615704077,0.009095013137768731,-0.0200879640131901,train,train
2018-06-29,0.0035083027046621,0.008859717795148277,-0.0200879640131901,train,train
2018-07-02,-0.0067150443271002,0.008745880896969855,-0.0200879640131901,train,train
2018-07-03,0.0106769854709457,0.008873606247121316,-0.0200879640131901,train,train
2018-07-04,0.0099493680525811,0.008941802393139579,-0.0200879640131901,train,train
2018-07-05,0.0110785739695442,0.009084193321786973,-0.0200879640131901,train,train
2018-07-06,0.0039248861083369,0.008859768510912011,-0.0200879640131901,train,train
2018-07-09,0.0022186374570705,0.008607038358976108,-0.0200879640131901,train,train
2018-07-10,-0.0038049727919725,0.008396720302056753,-0.0200879640131901,train,train
2018-07-11,-0.0158695674561167,0.009021375027997009,-0.0200879640131901,train,train
2018-07-12,0.0034665724936167,0.008787668771820656,-0.0200879640131901,train,train
2018-07-13,-0.0033432757306426,0.008559228040734997,-0.0200879640131901,train,train
2018-07-16,-0.0018403963596981,0.008310715077522113,-0.0200879640131901,train,train
2018-07-17,0.000257250599476,0.008057783607545194,-0.0200879640131901,train,train
2018-07-18,0.0034715279536707,0.007858453693065169,-0.0200879640131901,train,train
2018-07-19,-0.0032967157055981,0.00766172805872793,-0.0200879640131901,train,train
2018-07-20,0.000380563046056,0.007428905836599784,-0.0200879640131901,train,train
2018-07-23,0.0001336498289118,0.007202665836336463,-0.0200879640131901,train,train
2018-07-24,0.0048207201222425,0.00708237615428271,-0.0200879640131901,train,train
2018-07-25,-0.0071882917843292,0.007088775719255511,-0.0200879640131901,train,train
2018-07-26,0.0078941022235247,0.00713965739520879,-0.0200879640131901,train,train
2018-07-27,0.0089476203887526,0.007260841541789441,-0.0200879640131901,train,train
2018-07-30,-0.001399531842878,0.0070479892213333095,-0.0200879640131901,train,train
2018-07-31,0.001683220110857,0.006845706445406806,-0.0200879640131901,train,train
2018-08-01,-0.0072598580807726,0.006871259512903059,-0.0200879640131901,train,train
2018-08-02,-0.0103706132042988,0.007129819910070081,-0.0200879640131901,train,train
2018-08-03,0.0042802420913009,0.0069916736461764625,-0.0200879640131901,train,train
2018-08-06,-0.0017571857443672,0.006792330414266711,-0.0200879640131901,train,train
2018-08-07,0.005139618851485,0.006704666153172031,-0.0200879640131901,train,train
2018-08-08,-0.0026332318233381,0.006532337248036695,-0.0200879640131901,train,train
2018-08-09,0.0007691637826664,0.006336137695965604,-0.0200879640131901,train,train
2018-08-10,-0.0157571447058412,0.007255005100270523,-0.0200879640131901,train,train
2018-08-13,-0.0074950533800165,0.007269631529507671,-0.0200879640131901,train,train
2018-08-14,-0.0024583611133818,0.00707384636404768,-0.0200879640131901,train,train
2018-08-15,-0.0127239431177348,0.00753331719410663,-0.0200879640131901,train,train
2018-08-16,0.0043159580040532,0.0073799366853494275,-0.0200879640131901,train,train
2018-08-17,-0.0010719817030854,0.007159930602826071,-0.0196770881269616,train,train
2018-08-20,0.0054326171850986,0.007068205545386884,-0.0196770881269616,train,train
2018-08-21,0.0084554172228403,0.007159022466696546,-0.016525541387468267,train,train
2018-08-22,0.0032620520106083,0.006986770750292352,-0.016525541387468267,train,train
2018-08-23,-0.001347475396467,0.0067819620304715176,-0.016525541387468267,train,train
2018-08-24,0.0023177363105472,0.006599819886944312,-0.016525541387468267,train,train
2018-08-27,0.0073041739644915,0.006644187130561015,-0.016525541387468267,train,train
2018-08-28,-0.0055329711676267,0.006582806047945296,-0.016525541387468267,train,train
2018-08-29,-0.0038589951936281,0.006451887008561134,-0.016525541387468267,train,train
2018-08-30,-0.0107055555666089,0.0067827553702275445,-0.016525541387468267,train,train
2018-08-31,-0.0072615034779202,0.006812429093443865,-0.016525541387468267,train,train
2018-09-03,-0.00245004180645,0.006632103816679103,-0.016525541387468267,train,train
2018-09-04,2.135143435116961e-05,0.006430065343845417,-0.016525541387468267,train,train
2018-09-05,-0.00803105374133,0.006537190937881684,-0.016525541387468267,train,train
2018-09-06,-0.0100054437468935,0.006795388709349752,-0.016525541387468267,train,train
2018-09-07,-0.004080550083192,0.006663761894558876,-0.016525541387468267,train,train
2018-09-10,0.0108014941708288,0.006981526753617673,-0.016525541387468267,train,train
2018-09-11,0.0014335628200846,0.006777943567509123,-0.016525541387468267,train,train
2018-09-12,0.002442077286141,0.006598629581387876,-0.016525541387468267,train,train
2018-09-13,0.0024039924246608,0.006424651615916204,-0.016525541387468267,train,train
2018-09-14,0.0038620614881762,0.006300357975468397,-0.016525541387468267,train,train
2018-09-17,0.0041875410463325,0.006193946236672426,-0.014783551759897567,train,train
2018-09-18,0.0045512664973358,0.006107856693440628,-0.014783551759897567,train,train
2018-09-19,0.0040984756783508,0.006006280775780718,-0.014783551759897567,train,train
2018-09-20,0.0102151271726835,0.0063381238250217265,-0.014783551759897567,train,train
2018-09-21,0.0006988797784997,0.00614742310083805,-0.014783551759897567,train,train
2018-09-24,-0.0081243992613564,0.006283606761673583,-0.014783551759897567,train,train
2018-09-25,-0.0020203933870339,0.006112250850998443,-0.014783551759897567,train,train
2018-09-26,0.0032810566886576,0.005980297134528551,-0.014783551759897567,train,train
2018-09-27,0.0002834508545697,0.005798528886832655,-0.014783551759897567,train,train
2018-09-28,-0.0146222403914578,0.006665894978191721,-0.015416317517805233,train,train
2018-10-01,0.001893979615394,0.0064794549180989276,-0.015416317517805233,train,train
2018-10-02,-0.010848469787933,0.006820974540189803,-0.015416317517805233,train,train
2018-10-03,0.0059571400215087,0.006772252438546136,-0.014367776071677933,train,train
2018-10-04,-0.0049904374757638,0.0066787623762102,-0.014367776071677933,train,train
2018-10-05,-0.00652719924716,0.006669765712971905,-0.014367776071677933,train,train
2018-10-08,-0.0059285815166826,0.006627632527077563,-0.014367776071677933,train,train
2018-10-09,0.0066414978969356,0.006628465267166897,-0.014367776071677933,train,train
2018-10-10,-0.0105952777823339,0.006930797455361451,-0.014367776071677933,train,train
2018-10-11,-0.017060751641297,0.007913150507804789,-0.01581337891286533,train,train
2018-10-12,-0.0118260428634257,0.008200743337653962,-0.01581337891286533,train,train
2018-10-15,0.002434710086481,0.00797325081789003,-0.01581337891286533,train,train
2018-10-16,0.0167796625958581,0.008755100770324426,-0.01581337891286533,train,train
2018-10-17,-0.0085769037478528,0.008744511352992751,-0.01581337891286533,train,train
2018-10-18,-0.0120314293321142,0.008975734375575152,-0.01581337891286533,train,train
2018-10-19,0.0002811879771125,0.008702569915073186,-0.01581337891286533,train,train
2018-10-22,-0.0096731129829341,0.008763834014058525,-0.01581337891286533,train,train
2018-10-23,-0.0091715953150076,0.008788833202749225,-0.01581337891286533,train,train
2018-10-24,-0.0055965002279082,0.00863065597795793,-0.01581337891286533,train,train
2018-10-25,0.0123465200431551,0.008897478445258023,-0.01581337891286533,train,train
2018-10-26,-0.0062572771306288,0.00876153105045977,-0.01581337891286533,train,train
2018-10-29,0.0103467047673432,0.008864638669445821,-0.01581337891286533,train,train
2018-10-30,-0.0017133185228307,0.008604826392036309,-0.01581337891286533,train,train
2018-10-31,0.0098760540290587,0.008686348000969839,-0.01581337891286533,train,train
2018-11-01,0.0068690067272659,0.008588159191786621,-0.01581337891286533,train,train
2018-11-02,0.0042568173717175,0.008391562384528296,-0.014802311716829867,train,train
2018-11-05,0.0019662847996021,0.008150165437156057,-0.014802311716829867,train,train
2018-11-06,-0.0024222554542018,0.007924122925785352,-0.014802311716829867,train,train
2018-11-07,0.0197177687386575,0.009074780710091587,-0.014571473788289666,train,train
2018-11-08,0.0009920588204398,0.008801681491753043,-0.014571473788289666,train,train
2018-11-09,-0.0046090794427234,0.008607905555702393,-0.014571473788289666,train,train
2018-11-12,-0.0064246753328892,0.008492753555856939,-0.014571473788289666,train,train
2018-11-13,0.0075844642862361,0.008441012800217808,-0.014571473788289666,train,train
2018-11-14,-0.0042516808787472,0.008249864404068512,-0.014571473788289666,train,train
2018-11-15,-0.0036413052358106,0.008048117367037226,-0.014571473788289666,train,train
2018-11-16,-0.0018422420164671,0.007815976772177873,-0.014571473788289666,train,train
2018-11-19,-0.0055915244521904,0.007700651405627785,-0.014571473788289666,train,train
2018-11-20,-0.0156441808138871,0.008392047053430584,-0.015775724282213965,train,train
2018-11-21,0.0105570154865269,0.008537441131928203,-0.015775724282213965,train,train
2018-11-22,-0.0060894600888988,0.008410678835072032,-0.015775724282213965,train,train
2018-11-23,0.0011782595407738,0.008159561574707944,-0.015775724282213965,train,train
2018-11-26,0.0193809892726202,0.009226109857198132,-0.015775724282213965,train,train
2018-11-27,-0.0006162345599788,0.00894631888618095,-0.015775724282213965,train,train
2018-11-28,0.0018803946668945,0.008685998927160926,-0.015775724282213965,train,train
2018-11-29,-0.0004175242418665,0.008422009398619494,-0.015775724282213965,train,train
2018-11-30,-0.0023877734963158,0.008186361554927284,-0.015775724282213965,train,train
2018-12-03,0.0112177916145691,0.00839915802327744,-0.015775724282213965,train,train
2018-12-04,-0.012926826168914,0.008737234932063223,-0.015775724282213965,train,train
2018-12-05,-0.0054775253480051,0.008576661054213591,-0.015775724282213965,train,train
2018-12-06,-0.0278697649473379,0.010758670728381096,-0.02019156580084067,train,train
2018-12-07,0.0058020640582134,0.010527292763638594,-0.02019156580084067,train,train
2018-12-10,-0.017796813164334,0.011098560847418407,-0.020909109917656304,train,train
2018-12-11,0.0086804603580183,0.010968518278803453,-0.020909109917656304,train,train
2018-12-12,0.0134064272213584,0.011129861952827336,-0.020909109917656304,train,train
2018-12-13,0.0082003432875859,0.01097616213736428,-0.020909109917656304,train,train
2018-12-14,-0.0045137392925787,0.010699065271968799,-0.020909109917656304,train,train
2018-12-17,-0.0083170460103407,0.010571290985140145,-0.020909109917656304,train,train
2018-12-18,-0.0127562151300213,0.010714957908156152,-0.020909109917656304,train,train
2018-12-19,0.0078191809870807,0.01056362054759958,-0.020909109917656304,train,train
2018-12-20,-0.0198789903176816,0.011340420172651307,-0.0218485228097845,train,train
2018-12-21,-0.0046288780177465,0.011053253485419155,-0.0218485228097845,train,train
2018-12-24,-0.0089451097032333,0.010938228700860463,-0.0218485228097845,train,train
2018-12-27,-0.0138562837600946,0.011134897945827955,-0.0218485228097845,train,train
2018-12-28,0.0153998630169007,0.011435739678067254,-0.0218485228097845,train,train
2018-12-31,0.0054246086576227,0.011166698536754352,-0.0218485228097845,train,train
2019-01-02,0.0011819390774548,0.010830386218278438,-0.0218485228097845,train,train
2019-01-03,-0.003127716069465,0.010528361038999488,-0.0218485228097845,train,train
2019-01-04,0.0248548525026541,0.011885344949692985,-0.0218485228097845,train,train
2019-01-07,0.0043964648908285,0.011573481468900281,-0.0218485228097845,train,train
2019-01-08,0.008057421377626,0.011393158792350653,-0.0218485228097845,train,train
2019-01-09,-0.0026823999127528,0.011065601627980745,-0.0218485228097845,train,train
2019-01-10,0.0037555977732951,0.010767866915220798,-0.0218485228097845,train,train
2019-01-11,0.0022893795752309,0.010454884789419793,-0.0218485228097845,train,train
2019-01-14,-0.0066118001206615,0.010264954605480417,-0.0218485228097845,train,train
2019-01-15,0.0035656312876837,0.009990493434170394,-0.0218485228097845,train,train
2019-01-16,0.0070485335421855,0.009838814512959804,-0.0218485228097845,train,train
2019-01-17,-0.0004601893301618,0.009539750584390477,-0.0218485228097845,train,train
2019-01-18,0.0178559294414696,0.010231152609200989,-0.0218485228097845,train,train
2019-01-21,-0.0016884503933663,0.009928088767423774,-0.0218485228097845,train,train
2019-01-22,-0.0018019500283516,0.009635753795821888,-0.0218485228097845,train,train
2019-01-23,0.0100516422582497,0.009661211977083623,-0.0218485228097845,train,train
2019-01-24,0.002319649544297,0.0093841100960441,-0.0218485228097845,train,train
2019-01-25,0.0038396350389744,0.009146715191310344,-0.0218485228097845,train,train
2019-01-28,-0.0134594855853273,0.009461084504262108,-0.0218485228097845,train,train
2019-01-29,0.0062370434291126,0.00929921692623521,-0.0218485228097845,train,train
2019-01-30,-0.0052334413421091,0.009106604406231034,-0.0218485228097845,train,train
2019-01-31,-0.0016327939691851,0.008838234560795483,-0.0218485228097845,train,train
2019-02-01,-0.0041269805344257,0.008628409172172646,-0.0218485228097845,train,train
2019-02-04,-0.0049126163144988,0.008451657002925276,-0.0218485228097845,train,train
2019-02-05,0.0129296659803256,0.008784944591240029,-0.0218485228097845,train,train
2019-02-06,0.0009784466625956,0.008520691160650094,-0.0218485228097845,train,train
2019-02-07,-0.0180279600002719,0.009367309522491186,-0.021925571755097132,train,train
2019-02-08,-0.0091598891417656,0.009354993991131738,-0.021925571755097132,train,train
2019-02-11,0.0089473637232809,0.00933103835998252,-0.021925571755097132,train,train
2019-02-12,0.005212123605023,0.009136419113163517,-0.021925571755097132,train,train
2019-02-13,-7.784016591282253e-05,0.008858107501277154,-0.021925571755097132,train,train
2019-02-14,-0.0033343277827952,0.00862700231249064,-0.021925571755097132,train,train
2019-02-15,0.0188878182540975,0.009558485207904276,-0.021925571755097132,train,train
2019-02-18,0.0035341504550832,0.009307640639167974,-0.021925571755097132,train,train
2019-02-19,-0.0020883140524855,0.009038578823395095,-0.021925571755097132,train,train
2019-02-20,0.0048805030681418,0.008844394344996788,-0.021925571755097132,train,train
2019-02-21,0.0010995451916756,0.008579187177567274,-0.021925571755097132,train,train
2019-02-22,0.0014567908516612,0.008325481358167805,-0.021925571755097132,train,train
2019-02-25,-3.257171227710876e-05,0.008071857599677667,-0.021925571755097132,train,train
2019-02-26,0.002484920099702,0.007849591178973579,-0.021925571755097132,train,train
2019-02-27,-0.0016812286332231,0.007621594882925015,-0.021925571755097132,train,train
2019-02-28,0.0071392558909144,0.007593518586690916,-0.021925571755097132,train,train
2019-03-01,-0.0010784346262202,0.007366927061497013,-0.021925571755097132,train,train
2019-03-04,-0.0008528286173353,0.0071455550147406155,-0.021925571755097132,train,train
2019-03-05,-0.0001727626502839,0.006928001868978071,-0.0185679211607625,train,train
2019-03-06,0.0041498530782784,0.006793427274730159,-0.0185679211607625,train,train
2019-03-07,-0.0050467366029087,0.006701476546938972,-0.017254411359349367,train,train
2019-03-08,-0.0131237829293755,0.0072490841723120295,-0.017254411359349367,train,train
2019-03-11,0.0046555048221554,0.007120160922758391,-0.017254411359349367,train,train
2019-03-12,-0.0011127324735973,0.006908630869100257,-0.017254411359349367,train,train
2019-03-13,0.0033779397656481,0.006749078328185018,-0.017254411359349367,train,train
2019-03-14,0.0018584012276969,0.006559289145217216,-0.017254411359349367,train,train
2019-03-15,0.0142736781513616,0.007257209582425602,-0.017254411359349367,train,train
2019-03-18,0.0071354731253396,0.007249963039299001,-0.017254411359349367,train,train
2019-03-19,0.0088036584862627,0.007352449278403369,-0.015114576448564601,train,train
2019-03-20,-0.0091757080204784,0.007474397422443422,-0.015114576448564601,train,train
2019-03-21,-0.005330162298751,0.007363372707311014,-0.015114576448564601,train,train
2019-03-22,-0.016836745742582,0.008244674802633974,-0.0161080637760604,train,train
2019-03-25,-0.0021219531198657,0.008010389750049043,-0.0161080637760604,train,train
2019-03-26,0.0003484418430941,0.007766829984872236,-0.0161080637760604,train,train
2019-03-27,0.0050834608193969,0.007632478206140941,-0.0161080637760604,train,train
2019-03-28,-0.005998539395041,0.0075444276552708075,-0.0161080637760604,train,train
2019-03-29,0.0071246143754355,0.007519899808295175,-0.0161080637760604,train,train
2019-04-01,0.0109139379120141,0.007765487878042684,-0.0161080637760604,train,train
2019-04-02,0.0023308827844409,0.007550537380761344,-0.0161080637760604,train,train
2019-04-03,0.0131875899711158,0.00800154545127092,-0.0161080637760604,train,train
2019-04-04,0.0048680623437377,0.007848893405517756,-0.0161080637760604,train,train
2019-04-05,-0.0024994032691563,0.007634372340397176,-0.0161080637760604,train,train
2019-04-08,-0.0076630741656227,0.0076360974921737485,-0.0161080637760604,train,train
2019-04-09,-0.0031732154322945,0.007444161711446655,-0.0161080637760604,train,train
2019-04-10,-0.0001381719971575,0.00721746191268414,-0.0161080637760604,train,train
2019-04-11,0.0041269521937521,0.00707023020402832,-0.0161080637760604,train,train
2019-04-12,0.0024426078580222,0.006880904433180379,-0.0161080637760604,train,train
2019-04-15,0.003015947994518,0.006712063140926636,-0.0161080637760604,train,train
2019-04-16,2.1079404317468604e-05,0.006507588706410075,-0.0161080637760604,train,train
2019-04-17,0.0055126642933092,0.006452221027067484,-0.0161080637760604,train,train
2019-04-18,0.0033557515258646,0.006309433485615363,-0.0161080637760604,train,train
2019-04-23,-0.0057250569666689,0.0062759055514831005,-0.0161080637760604,train,train
2019-04-24,-0.0074590837106552,0.006353113162050707,-0.015996162890743133,train,train
2019-04-25,0.004726324713907,0.006267424730853168,-0.015996162890743133,train,train
2019-04-26,0.0005050512164027,0.006077752923191818,-0.015996162890743133,train,train
2019-04-29,0.0011775302253741,0.005899655109033481,-0.015996162890743133,train,train
2019-04-30,0.0055951501920273,0.005881829385615734,-0.015996162890743133,train,train
2019-05-02,-0.0160518503443665,0.006926750744387988,-0.0169721853624068,train,train
2019-05-03,-0.0009136050547534,0.006719461568768068,-0.0169721853624068,train,train
2019-05-06,-0.0083882129582143,0.006831092222012759,-0.0169721853624068,train,train
2019-05-07,-0.0103307905868422,0.007089958091403353,-0.015337459672108,train,train
2019-05-08,-0.0008774310686239,0.006877328588223462,-0.015337459672108,train,train
2019-05-09,-0.01438714528942,0.0075418291265783,-0.015758580458789497,train,train
2019-05-10,0.0024488203936994,0.007336636740310262,-0.015758580458789497,train,train
2019-05-13,-0.0077845612663044,0.007364280547768735,-0.015758580458789497,train,train
2019-05-14,0.0088916651597118,0.007464741982534711,-0.015758580458789497,train,train
2019-05-15,0.0054084604254458,0.0073575890850389345,-0.015758580458789497,train,train
2019-05-16,0.013765429881385,0.007890202386807746,-0.015758580458789497,train,train
2019-05-17,-0.002604357391576,0.0076763882606264025,-0.015758580458789497,train,train
2019-05-20,-0.0087013844513814,0.007741715960073348,-0.015758580458789497,train,train
2019-05-21,0.0042735399747182,0.007578515994638924,-0.015758580458789497,train,train
2019-05-22,-0.0007470415678719,0.007349922085735728,-0.015758580458789497,train,train
2019-05-23,-0.0128857016231344,0.007793750814956146,-0.015758580458789497,train,train
2019-05-24,0.0066270608415437,0.007728717538087618,-0.015758580458789497,train,train
2019-05-27,0.0045457944898898,0.007575549164858564,-0.015758580458789497,train,train
2019-05-28,-0.0026727871624172,0.007373888791755193,-0.015758580458789497,train,train
2019-05-29,-0.0121825038342911,0.007747037223270166,-0.015758580458789497,train,train
2019-05-30,0.0084766966631302,0.007792743661479754,-0.015758580458789497,train,train
2019-05-31,-0.0169147970004184,0.00861683607834353,-0.016601131029122296,train,train
2019-06-03,0.0020635287041653,0.008369609381790467,-0.016601131029122296,train,train
2019-06-04,0.010451883173131,0.008508927737583417,-0.016601131029122296,train,train
2019-06-05,0.0036019538867754,0.008296757467647155,-0.016601131029122296,train,train
2019-06-06,0.0020415401571155,0.008059533893540508,-0.016601131029122296,train,train
2019-06-07,0.0072696135779561,0.00801433455008142,-0.016601131029122296,train,train
2019-06-10,0.0062600718671465,0.007920043861665248,-0.016601131029122296,train,train
2019-06-11,-0.0012919759879717,0.007685286019509554,-0.016601131029122296,train,train
2019-06-12,-0.0047082374043757,0.0075398842097824425,-0.016601131029122296,train,train
2019-06-13,0.0009304117991395,0.007313740672875249,-0.016601131029122296,train,train
2019-06-14,-0.0057370749043812,0.007228844733411718,-0.016601131029122296,train,train
2019-06-17,-0.0068209737026669,0.007205023618568941,-0.016601131029122296,train,train
2019-06-18,0.0118657634908432,0.007566069257991613,-0.016601131029122296,train,train
2019-06-19,-0.0010285894398177,0.007339901876037887,-0.015784597544734966,train,train
2019-06-20,-0.0024621015026637,0.007141808356812562,-0.015784597544734966,train,train
2019-06-21,0.0020286944925259,0.006942048479357643,-0.015784597544734966,train,train
2019-06-24,-0.0037677308527596,0.0067935456582771895,-0.015784597544734966,train,train
2019-06-25,-0.0035636111295441,0.006644176872373859,-0.015784597544734966,train,train
2019-06-26,-0.0002619848066996,0.00644208811605685,-0.015784597544734966,train,train
2019-06-27,-0.0010489463884959,0.006251118831768819,-0.015784597544734966,train,train
2019-06-28,0.0055596276640904,0.006211800466512124,-0.015784597544734966,train,train
2019-07-01,0.0071276238769146,0.006270522981495276,-0.015784597544734966,train,train
2019-07-02,0.0018225282575855,0.006095866428060465,-0.015784597544734966,train,train
2019-07-03,0.0120906369822151,0.006610674883578213,-0.015784597544734966,train,train
2019-07-04,0.0007022579470577,0.00641159504685393,-0.015784597544734966,train,train
2019-07-05,-0.0070452896027279,0.006451372281718805,-0.015784597544734966,train,train
2019-07-08,-0.0054028718527564,0.006393313187520877,-0.015784597544734966,train,train
2019-07-09,-0.0011638599426267,0.006205099556080282,-0.015784597544734966,train,train
2019-07-10,-0.0022669870790541,0.006041640397757181,-0.015784597544734966,train,train
2019-07-11,0.0029567946966168,0.00590219380118438,-0.015784597544734966,train,train
2019-07-12,0.0013891181198412,0.0057324965866354625,-0.015784597544734966,train,train
2019-07-15,0.0032658073782994,0.005615136325929165,-0.015784597544734966,train,train
2019-07-16,0.005721726800878,0.005621588748412344,-0.015784597544734966,train,train
2019-07-17,-0.00995645345904,0.005971095576342876,-0.015784597544734966,train,train
2019-07-18,-0.0063209626787646,0.005992663647335155,-0.015784597544734966,train,train
2019-07-19,-0.0060012785681291,0.005993180891798935,-0.015784597544734966,train,train
2019-07-22,-0.0007636086331559,0.005813614199307713,-0.015784597544734966,train,train
2019-07-23,0.0128057018679126,0.00645053358061799,-0.015784597544734966,train,train
2019-07-24,0.005168977292236,0.006380902760664717,-0.015784597544734966,train,train
2019-07-25,-0.0042750503824263,0.006274514179196034,-0.0147292146376576,train,train
2019-07-26,-0.0069564415537168,0.0063175059350389865,-0.0147292146376576,train,train
2019-07-29,-0.0010953489440155,0.006130922909599093,-0.0147292146376576,train,train
2019-07-30,-0.0251415045724273,0.008559126001523941,-0.0188144822874219,train,train
2019-07-31,-0.0017373829062105,0.008309285745305246,-0.0188144822874219,train,train
2019-08-01,0.0074629085663262,0.008260948860601042,-0.0183140010653267,train,train
2019-08-02,-0.0156785275945995,0.008882435092073277,-0.019244943055815065,train,train
2019-08-05,-0.0136240611170402,0.009235837615195057,-0.019244943055815065,train,train
2019-08-06,-0.0089033697642459,0.009216227767179482,-0.019244943055815065,train,train
2019-08-07,0.0053537393933193,0.009031183451277746,-0.019244943055815065,train,train
2019-08-08,0.013954208333409,0.009399560302031469,-0.019244943055815065,train,train
2019-08-09,-0.0126173408413958,0.009623017574218164,-0.019244943055815065,train,train
2019-08-12,-0.0093379684340236,0.009606153156606352,-0.019244943055815065,train,train
2019-08-13,0.0021528625590522,0.009328428420263385,-0.019244943055815065,train,train
2019-08-14,-0.0200263887141785,0.010288915243131394,-0.020694230095674733,train,train
2019-08-15,-0.0004342519030659,0.009976040534723184,-0.020694230095674733,train,train
2019-08-16,0.0176160078217163,0.010591011545640946,-0.020694230095674733,train,train
2019-08-19,0.0072283120512322,0.01041989749147779,-0.020694230095674733,train,train
2019-08-20,-0.0132554561474334,0.010611420026062612,-0.020694230095674733,train,train
2019-08-21,0.009607597805873,0.01055388350358844,-0.020694230095674733,train,train
2019-08-22,0.0017109288634833,0.010240948503016274,-0.020694230095674733,train,train
2019-08-23,-0.0077048376506798,0.010106744088001109,-0.0202821402937351,train,train
2019-08-26,0.0034278652247226,0.009834760551058494,-0.0202821402937351,train,train
2019-08-27,0.0057100233427562,0.009637189745218584,-0.0202821402937351,train,train
2019-08-28,0.0020827678334743,0.009357519752857311,-0.0202821402937351,train,train
2019-08-29,0.0053815899306585,0.009167719235475843,-0.0202821402937351,train,train
2019-08-30,0.0021128393669323,0.00890348790267671,-0.0202821402937351,train,train
2019-09-02,0.0002949342352384,0.008632554094548774,-0.0202821402937351,train,train
2019-09-03,-0.000714883644656,0.008371403365094525,-0.0202821402937351,train,train
2019-09-04,0.0053662475893205,0.008222126697785815,-0.0202821402937351,train,train
2019-09-05,0.0152502591321687,0.008803487354694925,-0.0202821402937351,train,train
2019-09-06,-0.0002892303738988,0.008535591688955615,-0.0202821402937351,train,train
2019-09-09,0.0022776902845264,0.008294348578017904,-0.0202821402937351,train,train
2019-09-10,0.007474337864326,0.008247447412639466,-0.0202821402937351,train,train
2019-09-11,-0.0020620256964394,0.008012133454527875,-0.0202821402937351,train,train
2019-09-12,0.0025135121031615,0.007792412343372189,-0.0202821402937351,train,train
2019-09-13,0.0061031995181649,0.007701514875847647,-0.0202821402937351,train,train
2019-09-16,-0.0094449147440607,0.007817091298640624,-0.0202821402937351,train,train
2019-09-17,-0.005294570932163,0.007689112450104257,-0.0202821402937351,train,train
2019-09-18,0.0030494758470937,0.007492200039417519,-0.0202821402937351,train,train
2019-09-19,0.0114820202274327,0.0077894341935085005,-0.0202821402937351,train,train
2019-09-20,0.0046956133232994,0.0076392208385813965,-0.0202821402937351,train,train
2019-09-23,-0.0093474398026261,0.007752335852580331,-0.0202821402937351,train,train
2019-09-24,0.0027016111712212,0.007545244242313054,-0.0202821402937351,train,train
2019-09-25,-0.0036147363362988,0.00736877514668797,-0.0202821402937351,train,train
2019-09-26,0.0048751554833006,0.007243406987867028,-0.0202821402937351,train,train
2019-09-27,0.0059408287343748,0.007171926858762464,-0.0202821402937351,train,train
2019-09-30,0.0065658695311255,0.007137014875799115,-0.0202821402937351,train,train
2019-10-01,-0.0085494362577876,0.007229545910822725,-0.0202821402937351,train,train
2019-10-02,-0.0280689722602565,0.00981847168641408,-0.024412288515620762,train,train
2019-10-03,-0.00112268735754,0.009523332856498656,-0.024412288515620762,train,train
2019-10-04,0.0066726187313548,0.00937676207536314,-0.024412288515620762,train,train
2019-10-07,0.0091414903440313,0.009362812490886026,-0.024412288515620762,train,train
2019-10-08,-0.0115658371062468,0.009509397328601642,-0.024412288515620762,train,train
2019-10-09,0.0057774844233233,0.009327683467813843,-0.024412288515620762,train,train
2019-10-10,0.0124336405200405,0.009542592055520323,-0.024412288515620762,train,train
2019-10-11,0.0184353429536224,0.010295101336988157,-0.024412288515620762,train,train
2019-10-14,-0.0029480974657985,0.010007559221238457,-0.024412288515620762,train,train
2019-10-15,0.0117833936995267,0.010122898255800159,-0.024412288515620762,train,train
2019-10-16,0.0032653193168348,0.009847051516362584,-0.024412288515620762,train,train
2019-10-17,-0.0049875623184045,0.009624921029532807,-0.024412288515620762,train,train
2019-10-18,-0.0010926947727465,0.009335544839335385,-0.024412288515620762,train,train
2019-10-21,0.0077407619566969,0.00924761684655143,-0.024412288515620762,train,train
2019-10-22,-0.0023532138504736,0.008984407004680284,-0.021257962856344834,train,train
2019-10-23,0.0005115644642441,0.008711607025358059,-0.021257962856344834,train,train
2019-10-24,0.000724277305556,0.008448079415070175,-0.021257962856344834,train,train
2019-10-25,0.004080378695558,0.008251473351655587,-0.0205731406971584,train,train
2019-10-28,0.0002968536281299,0.008000430678987813,-0.020450272373956132,train,train
2019-10-29,-0.0034938937058816,0.0078037757002627885,-0.020450272373956132,train,train
2019-10-30,-0.0123739429033211,0.008150573479681678,-0.020450272373956132,train,train
2019-10-31,-0.0029123092528824,0.007934407972614866,-0.020450272373956132,train,train
2019-11-01,0.0075865958025058,0.007913970320615096,-0.020450272373956132,train,train
2019-11-04,0.0094322618146291,0.008013184413067293,-0.020450272373956132,train,train
2019-11-05,-0.0009030880537311,0.007772219184603755,-0.020450272373956132,train,train
2019-11-06,-0.0010102997839458,0.0075395086000029045,-0.017899457103670333,train,train
2019-11-07,0.0051894621368492,0.007419526236218467,-0.017899457103670333,train,train
2019-11-08,-0.0056896931130529,0.007327261688992786,-0.017899457103670333,train,train
2019-11-11,-0.000553736558156,0.0071053385195916485,-0.017899457103670333,train,train
2019-11-12,-0.008750944182965,0.007214667476392478,-0.017336250756608135,train,train
2019-11-13,-0.0121291126689929,0.0075996883906807615,-0.0175240092775235,train,train
2019-11-14,-0.0023084098206809,0.0073898358013784055,-0.0175240092775235,train,train
2019-11-15,0.0095581979349738,0.007537548782389552,-0.0175240092775235,train,train
2019-11-18,-0.0003672247039849,0.007308478253855661,-0.0175240092775235,train,train
2019-11-19,0.0001296303222432,0.0070859037084258295,-0.0175240092775235,train,train
2019-11-20,-0.0036570811688266,0.006928194861845408,-0.0175240092775235,train,train
2019-11-21,-0.0012365252487701,0.006723959449798147,-0.0175240092775235,train,train
2019-11-22,0.0044074851796434,0.006607911044960017,-0.0175240092775235,train,train
2019-11-25,0.007020389245837,0.006633383072399945,-0.0175240092775235,train,train
2019-11-26,0.0005255556939987,0.006432591799060444,-0.0175240092775235,train,train
2019-11-27,0.00405623465843,0.006315277143118441,-0.0175240092775235,train,train
2019-11-28,-0.0003952841165148,0.006123653880053697,-0.0175240092775235,train,train
2019-11-29,-0.0007482230053521,0.005939930882769528,-0.0175240092775235,train,train
2019-12-02,-0.0211480785474248,0.00774598513640695,-0.020530331237000803,train,train
2019-12-03,-0.0022523089966438,0.0075302484911464185,-0.020530331237000803,train,train
2019-12-04,0.0146798180530772,0.008138315997944245,-0.020530331237000803,train,train
2019-12-05,-0.002959829079989,0.007923628672295062,-0.020530331237000803,train,train
2019-12-06,0.0149577632976086,0.008511224284923331,-0.020530331237000803,train,train
2019-12-09,-0.0029994297255034,0.008284580690612322,-0.020530331237000803,train,train
2019-12-10,-0.0035875535944183,0.008080127043164603,-0.020530331237000803,train,train
2019-12-11,0.0076308928895134,0.008053879650772833,-0.020530331237000803,train,train
2019-12-12,0.0080590012548357,0.008054187038858197,-0.020530331237000803,train,train
2019-12-13,0.0100042021769476,0.008184300629701434,-0.020530331237000803,train,train
2019-12-16,0.0121491405895717,0.008474662660743619,-0.020530331237000803,train,train
2019-12-17,-0.0067058234601845,0.008379068974375832,-0.020530331237000803,train,train
2019-12-18,0.0006133180356833,0.008125197757930601,-0.020530331237000803,train,train
2019-12-19,-0.0004781547338879,0.007878542137104046,-0.020530331237000803,train,train
2019-12-20,0.006043734838112,0.007780664784024631,-0.020530331237000803,train,train
2019-12-23,-0.0016447181065084,0.0075543845329366175,-0.020530331237000803,train,train
2019-12-24,0.000227746994393,0.007324459997350725,-0.020530331237000803,train,train
2019-12-27,0.0039974845176705,0.007168517583556898,-0.0152170447065796,train,train
2019-12-30,-0.0091027333108028,0.007299039040084284,-0.0152170447065796,train,train
2019-12-31,-0.0066172954582741,0.007259939986327692,-0.0152170447065796,train,train
2020-01-02,0.0147608755945953,0.007913111384779195,-0.0152170447065796,train,test
2020-01-03,-0.0046127962303675,0.007754802719890452,-0.0152170447065796,train,test
2020-01-06,-0.0047485964019479,0.00760800219362946,-0.0152170447065796,train,test
2020-01-07,-0.0022001902156519,0.007395893844200135,-0.0152170447065796,train,test
2020-01-08,0.0012102098183916,0.007176710073401926,-0.0152170447065796,train,test
2020-01-09,-0.0010014589783746,0.006962401355432663,-0.0152170447065796,train,test
2020-01-10,-0.0008561759153297,0.006753555575247914,-0.0152170447065796,train,test
2020-01-13,-0.003107021591943,0.006591896322292429,-0.0152170447065796,train,test
2020-01-14,-0.0016359506776465,0.006403631108488591,-0.0152170447065796,train,test
2020-01-15,-0.0017436568887293,0.006223224425643305,-0.0152170447065796,train,test
2020-01-16,0.0063717640527732,0.006232236640682123,-0.0152170447065796,train,test
2020-01-17,0.0113017652485275,0.006646361485557537,-0.0152170447065796,train,test
2020-01-20,-0.0023267729334861,0.006469042129553698,-0.0152170447065796,train,test
2020-01-21,-0.0049299274178027,0.006387162654120558,-0.0152170447065796,train,test
2020-01-22,-0.0039196932514991,0.006266572881179288,-0.0152170447065796,train,test
2020-01-23,-0.0057825026513456,0.006238587961181033,-0.0152170447065796,train,test
2020-01-24,0.0045596368402053,0.006150788425177928,-0.0152170447065796,train,test
2020-01-27,-0.0206787900587004,0.00782425765512186,-0.017985327091706034,train,test
2020-01-28,0.012509156577517,0.008181357300555896,-0.017985327091706034,train,test
2020-01-29,0.0065682887742628,0.008093644166129624,-0.017985327091706034,train,test
2020-01-30,-0.0072327515420597,0.008044589052698633,-0.017985327091706034,train,test
2020-01-31,-0.0116738206553066,0.008307176028394158,-0.017985327091706034,train,test
2020-02-03,0.0039205917855259,0.008111158089301856,-0.017985327091706034,train,test
2020-02-04,0.0166814841059737,0.008862265350086248,-0.017985327091706034,train,test
2020-02-05,0.0160681661160497,0.00945084758353435,-0.017985327091706034,train,test
2020-02-06,0.0095755274224307,0.009458374721347666,-0.017985327091706034,train,test
2020-02-07,-3.0557548351383464e-05,0.009170237578879215,-0.017985327091706034,train,test
2020-02-10,0.0005095022273565,0.008891751085645844,-0.017833563087143935,train,test
2020-02-11,0.0067618880993952,0.008778543783969158,-0.017833563087143935,train,test
2020-02-12,0.0058317050962113,0.008630155744179264,-0.017833563087143935,train,test
2020-02-13,-0.0030831538097104,0.0084012596152912,-0.017833563087143935,train,test
2020-02-14,0.0047315684223185,0.00822736639029868,-0.017833563087143935,train,test
2020-02-17,0.0065469367061616,0.008136333761042041,-0.017833563087143935,train,test
2020-02-18,-0.0016377465838605,0.007898662182875337,-0.017833563087143935,train,test
2020-02-19,0.0077453976622639,0.007889550273572637,-0.017833563087143935,train,test
2020-02-20,-0.0152491250801685,0.008512488017654635,-0.019025331228764566,train,test
2020-02-21,-0.0045213128558438,0.008327138843089863,-0.019025331228764566,train,test
2020-02-24,-0.0415864186231376,0.012997945209428338,-0.027804429076420934,train,test
2020-02-25,-0.0248434332841993,0.01399434012478083,-0.029192643484920566,train,test
2020-02-26,0.0071091879792029,0.013679309025670348,-0.029192643484920566,train,test
2020-02-27,-0.0361624755023053,0.01594865397962753,-0.03419744246988073,train,test
2020-02-28,-0.0296705601649108,0.017085623148312478,-0.035806484763451225,train,test
2020-03-02,0.0020956341855391,0.0165730778138087,-0.035806484763451225,train,test
2020-03-03,0.0079871912770919,0.01618686526783416,-0.035806484763451225,train,test
2020-03-04,0.0111052505500594,0.015927753330393164,-0.035806484763451225,train,test
2020-03-05,-0.0258071504042098,0.016686289800424477,-0.035806484763451225,train,test
2020-03-06,-0.0360444207809346,0.01843036482090111,-0.0379311049687925,train,test
2020-03-09,-0.0829730837942952,0.027062328145333818,-0.05357399263991269,train,test
2020-03-10,-0.0325931201138926,0.02742564706789069,-0.05357399263991269,train,test
2020-03-11,-0.0033696187476549,0.02660295866811103,-0.05357399263991269,train,test
2020-03-12,-0.1515117593801165,0.04519516743116338,-0.09202375393251642,train,test
2020-03-13,0.0366693970214195,0.044729471830750545,-0.09202375393251642,train,test
2020-03-16,-0.082076050293511,0.04780032210298807,-0.1055202978226409,train,test
2020-03-17,0.0621029460499834,0.04877689104530622,-0.1055202978226409,train,test
2020-03-18,-0.0350298001660484,0.04806307530759273,-0.1055202978226409,train,test
2020-03-19,0.0190999135282642,0.046833151264346506,-0.1055202978226409,train,test
2020-03-20,0.0073993065187884,0.04544258353269266,-0.1055202978226409,train,test
2020-03-23,-0.0336323345583839,0.0448218108727105,-0.1055202978226409,train,test
2020-03-24,0.0752777926450962,0.047206565327775896,-0.1055202978226409,train,test
2020-03-25,0.0329612629880853,0.046475142957381234,-0.1055202978226409,train,test
2020-03-26,0.0129943000630146,0.04517160267449165,-0.1055202978226409,train,test
2020-03-27,-0.0369745170049737,0.044722166331208485,-0.1055202978226409,train,test
2020-03-30,-0.0175628502921135,0.04357264112144101,-0.1055202978226409,train,test
2020-03-31,0.0186687759698497,0.042492022107835314,-0.1055202978226409,train,test
2020-04-01,-0.0308296898045648,0.04188395650664751,-0.1055202978226409,train,test
2020-04-02,-0.0008058395064884,0.04060848219929315,-0.1055202978226409,train,test
2020-04-03,0.0011401902903188,0.03937237482007377,-0.1055202978226409,train,test
2020-04-06,0.0391382688375898,0.039358367728987986,-0.1055202978226409,train,test
2020-04-07,0.0227796619845333,0.038565152971051515,-0.1055202978226409,train,test
2020-04-08,-0.0071952317781066,0.03743181860236299,-0.1055202978226409,train,test
2020-04-09,0.0169447649942433,0.03652807255919758,-0.1055202978226409,train,test
2020-04-14,0.0053599766492884,0.035439608360949164,-0.1055202978226409,train,test
2020-04-15,-0.0385907028505371,0.035636532254425625,-0.1055202978226409,train,test
2020-04-16,-0.0111889217928081,0.03465943166739191,-0.1055202978226409,train,test
2020-04-17,0.016482264258936,0.03384522910843265,-0.1055202978226409,train,test
2020-04-20,-0.0064637032170844,0.03285234130096167,-0.1055202978226409,train,test
2020-04-21,-0.0292006874344365,0.032644763102467125,-0.1055202978226409,train,test
2020-04-22,0.0127147817602074,0.031803139232594785,-0.1055202978226409,train,test
2020-04-23,0.0039654887665285,0.030849583323189125,-0.1055202978226409,train,test
2020-04-24,-0.0198503716523133,0.03030242925947725,-0.1055202978226409,train,test
2020-04-27,0.0176690577841985,0.029696375571152896,-0.1055202978226409,train,test
2020-04-28,0.0154187249868749,0.029038361929565538,-0.1055202978226409,train,test
2020-04-29,0.0315745654678681,0.029196747538182674,-0.1055202978226409,train,test
2020-04-30,-0.0190877723411843,0.02869082860387281,-0.1055202978226409,train,test
2020-05-04,-0.0366335952004083,0.029228326073462377,-0.1055202978226409,train,test
2020-05-05,0.0110872740896876,0.02846775370761862,-0.1055202978226409,train,test
2020-05-06,-0.0113270057319,0.02773961579797394,-0.1055202978226409,train,test
2020-05-07,0.008834120484553,0.026981467873823856,-0.1055202978226409,train,test
2020-05-08,0.0077253892153827,0.026227857907583047,-0.1055202978226409,train,test
2020-05-11,-0.0164845690925274,0.025747445692439534,-0.1055202978226409,train,test
2020-05-12,0.0134725775785494,0.025180264551839356,-0.1055202978226409,train,test
2020-05-13,-0.0196063189098508,0.024881065973914117,-0.1055202978226409,train,test
2020-05-14,-0.0130228454552651,0.02433308586232897,-0.1055202978226409,train,test
2020-05-15,-0.0108599347437522,0.023741301870090843,-0.1055202978226409,train,test
2020-05-18,0.0459406746056845,0.02562153751458127,-0.1055202978226409,train,test
2020-05-19,-0.0254263209422986,0.02560986648411264,-0.1055202978226409,train,test
2020-05-20,0.011209277117172,0.024981037193507496,-0.1055202978226409,train,test
2020-05-21,0.0003739799685283,0.024220187401599768,-0.1055202978226409,train,test
2020-05-22,0.0017035633189225,0.02348605025927923,-0.1055202978226409,train,test
2020-05-25,0.0235065096814116,0.023487278327184793,-0.1055202978226409,train,test
2020-05-26,0.0212262907048346,0.023357791711775638,-0.1055202978226409,train,test
2020-05-27,0.0240659499834511,0.02340088555050879,-0.1055202978226409,train,test
2020-05-28,0.0068895994770707,0.022750678071925625,-0.1055202978226409,train,test
2020-05-29,-0.0178209675262197,0.02248539447247231,-0.1055202978226409,train,test
2020-06-01,0.0174471216442566,0.022215344020021306,-0.1055202978226409,train,test
2020-06-02,0.025525182953784,0.02242771315185013,-0.1055202978226409,train,test
2020-06-03,0.0290418900369891,0.022878550233867638,-0.1055202978226409,train,test
2020-06-04,-0.0078456683946043,0.022264672643200353,-0.09072617084138819,train,test
2020-06-05,0.0396181577645608,0.023667458978813075,-0.09072617084138819,train,test
2020-06-08,0.0029805902968029,0.022958064656107564,-0.09072617084138819,train,test
2020-06-09,-0.0183794307230473,0.022709394030025816,-0.05254709004967393,train,test
2020-06-10,-0.0114685685115559,0.022196064209687463,-0.05254709004967393,train,test
2020-06-11,-0.0516648806343936,0.024965194649241233,-0.0424100334966348,train,test
2020-06-12,0.0020177754127122,0.024209699963010728,-0.0424100334966348,train,test
2020-06-15,-0.0045904960524856,0.02349909268890045,-0.0424100334966348,train,test
2020-06-16,0.0319927528297794,0.024093299686574355,-0.0424100334966348,train,test
2020-06-17,-0.0022171251736093,0.02336563294760033,-0.0424100334966348,train,test
2020-06-18,-0.0119041815844276,0.022840713806953766,-0.0424100334966348,train,test
2020-06-19,0.0032422820771559,0.022159130361152916,-0.0424100334966348,train,test
2020-06-22,-0.0092819720984426,0.02160404441818686,-0.0424100334966348,train,test
2020-06-23,0.0125406242248689,0.021169947719977333,-0.0424100334966348,train,test
2020-06-24,-0.0331999281974285,0.022077382073457975,-0.042296392895113,train,test
2020-06-25,0.0103416986760582,0.021554192055254124,-0.042296392895113,train,test
2020-06-26,-0.0127210259066193,0.021128598473455495,-0.042296392895113,train,test
2020-06-29,0.0137933491543384,0.02076169554489625,-0.042296392895113,train,test
2020-06-30,-0.0064372110099897,0.020190873753264244,-0.042296392895113,train,test
2020-07-01,-0.0005532962840731,0.019576247550327865,-0.042296392895113,train,test
2020-07-02,0.036837004216666,0.021015555972710664,-0.042296392895113,train,test
2020-07-03,-0.0127634881078352,0.020613800595531574,-0.042296392895113,train,test
2020-07-06,0.0204155828015401,0.02060196130858395,-0.042296392895113,train,test
2020-07-07,-0.0145034790904271,0.02028781445889019,-0.042296392895113,train,test
2020-07-08,-0.0163807154864193,0.02007484398390368,-0.042296392895113,train,test
2020-07-09,-0.0122913251773548,0.01969477087443055,-0.04049946801074347,train,test
2020-07-10,0.0115676788324117,0.01930387607250752,-0.04049946801074347,train,test
2020-07-13,0.014347927814437,0.019042926127343516,-0.04049946801074347,train,test
2020-07-14,-0.0101361460074383,0.018628997308363673,-0.04049946801074347,train,test
2020-07-15,0.0182759469340477,0.018608003182832043,-0.04049946801074347,train,test
2020-07-16,-0.0017243211655186,0.018046071941396596,-0.04049946801074347,train,test
2020-07-17,-0.0045994131063909,0.017532551035676816,-0.04049946801074347,train,test
2020-07-20,0.0050407788393976,0.01704322422982103,-0.04049946801074347,train,test
2020-07-21,0.0022040416335913,0.01653283613269173,-0.04049946801074347,train,test
2020-07-22,-0.0140281383057583,0.016393349572754803,-0.04049946801074347,train,test
2020-07-23,-0.0007039181762741,0.015894877339872777,-0.04049946801074347,train,test
2020-07-24,-0.0122892778603472,0.01570190686287351,-0.04049946801074347,train,test
2020-07-27,-0.0171587371084016,0.01579310678529868,-0.0367637099247069,train,test
2020-07-28,0.0105154336055609,0.015527116578769994,-0.0367637099247069,train,test
2020-07-29,-0.0055629866502441,0.015115643470389172,-0.0367637099247069,train,test
2020-07-30,-0.0295174629631714,0.01634168149424702,-0.038127423931664496,train,test
2020-07-31,-0.0171836713857945,0.016393420465343676,-0.038127423931664496,train,test
2020-08-03,0.0140916683633466,0.016264503912388123,-0.038127423931664496,train,test
2020-08-04,0.0066587984963182,0.01585315167750556,-0.038127423931664496,train,test
2020-08-05,0.0025744571662878,0.015383131761948235,-0.038127423931664496,train,test
2020-08-06,-0.0116878927248292,0.015186793882118764,-0.038127423931664496,train,test
2020-08-07,-0.0010640912101958,0.014726449786662746,-0.038127423931664496,train,test
2020-08-10,0.0147670420802308,0.014728888479037097,-0.038127423931664496,train,test
2020-08-11,0.0292811648155601,0.015980204731341735,-0.038127423931664496,train,test
2020-08-12,0.004464446441229,0.015531928521013,-0.038127423931664496,train,test
2020-08-13,-0.0062558207662173,0.015136527771404106,-0.038127423931664496,train,test
2020-08-14,-0.0133568847661806,0.01503569043427804,-0.038127423931664496,train,test
2020-08-17,-0.0090140886490996,0.0147439104472234,-0.038127423931664496,train,test
2020-08-18,-0.0065942528723081,0.014385721108649207,-0.038127423931664496,train,test
2020-08-19,0.0071864114666629,0.014058118796374437,-0.038127423931664496,train,test
2020-08-20,-0.0143390972689558,0.01407513568235533,-0.038127423931664496,train,test
2020-08-21,-0.0016027748053115,0.013651996595102928,-0.038127423931664496,train,test
2020-08-24,0.0180259221506306,0.013953150989420831,-0.038127423931664496,train,test
2020-08-25,-9.849767020453108e-05,0.013528103314545728,-0.038127423931664496,train,test
2020-08-26,0.0020518154051704,0.013125608607569228,-0.038127423931664496,train,test
2020-08-27,-0.0045448911743558,0.012774351936092646,-0.038127423931664496,train,test
2020-08-28,0.00594780947404,0.012470589785422878,-0.038127423931664496,train,test
2020-08-31,-0.023188417108097,0.013358399391366503,-0.038127423931664496,train,test
2020-09-01,-0.0018095273987163,0.012959031121411339,-0.038127423931664496,train,test
2020-09-02,0.0057332210761089,0.012642487404930151,-0.038127423931664496,train,test
2020-09-03,0.0012997449100983,0.012261480282847908,-0.028635269422898967,train,test
2020-09-04,-0.0023292599626337,0.011901629801060007,-0.028635269422898967,train,test
2020-09-07,0.0129351356459261,0.011966157631290896,-0.028635269422898967,train,test
2020-09-08,-0.0179119750831811,0.01240354480913893,-0.028635269422898967,train,test
2020-09-09,0.0094305756635799,0.0122455377114755,-0.028635269422898967,train,test
2020-09-10,-0.003095516324094,0.01189667749799676,-0.028635269422898967,train,test
2020-09-11,-0.0080330932369536,0.01170089375129427,-0.028635269422898967,train,test
2020-09-14,0.0011371430051824,0.011347856421244796,-0.028635269422898967,train,test
2020-09-15,0.0121398923921907,0.011396930897105313,-0.028635269422898967,train,test
2020-09-16,0.0105749007240592,0.01134928823144485,-0.02353928505148317,train,test
2020-09-17,-0.0034654693236646,0.011036237194659392,-0.02353928505148317,train,test
2020-09-18,-0.0223183337036489,0.012015702255391577,-0.02500807125830577,train,test
2020-09-21,-0.0348733419896188,0.014445880850273672,-0.029193074020295733,train,test
2020-09-22,-0.0065512617059983,0.014097432635920419,-0.029193074020295733,train,test
2020-09-23,0.0008419427284075,0.013669523860117818,-0.029193074020295733,train,test
2020-09-24,-0.0016243976754149,0.01325906669705919,-0.029193074020295733,train,test
2020-09-25,-0.0022755343332569,0.012867220449131588,-0.029193074020295733,train,test
2020-09-28,0.0243234986842326,0.013824955539019612,-0.029193074020295733,train,test
2020-09-29,-0.0115364959545887,0.013698433350245983,-0.029193074020295733,train,test
2020-09-30,0.0004467543307275,0.013281574719963928,-0.029193074020295733,train,test
2020-10-01,0.002097090496456,0.012887206087142604,-0.029193074020295733,train,test
2020-10-02,0.0035297702745957,0.012524489314140573,-0.029193074020295733,train,test
2020-10-05,0.0122717032418512,0.012509466201744333,-0.029193074020295733,train,test
2020-10-06,0.0142734496149345,0.012622258981974391,-0.029193074020295733,train,test
2020-10-07,-0.0037699786970993,0.012272526262434568,-0.029193074020295733,train,test
2020-10-08,0.0118968967663411,0.012250313300914228,-0.029193074020295733,train,test
2020-10-09,-0.0060098868074232,0.01196800274810317,-0.029193074020295733,train,test
2020-10-12,1.440057214551064e-05,0.011603409707257492,-0.029193074020295733,train,test
2020-10-13,-0.0109647716714911,0.011566085893373124,-0.029193074020295733,train,test
2020-10-14,0.0060035710801837,0.011309750406715472,-0.029193074020295733,train,test
2020-10-15,-0.0145342086470728,0.011528678166479777,-0.029193074020295733,train,test
2020-10-16,0.0048147593286932,0.011239515536440427,-0.029193074020295733,train,test
2020-10-19,0.0015317400934771,0.010903571918737937,-0.029193074020295733,train,test
2020-10-20,0.0097334743976078,0.010836929416712018,-0.029193074020295733,train,test
2020-10-21,-0.0168577384757683,0.0112890964041802,-0.029193074020295733,train,test
2020-10-22,-0.0021898587152023,0.01095832125086022,-0.026793364267121565,train,test
2020-10-23,0.0141419164298304,0.01117494270129963,-0.026793364267121565,train,test
2020-10-26,-0.0140978064232025,0.011371520235722903,-0.026793364267121565,train,test
2020-10-27,-0.0216543165958278,0.012234678163201056,-0.026793364267121565,train,test
2020-10-28,-0.0269563708036652,0.013575892765706568,-0.028339376633793666,train,test
2020-10-29,-0.0097159118323929,0.0133757433096967,-0.028339376633793666,train,test
2020-10-30,0.006281175909806,0.013059213942281437,-0.028339376633793666,train,test
2020-11-02,0.0204642738529696,0.013617550254088338,-0.028339376633793666,train,test
2020-11-03,0.0248940662505058,0.0145428431366201,-0.028339376633793666,train,test
2020-11-04,0.0044777559853933,0.014142405991430226,-0.028339376633793666,train,test
2020-11-05,0.0207652658593849,0.014624601340395959,-0.028339376633793666,train,test
2020-11-06,-0.0078002356533091,0.014307230587308288,-0.028339376633793666,train,test
2020-11-09,0.0822526544466921,0.024461091268897263,-0.028339376633793666,train,test
2020-11-10,0.0332247718528856,0.025073440425717023,-0.028339376633793666,train,test
2020-11-11,0.0106159993011362,0.024448286982215444,-0.028339376633793666,train,test
2020-11-12,-0.0087244758448933,0.023799634470070476,-0.028339376633793666,train,test
2020-11-13,0.0074405643933125,0.023146467651974256,-0.028339376633793666,train,test
2020-11-16,0.0256832479729818,0.023306462203958746,-0.028339376633793666,train,test
2020-11-17,-0.0065199679007472,0.022652821204483354,-0.028339376633793666,train,test
2020-11-18,0.0059312550127596,0.02201072641174153,-0.028339376633793666,train,test
2020-11-19,-0.0064480830837678,0.021398561144840893,-0.028339376633793666,train,test
2020-11-20,0.0059969260553903,0.020798612964622275,-0.028339376633793666,train,test
2020-11-23,0.0004135938737899,0.020165257914804134,-0.02804934883231097,train,test
2020-11-24,0.0200944465729192,0.020161016247913964,-0.02804934883231097,train,test
2020-11-25,0.0026367603359816,0.01955749809878288,-0.02804934883231097,train,test
2020-11-26,-0.0073881937091455,0.01904786372137027,-0.02804934883231097,train,test
2020-11-27,0.0105675743761656,0.018648116883448782,-0.02804934883231097,train,test
2020-11-30,-0.0139912646854908,0.018401968828112094,-0.02804934883231097,train,test
2020-12-01,0.00788030783351,0.017945485907013312,-0.02804934883231097,train,test
2020-12-02,0.009779072883345,0.017562911278029933,-0.02804934883231097,train,test
2020-12-03,-0.0024479638781215,0.017038428713800728,-0.02804934883231097,train,test
2020-12-04,0.0147912584300914,0.016912020855293964,-0.02804934883231097,train,test
2020-12-07,-0.0056994197416299,0.016456137626088965,-0.02804934883231097,train,test
2020-12-08,-0.0058170703409576,0.016018317517010112,-0.02804934883231097,train,test
2020-12-09,0.0009354604775692,0.01553202535053022,-0.02804934883231097,train,test
2020-12-10,-0.0064565083052676,0.015141676682914017,-0.02804934883231097,train,test
2020-12-11,-0.0146751507476617,0.015114091218849502,-0.0278280097963706,train,test
2020-12-14,0.0095903212226327,0.014840756848577438,-0.021822808625087103,train,test
2020-12-15,0.0014239191595033,0.014392874374309332,-0.021822808625087103,train,test
2020-12-16,-0.0015835973848253,0.013959799770412352,-0.021822808625087103,train,test
2020-12-17,0.0017062531285769,0.01354097954494176,-0.021822808625087103,train,test
2020-12-18,-0.0143293705385206,0.013589572878356136,-0.021822808625087103,train,test
2020-12-21,-0.03129047511721,0.015242753410681018,-0.026633720838901,train,test
2020-12-22,0.0183673938173995,0.015448064894513646,-0.026633720838901,train,test
2020-12-23,0.0174169372036785,0.015573218310272653,-0.026633720838901,train,test
2020-12-24,0.0046833163079646,0.015142312502569533,-0.026633720838901,train,test
2020-12-28,0.0054220119664999,0.014740968186514656,-0.026633720838901,train,test
2020-12-29,0.0023514079254054,0.014303500328422638,-0.026633720838901,train,test
2020-12-30,-0.0024985808640523,0.013881256741611251,-0.026633720838901,train,test
2020-12-31,-0.0099457572687184,0.013677098254448274,-0.026633720838901,train,test
2021-01-04,0.0031534258562526,0.013282916898783002,-0.026633720838901,test,test
2021-01-05,-0.0009511875089005,0.012880373205781028,-0.026633720838901,test,test
2021-01-06,0.0314833149963947,0.014677251802524969,-0.026633720838901,test,test
2021-01-07,0.0042423329295163,0.014268015298818914,-0.026633720838901,test,test
2021-01-08,0.0026081999630999,0.013848099052077206,-0.026633720838901,test,test
2021-01-11,-0.0059886365516977,0.013506127593787677,-0.026633720838901,test,test
2021-01-12,-0.0013888921978028,0.013099095194597205,-0.026633720838901,test,test
2021-01-13,0.0018195035545821,0.01270786185057111,-0.026633720838901,test,test
2021-01-14,0.0013506777384324,0.012325170484240547,-0.026633720838901,test,test
2021-01-15,-0.0170695389275313,0.012660070591018405,-0.026633720838901,test,test
2021-01-18,0.0028874167059891,0.01229475394798271,-0.026633720838901,test,test
2021-01-19,-0.0067463105717455,0.012034204524719403,-0.026633720838901,test,test
2021-01-20,0.0006217860844281,0.01166858821393135,-0.026633720838901,test,test
2021-01-21,-0.0100452282482707,0.01157760728671996,-0.0251054616161355,test,test
2021-01-22,-0.0106075438800713,0.011521706917225361,-0.021011721597467666,test,test
2021-01-25,-0.0174603053980165,0.011961458203111052,-0.021940106480919267,test,test
2021-01-26,0.0085234719224527,0.011783499812061638,-0.021940106480919267,test,test
2021-01-27,-0.0141869295205548,0.01194135477677791,-0.021940106480919267,test,test
2021-01-28,0.0101107979012053,0.011839505510050877,-0.021940106480919267,test,test
2021-01-29,-0.0223081271348153,0.01271308811638457,-0.02368630255001393,test,test
2021-02-01,0.0052328455389059,0.012392264249672207,-0.02368630255001393,test,test
2021-02-02,0.0193921546442005,0.012919654025722085,-0.02368630255001393,test,test
2021-02-03,0.0077551211449654,0.012669290697354799,-0.02368630255001393,test,test
2021-02-04,0.0136100733201,0.012727698806710736,-0.02368630255001393,test,test
2021-02-05,0.0112749440462135,0.012645240989961394,-0.02368630255001393,test,test
2021-02-08,0.0005232911315792,0.012260686054583211,-0.02368630255001393,test,test
2021-02-09,-0.0144610363180087,0.012403719259188114,-0.02368630255001393,test,test
2021-02-10,-0.0044042155849432,0.012074143583220644,-0.02368630255001393,test,test
2021-02-11,-0.003452751947517,0.011736828210074454,-0.02368630255001393,test,test
2021-02-12,0.0021624733130437,0.011391598908696229,-0.02368630255001393,test,test
2021-02-15,0.0182678758438622,0.011916598987362897,-0.02368630255001393,test,test
2021-02-16,-0.0060890565573689,0.011649446687530337,-0.02368630255001393,test,test
2021-02-17,-0.0038092006512739,0.011333032789777623,-0.02368630255001393,test,test
2021-02-18,-0.0079848264256864,0.011160502742449584,-0.02368630255001393,test,test
2021-02-19,0.0115364301446587,0.011183414747085374,-0.02368630255001393,test,test
2021-02-22,-0.0048451135294895,0.010907481239398284,-0.02368630255001393,test,test
2021-02-23,0.0170985406198608,0.01137437311012338,-0.02368630255001393,test,test
2021-02-24,0.0021184269623731,0.011040065479746689,-0.02368630255001393,test,test
2021-02-25,0.005811680273105,0.010797990586450642,-0.02368630255001393,test,test
2021-02-26,-0.0112194766575434,0.01082374260830891,-0.02368630255001393,test,test
2021-03-01,0.0184428152005568,0.011425079682837219,-0.02368630255001393,test,test
2021-03-02,-0.0026652267156799,0.01109624733954626,-0.02368630255001393,test,test
2021-03-03,-0.003176489550878,0.010786311133616276,-0.02368630255001393,test,test
2021-03-04,0.002961070489549,0.010482839009807822,-0.02368630255001393,test,test
2021-03-05,-0.0080766022544971,0.010354245946560115,-0.02368630255001393,test,test
2021-03-08,0.0188159744720022,0.01104627712373755,-0.02368630255001393,test,test
2021-03-09,0.0061627520534573,0.010815627340523831,-0.02368630255001393,test,test
2021-03-10,0.0033839158690198,0.010518848809611136,-0.02368630255001393,test,test
2021-03-11,0.00792141211612,0.010381345561028923,-0.02368630255001393,test,test
2021-03-12,0.0059753622316077,0.010170953384318535,-0.02368630255001393,test,test
2021-03-15,-0.0010532016979761,0.009864479165684267,-0.02368630255001393,test,test
2021-03-16,0.0025790420794928,0.00958480880041295,-0.02368630255001393,test,test
2021-03-17,-0.0067450589098001,0.009438548370265712,-0.0189459904867877,test,test
2021-03-18,0.0029144777040249,0.009178816614074513,-0.0189459904867877,test,test
2021-03-19,-0.0153762449405627,0.009663403565879492,-0.0189459904867877,test,test
2021-03-22,-0.0177595021930517,0.010329689320455375,-0.019175978241961166,test,test
2021-03-23,0.0055934608100608,0.010108290696241537,-0.019175978241961166,test,test
2021-03-24,0.0063443708855085,0.009922799547895397,-0.019175978241961166,test,test
2021-03-25,-0.0040586051150395,0.009671740812513525,-0.019175978241961166,test,test
2021-03-26,0.0104923801625344,0.009722932613789018,-0.019175978241961166,test,test
2021-03-29,-0.0007181257858666,0.009428373972971416,-0.019175978241961166,test,test
2021-03-30,0.0120676570681467,0.009607199511544245,-0.019175978241961166,test,test
2021-03-31,-0.0017700171302941,0.009324610616311605,-0.019175978241961166,test,test
2021-04-01,-0.0002798049488634,0.009040805207814495,-0.019175978241961166,test,test
2021-04-06,0.0066232336315358,0.00891425951504562,-0.019175978241961166,test,test
2021-04-07,-0.0043174647788214,0.008707158633358433,-0.019175978241961166,test,test
2021-04-08,0.0046880207476131,0.008519647122403794,-0.019175978241961166,test,test
2021-04-09,-0.0083703901526353,0.008510765520404511,-0.019175978241961166,test,test
2021-04-12,-0.0038834321544337,0.008306142587061294,-0.019175978241961166,test,test
2021-04-13,-0.0008793683587832,0.008055984217873284,-0.019175978241961166,test,test
2021-04-14,0.0073977935477919,0.00801801657381993,-0.019175978241961166,test,test
2021-04-15,-0.0019581336384908,0.007788538478568323,-0.019175978241961166,test,test
2021-04-16,0.0048763725095029,0.007645154822846764,-0.019175978241961166,test,test
2021-04-19,0.0113018176719406,0.007912354497288821,-0.019175978241961166,test,test
2021-04-20,-0.0293542622825525,0.010514247254011755,-0.0231406305368065,test,test
2021-04-21,0.0071145481690819,0.01034182959337444,-0.0231406305368065,test,test
2021-04-22,0.0159522732508012,0.0107612608132219,-0.0231406305368065,test,test
2021-04-23,-0.0044225035449018,0.01048951679006494,-0.0231406305368065,test,test
2021-04-26,0.0096188243422997,0.010439323332639527,-0.0231406305368065,test,test
2021-04-27,0.0062777064390118,0.010237444956279528,-0.0208300031387223,test,test
2021-04-28,0.0048870775644255,0.009997498392404203,-0.0208300031387223,test,test
2021-04-29,0.0026784166316492,0.00971511248513978,-0.0208300031387223,test,test
2021-04-30,-0.0009298222962093,0.009421904273188907,-0.0208300031387223,test,test
2021-05-03,0.008888367025649,0.009390746904698578,-0.0208300031387223,test,test
2021-05-04,-0.0071428249359958,0.009271254320014988,-0.0208300031387223,test,test
2021-05-05,0.0154400042858756,0.009752046513798228,-0.0208300031387223,test,test
2021-05-06,0.0016045006924112,0.009463124847700363,-0.0208300031387223,test,test
2021-05-07,0.0085359745772442,0.009410072246756437,-0.0208300031387223,test,test
2021-05-10,0.0093498754993236,0.009406471305383135,-0.0208300031387223,test,test
2021-05-11,-0.0173293484660136,0.01005938265348566,-0.021481037647205933,test,test
2021-05-12,0.0022784242672449,0.00976888845445517,-0.021481037647205933,test,test
2021-05-13,-0.0046178150367257,0.009538593380591128,-0.021481037647205933,test,test
2021-05-14,0.0198108728427124,0.01044384597870194,-0.021481037647205933,test,test
2021-05-17,0.0010928246696507,0.010129222065033106,-0.021481037647205933,test,test
2021-05-18,0.0030863222786498,0.009849700217603058,-0.021481037647205933,test,test
2021-05-19,-0.0124025333603358,0.010021225910002493,-0.021481037647205933,test,test
2021-05-20,0.0058917026019704,0.009822535323833193,-0.021481037647205933,test,test
2021-05-21,0.0086970093816244,0.009758665201128563,-0.021481037647205933,test,test
2021-05-24,0.0001629593420049,0.009461461148368327,-0.021481037647205933,test,test
2021-05-25,0.0003475790760148,0.009173622017022683,-0.021481037647205933,test,test
2021-05-26,-0.0012821973669382,0.008899700122015242,-0.021481037647205933,test,test
2021-05-27,-0.001175083772271,0.008633378935179521,-0.021481037647205933,test,test
2021-05-28,0.0041823567549555,0.008432831340044737,-0.021481037647205933,test,test
2021-05-31,-0.008240090029134,0.008421391260733366,-0.021481037647205933,test,test
2021-06-01,0.0044496167319708,0.008237268131125818,-0.021481037647205933,test,test
2021-06-02,-0.0009798371868534,0.007989933412925403,-0.021481037647205933,test,test
2021-06-03,-0.0041804999418068,0.007813916340236161,-0.021481037647205933,test,test
2021-06-04,-0.0059351252742655,0.007714103575863537,-0.021481037647205933,test,test
2021-06-07,0.0082512214423616,0.007747380825663267,-0.021481037647205933,test,test
2021-06-08,-0.0010918700914981,0.007516124393341693,-0.021481037647205933,test,test
2021-06-09,0.000273079310115,0.007287459960849984,-0.021481037647205933,test,test
2021-06-10,-0.0024384842401361,0.0070906572786657565,-0.021481037647205933,test,test
2021-06-11,0.0077650177574028,0.007132917036616422,-0.021481037647205933,test,test
2021-06-14,0.0082332174829468,0.007203675959638084,-0.021481037647205933,test,test
2021-06-15,-0.0054451257165912,0.007110438392655447,-0.021481037647205933,test,test
2021-06-16,-0.0030922993242007,0.006935313474835206,-0.019695381369633964,test,test
2021-06-17,-0.0006848321003887,0.006726128032896809,-0.019695381369633964,test,test
2021-06-18,-0.0181390078782816,0.007890992765459034,-0.021607539542282565,test,test
2021-06-21,0.0023338398038948,0.007671929959851682,-0.021607539542282565,test,test
2021-06-22,0.0001767036044364,0.007438337999860377,-0.021607539542282565,test,test
2021-06-23,-0.0110178262327282,0.007700174644891666,-0.021607539542282565,test,test
2021-06-24,0.0133126743066972,0.008146702769826226,-0.021607539542282565,test,test
2021-06-25,0.0023006533392593,0.007918599649303363,-0.021607539542282565,test,test
2021-06-28,-0.0201353710254029,0.009125127788772527,-0.022542880395412333,test,test
2021-06-29,0.0001569835413155,0.008847223200625014,-0.022542880395412333,test,test
2021-06-30,-0.0105884871588313,0.008961245475866677,-0.022542880395412333,test,test
2021-07-01,0.012515961323394,0.009213286195540559,-0.022542880395412333,test,test
2021-07-02,-0.0027690975741992,0.008958327860276609,-0.022542880395412333,test,test
2021-07-05,0.004346459318293,0.008750430977123936,-0.022542880395412333,test,test
2021-07-06,-0.0096142284424592,0.0088046489459213,-0.022542880395412333,test,test
2021-07-07,-0.0007112275854787,0.00853820140064399,-0.022542880395412333,test,test
2021-07-08,-0.0233549679545499,0.010062509719645724,-0.024281533754168434,test,test
2021-07-09,0.0145182079933223,0.010383908587171252,-0.024281533754168434,test,test
2021-07-12,0.0045586280944614,0.010129308441356788,-0.024281533754168434,test,test
2021-07-13,-0.0139225491465167,0.010396006859095646,-0.020543115619411467,test,test
2021-07-14,-0.0042067474571287,0.010131838162326984,-0.020543115619411467,test,test
2021-07-15,-0.0152807761363928,0.010512136939488726,-0.020543115619411467,test,test
2021-07-16,-0.0024422674292159,0.010209436902407406,-0.020543115619411467,test,test
2021-07-19,-0.0243349956968327,0.011554659955458483,-0.022608444892261836,test,test
2021-07-20,0.00675882739186,0.011324330512126389,-0.022608444892261836,test,test
2021-07-21,0.0246984489561832,0.012535822139192762,-0.022608444892261836,test,test
2021-07-22,0.0063762439465251,0.012253873498411949,-0.022608444892261836,test,test
2021-07-23,0.0110042509165035,0.01218251136121694,-0.022608444892261836,test,test
2021-07-26,0.0066314755273788,0.011922556610996756,-0.022608444892261836,test,test
2021-07-27,-0.0086984935110185,0.011754077681194342,-0.022608444892261836,test,test
2021-07-28,0.0039580384522231,0.0114371677311638,-0.022608444892261836,test,test
2021-07-29,0.0060045396589734,0.011185863719851905,-0.022608444892261836,test,test
2021-07-30,-0.0126676312397216,0.011280260068060814,-0.022608444892261836,test,test
2021-08-02,0.0095214776756607,0.011182536536876972,-0.022608444892261836,test,test
2021-08-03,0.0016084889957982,0.01084902807654443,-0.022608444892261836,test,test
2021-08-04,0.0022886186701959,0.010533451102006623,-0.022608444892261836,test,test
2021-08-05,0.0049462485732884,0.010284177122560079,-0.022608444892261836,test,test
2021-08-06,0.0047980674024751,0.01003990678197853,-0.022608444892261836,test,test
2021-08-09,-0.0014764367752142,0.009740766727134042,-0.022608444892261836,test,test
2021-08-10,0.0037264095997495,0.009488032038141601,-0.022608444892261836,test,test
2021-08-11,0.0085931342575481,0.009436731649331148,-0.022608444892261836,test,test
2021-08-12,0.0004010633071863,0.009149778198119404,-0.022608444892261836,test,test
2021-08-13,0.0022692247257487,0.008888436165133394,-0.022608444892261836,test,test
2021-08-16,-0.0081667936177378,0.008846797764933679,-0.022608444892261836,test,test
2021-08-17,-0.0068456188975816,0.00873965850233709,-0.022608444892261836,test,test
2021-08-18,0.0117180734897704,0.008946369524668886,-0.022608444892261836,test,test
2021-08-19,-0.0076095349971922,0.008871841825912942,-0.022608444892261836,test,test
2021-08-20,0.0014704208486334,0.008609107444404615,-0.022608444892261836,test,test
2021-08-23,0.005904912917676,0.008471234085058977,-0.022608444892261836,test,test
2021-08-24,-0.0021767410906993,0.00823045506730882,-0.022608444892261836,test,test
2021-08-25,0.0032132997915181,0.00801844653976693,-0.022608444892261836,test,test
2021-08-26,-0.0094796141957115,0.008113540591776585,-0.022608444892261836,test,test
2021-08-27,0.0033118374301073,0.007908088549589562,-0.022608444892261836,test,test
2021-08-30,-0.0061045156039575,0.007811625905226017,-0.022608444892261836,test,test
2021-08-31,-0.0024048989828849,0.007596526948104585,-0.022608444892261836,test,test
2021-09-01,0.0162465263659659,0.008371485263110958,-0.022608444892261836,test,test
2021-09-02,-0.0011238709633448,0.008121123366652539,-0.022608444892261836,test,test
2021-09-03,-0.0131576856548417,0.008507818025775124,-0.022608444892261836,test,test
2021-09-06,0.0020623804821612,0.008264090651808813,-0.022608444892261836,test,test
2021-09-07,0.0013725976960981,0.008019384272458517,-0.022608444892261836,test,test
2021-09-08,-0.0062932790739502,0.007926425067642467,-0.022608444892261836,test,test
2021-09-09,-0.0043199725173483,0.007757464227749459,-0.022608444892261836,test,test
2021-09-10,-0.0120372292549964,0.008078443504683576,-0.022608444892261836,test,test
2021-09-13,0.0137969237138972,0.008530350563071153,-0.022608444892261836,test,test
2021-09-14,-0.0041031434037643,0.008331327327183004,-0.022608444892261836,test,test
2021-09-15,-0.0166063287823077,0.009043924118891777,-0.022608444892261836,test,test
2021-09-16,0.0113190494488018,0.009196317876500425,-0.022608444892261836,test,test
2021-09-17,0.003109555670757,0.00894863603711063,-0.022608444892261836,test,test
2021-09-20,-0.0121152352331677,0.009169522190086777,-0.02143209747789677,test,test
2021-09-21,0.0115557309095078,0.009329920898592949,-0.02143209747789677,test,test
2021-09-22,0.005966676336156,0.009163004535936234,-0.02143209747789677,test,test
2021-09-23,0.007746584963594,0.009084249430412155,-0.02143209747789677,test,test
2021-09-24,-0.0004282570487988,0.008808131282916807,-0.02143209747789677,test,test
2021-09-27,0.0145226071332386,0.009251083891742383,-0.02143209747789677,test,test
2021-09-28,-0.0262783575083469,0.011039960343312906,-0.02465610705324317,test,test
2021-09-29,0.0124655976095338,0.01113064905316735,-0.02465610705324317,test,test
2021-09-30,-0.0094028748270219,0.01103461420915327,-0.02240656066249577,test,test
2021-10-01,0.0003637453691569,0.010698826418900877,-0.02240656066249577,test,test
2021-10-04,-0.0008867848824456,0.010375171168849655,-0.02240656066249577,test,test
2021-10-05,0.0153171260296266,0.01073603218905389,-0.02240656066249577,test,test
2021-10-06,-0.0172184734833799,0.011230992550990701,-0.0226106088961865,test,test
2021-10-07,0.0211758870254942,0.012061184582725435,-0.0226106088961865,test,test
2021-10-08,-0.0008706208647486,0.011695696728612086,-0.0226106088961865,test,test
2021-10-11,-0.0062731246379499,0.011443036669215154,-0.020034386591344835,test,test
2021-10-12,0.0041380038543302,0.01114064125058022,-0.020034386591344835,test,test
2021-10-13,-0.0061176685116148,0.010904705695559234,-0.020034386591344835,test,test
2021-10-14,0.0048970814482621,0.01064033525463418,-0.020034386591344835,test,test
2021-10-15,0.0080348607692788,0.010502250688592998,-0.020034386591344835,test,test
2021-10-18,-0.0068031266680821,0.010317770364870851,-0.020034386591344835,test,test
2021-10-19,0.0067252982185533,0.010138184272924976,-0.020034386591344835,test,test
2021-10-20,0.0023981743353372,0.009846871987552012,-0.020034386591344835,test,test
2021-10-21,-0.0081950982677452,0.009755655426467376,-0.020034386591344835,test,test
2021-10-22,-0.0042462727617747,0.009515476550021442,-0.020034386591344835,test,test
2021-10-25,0.0016267188595099,0.009234197809795964,-0.020034386591344835,test,test
2021-10-26,0.0090054137675565,0.00922063084970372,-0.020034386591344835,test,test
2021-10-27,-0.0032602642271005,0.008975332341498454,-0.020034386591344835,test,test
2021-10-28,0.0059450896191035,0.008822915653947825,-0.020034386591344835,test,test
2021-10-29,0.0035281249443352,0.008597678182849561,-0.020034386591344835,test,test
2021-11-01,0.0136951001384409,0.0089854444517682,-0.020034386591344835,test,test
2021-11-02,-0.0084097338845418,0.008951945973730618,-0.020034386591344835,test,test
2021-11-03,-0.0082596770542689,0.00891192641442047,-0.020034386591344835,test,test
2021-11-04,0.0009519082792639,0.008643578786209473,-0.020034386591344835,test,test
2021-11-05,0.0100385233471636,0.008733560788069134,-0.020034386591344835,test,test
2021-11-08,-0.0065709255087423,0.00861911844210597,-0.020034386591344835,test,test
2021-11-09,0.0004519622790154,0.00835727866892132,-0.020034386591344835,test,test
2021-11-10,0.0073448774034919,0.008300017698134531,-0.020034386591344835,test,test
2021-11-11,-0.0054403566644981,0.008156759466859531,-0.020034386591344835,test,test
2021-11-12,-0.0012546516392994,0.00791424099610002,-0.020034386591344835,test,test
2021-11-15,0.0016395228963475,0.007683643668946918,-0.020034386591344835,test,test
2021-11-16,-0.0061204761890002,0.007598926960846135,-0.020034386591344835,test,test
2021-11-17,-0.0051903012409505,0.007476324171490062,-0.020034386591344835,test,test
2021-11-18,-0.0100802338026817,0.007657569101299562,-0.020034386591344835,test,test
2021-11-19,-0.0169914145030792,0.008511319091517727,-0.020162748498268667,test,test
2021-11-22,0.0077498591954257,0.008467562729021353,-0.020162748498268667,test,test
2021-11-23,-0.0007031135349529,0.008211413007168674,-0.020162748498268667,test,test
2021-11-24,-0.0026238986704885,0.007987161949893119,-0.020162748498268667,test,test
2021-11-25,0.0055465085045502,0.007862117783934178,-0.020162748498268667,test,test
2021-11-26,-0.0508356195882538,0.014599990939067263,-0.031444150193326866,test,test
2021-11-29,0.0062285537950737,0.01423719931160209,-0.031444150193326866,test,test
2021-11-30,-0.0179119229150839,0.014483997809132,-0.03167530000389487,test,test
2021-12-01,0.017604303238006,0.014689918670046619,-0.03167530000389487,test,test
2021-12-02,-0.0181221679650384,0.014918138831831972,-0.03174538168721303,test,test
2021-12-03,-0.0071452151506198,0.014569181864689007,-0.03174538168721303,test,test
2021-12-06,0.0237401290745892,0.015275503929582468,-0.03174538168721303,test,test
2021-12-07,0.0140949911381525,0.015207257661906169,-0.03174538168721303,test,test
2021-12-08,-0.0095199784033745,0.014927251715835393,-0.03174538168721303,test,test
2021-12-09,-0.0093377596666871,0.014652136311685219,-0.03174538168721303,test,test
2021-12-10,-0.0047016655450288,0.014252379875665359,-0.03174538168721303,test,test
2021-12-13,-0.004495628731251,0.013862003926359624,-0.03174538168721303,test,test
2021-12-14,0.0066821559722873,0.013539014594475608,-0.03174538168721303,test,test
2021-12-15,-0.0124299795955151,0.013475046745104576,-0.03174538168721303,test,test
2021-12-16,0.012608993230865,0.01342465918798493,-0.03174538168721303,test,test
2021-12-17,-0.0081958320479744,0.013169604611842056,-0.03174538168721303,test,test
2021-12-20,-0.008360471405154,0.012931590212394619,-0.03174538168721303,test,test
2021-12-21,0.017450891256937,0.013246300624540751,-0.028956570156125367,test,test
2021-12-22,0.0085002365044563,0.01301045167007924,-0.028956570156125367,test,test
2021-12-23,0.0122896237589797,0.012968331913863722,-0.028956570156125367,test,test
2021-12-27,0.0067962666284264,0.01268299369532004,-0.028956570156125367,test,test
2021-12-28,0.007717764753727,0.012441087689532152,-0.028956570156125367,test,test
2021-12-29,-0.0017509127299829,0.012069704422561129,-0.028956570156125367,test,test
2021-12-30,0.00461247223211,0.011756427729656288,-0.028956570156125367,test,test
2022-01-03,0.0054249507152798,0.011475477454148314,-0.028956570156125367,test,test
2022-01-04,0.0039414084600105,0.011167697608349934,-0.028956570156125367,test,test
2022-01-05,-0.0005686147687188,0.010828380351860773,-0.028956570156125367,test,test
2022-01-06,-0.0001023183437852,0.010498534179803343,-0.028956570156125367,test,test
2022-01-07,-0.0043440083261861,0.010234172718364076,-0.028956570156125367,test,test
2022-01-10,-0.0051435115498085,0.010002066607423183,-0.028956570156125367,test,test
2022-01-11,0.005611943835801,0.009794309115559974,-0.028956570156125367,test,test
2022-01-12,0.0016431875868104,0.009504461347956527,-0.028956570156125367,test,test
2022-01-13,0.0052993875635606,0.009305896458527833,-0.028956570156125367,test,test
2022-01-14,-0.0011689825997127,0.009026943978010292,-0.028956570156125367,test,test
2022-01-17,0.0036384330904691,0.008797207866615255,-0.028956570156125367,test,test
2022-01-18,-0.0064812502004813,0.008675702307202882,-0.028956570156125367,test,test
2022-01-19,-0.0007631611169816,0.008413482441013437,-0.028956570156125367,test,test
2022-01-20,0.0045139755148432,0.008231770409519643,-0.028956570156125367,test,test
2022-01-21,-0.0136957262198962,0.00865740702704694,-0.028956570156125367,test,test
2022-01-24,-0.0323651788354013,0.011545732662282397,-0.0337743221295645,test,test
2022-01-25,0.0073029975499981,0.011336036897402797,-0.0337743221295645,test,test
2022-01-26,0.0164568231188098,0.011706622493988116,-0.0337743221295645,test,test
2022-01-27,0.0099041342099778,0.011606369892033374,-0.0337743221295645,test,test
2022-01-28,-0.0111113764488816,0.011577267118874924,-0.0337743221295645,test,test
2022-01-31,0.0003483794663274,0.011224901300253338,-0.0337743221295645,test,test
2022-02-01,0.0131378677495255,0.011348776092101063,-0.0337743221295645,test,test
2022-02-02,-0.0015481742893102,0.011009579750341556,-0.0337743221295645,test,test
2022-02-03,-0.0027352026391488,0.010695189363027444,-0.0337743221295645,test,test
2022-02-04,-0.0115867171367735,0.010750766103902108,-0.0337743221295645,test,test
2022-02-07,-0.0036039173947038,0.010460570096645439,-0.0337743221295645,test,test
2022-02-08,0.013485867791724,0.010666312996897022,-0.0337743221295645,test,test
2022-02-09,0.019611470529046,0.011402657828313813,-0.0337743221295645,test,test
2022-02-10,0.0044888927967025,0.011109832524797445,-0.0337743221295645,test,test
2022-02-11,-0.0099637888718762,0.01104442399250879,-0.0337743221295645,test,test
2022-02-14,-0.0258247258946033,0.012436861794625253,-0.036341841439419466,test,test
2022-02-15,0.0166788350280674,0.012731300471448388,-0.036341841439419466,test,test
2022-02-16,0.0021999407444569,0.01235521085815176,-0.036341841439419466,test,test
2022-02-17,-0.0075941825860166,0.012122394886218364,-0.036341841439419466,test,test
2022-02-18,-0.0093968759784771,0.011976367855074475,-0.036341841439419466,test,test
2022-02-21,-0.0118392622442688,0.011968185811114883,-0.036341841439419466,test,test
2022-02-22,0.0005063925699444,0.011604249623258844,-0.025437357565014335,test,test
2022-02-23,-0.0062717557249683,0.011355139274891752,-0.025437357565014335,test,test
2022-02-24,-0.0290428998890852,0.01310771676201097,-0.0290776015396966,test,test
2022-02-25,0.03453719223452,0.01526671422529971,-0.0290776015396966,test,test
2022-02-28,-0.0008722741770908,0.014803170646086317,-0.0290776015396966,test,test
2022-03-01,-0.0349220114223071,0.016708041250048055,-0.0321100300489312,test,test
2022-03-02,0.0160883225753846,0.016671507768222005,-0.0321100300489312,test,test
2022-03-03,-0.0379169247771007,0.018642006653337304,-0.035068038344936374,test,test
2022-03-04,-0.0369345902368816,0.020211946583574503,-0.03659117547876314,test,test
2022-03-07,-0.0099313958965171,0.01974662946131907,-0.03659117547876314,test,test
2022-03-08,0.0179937191660797,0.019645865935186996,-0.03659117547876314,test,test
2022-03-09,0.0476307625815811,0.022336602653244234,-0.03659117547876314,test,test
2022-03-10,-0.0115572974563175,0.021840390483533267,-0.03659117547876314,test,test
2022-03-11,0.0089814306948111,0.02128902212231364,-0.03659117547876314,test,test
2022-03-14,0.0112724046744497,0.020824340123460607,-0.03659117547876314,test,test
2022-03-15,0.0002063348114543,0.02019001009227539,-0.03659117547876314,test,test
2022-03-16,0.017368809183604,0.020031945712336532,-0.03659117547876314,test,test
2022-03-17,0.0037635651769974,0.019443558919374007,-0.03659117547876314,test,test
2022-03-18,0.0006654477482061,0.01885193448127894,-0.03659117547876314,test,test
2022-03-21,-0.0033795179834357,0.018296365108219442,-0.03659117547876314,test,test
2022-03-22,0.0116139815702961,0.017965651440395483,-0.03659117547876314,test,test
2022-03-23,-0.0188877613738525,0.018022308552459447,-0.03659117547876314,test,test
2022-03-24,-0.002801670904061,0.017486747862816843,-0.03659117547876314,test,test
2022-03-25,0.0030656986083381,0.016970653500855398,-0.03659117547876314,test,test
2022-03-28,0.0041925771020963,0.016485677347223292,-0.03659117547876314,test,test
2022-03-29,0.0293303803051588,0.01752390300908051,-0.03659117547876314,test,test
2022-03-30,-0.0074569826720448,0.01708795896254529,-0.03659117547876314,test,test
2022-03-31,-0.0124150649799046,0.016844182120916682,-0.03659117547876314,test,test
2022-04-01,0.0069150406076108,0.01641864641922552,-0.03659117547876314,test,test
2022-04-04,0.0020088243561076,0.015926071572826602,-0.03659117547876314,test,test
2022-04-05,0.011957609166744,0.015716247497965404,-0.03659117547876314,test,test
2022-04-06,-0.0165098047894295,0.01576498742604541,-0.03659117547876314,test,test
2022-04-07,-0.0017344726906502,0.015290625970235628,-0.03659117547876314,test,test
2022-04-08,0.0162826160129418,0.015351953069933484,-0.03659117547876314,test,test
2022-04-11,-0.0024896635751358,0.01489675873338879,-0.03659117547876314,test,test
2022-04-12,-0.0008157082547501,0.014444325471013158,-0.03659117547876314,test,test
2022-04-13,0.0046290229251591,0.014050120896572559,-0.03659117547876314,test,test
2022-04-14,0.0093782675055558,0.013814436559633997,-0.03659117547876314,test,test
2022-04-19,-0.0005749439588034,0.013394333564828415,-0.03659117547876314,test,test
2022-04-20,0.008646659649455,0.013157870828243698,-0.03659117547876314,test,test
2022-04-21,0.0051296010905621,0.012818758102471529,-0.03659117547876314,test,test
2022-04-22,-0.0185842343266142,0.013235699893193752,-0.03659117547876314,test,test
2022-04-25,-0.0090208598023982,0.0130213394571142,-0.03659117547876314,test,test
2022-04-26,-0.0159049555411544,0.013212116447712726,-0.03659117547876314,test,test
2022-04-27,0.0045398660021133,0.012857800852605957,-0.03659117547876314,test,test
2022-04-28,0.0040612418703018,0.012505729939955666,-0.03659117547876314,test,test
2022-04-29,0.0084228754618973,0.012299039568764514,-0.03659117547876314,test,test
2022-05-02,-0.0174150643542348,0.01266441707473824,-0.03659117547876314,test,test
2022-05-03,0.0181137787323364,0.01305567888124508,-0.03659117547876314,test,test
2022-05-04,-0.0104970560532179,0.012916462253041324,-0.03659117547876314,test,test
2022-05-05,-0.0077708128680286,0.012666808171910633,-0.03659117547876314,test,test
2022-05-06,-0.0134515618668684,0.012715259278034184,-0.03659117547876314,test,test
2022-05-09,-0.0222106914778632,0.013475015337752527,-0.03659117547876314,test,test
2022-05-10,0.0,0.013064512086239802,-0.03659117547876314,test,test
2022-05-11,0.0210804699099965,0.013678587653189623,-0.03659117547876314,test,test
2022-05-12,-0.0135894077897294,0.013673253263922438,-0.03659117547876314,test,test
2022-05-13,0.01665234461909,0.01387005473705781,-0.03659117547876314,test,test
2022-05-16,0.0018692520474182,0.013455309713917687,-0.03659117547876314,test,test
2022-05-17,0.0144986909000267,0.0135201834379742,-0.03659117547876314,test,test
2022-05-18,8.260867841705886e-05,0.01310831980218321,-0.03659117547876314,test,test
2022-05-19,-0.0083401408651805,0.012872134327033463,-0.03659117547876314,test,test
2022-05-20,0.0092952328478188,0.01268599278050054,-0.03659117547876314,test,test
2022-05-23,0.0165167201656892,0.012947836528130797,-0.03659117547876314,test,test
2022-05-24,0.0006258782872211,0.012554329370040885,-0.03659117547876314,test,test
2022-05-25,0.014835190149688,0.012702735405503292,-0.03659117547876314,test,test
2022-05-26,0.0145732772814434,0.01282266517610919,-0.03235406883061517,test,test
2022-05-27,0.0050273701092848,0.012492876558200316,-0.03235406883061517,test,test
2022-05-30,-0.0003134507514671,0.012112536559240628,-0.026011014362865768,test,test
2022-05-31,-0.0089190184894072,0.011945026698750723,-0.0198942290594433,test,test
2022-06-01,-0.0118532646960249,0.011939540866426873,-0.0198942290594433,test,test
2022-06-02,-0.0003545289377688,0.0115761400899037,-0.0198942290594433,test,test
2022-06-03,-0.0022096197456425,0.011236527194085862,-0.0198942290594433,test,test
2022-06-06,0.0126986920888146,0.011329579763893123,-0.0198942290594433,test,test
2022-06-07,0.000599596674033,0.010985416967012326,-0.0198942290594433,test,test
2022-06-08,0.0001244704004203,0.0106508005499873,-0.0198942290594433,test,test
2022-06-09,-0.0149827054964647,0.010959108862215978,-0.0198942290594433,test,test
2022-06-10,-0.0374975913967121,0.014044931636143817,-0.026198681416142604,test,test
2022-06-13,-0.0250165166966879,0.014932316124508486,-0.028241599857087737,test,test
2022-06-14,-0.0143881943868413,0.014900229166510582,-0.028241599857087737,test,test
2022-06-15,0.0133367687642424,0.014811076379720449,-0.028241599857087737,test,test
2022-06-16,-0.0118873342991461,0.014652113414751387,-0.028241599857087737,test,test
2022-06-17,0.0083580127433966,0.0143525170088295,-0.028241599857087737,test,test
2022-06-20,0.0170526224563957,0.014528681143787208,-0.028241599857087737,test,test
2022-06-21,-0.0061011703660329,0.014165136004334345,-0.028241599857087737,test,test
2022-06-22,-0.0110128345467843,0.013996033896261561,-0.028241599857087737,test,test
2022-06-23,-0.0047994776372308,0.013620489200876785,-0.028241599857087737,test,test
2022-06-24,0.0168438845010749,0.013835087611289714,-0.028241599857087737,test,test
2022-06-27,-0.0001819648656454,0.013413689161900173,-0.028241599857087737,test,test
2022-06-28,0.0090459481699033,0.013192466949502208,-0.028241599857087737,test,test
2022-06-29,-0.0156920611114516,0.013355641507483551,-0.028241599857087737,test,test
2022-06-30,-0.0109660887117983,0.013224449953398222,-0.028241599857087737,test,test
2022-07-01,0.0095116971631833,0.013031548447946803,-0.028241599857087737,test,test
2022-07-04,-0.0017505672952028,0.012641829329864237,-0.028241599857087737,test,test
2022-07-05,-0.0251111010936339,0.013713531338250292,-0.029208403062344634,test,test
2022-07-06,-0.0013577830458495,0.013299921042894887,-0.029208403062344634,test,test
2022-07-07,0.0216421637453763,0.013941937485776672,-0.029208403062344634,test,test
2022-07-08,-0.0027369146433039,0.013533824504246771,-0.029208403062344634,test,test
2022-07-11,-0.0043425399193348,0.013164573694051255,-0.029208403062344634,test,test
2022-07-12,-0.0062687258300061,0.01285556128394428,-0.029208403062344634,test,test
2022-07-13,-0.0087596070831057,0.012647267354838197,-0.029208403062344634,test,test
2022-07-14,-0.0178553622649334,0.013018640748895067,-0.029208403062344634,test,test
2022-07-15,0.0179812212542368,0.013368446641232956,-0.029208403062344634,test,test
2022-07-18,0.0021623234665069,0.012972007640683516,-0.029208403062344634,test,test
2022-07-19,0.0201396643102745,0.013509736045089376,-0.029208403062344634,test,test
2022-07-20,-0.0119105277407246,0.013419159071687843,-0.029208403062344634,test,test
2022-07-21,-0.0020197128016538,0.013019760165527482,-0.029208403062344634,test,test
2022-07-22,0.0048430342644658,0.012678746165729173,-0.029208403062344634,test,test
2022-07-25,0.0042138722825744,0.012335759857087184,-0.029208403062344634,test,test
2022-07-26,-0.0019807869958798,0.011969800499757838,-0.029208403062344634,test,test
2022-07-27,0.0067679404548404,0.011722962835553933,-0.029208403062344634,test,test
2022-07-28,-0.0048737550251382,0.011428359264035043,-0.029208403062344634,test,test
2022-07-29,0.0087802858925473,0.011287008326437796,-0.029208403062344634,test,test
2022-08-01,-0.0087555245675614,0.011151336967852862,-0.029208403062344634,test,test
2022-08-02,0.0014583866986663,0.010817522392217942,-0.029208403062344634,test,test
2022-08-03,0.0055668836803589,0.010576250512275471,-0.029208403062344634,test,test
2022-08-04,0.0023308317844686,0.010269937536954743,-0.029208403062344634,test,test
2022-08-05,0.0008451050839477,0.009959225479340741,-0.029208403062344634,test,test
2022-08-08,0.0127126799512658,0.010145527867590121,-0.029208403062344634,test,test
2022-08-09,0.0047515091079526,0.009905071524098263,-0.029208403062344634,test,test
2022-08-10,0.0049085186893028,0.009678296788539098,-0.029208403062344634,test,test
2022-08-11,0.003251125883106,0.009417189186476587,-0.029208403062344634,test,test
2022-08-12,0.0024314557699052,0.009149708392791453,-0.029208403062344634,test,test
2022-08-15,0.0031614665263194,0.008904708085532818,-0.029208403062344634,test,test
2022-08-16,0.0100243935113948,0.00897582889985755,-0.029208403062344634,test,test
2022-08-17,-0.0090992484694464,0.008983281891139243,-0.029208403062344634,test,test
2022-08-18,-0.0005336464309158,0.008710595791007856,-0.029208403062344634,test,test
2022-08-19,-0.0109970095790053,0.008864426855308156,-0.029208403062344634,test,test
2022-08-22,-0.0064128388219619,0.008736752816127374,-0.029208403062344634,test,test
2022-08-23,-0.0070861718693778,0.008646607929682294,-0.029208403062344634,test,test
2022-08-24,-0.0032752866288321,0.008421499220348263,-0.029208403062344634,test,test
2022-08-25,-0.0014524275407011,0.008172693736882966,-0.029208403062344634,test,test
2022-08-26,-0.015211302613199,0.00875604769135549,-0.029208403062344634,test,test
2022-08-29,-0.0092565901784624,0.00878688435151019,-0.029208403062344634,test,test
2022-08-30,-0.0012273841545709,0.008524503781580444,-0.029208403062344634,test,test
2022-08-31,-0.0118115955567881,0.008756595355198087,-0.029208403062344634,test,test
2022-09-01,-0.0102090596999264,0.00885046769833074,-0.029208403062344634,test,test
2022-09-02,0.0160377805257254,0.009437348993330928,-0.022660993351751733,test,test
2022-09-05,-0.0088003655388167,0.009400347263671506,-0.0195528414900063,test,test
2022-09-06,-0.0026106515970499,0.009136381508159023,-0.0195528414900063,test,test
2022-09-07,0.0017453972676868,0.008868361953382102,-0.0195528414900063,test,test
2022-09-08,0.0077222296893708,0.008803802757589898,-0.0195528414900063,test,test
2022-09-09,0.0145834588149064,0.009252954267434749,-0.0195528414900063,test,test
2022-09-12,0.0198682488542941,0.010206124223567639,-0.0195528414900063,test,test
2022-09-13,-0.0160290554455272,0.010645699153903778,-0.019665172934698164,test,test
2022-09-14,-0.0010421974556658,0.010324544850941263,-0.019665172934698164,test,test
2022-09-15,0.0037048201625145,0.010051069313388814,-0.019665172934698164,test,test
2022-09-16,-0.0125450990584125,0.010217892410136077,-0.019665172934698164,test,test
2022-09-19,0.0010639696823798,0.00991004175954425,-0.019665172934698164,test,test
2022-09-20,-0.0151393064958662,0.010298946940629553,-0.019665172934698164,test,test
2022-09-21,-0.0001143074222765,0.009985238783922792,-0.019665172934698164,test,test
2022-09-22,-0.012462693508272,0.01015095156753819,-0.019665172934698164,test,test
2022-09-23,-0.0249000627240994,0.011578432367240429,-0.022622175360888896,test,test
2022-09-26,-0.0099391223711162,0.011486673127075414,-0.022622175360888896,test,test
2022-09-27,-0.0083990013563958,0.011325176969198504,-0.01959482681152,test,test
2022-09-28,-0.0004701804784618,0.010980770444808685,-0.01959482681152,test,test
2022-09-29,-0.0192784702352984,0.011646555081425843,-0.020677965074777066,test,test
2022-09-30,0.0090953326587421,0.011509440260898693,-0.020677965074777066,test,test
2022-10-03,0.0128400820721817,0.011593586359244741,-0.020677965074777066,test,test
2022-10-04,0.0309552107917103,0.013558763752594221,-0.020677965074777066,test,test
2022-10-05,-0.015278691519137,0.013668064050953232,-0.020677965074777066,test,test
2022-10-06,-0.0091180546482845,0.01343857699464674,-0.020069196134975,test,test
2022-10-07,-0.0099278572059083,0.013254183168518535,-0.020069196134975,test,test
2022-10-10,-0.0031514197414027,0.01287357199692268,-0.020069196134975,test,test
2022-10-11,-0.0077999634469334,0.012626776722060326,-0.020069196134975,test,test
2022-10-12,-0.0129713530688154,0.012647716038541925,-0.020069196134975,test,test
2022-10-13,0.0120056620517282,0.012610114710426452,-0.020069196134975,test,test
2022-10-14,0.0045753266240175,0.01227721915795647,-0.020069196134975,test,test
2022-10-17,0.0233751970018647,0.013208720366860025,-0.020069196134975,test,test
2022-10-18,0.0071464278435937,0.012925415349671752,-0.020069196134975,test,test
2022-10-19,-0.0036459256583585,0.012563436897529869,-0.020069196134975,test,test
2022-10-20,0.007985307034774,0.01233675231103789,-0.020069196134975,test,test
2022-10-21,-0.0130087159948096,0.012378098870136791,-0.020069196134975,test,test
2022-10-24,0.0177200243440582,0.012761827749416999,-0.020069196134975,test,test
2022-10-25,0.0147850119557945,0.012892175431920772,-0.020069196134975,test,test
2022-10-26,0.0096646496499741,0.012721636030667633,-0.020069196134975,test,test
2022-10-27,0.0063957865868449,0.012433180890779397,-0.020069196134975,test,test
2022-10-28,-0.000580908440325,0.012055255912506955,-0.020069196134975,test,test
2022-10-31,0.0050400157087496,0.011753022968995611,-0.020069196134975,test,test
2022-11-01,0.0053273291985832,0.011469453437655987,-0.020069196134975,test,test
2022-11-02,-0.0038077029594293,0.011159093894160045,-0.020069196134975,test,test
2022-11-03,-0.0125905619406212,0.01125011950804063,-0.020069196134975,test,test
2022-11-04,0.0093350234564072,0.011144498076826291,-0.020069196134975,test,test
2022-11-07,0.0024645858907221,0.010821843565589302,-0.020069196134975,test,test
2022-11-08,0.0045861417033704,0.010552133528912766,-0.020069196134975,test,test
2022-11-09,0.0051748010342741,0.01030889832309661,-0.020069196134975,test,test
2022-11-10,0.0114756530168664,0.010382601710919974,-0.020069196134975,test,test
2022-11-11,0.0,0.010066305836320615,-0.020069196134975,test,test
2022-11-14,0.004085946442782,0.009810829725304527,-0.020069196134975,test,test
2022-11-15,0.0026780861471021,0.00953454591628053,-0.020069196134975,test,test
2022-11-16,-0.0106816324628635,0.009607234159953843,-0.020069196134975,test,test
2022-11-17,-0.0075207058272282,0.009494981426012123,-0.020069196134975,test,test
2022-11-18,0.0107740918359255,0.009576547145857619,-0.020069196134975,test,test
2022-11-21,0.0074282464541663,0.009461414833187144,-0.020069196134975,test,test
2022-11-22,0.0165445292083483,0.010028487184539246,-0.020069196134975,test,test
2022-11-23,0.0007444910034914,0.009724689090613468,-0.020069196134975,test,test
2022-11-24,0.0068064613226982,0.009574710344380868,-0.020069196134975,test,test
2022-11-25,0.0033919116258533,0.009320132904455937,-0.020069196134975,test,test
2022-11-28,-0.0111590800803207,0.009440576720182912,-0.020069196134975,test,test
2022-11-29,-0.0001322398457243,0.009153036038587843,-0.020069196134975,test,test
2022-11-30,0.0049265724378146,0.008955872462209843,-0.020069196134975,test,test
2022-12-01,0.0053306341980597,0.008780668090926676,-0.020069196134975,test,test
2022-12-02,-0.0030137042255255,0.008545119600401965,-0.020069196134975,test,test
2022-12-05,-0.0014922971106352,0.008292860898751891,-0.020069196134975,test,test
2022-12-06,-0.0045742169027617,0.008117921962503445,-0.019819074826178267,test,test
2022-12-07,-0.0049812873301671,0.007964635018497649,-0.019819074826178267,test,test
2022-12-08,-0.007907644748441,0.007961227106876119,-0.019819074826178267,test,test
2022-12-09,0.0077508500326318,0.007948761500895875,-0.019819074826178267,test,test
2022-12-12,-0.003662032194134,0.007758638387094053,-0.019819074826178267,test,test
2022-12-13,0.008295877013074,0.007791917348724319,-0.019819074826178267,test,test
2022-12-14,0.0039428170716239,0.007616028216781191,-0.019819074826178267,test,test
2022-12-15,-0.0171059588884363,0.008490022521787044,-0.020428163949278034,test,test
2022-12-16,-0.0130181072154002,0.008827452656543871,-0.017221040214290568,test,test
2022-12-19,0.0029908762954398,0.00858983152571629,-0.017221040214290568,test,test
2022-12-20,0.0059307110025533,0.008453904026041842,-0.017221040214290568,test,test
2022-12-21,0.0142048919955272,0.008904331590911833,-0.017221040214290568,test,test
2022-12-22,-0.0036442018778599,0.008679095935387031,-0.015134252540991168,test,test
2022-12-23,-0.0003627306573386,0.008415164781042555,-0.015134252540991168,test,test
2022-12-27,0.000120924838983,0.00815885872923254,-0.015134252540991168,test,test
2022-12-28,-0.0014035806485054,0.007917774910665944,-0.015134252540991168,test,test
2022-12-29,0.0072149105735847,0.007877371772291968,-0.014377594032882033,test,test
2022-12-30,-0.01078127832674,0.008081086846339803,-0.014377594032882033,test,test
2023-01-02,0.016941459674937,0.008866031248312405,-0.014377594032882033,test,test
2023-01-03,0.0033041157439466,0.00863395334370372,-0.014377594032882033,test,test
2023-01-04,0.019154621932565,0.009596166620247249,-0.014377594032882033,test,test
2023-01-05,0.0055686859795425,0.009403289040950504,-0.014377594032882033,test,test
2023-01-06,0.0108039209990971,0.009493156305343557,-0.014377594032882033,test,test
2023-01-09,-0.0007127177526346,0.009205612072812883,-0.014377594032882033,test,test
2023-01-10,0.0020450619605236,0.008939218798214642,-0.014377594032882033,test,test
2023-01-11,0.0015596779783085,0.008675310396912264,-0.014377594032882033,test,test
2023-01-12,0.0115983399342999,0.008877873574663143,-0.014377594032882033,test,test
2023-01-13,0.0060532304369482,0.008734193539108677,-0.014377594032882033,test,test
2023-01-16,-0.0011942439856271,0.008473165978176263,-0.014238209348152566,test,test
2023-01-17,0.0021733286993823,0.00823227007879563,-0.014238209348152566,test,test
2023-01-18,0.0048137588078931,0.008068109496211232,-0.014238209348152566,test,test
2023-01-19,-0.0158185670440604,0.008729395809099772,-0.015314211049298967,test,test
2023-01-20,0.014126875816317,0.009143540197330107,-0.015314211049298967,test,test
2023-01-23,0.0028998989486906,0.008893403877848852,-0.015314211049298967,test,test
2023-01-24,0.0025682269915074,0.008645393107040258,-0.015314211049298967,test,test
2023-01-25,-0.0010711101505177,0.008386124806727848,-0.015314211049298967,test,test
2023-01-26,0.0086811168222381,0.008404116329183928,-0.015314211049298967,test,test
2023-01-27,0.00271892940441,0.008175266088902459,-0.015314211049298967,test,test
2023-01-30,-0.0012038313527609,0.00793169778057954,-0.015314211049298967,test,test
2023-01-31,-0.0016921478384466,0.007701228587695144,-0.015314211049298967,test,test
2023-02-01,0.0070703203468923,0.0076648386964630714,-0.015314211049298967,test,test
2023-02-02,0.0143610088599777,0.008221866067798195,-0.015314211049298967,test,test
2023-02-03,-0.0004443803187568,0.007972138055168424,-0.015314211049298967,test,test
2023-02-06,-0.0072233261688725,0.007929203775722996,-0.015314211049298967,test,test
2023-02-07,0.001440157670042,0.00769573774324452,-0.015314211049298967,test,test
2023-02-08,0.0059674425556233,0.007603126915112637,-0.015314211049298967,test,test
2023-02-09,0.0017541416330445,0.007384017018276595,-0.015314211049298967,test,test
2023-02-10,-0.0137358832447484,0.007910294191585296,-0.015553469725748366,test,test
2023-02-13,0.0101376832551264,0.00806131169552813,-0.015553469725748366,test,test
2023-02-14,0.005727180579961,0.00794063582599278,-0.015553469725748366,test,test
2023-02-15,0.0034055005835248,0.007743792451715173,-0.015553469725748366,test,test
2023-02-16,0.0034904799865291,0.007556411137260072,-0.015553469725748366,test,test
2023-02-17,0.0006109436128532,0.0073277406780449545,-0.015553469725748366,test,test
2023-02-20,-0.0055549044334181,0.007233633542961569,-0.015553469725748366,test,test
2023-02-21,-0.0031510915857118,0.007055614053413057,-0.015553469725748366,test,test
2023-02-22,-0.008618807955736,0.0071590375976906375,-0.015553469725748366,test,test
2023-02-23,0.0064006363481077,0.007115813298933741,-0.015553469725748366,test,test
2023-02-24,-0.003265824713739,0.006945260803930797,-0.015553469725748366,test,test
2023-02-27,0.0121843184062354,0.007365453528331574,-0.015553469725748366,test,test
2023-02-28,0.0085841818917543,0.007444205939008851,-0.015553469725748366,test,test
2023-03-01,-0.0076612335456625,0.007457405708763822,-0.015553469725748366,test,test
2023-03-02,0.0004717819753169,0.007231146562249384,-0.015553469725748366,test,test
2023-03-03,0.0145707168324561,0.007867048945388887,-0.015553469725748366,test,test
2023-03-06,0.0049327436970358,0.007722496305304038,-0.015553469725748366,test,test
2023-03-07,-0.0105592213235389,0.007921398963054264,-0.015553469725748366,test,test
2023-03-08,0.0058271521101055,0.007811593303726388,-0.015553469725748366,test,test
2023-03-09,-0.0045421998976076,0.007654908578215886,-0.015553469725748366,test,test
2023-03-10,-0.0147745595845385,0.00825705906939131,-0.0147763366244491,test,test
2023-03-13,-0.0357526996096709,0.01186522712676222,-0.0221152754127566,test,test
2023-03-14,0.0220895072258524,0.01271272502858195,-0.0221152754127566,test,test
2023-03-15,-0.0446438870731427,0.0164772926833617,-0.032071717908958,test,test
2023-03-16,0.0148564530823146,0.01638456455368882,-0.032071717908958,test,test
2023-03-17,-0.0194106313607413,0.016581709045406387,-0.033269072681184966,test,test
2023-03-20,0.0129670475886942,0.016387328939292362,-0.033269072681184966,test,test
2023-03-21,0.02419251567933,0.016957256431167526,-0.033269072681184966,test,test
2023-03-22,-0.0044411448681237,0.016476621589282488,-0.033269072681184966,test,test
2023-03-23,-0.0043716793984768,0.01601052810816711,-0.033269072681184966,test,test
2023-03-24,-0.0199865907047042,0.016276505096737035,-0.0334610591291726,test,test
2023-03-27,0.0128373059954417,0.0160908957670944,-0.0334610591291726,test,test
2023-03-28,0.0042800446916025,0.01563588941972837,-0.0334610591291726,test,test
2023-03-29,0.0140330241364798,0.015544379101595425,-0.0334610591291726,test,test
2023-03-30,0.0149254229318869,0.015507938397369631,-0.0334610591291726,test,test
2023-03-31,0.0027549846231698,0.015050640536297741,-0.0334610591291726,test,test
2023-04-03,-0.0081675294875349,0.014728645083491657,-0.0334610591291726,test,test
2023-04-04,0.0028134107805612,0.01429657034567892,-0.0334610591291726,test,test
2023-04-05,0.0077449339639618,0.013990262626426168,-0.0334610591291726,test,test
2023-04-06,0.006215402989813,0.013649237177019848,-0.0334610591291726,test,test
2023-04-11,-0.0080431279288928,0.01337927835858498,-0.0334610591291726,test,test
2023-04-12,0.0044285137652882,0.013016969235688897,-0.0334610591291726,test,test
2023-04-13,0.0033676194611981,0.012647349542415018,-0.0334610591291726,test,test
2023-04-14,0.0056660219937555,0.012340354603299172,-0.0334610591291726,test,test
2023-04-17,0.0016647222355276,0.011971364527001283,-0.0334610591291726,test,test
2023-04-18,0.0046169727046616,0.01166163542293187,-0.0334610591291726,test,test
2023-04-19,0.0077074515312688,0.01146291432575277,-0.0334610591291726,test,test
2023-04-20,-0.0046342433561177,0.01117152958364245,-0.0334610591291726,test,test
2023-04-21,-0.0037421697130378,0.010869918072072908,-0.0334610591291726,test,test
2023-04-24,-0.0009774964916042,0.010541496180496792,-0.0334610591291726,test,test
2023-04-25,-0.012419526124411,0.010663509317730182,-0.0334610591291726,test,test
2023-04-26,0.0003659481987674,0.01033904445276304,-0.0334610591291726,test,test
2023-04-27,0.0022462474346839,0.01003916467823429,-0.0334610591291726,test,test
2023-04-28,-0.0079329147965665,0.00992540205838935,-0.0334610591291726,test,test
2023-05-02,-0.0173556722301439,0.010520263835714867,-0.0334610591291726,test,test
2023-05-03,-0.0005837207268118,0.010200776337901035,-0.0334610591291726,test,test
2023-05-04,-0.0036534299224534,0.009930424997653698,-0.0334610591291726,test,test
2023-05-05,0.0114014503965432,0.010024775531884692,-0.0334610591291726,test,test
2023-05-08,0.0069722376026575,0.00986828672202365,-0.0334610591291726,test,test
2023-05-09,-0.0030552209880875,0.009596882846817876,-0.0334610591291726,test,test
2023-05-10,-0.0016892908092893,0.009313719609227845,-0.0334610591291726,test,test
2023-05-11,0.0016456895215768,0.009038979379434497,-0.0334610591291726,test,test
2023-05-12,0.0055709635168114,0.00886922191620382,-0.0334610591291726,test,test
2023-05-15,-0.0035365970235941,0.008642555331924442,-0.0334610591291726,test,test
2023-05-16,-0.0010982074795782,0.008383585180908294,-0.0334610591291726,test,test
2023-05-17,0.0021952102224181,0.00814595404674302,-0.0334610591291726,test,test
2023-05-18,0.0001628249107901,0.007897896176124656,-0.0334610591291726,test,test
2023-05-19,0.0041593586428915,0.007724776632856485,-0.0334610591291726,test,test
2023-05-22,0.0057661895545802,0.0076214683693258895,-0.0334610591291726,test,test
2023-05-23,-0.0040921874896597,0.007456965415327375,-0.0334610591291726,test,test
2023-05-24,-0.01123150082876,0.007735551038229368,-0.0334610591291726,test,test
2023-05-25,-0.0051861635789739,0.007606720872571892,-0.0334610591291726,test,test
2023-05-26,0.0081935438285086,0.007643200894612749,-0.0334610591291726,test,test
2023-05-29,-0.0011975267573537,0.007416161604263977,-0.0334610591291726,test,test
2023-05-30,-0.0013734343046311,0.007198101490773379,-0.0334610591291726,test,test
2023-05-31,-0.01287774246717,0.007658595186470605,-0.0334610591291726,test,test
2023-06-01,0.01287774246717,0.008067528151761363,-0.0334610591291726,test,test
2023-06-02,0.0162082452299635,0.008771678440114667,-0.0334610591291726,test,test
2023-06-05,-0.0030312384763801,0.008536808917822124,-0.0334610591291726,test,test
2023-06-06,0.0023333680118554,0.008296454452726653,-0.0334610591291726,test,test
2023-06-07,0.0052489061438953,0.008145817825083196,-0.0334610591291726,test,test
2023-06-08,-0.002299699961451,0.007917727221358311,-0.028013703046196065,test,test
2023-06-09,-0.0030673135776569,0.007713201983984914,-0.028013703046196065,test,test
2023-06-12,0.0037203868583444,0.007533548463874669,-0.018917631431863133,test,test
2023-06-13,-0.0011457478166813,0.007309436065365185,-0.018917631431863133,test,test
2023-06-14,0.0105614291994169,0.00754419057700025,-0.016740001800672703,test,test
2023-06-15,-0.0002120486067251,0.007314548560989273,-0.016740001800672703,test,test
2023-06-16,0.0067844362963238,0.0072838298966641565,-0.016740001800672703,test,test
2023-06-19,-0.0066677418753393,0.007248341478482885,-0.016740001800672703,test,test
2023-06-20,0.0008371704130635,0.007030519055902221,-0.016740001800672703,test,test
2023-06-21,-0.000360179915881,0.006816912063243023,-0.014217646940574967,test,test
2023-06-22,-0.0076272708166795,0.006868230360141337,-0.014217646940574967,test,test
2023-06-23,-0.0106171406733998,0.0071488218293572535,-0.014217646940574967,test,test
2023-06-26,0.000884604573256,0.006934426137041379,-0.014217646940574967,test,test
2023-06-27,0.0127499450431092,0.007413147497198201,-0.014217646940574967,test,test
2023-06-28,0.0093566860549111,0.007543893219161647,-0.014217646940574967,test,test
2023-06-29,0.0030855079098819,0.0073530216205110474,-0.014217646940574967,test,test
2023-06-30,0.0086267408586391,0.0074356002316643905,-0.014217646940574967,test,test
2023-07-03,0.0053852239236243,0.007328772063536593,-0.014217646940574967,test,test
2023-07-04,-0.0058648145029868,0.007249276440513536,-0.014217646940574967,test,test
2023-07-05,-0.0107054433365902,0.007501685103915129,-0.014217646940574967,test,test
2023-07-06,-0.0214484371151886,0.008972228815375589,-0.017227283937500833,test,test
2023-07-07,-0.0039064025432989,0.008751367628567902,-0.017227283937500833,test,test
2023-07-10,0.0004432658578783,0.00848546040738928,-0.017227283937500833,test,test
2023-07-11,0.0084158071774689,0.008481297344908326,-0.017227283937500833,test,test
2023-07-12,0.0130533546307798,0.008822690315351555,-0.017227283937500833,test,test
2023-07-13,0.0026409767398669,0.008578342382126824,-0.017227283937500833,test,test
2023-07-14,-0.0042713381665329,0.008382561680504746,-0.017227283937500833,test,test
2023-07-17,-3.176519663569529e-05,0.008127198807060252,-0.017227283937500833,test,test
2023-07-18,0.0018736616234754,0.007892966191190088,-0.017227283937500833,test,test
2023-07-19,-0.0004125760338835,0.007653181921042885,-0.017227283937500833,test,test
2023-07-20,0.0071476111862701,0.007623793192747861,-0.017227283937500833,test,test
2023-07-21,0.0054371429143165,0.007510568598400752,-0.017227283937500833,test,test
2023-07-24,-0.0029296385065642,0.007317041009708436,-0.017227283937500833,test,test
2023-07-25,-0.0025494623112604,0.0071215678943672206,-0.015185893470372866,test,test
2023-07-26,0.0085043482742847,0.007212015106186121,-0.015185893470372866,test,test
2023-07-27,0.0097641841258725,0.0073900426031912585,-0.015185893470372866,test,test
2023-07-28,-0.0009907828584015,0.007169021197953948,-0.015185893470372866,test,test
2023-07-31,-0.0045118835407825,0.007037939941889624,-0.015185893470372866,test,test
2023-08-01,-0.0144796418905785,0.007690269466336687,-0.0162686071576457,test,test
2023-08-02,-0.0185013656760043,0.008725242788003778,-0.01814314822725713,test,test
2023-08-03,-0.0023181828348979,0.00847847322967975,-0.01814314822725713,test,test
2023-08-04,0.0065648578520865,0.00837599422905117,-0.01814314822725713,test,test
2023-08-07,-0.0010467007149886,0.008124873999564427,-0.01814314822725713,test,test
2023-08-08,-0.0060877560921854,0.008017256969347221,-0.01814314822725713,test,test
2023-08-09,0.0056389537814405,0.007894788961001245,-0.01814314822725713,test,test
2023-08-10,0.0156765086956539,0.008563480990083241,-0.01814314822725713,test,test
2023-08-11,-0.0071714077711673,0.008486398507770393,-0.01814314822725713,test,test
2023-08-14,-0.0004983270220644,0.008228774018283737,-0.01814314822725713,test,test
2023-08-15,-0.0087447086356849,0.00826063885427295,-0.01814314822725713,test,test
2023-08-16,0.0003208899375058,0.008009372212914069,-0.01814314822725713,test,test
2023-08-17,-0.0077838114770856,0.007996018003790923,-0.01814314822725713,test,test
2023-08-18,-0.0011107486520312,0.007757199973960386,-0.01814314822725713,test,test
2023-08-21,-0.0005289000015363,0.007522000163689699,-0.01814314822725713,test,test
2023-08-22,0.005512286884201,0.007416790119480195,-0.01814314822725713,test,test
2023-08-23,0.0001717277249616,0.007190967845883135,-0.01814314822725713,test,test
2023-08-24,0.0009764420911602,0.006976003425768725,-0.01814314822725713,test,test
2023-08-25,0.0015216997371158,0.006773749373423337,-0.01814314822725713,test,test
2023-08-28,0.0160605946993766,0.007655535374183474,-0.01814314822725713,test,test
2023-08-29,0.0095537566707768,0.007782496035650566,-0.01814314822725713,test,test
2023-08-30,-0.0031465752763765,0.007584673099772725,-0.01814314822725713,test,test
2023-08-31,-0.0047435906496014,0.007444845814632442,-0.01814314822725713,test,test
2023-09-01,-0.0059403283278615,0.007363248976504787,-0.01814314822725713,test,test
2023-09-04,-0.003530161858558,0.007191113399568659,-0.01814314822725713,test,test
2023-09-05,-0.0025839462854382,0.007000713671783068,-0.01814314822725713,test,test
2023-09-06,-0.00829663140732,0.007085156170612519,-0.01814314822725713,test,test
2023-09-07,-0.0004725403894448,0.006870288883986607,-0.01814314822725713,test,test
2023-09-08,0.0058474897555671,0.006813252187828649,-0.01814314822725713,test,test
2023-09-11,0.0075108159199687,0.0068571074367749325,-0.01814314822725713,test,test
2023-09-12,0.0021386512218029,0.006668819745533446,-0.01814314822725713,test,test
2023-09-13,-0.0033158515775313,0.0065164760178769,-0.01814314822725713,test,test
2023-09-14,0.0131662403592823,0.007093488931546629,-0.01814314822725713,test,test
2023-09-15,7.332387080306101e-05,0.00687741613486183,-0.01814314822725713,test,test
2023-09-18,-0.0071039913123483,0.006891220725277167,-0.01814314822725713,test,test
2023-09-19,0.0047451164456428,0.006781633689929204,-0.01814314822725713,test,test
2023-09-20,0.0123716812282166,0.007239795021882611,-0.01814314822725713,test,test
2023-09-21,-0.0100965616800612,0.007442189698395257,-0.01814314822725713,test,test
2023-09-22,-0.0049237027555888,0.007315571555661937,-0.01814314822725713,test,test
2023-09-25,-0.0122830853925037,0.007704478123820048,-0.01814314822725713,test,test
2023-09-26,-0.0020369772761847,0.007486414412535413,-0.01814314822725713,test,test
2023-09-27,-0.0037435599517115,0.007316042043179384,-0.01814314822725713,test,test
2023-09-28,0.0101179956686185,0.007513683057457589,-0.015088030986362168,test,test
2023-09-29,0.0001273092609365,0.007284852748101703,-0.015088030986362168,test,test
2023-10-02,-0.0116286582703662,0.007615673074520125,-0.015088030986362168,test,test
2023-10-03,-0.0166088916262361,0.008430295644781143,-0.0165299663976063,test,test
2023-10-04,-0.0068533481917545,0.00834408739558476,-0.0165299663976063,test,test
2023-10-05,0.0060019897963351,0.008222396225442173,-0.0165299663976063,test,test
2023-10-06,0.0084921389327547,0.00823882983961122,-0.0165299663976063,test,test
2023-10-09,-0.0091912913589622,0.008299060688368541,-0.0165299663976063,test,test
2023-10-10,0.0217049508881631,0.009644077840526021,-0.0165299663976063,test,test
2023-10-11,0.0008871911069572,0.00935280544190316,-0.0165299663976063,test,test
2023-10-12,-0.0026101713665208,0.009090393342963991,-0.0165299663976063,test,test
2023-10-13,-0.0111046606603855,0.0092236622534086,-0.0165299663976063,test,test
2023-10-16,0.00585306409085,0.00905686977924234,-0.0165299663976063,test,test
2023-10-17,0.0012267984132275,0.008786101458955834,-0.0165299663976063,test,test
2023-10-18,-0.0092701087141388,0.008815891279420307,-0.0165299663976063,test,test
2023-10-19,-0.0071789181241014,0.008726336839331758,-0.0165299663976063,test,test
2023-10-20,-0.0129514185649567,0.009035727526112779,-0.0165299663976063,test,test
2023-10-23,-0.0037281991302126,0.008807932659588975,-0.0165299663976063,test,test
2023-10-24,-0.0021924071622638,0.008556476846320079,-0.016020558622399032,test,test
2023-10-25,0.0010021937963135,0.008299443463548448,-0.013947798527898833,test,test
2023-10-26,-0.0024515825511631,0.008068985779927294,-0.013947798527898833,test,test
2023-10-27,-0.0049773328085812,0.007917603812954489,-0.013947798527898833,test,test
2023-10-30,0.0106625501199189,0.008108547442924887,-0.013947798527898833,test,test
2023-10-31,0.0003770591048797,0.007862070945382537,-0.013947798527898833,test,test
2023-11-01,0.0063784473572732,0.007781034983765649,-0.013947798527898833,test,test
2023-11-02,0.0202239063008083,0.009025088268670963,-0.013947798527898833,test,test
2023-11-03,0.0036110265535653,0.008794740242218489,-0.013947798527898833,test,test
2023-11-06,-0.00565410286469,0.008638561299468866,-0.013947798527898833,test,test
2023-11-07,-0.0006061036106858,0.008376711678243052,-0.013947798527898833,test,test
2023-11-08,0.0051728181736417,0.00821977028264429,-0.013947798527898833,test,test
2023-11-09,0.0129918238741976,0.008581258377660349,-0.013947798527898833,test,test
2023-11-10,-0.0035682178471498,0.008365622890125938,-0.013947798527898833,test,test
2023-11-13,0.0095575608476978,0.008441886384029216,-0.013947798527898833,test,test
2023-11-14,0.0169351293233868,0.009175916046346357,-0.013947798527898833,test,test
2023-11-15,0.0018065194515364,0.008907378959264477,-0.013947798527898833,test,test
2023-11-16,0.0027657005631423,0.00866255516027509,-0.013947798527898833,test,test
2023-11-17,0.0096764318619895,0.008726710159350063,-0.013947798527898833,test,test
2023-11-20,0.0079182071052735,0.008680323854482943,-0.013947798527898833,test,test
2023-11-21,-0.00116950156975,0.008420760352894633,-0.013947798527898833,test,test
2023-11-22,0.006076680456076,0.008298808067882071,-0.013947798527898833,test,test
2023-11-23,0.0018288996622898,0.00805845486834637,-0.013947798527898833,test,test
2023-11-24,0.0033762535536242,0.007856609857741849,-0.013947798527898833,test,test
2023-11-27,-0.0002918617468684,0.007617601351220573,-0.013947798527898833,test,test
2023-11-28,0.006750524017366,0.007568378544701142,-0.013947798527898833,test,test
2023-11-29,0.0059004675076431,0.0074788009451157425,-0.013947798527898833,test,test
2023-11-30,-0.0004373001247777,0.007251757693553481,-0.013947798527898833,test,test
2023-12-01,0.0081786296151646,0.007310684592442367,-0.013947798527898833,test,test
2023-12-04,0.0036911126277134,0.007145404215535444,-0.013947798527898833,test,test
2023-12-05,0.0058874116738824,0.007076234188624214,-0.013947798527898833,test,test
2023-12-06,0.0019222037728879,0.00687680135785448,-0.013947798527898833,test,test
2023-12-07,-0.0109880601843818,0.0071900779618444795,-0.013947798527898833,test,test
2023-12-08,0.0075997095315253,0.007215311700084131,-0.013947798527898833,test,test
2023-12-11,-0.0024876260430595,0.0070219923492848635,-0.013947798527898833,test,test
2023-12-12,-0.0078064062210341,0.007071511340970772,-0.013947798527898833,test,test
2023-12-13,-0.0022360444399722,0.006877927738134604,-0.013947798527898833,test,test
2023-12-14,0.007460201629428,0.006914247108242843,-0.013947798527898833,test,test
2023-12-15,-0.0075097269313538,0.006951414547012994,-0.013947798527898833,test,test
2023-12-18,-0.0040395299464994,0.006811894192034868,-0.013729656153853,test,test
2023-12-19,0.0051384728551759,0.006723244940612564,-0.013729656153853,test,test
2023-12-20,-0.000564160731661,0.006519892469930236,-0.013729656153853,test,test
2023-12-21,0.0003266276421268,0.006321776576824104,-0.013729656153853,test,test
2023-12-22,0.0007519302561493,0.00613195657915577,-0.013729656153853,test,test
2023-12-27,0.0009785076142093,0.00594998206958614,-0.013554990283859432,test,test
2023-12-28,-0.0035233220706839,0.005832921852341146,-0.011681379803241333,test,test
2023-12-29,0.0015751120702083,0.00566837343312971,-0.011681379803241333,test,test
2024-01-02,0.0078879539621563,0.005825445819618606,-0.011681379803241333,test,test
2024-01-03,-0.0127203137168069,0.006450430429104118,-0.012258797647383033,test,test
2024-01-04,0.0127498534796316,0.006990357314371994,-0.012258797647383033,test,test
2024-01-05,-0.0017595206050566,0.006791093021393207,-0.012258797647383033,test,test
2024-01-08,0.0043684267078966,0.006670591943286476,-0.012258797647383033,test,test
2024-01-09,-0.0146727183005486,0.007398939707893515,-0.013448150194104067,test,test
2024-01-10,0.0006756764553941,0.00717544720511016,-0.013448150194104067,test,test
2024-01-11,-0.0061976303151083,0.007120565801190856,-0.013448150194104067,test,test
2024-01-12,0.0089454084060826,0.007243033189378622,-0.013448150194104067,test,test
2024-01-15,-0.0017747060076404,0.007035823539594148,-0.013448150194104067,test,test
2024-01-16,-0.0082508346350632,0.007114578022483007,-0.013448150194104067,test,test
2024-01-17,-0.0127179686526005,0.007568684879860573,-0.013370333556652,test,test
2024-01-18,0.0012659447659923,0.007344661212814711,-0.013370333556652,test,test
2024-01-19,-0.0022291357588983,0.007141816870030994,-0.013370333556652,test,test
2024-01-22,0.0110762347655081,0.007436813424282928,-0.013370333556652,test,test
2024-01-23,-0.0109849056796071,0.0076959672192994,-0.013370333556652,test,test
2024-01-24,0.0115766578935419,0.00798219125510943,-0.013370333556652,test,test
2024-01-25,-0.0057716259030966,0.007867093143790435,-0.013370333556652,test,test
2024-01-26,0.0020147893087917,0.007643379345460964,-0.013370333556652,test,test
2024-01-29,-0.0046704114325721,0.007498315645961573,-0.013370333556652,test,test
2024-01-30,0.0149529121655686,0.008140431696707268,-0.013370333556652,test,test
2024-01-31,0.0038177101223021,0.007947649032947205,-0.013370333556652,test,test
2024-02-01,-0.0063409674771716,0.007860514598589913,-0.013370333556652,test,test
2024-02-02,0.0048315288369286,0.0077123957771558106,-0.013370333556652,test,test
2024-02-05,-0.0121178655660995,0.008045044789108693,-0.013370333556652,test,test
2024-02-06,0.0061872708244614,0.007945836654157504,-0.013370333556652,test,test
2024-02-07,-0.0083119459308128,0.007968277582758088,-0.013370333556652,test,test
2024-02-08,-0.0014929996569304,0.007734182804683867,-0.013370333556652,test,test
2024-02-09,-0.0008888780758975,0.0075017287934795555,-0.013370333556652,test,test
2024-02-12,0.0088627165705905,0.007590272952806254,-0.013370333556652,test,test
2024-02-13,-0.0059567735257556,0.007502299510046544,-0.013370333556652,test,test
2024-02-14,-0.0008870861634035,0.007276994116653939,-0.013370333556652,test,test
2024-02-15,0.0010784368662912,0.007060251152463462,-0.013370333556652,test,test
2024-02-16,-0.0041284032511992,0.006919460987676761,-0.013370333556652,test,test
2024-02-19,0.0058896670197813,0.006862032832522429,-0.013370333556652,test,test
2024-02-20,0.0093480529231795,0.007036008138583464,-0.013370333556652,test,test
2024-02-21,0.0068502257075073,0.0070249997458553416,-0.013370333556652,test,test
2024-02-22,0.0031314890571518,0.006854046802175722,-0.013370333556652,test,test
2024-02-23,-0.0008190415860315,0.006648272697446252,-0.013370333556652,test,test
2024-02-26,0.000769725357457,0.006448496467827787,-0.013370333556652,test,test
2024-02-27,-0.0024294247340883,0.0062803062478009935,-0.013370333556652,test,test
2024-02-28,-0.0044791771242069,0.006187042381849279,-0.013370333556652,test,test
2024-02-29,-0.0067065664406097,0.006219437742597797,-0.013370333556652,test,test
2024-03-01,0.0063192067778533,0.006225468973666402,-0.013370333556652,test,test
2024-03-04,0.0005065543702645,0.006037091348104654,-0.013370333556652,test,test
2024-03-05,0.0046861967534148,0.005964671829140426,-0.013370333556652,test,test
2024-03-06,0.0078861690375335,0.006097062501967159,-0.013370333556652,test,test
2024-03-07,0.0119317698044574,0.006594372504167025,-0.013370333556652,test,test
2024-03-08,-0.0013478025820936,0.00640199953985543,-0.013370333556652,test,test
2024-03-11,0.0019387928968652,0.006225110223572485,-0.013370333556652,test,test
2024-03-12,0.0061020140024309,0.006217793173710497,-0.013370333556652,test,test
2024-03-13,0.0163826595652666,0.007241877304944049,-0.013370333556652,test,test
2024-03-14,-0.0066505399274413,0.007207765296224713,-0.013370333556652,test,test
2024-03-15,0.0101858194275587,0.007420230641710781,-0.013370333556652,test,test
2024-03-18,-0.0001132548177934,0.007194234011264699,-0.013370333556652,test,test
2024-03-19,0.0098319602082518,0.007379134727087337,-0.013370333556652,test,test
2024-03-20,0.0047636751431188,0.007248868022900265,-0.013370333556652,test,test
2024-03-21,0.0106383982050557,0.007495588925413426,-0.013370333556652,test,test
2024-03-22,0.0069415927601288,0.007463508875944472,-0.013370333556652,test,test
2024-03-25,0.0008220905163925,0.0072389416923920825,-0.013370333556652,test,test
2024-03-26,0.0035818796607032,0.0070730426218514175,-0.013370333556652,test,test
2024-03-27,0.0108403441115125,0.007353709243779999,-0.0131695175064162,test,test
2024-03-28,-0.003308428304241,0.0071755946885390795,-0.0131695175064162,test,test
2024-04-02,-0.0089795710448425,0.007296421818610905,-0.0131695175064162,test,test
2024-04-03,0.0051527244556639,0.007185856889248143,-0.0131695175064162,test,test
2024-04-04,0.0052976714466065,0.007086766981082494,-0.011940246632769033,test,test
2024-04-05,-0.015895384636642,0.007897387253663018,-0.013577072951780669,test,test
2024-04-08,-0.0003848482579025,0.007657381301669429,-0.013577072951780669,test,test
2024-04-09,-0.0088182352875811,0.007731949011111987,-0.013577072951780669,test,test
2024-04-10,-0.0037978833107968,0.0075539055089639045,-0.013577072951780669,test,test
2024-04-11,-0.0116875416929808,0.00786344180251649,-0.013577072951780669,test,test
2024-04-12,0.003393379238749,0.00766906743497202,-0.013233597298574101,test,test
2024-04-15,0.0001123084332523,0.007435487636589156,-0.013233597298574101,test,test
2024-04-16,-0.0151128590199888,0.008103900189150987,-0.014375369740910101,test,test
2024-04-17,0.010113125023888,0.008238284059444994,-0.014375369740910101,test,test
2024-04-18,0.0122530828435954,0.008532610804424395,-0.014375369740910101,test,test
2024-04-19,-0.0033031735819152,0.008312146392727263,-0.014375369740910101,test,test
2024-04-22,0.0148663629494283,0.00884346062554299,-0.014375369740910101,test,test
2024-04-23,0.0168631477462388,0.009517159933514104,-0.014375369740910101,test,test
2024-04-24,-0.0043071282985995,0.009287348085374899,-0.014375369740910101,test,test
2024-04-25,-0.0040069662112483,0.009057753092487504,-0.014375369740910101,test,test
2024-04-26,0.0154395604426736,0.009561543767571071,-0.014375369740910101,test,test
2024-04-29,-0.0048347736640632,0.009345599726555258,-0.014375369740910101,test,test
2024-04-30,-0.0224465964757938,0.010598622636686216,-0.017818280044141533,test,test
2024-05-02,0.0016201131257957,0.010283406034948116,-0.017818280044141533,test,test
2024-05-03,-0.0015924929407647,0.009977760035439518,-0.017818280044141533,test,test
2024-05-06,0.0057688224695011,0.009776457045699245,-0.017818280044141533,test,test
2024-05-07,0.014855934331712,0.010153142012032858,-0.017818280044141533,test,test
2024-05-08,0.0064855793031086,0.009971202509593859,-0.017818280044141533,test,test
2024-05-09,-0.0092690776661908,0.009930475052332776,-0.017818280044141533,test,test
2024-05-10,0.0050010387502174,0.009705570462058064,-0.017818280044141533,test,test
2024-05-13,0.0041783729217416,0.009465396987486798,-0.017818280044141533,test,test
2024-05-14,0.0077976935503373,0.009373705628254975,-0.017818280044141533,test,test
2024-05-15,0.010928297038047,0.009474177343810673,-0.017818280044141533,test,test
2024-05-16,-0.0056040849950639,0.009287560512824181,-0.017818280044141533,test,test
2024-05-17,0.0025103111803719,0.009025594340316138,-0.017818280044141533,test,test
2024-05-20,0.0010411348249191,0.008754353757280401,-0.017818280044141533,test,test
2024-05-21,-0.0004057094660808,0.008488242641171666,-0.017818280044141533,test,test
2024-05-22,-0.0005206862593472,0.008230644822741474,-0.017818280044141533,test,test
2024-05-23,-0.0015812999645633,0.007989301216058226,-0.017818280044141533,test,test
2024-05-24,-0.0057720000567781,0.00787389084030136,-0.017818280044141533,test,test
2024-05-27,0.0070443106348755,0.0078265960855483,-0.017818280044141533,test,test
2024-05-28,-0.0043802472530194,0.007663645599125511,-0.017818280044141533,test,test
2024-05-29,-0.0116766688698555,0.007961673931443765,-0.017818280044141533,test,test
2024-05-30,0.017177668385959,0.008791432997746835,-0.017818280044141533,test,test
2024-05-31,-0.0014298371535014,0.008530803160416465,-0.017818280044141533,test,test
2024-06-03,0.0066199927197111,0.00842837971526004,-0.017818280044141533,test,test
2024-06-04,-0.0097692326643452,0.0085147873701072,-0.017818280044141533,test,test
2024-06-05,0.0058923043113844,0.008380612312147985,-0.017818280044141533,test,test
2024-06-06,0.0079747752066454,0.008356817895510611,-0.017818280044141533,test,test
2024-06-07,-0.0034224533234974,0.008145490299760591,-0.017818280044141533,test,test
2024-06-10,-0.0041912006282699,0.007963795656122078,-0.017818280044141533,test,test
2024-06-11,-0.0161280390080834,0.008673150368354992,-0.0181566733735064,test,test
2024-06-12,0.006235308652096,0.008546512125574078,-0.0181566733735064,test,test
2024-06-13,-0.0160728450553123,0.009173902017797787,-0.0182158268463965,test,test
2024-06-14,-0.0066913359089391,0.009044185320580319,-0.0182158268463965,test,test
2024-06-17,-0.002988349874588,0.008799162739976883,-0.0182158268463965,test,test
2024-06-18,0.0098243139950782,0.008864015893349638,-0.0182158268463965,test,test
2024-06-19,-0.0010214928852064,0.008597623971480338,-0.0182158268463965,test,test
2024-06-20,0.0093712776657885,0.008645995627053793,-0.0182158268463965,test,test
2024-06-21,-0.0115534427808022,0.00884742721729925,-0.0182158268463965,test,test
2024-06-24,0.0125922479912122,0.009115603810599402,-0.0182158268463965,test,test
2024-06-25,-0.0047731658295821,0.008914906930759676,-0.0182158268463965,test,test
2024-06-26,-0.0079822350440771,0.008861715196675756,-0.0182158268463965,test,test
2024-06-27,-0.0071877299715676,0.008770290997568134,-0.0182158268463965,test,test
2024-06-28,-0.0007124671113176,0.008504903320684236,-0.0182158268463965,test,test
2024-07-01,0.0102997454894692,0.008623135340083968,-0.0182158268463965,test,test
2024-07-02,-0.013127317261052,0.008957485295334824,-0.0182158268463965,test,test
2024-07-03,0.0131092113439982,0.00925923515042511,-0.0182158268463965,test,test
2024-07-04,0.0008588308828026,0.00897962609832565,-0.0182158268463965,test,test
2024-07-05,-0.0038750788711148,0.008757661671315517,-0.0182158268463965,test,test
2024-07-08,-0.0001270449116102,0.008490925043648019,-0.0182158268463965,test,test
2024-07-09,-0.0112496392324013,0.008681205134230449,-0.0182158268463965,test,test
2024-07-10,0.0157305622624824,0.009256811469035323,-0.0182158268463965,test,test
2024-07-11,0.0088483773077399,0.009232814950906124,-0.0182158268463965,test,test
2024-07-12,0.0071898127601103,0.0091231455131518,-0.0182158268463965,test,test
2024-07-15,-0.0096099277763028,0.009153082525730808,-0.0182158268463965,test,test
2024-07-16,-0.0047226120562098,0.008949322232296468,-0.0182158268463965,test,test
2024-07-17,0.0013245986684367,0.0086827541719418,-0.0182158268463965,test,test
2024-07-18,0.0038017728423509,0.008469593580239878,-0.0182158268463965,test,test
2024-07-19,-0.0053969098837968,0.008317305613430562,-0.0182158268463965,test,test
2024-07-22,0.0050649242769541,0.008158806639640878,-0.0182158268463965,test,test
2024-07-23,0.0061638099672735,0.00805305603077644,-0.0182158268463965,test,test
2024-07-24,-0.0002319590748535,0.007807934237010435,-0.015109400441482566,test,test
2024-07-25,-0.0057703566629903,0.007700897855938483,-0.015109400441482566,test,test
2024-07-26,0.0018197599311757,0.0074795915458512035,-0.015109400441482566,test,test
2024-07-29,-0.0043171161182453,0.007328429695774359,-0.015109400441482566,test,test
2024-07-30,0.0075984493930577,0.007344910815543273,-0.015109400441482566,test,test
2024-07-31,-0.0123588858450568,0.007737918037486324,-0.015109400441482566,test,test
2024-08-01,-0.0192256766579086,0.00885779044676673,-0.017142186907101432,test,test
2024-08-02,-0.0168534417943616,0.009528648095184233,-0.017402385820117865,test,test
2024-08-05,-0.0236545388871615,0.010905029071414747,-0.0199112191131439,test,test
2024-08-06,-0.0031613890149488,0.010601138728255896,-0.0199112191131439,test,test
2024-08-07,0.0198677298964853,0.011372101620631306,-0.0199112191131439,test,test
2024-08-08,-0.0038757906436933,0.011066459178101716,-0.0199112191131439,test,test
2024-08-09,0.007595630130211,0.010889451016495477,-0.0199112191131439,test,test
2024-08-12,0.0007235427868629,0.010559201943522075,-0.0199112191131439,test,test
2024-08-13,0.0072625129107586,0.010390937713689352,-0.0199112191131439,test,test
2024-08-14,0.0027192331791321,0.010096382774069877,-0.0199112191131439,test,test
2024-08-15,0.0122559936015587,0.01023881297626779,-0.0199112191131439,test,test
2024-08-16,0.0058712974542226,0.010030534468360495,-0.0199112191131439,test,test
2024-08-19,0.0138582317199497,0.010300386381196536,-0.0199112191131439,test,test
2024-08-20,-0.0013249210323699,0.009991867041266297,-0.0199112191131439,test,test
2024-08-21,0.0024411985171008,0.009705912093364374,-0.0199112191131439,test,test
2024-08-22,0.0037177575868108,0.00945419214310388,-0.0199112191131439,test,test
2024-08-23,0.0108584142746661,0.009544273349376572,-0.0199112191131439,test,test
2024-08-26,-0.0011177993670246,0.009257566260473533,-0.0199112191131439,test,test
2024-08-27,0.0054355040398246,0.009073756847802976,-0.0199112191131439,test,test
2024-08-28,0.0004501197651419,0.008798024551070916,-0.0199112191131439,test,test
2024-08-29,0.0023445499032698,0.008549312059815524,-0.0199112191131439,test,test
2024-08-30,0.0038049105678709,0.008341099037903246,-0.0199112191131439,test,test
2024-09-02,-0.0005790698915124,0.008088239393518172,-0.0199112191131439,test,test
2024-09-03,-0.0102406336627183,0.008233266312131997,-0.0199112191131439,test,test
2024-09-04,-0.0058062238141075,0.008108156869182348,-0.0199112191131439,test,test
2024-09-05,0.0053007237733571,0.007967655596073335,-0.0199112191131439,test,test
2024-09-06,-0.0089546852792289,0.008030299300946555,-0.0199112191131439,test,test
2024-09-09,0.0088925735075598,0.008084629630741103,-0.0199112191131439,test,test
2024-09-10,-0.0061664975896667,0.007982549946081361,-0.0199112191131439,test,test
2024-09-11,0.0067075287344119,0.00791184516573474,-0.0199112191131439,test,test
2024-09-12,0.0106971580210758,0.008105998252814921,-0.0199112191131439,test,test
2024-09-13,0.0122056926382547,0.008408537993071862,-0.0199112191131439,test,test
2024-09-16,0.0035292153254039,0.00819808649374114,-0.0199112191131439,test,test
2024-09-17,0.0105136070536153,0.008355133800604214,-0.0199112191131439,test,test
2024-09-18,-0.0015991208203316,0.008110067596532112,-0.0199112191131439,test,test
2024-09-19,0.007961531291286,0.008101232218942284,-0.0199112191131439,test,test
2024-09-20,-0.0021078061217634,0.00787138720024186,-0.0199112191131439,test,test
2024-09-23,0.0037875470367367,0.007687778809389165,-0.0199112191131439,test,test
2024-09-24,0.0033086363299726,0.007497509646716593,-0.0199112191131439,test,test
2024-09-25,-0.0037580359899385,0.007327159198390072,-0.0199112191131439,test,test
2024-09-26,0.0135268583149318,0.00783865932132361,-0.0199112191131439,test,test
2024-09-27,0.0012290569248831,0.007605822770345314,-0.0199112191131439,test,test
2024-09-30,-0.0075990992889505,0.007605419529077193,-0.0199112191131439,test,test
2024-10-01,-0.0173076832893272,0.00850559909066328,-0.0200626329447991,test,test
2024-10-02,-0.0054717634338598,0.008354694168082636,-0.0200626329447991,test,test
2024-10-03,0.0007060673608454,0.008102022687622234,-0.0200626329447991,test,test
2024-10-04,0.0035399651153322,0.007902916329682786,-0.0200626329447991,test,test
2024-10-07,0.0049878661290509,0.007758959326765981,-0.0200626329447991,test,test
2024-10-08,0.001466830255007,0.007531165799805798,-0.0200626329447991,test,test
2024-10-09,0.0005792934820017,0.0073031147918002776,-0.0200626329447991,test,test
2024-10-10,-0.0072484357993239,0.007299845602113411,-0.0200626329447991,test,test
2024-10-11,0.0054156453964576,0.007200710657249268,-0.0200626329447991,test,test
2024-10-14,0.011107062876986,0.007492745202958461,-0.0200626329447991,test,test
2024-10-15,0.006669169774064,0.007445899970076614,-0.0200626329447991,test,test
2024-10-16,0.0055586114491684,0.0073463481034520325,-0.0200626329447991,test,test
2024-10-17,-0.0077151483522654,0.007368996639673239,-0.0200626329447991,test,test
2024-10-18,0.0017373446035467,0.00715717030419655,-0.0200626329447991,test,test
2024-10-21,-0.0070773269434535,0.007152404837350059,-0.0200626329447991,test,test
2024-10-22,-0.0007095957965548,0.006936691778620188,-0.0200626329447991,test,test
2024-10-23,0.0027428607462977,0.006758848153797889,-0.0200626329447991,test,test
2024-10-24,-0.002143041581625,0.0065739382638845744,-0.019271887990283433,test,test
2024-10-25,-0.00230842810517,0.006398702591817197,-0.017067618613068998,test,test
2024-10-28,0.0077161852708749,0.0064853035453311236,-0.012167667410424798,test,test
2024-10-29,-0.0091733476069048,0.0066771723603338065,-0.012240554852983433,test,test
2024-10-30,-0.0068310585240722,0.006686505404124591,-0.012240554852983433,test,test
2024-10-31,-0.0036258904536268,0.006543364436062403,-0.012240554852983433,test,test
2024-11-01,0.0144927942332257,0.007269741820431857,-0.012240554852983433,test,test
2024-11-04,-0.0032053673404031,0.0070918728242127345,-0.012240554852983433,test,test
2024-11-05,0.002884467703649,0.00691203224685203,-0.012240554852983433,test,test
2024-11-06,-0.0294778369150433,0.009851202492387637,-0.019008717955696267,test,test
2024-11-07,0.0064859112614317,0.00968232626008507,-0.019008717955696267,test,test
2024-11-08,-0.0016002287524606,0.009395543583100503,-0.019008717955696267,test,test
2024-11-11,0.0039483738614011,0.009160515500646692,-0.019008717955696267,test,test
2024-11-12,-0.0186864562712464,0.009991554456738213,-0.021823992158538964,test,test
2024-11-13,-0.0004833104387013,0.009687894826692576,-0.021823992158538964,test,test
2024-11-14,0.0128553037151296,0.009906539144381698,-0.021823992158538964,test,test
2024-11-15,0.0096373475850214,0.009890594262150679,-0.021823992158538964,test,test
2024-11-18,0.0033374759097001,0.009624071295135359,-0.021823992158538964,test,test
2024-11-19,-0.0074280245708243,0.009506624865729353,-0.021823992158538964,test,test
2024-11-20,9.488429558269306e-05,0.009217044078185495,-0.021823992158538964,test,test
2024-11-21,0.0019137115236205,0.008948542057486221,-0.021823992158538964,test,test
2024-11-22,0.0038592823856707,0.008727282755203054,-0.021823992158538964,test,test
2024-11-25,0.004724354201975,0.008540181952947598,-0.021823992158538964,test,test
2024-11-26,-0.0080498180713267,0.008511556824751406,-0.021823992158538964,test,test
2024-11-27,-0.0033107525027961,0.008292012333215632,-0.021823992158538964,test,test
2024-11-28,0.0026993893099392,0.0080665496081624,-0.021823992158538964,test,test
2024-11-29,0.002623420508684,0.007847165688069247,-0.021823992158538964,test,test
2024-12-02,0.0080422737451855,0.007859008766721196,-0.021823992158538964,test,test
2024-12-03,0.0117160384515691,0.008142119569718645,-0.021823992158538964,test,test
2024-12-04,0.0048728947180805,0.007983806773610533,-0.021823992158538964,test,test
2024-12-05,0.0155594202256772,0.008628002887574924,-0.021823992158538964,test,test
2024-12-06,-0.0038610088133262,0.008418451825705015,-0.021823992158538964,test,test
2024-12-09,-0.005024197252435,0.00825425131402574,-0.021823992158538964,test,test
2024-12-10,-0.0038370151759558,0.00805779535589114,-0.021823992158538964,test,test
2024-12-11,-0.0148351851668631,0.008616109631015757,-0.021823992158538964,test,test
2024-12-12,-0.0020803180119027,0.008369155742672038,-0.021823992158538964,test,test
2024-12-13,-0.0010800910718334,0.008118509566281336,-0.021823992158538964,test,test
2024-12-16,0.0022523777093891,0.007890499226530515,-0.021823992158538964,test,test
2024-12-17,-0.0163056167183831,0.008629992326488756,-0.021823992158538964,test,test
2024-12-18,0.0025683700449709,0.008390706345905196,-0.021823992158538964,test,test
2024-12-19,-0.015439767021989,0.008971226234234587,-0.021823992158538964,test,test
2024-12-20,0.0023922109114493,0.00871764225692711,-0.021823992158538964,test,test
2024-12-23,-0.0027594314654121,0.008479051659785656,-0.021823992158538964,test,test
2024-12-24,0.0033348665833169,0.008261231030183483,-0.021489969968224266,test,test
2024-12-27,0.005016134379491,0.0081032560179726,-0.021489969968224266,test,test
2024-12-30,0.0004508501268116,0.00785717433670982,-0.021489969968224266,test,test
2024-12-31,0.0050320613712926,0.007716888993802594,-0.021489969968224266,test,test
2025-01-02,0.0070385939587593,0.0076778813153817555,-0.021489969968224266,test,test
2025-01-03,-0.0021690885543347,0.0074629194363128246,-0.021489969968224266,test,test
2025-01-06,0.0133507458125454,0.007940277158084213,-0.021489969968224266,test,test
2025-01-07,0.0003133090250234,0.007698766850546387,-0.021489969968224266,test,test
2025-01-08,-0.001169062500788,0.007469722403528296,-0.021489969968224266,test,test
2025-01-09,0.0085410899954188,0.0075382995905719195,-0.021489969968224266,test,test
2025-01-10,-0.0151059521075009,0.008191934473531294,-0.021489969968224266,test,test
2025-01-13,-0.0027938037569729,0.007971803018104571,-0.021489969968224266,test,test
2025-01-14,0.0054521122069116,0.007843481140979353,-0.021489969968224266,test,test
2025-01-15,0.0123804269657362,0.008186909241930102,-0.021489969968224266,test,test
2025-01-16,-0.0048780708950322,0.008026935187160918,-0.021489969968224266,test,test
2025-01-17,0.0063729235201292,0.007937420011600376,-0.021489969968224266,test,test
2025-01-20,0.0022883429746893,0.007716000846831826,-0.021489969968224266,test,test
2025-01-21,-0.0013572302154647,0.0074883238014710005,-0.021489969968224266,test,test
2025-01-22,-0.003754729860667,0.007318222019994442,-0.021489969968224266,test,test
2025-01-23,0.0091144881921349,0.00743824070746367,-0.021489969968224266,test,test
2025-01-24,-0.0007425005467503,0.007213934970358059,-0.021489969968224266,test,test
2025-01-27,0.0012093564339541,0.007000439905478969,-0.021489969968224266,test,test
2025-01-28,0.0130098837799396,0.007498080680818338,-0.021489969968224266,test,test
2025-01-29,0.0108262935064028,0.007738246502115599,-0.021489969968224266,test,test
2025-01-30,0.0107747397736107,0.007953196365185242,-0.021489969968224266,test,test
2025-01-31,-0.0040905492017746,0.007775737138312504,-0.021489969968224266,test,test
2025-02-03,-0.0132740566112556,0.008210139919429723,-0.016810613337206168,test,test
2025-02-04,0.0135892664847893,0.008627983742595588,-0.016810613337206168,test,test
2025-02-05,0.0131598591701831,0.008964735961392687,-0.016810613337206168,test,test
2025-02-06,0.015379605822326,0.009472931854555139,-0.016810613337206168,test,test
2025-02-07,-0.0033123377526787,0.009220116405395974,-0.015617111949291001,test,test
2025-02-10,0.0015670252016127,0.008947471587898909,-0.015617111949291001,test,test
2025-02-11,0.0051798135725873,0.00876719117312314,-0.015617111949291001,test,test
2025-02-12,0.0106439220088768,0.008890973352000675,-0.015617111949291001,test,test
2025-02-13,0.0019189108925907,0.008632923946036425,-0.015617111949291001,test,test
2025-02-14,0.0015217033065855,0.008378225836283155,-0.015617111949291001,test,test
2025-02-17,0.0046895418931386,0.008203809862739808,-0.015617111949291001,test,test
2025-02-18,0.0097092591888289,0.00830183891242773,-0.015617111949291001,test,test
2025-02-19,-0.0164539841841152,0.009001628369361405,-0.0160664559748291,test,test
2025-02-20,0.0029115320897738,0.008756493342010459,-0.0160664559748291,test,test
2025-02-21,-0.0011651339213749,0.00849453102490287,-0.0160664559748291,test,test
2025-02-24,0.0046909867849792,0.008315524957215036,-0.0160664559748291,test,test
2025-02-25,0.0079526332773127,0.008294199211366184,-0.0160664559748291,test,test
2025-02-26,0.0162733240078672,0.008975264930923176,-0.0160664559748291,test,test
2025-02-27,-0.0046161277887446,0.00877499720177534,-0.0160664559748291,test,test
2025-02-28,0.0057630699106681,0.008623996743123807,-0.0160664559748291,test,test
2025-03-03,0.00193109483921,0.008374644366930863,-0.0160664559748291,test,test
2025-03-04,-0.0258603316421878,0.010298154850984191,-0.019539977514895366,test,test
2025-03-05,0.0138920078432552,0.010548371753487934,-0.019539977514895366,test,test
2025-03-06,0.0015275292149305,0.010233868212017544,-0.019539977514895366,test,test
2025-03-07,0.0017288256850274,0.009931136156605607,-0.019539977514895366,test,test
2025-03-10,-0.0132424668332776,0.010160294932195831,-0.019539977514895366,test,test
2025-03-11,-0.0158247054694325,0.010585980148966332,-0.019539977514895366,test,test
2025-03-12,-0.0057084340973252,0.010358299588352375,-0.019539977514895366,test,test
2025-03-13,0.001350213066586,0.010048188526289109,-0.019539977514895366,test,test
2025-03-14,0.0142414573266921,0.010347814914634719,-0.01937967376524517,test,test
2025-03-17,0.0108595305497163,0.010379229322194294,-0.01937967376524517,test,test
2025-03-18,0.0156595743871882,0.01076930979416085,-0.01937967376524517,test,test
2025-03-19,0.0039905753744964,0.010486888620807627,-0.01937967376524517,test,test
2025-03-20,-0.0076213802052093,0.01033738212230023,-0.01937967376524517,test,test
2025-03-21,0.0032937880302927,0.010054885547295663,-0.01937967376524517,test,test
2025-03-24,-0.0020170131212625,0.009761085005415279,-0.01937967376524517,test,test
2025-03-25,0.0120116637146863,0.009910542748288264,-0.01937967376524517,test,test
2025-03-26,-0.0038712072104306,0.009655304284572057,-0.01937967376524517,test,test
2025-03-27,-0.000714999658633,0.009362803012385004,-0.01937967376524517,test,test
2025-03-28,-0.008476800048681,0.00931202039182267,-0.01937967376524517,test,test
2025-03-31,-0.0131521189126983,0.00958590602210784,-0.01937967376524517,test,test
2025-04-01,0.0122275404742088,0.009764577992504705,-0.01937967376524517,test,test
2025-04-02,0.0039929347628103,0.009517498413480737,-0.01937967376524517,test,test
2025-04-03,-0.0119814252264854,0.009683030647222153,-0.01937967376524517,test,test
2025-04-04,-0.0600808612737825,0.017456174009447517,-0.0341317257000285,test,test
2025-04-07,-0.0525736937228119,0.021266746969972307,-0.046171628879594064,test,test
2025-04-08,0.0234629956768462,0.02140487759954817,-0.046171628879594064,test,test
2025-04-09,-0.0224623082470999,0.021469792161448713,-0.046171628879594064,test,test
2025-04-10,0.0423208381615996,0.023254205157142542,-0.046171628879594064,test,test
2025-04-11,-0.0017565232639095,0.02254989349153662,-0.046171628879594064,test,test
2025-04-14,0.0260138711921377,0.022772595907250774,-0.046171628879594064,test,test
2025-04-15,0.0211470822745123,0.02267835095894625,-0.046171628879594064,test,test
2025-04-16,0.0048641769953544,0.022019735674041096,-0.046171628879594064,test,test
2025-04-17,-0.0018638455934593,0.021353806893131145,-0.046171628879594064,test,test
2025-04-22,0.0071426921976012,0.02077707986722791,-0.046171628879594064,test,test
2025-04-23,0.0150810252718587,0.02048004063315412,-0.046171628879594064,test,test
2025-04-24,-0.0021676232054837,0.019863233772403784,-0.046171628879594064,test,test
2025-04-25,0.0132355133078401,0.019529103955242117,-0.046171628879594064,test,test
2025-04-28,0.007519210620308,0.019023539600140853,-0.046171628879594064,test,test
2025-04-29,-0.0066509747279448,0.01851581711059345,-0.046171628879594064,test,test
2025-04-30,-0.0059352247493617,0.01801052380820987,-0.046171628879594064,test,test
2025-05-02,0.0118874309838265,0.01770296276613164,-0.046171628879594064,test,test
2025-05-05,0.0052883933692371,0.017212472905505708,-0.046171628879594064,test,test
2025-05-06,0.0009021077965837,0.016689574530826166,-0.046171628879594064,test,test
2025-05-07,-0.0036874308630776,0.016206332494460303,-0.046171628879594064,test,test
2025-05-08,0.000630346359395,0.015713380932749897,-0.046171628879594064,test,test
2025-05-09,0.0048219017917717,0.015280404580076245,-0.046171628879594064,test,test
2025-05-12,0.0074386545928103,0.01492653118484112,-0.046171628879594064,test,test
2025-05-13,0.0082992124020865,0.014613893006622471,-0.046171628879594064,test,test
2025-05-14,0.0051504923064013,0.014224752051982014,-0.046171628879594064,test,test
2025-05-15,0.0064817441471038,0.013882497510003571,-0.046171628879594064,test,test
2025-05-16,0.0095947328630021,0.0136632297357207,-0.046171628879594064,test,test
2025-05-19,0.0024499808089842,0.013260579186456407,-0.046171628879594064,test,test
2025-05-20,0.0157907179065983,0.01342584034833611,-0.046171628879594064,test,test
2025-05-21,-0.0011037534737966,0.013019642622565504,-0.046171628879594064,test,test
2025-05-22,-0.0024562284597485,0.01263734196233344,-0.046171628879594064,test,test
2025-05-23,-0.0118691012945101,0.01259256928084721,-0.046171628879594064,test,test
2025-05-26,0.008296400597549,0.012376924044360187,-0.046171628879594064,test,test
2025-05-27,0.0012860027596689,0.012004006916765009,-0.046171628879594064,test,test
2025-05-28,-0.0098305889514568,0.011884815517383006,-0.046171628879594064,test,test
2025-05-29,0.0011340602297735,0.01152610407056866,-0.046171628879594064,test,test
2025-05-30,0.0025187206393034,0.011191990339630205,-0.04503895441456477,test,test
2025-06-02,0.0035690116794792,0.010886196744443341,-0.04503895441456477,test,test
2025-06-03,-0.0052521308362805,0.010632676778896722,-0.04503895441456477,test,test
2025-06-04,-0.0019200058148226,0.01031948505959272,-0.04503895441456477,test,test
2025-06-05,0.0072355299325917,0.010160877874759333,-0.04503895441456477,test,test
2025-06-06,0.0030859362631379,0.009880294175369288,-0.04503895441456477,test,test
2025-06-09,0.0002596728582062,0.009579511783589153,-0.04503895441456477,test,test
2025-06-10,-0.0021213671667697,0.009302205930347002,-0.04503895441456477,test,test
2025-06-11,-0.0061364600076112,0.009143223804864927,-0.04503895441456477,test,test
2025-06-12,-0.0032030087086813,0.008899336207851181,-0.04503895441456477,test,test
2025-06-13,-0.0127361696762129,0.009174905717511537,-0.04503895441456477,test,test
2025-06-16,0.0142893364342425,0.009559250460866194,-0.04503895441456477,test,test
2025-06-17,-0.0142102210522791,0.009900117986793617,-0.04503895441456477,test,test
2025-06-18,0.0008263008304637,0.00960065426765457,-0.04503895441456477,test,test
2025-06-19,-0.0128886529345572,0.00982900051343269,-0.04503895441456477,test,test
2025-06-20,0.0076390043093862,0.009711537429151254,-0.04503895441456477,test,test
2025-06-23,-0.000787254072709,0.0094176593600553,-0.04503895441456477,test,test
2025-06-24,0.0140416821267977,0.00975709483246508,-0.04503895441456477,test,test
2025-06-25,-0.0160380218812457,0.010243140843868776,-0.04503895441456477,test,test
2025-06-26,0.00026786514504,0.009931310255482325,-0.04503895441456477,test,test
2025-06-27,0.0110494384806323,0.010001923486582277,-0.04503895441456477,test,test
2025-06-30,0.0016380299221762,0.009705521807049637,-0.04503895441456477,test,test
2025-07-01,-0.0003216663685761,0.009410182383431762,-0.04503895441456477,test,test
2025-07-02,0.0040810001523715,0.009178110604841383,-0.030358007950385832,test,test
2025-07-03,0.0097990886837043,0.009216549232770682,-0.0175701837268749,test,test
2025-07-04,-0.0149101450367791,0.009653333024170875,-0.017803491721708233,test,test
2025-07-07,0.0072590543582603,0.009526660505003094,-0.0150527959901013,test,test
2025-07-08,0.0003338882791453,0.009236802132659748,-0.0150527959901013,test,test
2025-07-09,0.0123458196523444,0.00945222506042498,-0.0150527959901013,test,test
2025-07-10,-0.0079448777709299,0.009368625835470826,-0.0150527959901013,test,test
2025-07-11,-0.0094065100268197,0.00937090320595768,-0.0150527959901013,test,test
2025-07-14,0.0019111871306572,0.009097480720320633,-0.0150527959901013,test,test
2025-07-15,-0.0115584058669618,0.00926359060517758,-0.0150527959901013,test,test
2025-07-16,0.000792495815689,0.008983481909782383,-0.0150527959901013,test,test
2025-07-17,0.0078048476141215,0.008917158132878635,-0.0150527959901013,test,test
2025-07-18,-0.0003930887895239,0.008646041738538203,-0.0150527959901013,test,test
2025-07-21,0.0030334956614443,0.008415516694508551,-0.0150527959901013,test,test
2025-07-22,0.0007124283420341,0.008161012143721573,-0.0150527959901013,test,test
2025-07-23,0.0018784035248506,0.0079257615435681,-0.0150527959901013,test,test
2025-07-24,0.0133173090425288,0.00834803434892466,-0.0150527959901013,test,test
2025-07-25,-0.0013476755188922,0.008100448790013409,-0.0150527959901013,test,test
2025-07-28,-0.0012017648375994,0.007859191350714483,-0.0150527959901013,test,test
2025-07-29,0.0089261615181237,0.007927260367414113,-0.0150527959901013,test,test
2025-07-30,0.0022903846498622,0.007706213157411852,-0.0150527959901013,test,test
2025-07-31,0.0011398026675722,0.007476665497471434,-0.0150527959901013,test,test
2025-08-01,-0.0189532139456026,0.008608133042389743,-0.016633793621209134,test,test
2025-08-04,0.0181957978720008,0.009461457647681762,-0.016633793621209134,test,test
2025-08-05,0.0014864688580678,0.009180446903593719,-0.016633793621209134,test,test
2025-08-06,0.0089206758714329,0.009165068276282027,-0.016633793621209134,test,test
2025-08-07,0.0105587008660236,0.009254606299409315,-0.016633793621209134,test,test
2025-08-08,0.0090799447815847,0.009244219671007402,-0.016633793621209134,test,test
2025-08-11,0.0020888931872681,0.008977197222471983,-0.016633793621209134,test,test
2025-08-12,0.0002086232392164,0.008703865646495564,-0.016633793621209134,test,test
2025-08-13,0.0107702722571647,0.008841479877843868,-0.016633793621209134,test,test
2025-08-14,0.0123404030228461,0.009089477061441713,-0.016633793621209134,test,test
2025-08-15,0.0046451161038157,0.008885724724102264,-0.016633793621209134,test,test
2025-08-18,-0.0016705486017529,0.008624742407632823,-0.016633793621209134,test,test
2025-08-19,0.0034101657550918,0.008403616157986446,-0.016633793621209134,test,test
2025-08-20,-0.0007648211758376,0.008149761698650162,-0.016633793621209134,test,test
2025-08-21,0.0007648211758376,0.007903707730297133,-0.016633793621209134,test,test
2025-08-22,0.0060585321233572,0.007805307733983728,-0.016633793621209134,test,test
2025-08-25,-0.0085643026167746,0.00785291639147881,-0.016633793621209134,test,test
2025-08-26,-0.0096233198526663,0.007970238089271013,-0.016633793621209134,test,test
2025-08-27,-0.006529469812485,0.007891213598022527,-0.016633793621209134,test,test
2025-08-28,0.0033563433899015,0.007694860582472877,-0.016633793621209134,test,test
2025-08-29,-0.009037931435731,0.007781984252033128,-0.016633793621209134,test,test
2025-09-01,0.000241041795964,0.007545144679447983,-0.016633793621209134,test,test
2025-09-02,-0.0158688638583214,0.008283882311393036,-0.016953366561723235,test,test
2025-09-03,0.0057775538163654,0.008155252998290716,-0.016953366561723235,test,test
2025-09-04,0.0086778998119488,0.008187552692162365,-0.016953366561723235,test,test
2025-09-05,-0.0045281383969741,0.008015241741971862,-0.016953366561723235,test,test
2025-09-08,0.0101363742573357,0.00815807692758532,-0.016953366561723235,test,test
2025-09-09,0.0014454223936591,0.007917469340690963,-0.016953366561723235,test,test
2025-09-10,0.0128037889589869,0.008292247115077494,-0.016953366561723235,test,test
2025-09-11,0.0067979229754932,0.008210261012373763,-0.016953366561723235,test,test
2025-09-12,-0.0008553590606233,0.007962900293560242,-0.016953366561723235,test,test
2025-09-15,0.0056606062966811,0.007843842300737083,-0.016953366561723235,test,test
2025-09-16,-0.0151712298520506,0.008464294609117027,-0.016953366561723235,test,test
2025-09-17,-0.0023835609492247,0.008227181048454692,-0.016664435885324867,test,test
2025-09-18,0.0031812606859477,0.00801452074031419,-0.016664435885324867,test,test
2025-09-19,0.0056051876801075,0.007890733671266853,-0.016664435885324867,test,test
2025-09-22,-0.0117457778294934,0.008173472640671267,-0.016664435885324867,test,test
2025-09-23,0.0050065212077699,0.00801880483510882,-0.016664435885324867,test,test
2025-09-24,0.0023984233247338,0.007796685397733344,-0.016664435885324867,test,test
2025-09-25,-0.0026953364166262,0.007587944076209453,-0.016664435885324867,test,test
2025-09-26,0.0128968183241698,0.008006369774039901,-0.016664435885324867,test,test
2025-09-29,-0.0022239497419223,0.007781554901715718,-0.016664435885324867,test,test
2025-09-30,0.0103082105397552,0.007955815053093314,-0.016664435885324867,test,test
2025-10-01,0.0041142907406553,0.007779006161933741,-0.016664435885324867,test,test
2025-10-02,-0.0027452641294821,0.007571944873267119,-0.016664435885324867,test,test
2025-10-03,0.0057204593789291,0.0074738014118872,-0.016664435885324867,test,test
2025-10-06,-0.0018238780104708,0.007259878576911063,-0.016664435885324867,test,test
2025-10-07,-0.0019109825512586,0.007054260981355563,-0.016664435885324867,test,test
2025-10-08,0.009697134220681,0.007240090250758286,-0.016664435885324867,test,test
2025-10-09,-0.0059815104670995,0.007170807519161208,-0.016664435885324867,test,test
2025-10-10,-0.006973323346297,0.00715911209283442,-0.016664435885324867,test,test
2025-10-13,0.0041975302019604,0.007016756258278046,-0.016664435885324867,test,test
2025-10-14,0.0028784896031755,0.006839438458567665,-0.016664435885324867,test,test
2025-10-15,-0.0010335232723459,0.00663591241232818,-0.016664435885324867,test,test
2025-10-16,0.0048372569388086,0.0065419535930002475,-0.016664435885324867,test,test
2025-10-17,-0.0028610983261224,0.006381260096728164,-0.016664435885324867,test,test
2025-10-20,0.0144580652051586,0.007128772023663438,-0.016664435885324867,test,test
2025-10-21,-0.0038739989357824,0.006976438862106592,-0.016664435885324867,test,test
2025-10-22,0.0009192138744261,0.006767655021772659,-0.016664435885324867,test,test
2025-10-23,0.0006714799233148,0.0065635461711902425,-0.016664435885324867,test,test
2025-10-24,0.0043786296692108,0.0064533459466908265,-0.014261957179955135,test,test
2025-10-27,0.0087064450804144,0.006610224249562717,-0.014261957179955135,test,test
2025-10-28,0.0054102580396353,0.006544433839153917,-0.014261957179955135,test,test
2025-10-29,0.0039147250046321,0.006417113192882965,-0.014261957179955135,test,test
2025-10-30,-0.0068219240838047,0.006442119225749235,-0.014261957179955135,test,test
2025-10-31,-0.000480168341567,0.006246973652082778,-0.014261957179955135,test,test
2025-11-03,0.0002744275392405,0.006057038686494009,-0.014261957179955135,test,test
2025-11-04,-3.738982257989776e-05,0.005872524028953301,-0.014261957179955135,test,test
2025-11-05,0.0038587497307631,0.005771545991454607,-0.014261957179955135,test,test
2025-11-06,0.0012167474674647,0.0056036530056349934,-0.014261957179955135,test,test
2025-11-07,-0.0135294796724229,0.006363935936156071,-0.014856524460931634,test,test
2025-11-10,0.0175232312076315,0.007516216979365044,-0.014856524460931634,test,test
2025-11-11,0.0126678109323538,0.007920373264506756,-0.014856524460931634,test,test
2025-11-12,0.0137558745587507,0.008385810573983394,-0.014856524460931634,test,test
2025-11-13,-0.0023137513948931,0.008150074636149657,-0.014856524460931634,test,test
2025-11-14,-0.0140632202657224,0.00862001992079223,-0.015034437992031469,test,test
2025-11-17,-0.0106586971687275,0.008755736882115747,-0.015034437992031469,test,test
2025-11-18,-0.0216010857481435,0.010002977905495461,-0.017547059819505165,test,test
2025-11-19,0.0039285720716094,0.009745871621895618,-0.017547059819505165,test,test
2025-11-20,0.0062488414921496,0.009572145739064085,-0.017547059819505165,test,test
2025-11-21,-0.010499674960281,0.009630317028176323,-0.017547059819505165,test,test
2025-11-24,0.0091791012542971,0.009603841923396606,-0.017547059819505165,test,test
2025-11-25,0.0107822653609613,0.0096785943032584,-0.01694517862197217,test,test
2025-11-26,0.0135500946329869,0.009953440626216444,-0.01694517862197217,test,test
2025-11-27,4.2795432259624e-05,0.009650224420632942,-0.01694517862197217,test,test
2025-11-28,0.0005987648796461,0.00935738920048383,-0.01694517862197217,test,test
2025-12-01,0.0010622755669149,0.009076056106766607,-0.01694517862197217,test,test
2025-12-02,0.0051183456914983,0.008888428125548724,-0.01694517862197217,test,test
2025-12-03,0.0068121074446986,0.008777710051075392,-0.01694517862197217,test,test
2025-12-04,0.0096543980486722,0.008832765490900191,-0.01694517862197217,test,test
2025-12-05,-0.0034753698078949,0.008605891770310658,-0.01694517862197217,test,test
2025-12-08,0.0014190854252433,0.008350959165222336,-0.01694517862197217,test,test
2025-12-09,0.0013335118307999,0.008103141555509893,-0.016397928562096268,test,test
2025-12-10,0.0016717918930893,0.007866952534021122,-0.016397928562096268,test,test
2025-12-11,0.0071629498872597,0.007826498368199694,-0.016397928562096268,test,test
2025-12-12,-0.0016954250116831,0.007599427614182595,-0.016397928562096268,test,test
2025-12-15,0.011033927089411,0.007847998144767568,-0.016397928562096268,test,test
2025-12-16,-0.0070370364709109,0.007801717972666949,-0.016397928562096268,test,test
2025-12-17,0.0009627159737787,0.0075677212189867666,-0.016397928562096268,test,test
2025-12-18,0.0114116784448237,0.007851609037457713,-0.016397928562096268,test,test
2025-12-19,0.0021690135988237,0.0076309354477662366,-0.016397928562096268,test,test
2025-12-22,-0.0006875349685263,0.007400382930597144,-0.016397928562096268,test,test
2025-12-23,0.0014443918020279,0.007183655304158955,-0.016397928562096268,test,test
2025-12-24,-0.0005763463158284,0.006966242877030555,-0.016397928562096268,test,test
2025-12-29,0.0013326307502604,0.006761906662729425,-0.016397928562096268,test,test
2025-12-30,0.0092096963897338,0.006933187525806674,-0.016397928562096268,test,test
2025-12-31,-0.0027175976926126,0.006754854857438077,-0.016397928562096268,test,test
2026-01-02,0.0106092111326019,0.00704582869134064,-0.016397928562096268,test,test
2026-01-05,0.0069502482935025,0.0070401304612440156,-0.016397928562096268,test,test
2026-01-06,0.0018546702847715,0.006840761566417045,-0.016397928562096268,test,test
2026-01-07,-0.002877083928802,0.00666970122239795,-0.016397928562096268,test,test
2026-01-08,0.0033076347644348,0.006517073453352138,-0.016397928562096268,test,test
2026-01-09,-0.0003228680804351,0.006319032065154106,-0.016397928562096268,test,test
2026-01-12,0.0014042366277201,0.0061361770750538855,-0.016397928562096268,test,test
2026-01-13,0.0007521770432934,0.0059520967035910375,-0.016397928562096268,test,test
2026-01-14,0.0004860898419087,0.0057720000743962,-0.016397928562096268,test,test
2026-01-15,-0.002999572254662,0.005644189205719121,-0.016397928562096268,test,test
2026-01-16,0.0038582354969217,0.0055532529522381085,-0.016397928562096268,test,test
2026-01-19,-0.0025779836793687,0.005420983420147517,-0.016397928562096268,test,test
2026-01-20,-0.0134611069515572,0.006204508166543027,-0.016397928562096268,test,test
2026-01-21,0.0005965476703937,0.006017268353726656,-0.016397928562096268,test,test
2026-01-22,0.012756975896335,0.006618118567651612,-0.016397928562096268,test,test
2026-01-23,-0.0067598913031978,0.006626710465896957,-0.016397928562096268,test,test
2026-01-26,0.0077275044143812,0.006697861865652011,-0.016397928562096268,test,test
2026-01-27,0.006966408560411,0.006714277567311928,-0.016397928562096268,test,test
2026-01-28,-0.0110981410787458,0.007054555689770858,-0.016397928562096268,test,test
2026-01-29,-0.0010171457904029,0.006844181890833246,-0.016397928562096268,test,test
2026-01-30,0.0164196668511226,0.007759419036218655,-0.016397928562096268,test,test
2026-02-02,0.0130181958384549,0.008170953073305242,-0.016397928562096268,test,test
2026-02-03,0.00022078467913,0.007922217519802098,-0.016397928562096268,test,test
2026-02-04,-0.0009220561317277,0.0076841948085534075,-0.016375137655141033,test,test
2026-02-05,-0.0198729627692467,0.008899444803925868,-0.018512422927704202,test,test
2026-02-06,0.0110397422311991,0.009042160431053797,-0.018512422927704202,test,test
2026-02-09,0.0139354758529254,0.009407809233828465,-0.018512422927704202,test,test
2026-02-10,-0.0040201392115168,0.009174211315535528,-0.018512422927704202,test,test
2026-02-11,-0.0042912371798471,0.0089566214086784,-0.01831171848964913,test,test
2026-02-12,-0.0082133938869223,0.008913775484237666,-0.01831171848964913,test,test
2026-02-13,-0.0126234126757751,0.009178730992646414,-0.015319160798859666,test,test
2026-02-16,0.0098873344885761,0.00922278263186252,-0.015319160798859666,test,test
2026-02-17,0.0059994699719737,0.009061774368344573,-0.015319160798859666,test,test
2026-02-18,0.0134152971732315,0.009380139727924433,-0.015319160798859666,test,test
2026-02-19,-0.0099627164589778,0.009416110831494197,-0.015319160798859666,test,test
2026-02-20,0.009308559487262,0.00940969241703453,-0.015319160798859666,test,test
2026-02-23,0.0056312727640149,0.009226724590924421,-0.015319160798859666,test,test
2026-02-24,-0.0054388355460633,0.009044299630263836,-0.015319160798859666,test,test
2026-02-25,0.0148158942667595,0.009490102097938618,-0.015319160798859666,test,test
2026-02-26,0.0019265115030075,0.009213088643544804,-0.015319160798859666,test,test
2026-02-27,-0.0073689105137329,0.009112968382593543,-0.015319160798859666,test,test
2026-03-02,-0.0265967313292655,0.01097754928122341,-0.019976933683356467,test,test
2026-03-03,-0.0467440334323915,0.015632545302032536,-0.031071242510301234,test,test
2026-03-04,0.0245805127154725,0.01630846346484622,-0.031071242510301234,test,test
2026-03-05,-0.0139239491479199,0.01617530844656763,-0.031071242510301234,test,test
2026-03-06,-0.0099535099585643,0.015870932826107614,-0.031071242510301234,test,test
2026-03-09,-0.0085994644249439,0.015530948636458868,-0.031071242510301234,test,test
2026-03-10,0.0300722504386431,0.016762999683889883,-0.031071242510301234,test,test
2026-03-11,-0.005351041643262,0.01630510005176424,-0.031071242510301234,test,test
2026-03-12,-0.0122929313581895,0.016092603273516352,-0.031071242510301234,test,test
2026-03-13,-0.0047135462724299,0.015645018965133987,-0.031071242510301234,test,test
2026-03-16,0.0017628557536317,0.015174553731122533,-0.031071242510301234,test,test
2026-03-17,0.0092783219068886,0.014886782443727462,-0.031071242510301234,test,test
2026-03-18,0.0029177214230653,0.014450954983440253,-0.031071242510301234,test,test
2026-03-19,-0.0229917579131034,0.015100249993079481,-0.0321108408915868,test,test
2026-03-20,-0.0114160049560938,0.01490489875885578,-0.0321108408915868,test,test
2026-03-23,0.0103684153651034,0.014672317091108509,-0.0321108408915868,test,test
2026-03-24,0.0013018370173829,0.01422891289838765,-0.0321108408915868,test,test
2026-03-25,0.0152409295694393,0.01429165492803912,-0.0321108408915868,test,test
2026-03-26,-0.0121292441903992,0.014171218381813053,-0.0321108408915868,test,test
2026-03-27,-0.0095009444787868,0.013935210847305948,-0.0321108408915868,test,test
2026-03-30,0.0098722052183143,0.013725389664038383,-0.0321108408915868,test,test
2026-03-31,0.0047268300523757,0.013357534109428757,-0.0321108408915868,test,test
2026-04-01,0.0306579472134099,0.01497040006398938,-0.0321108408915868,test,test
2026-04-02,-0.0013945693442921,0.014518360610299704,-0.0321108408915868,test,test
2026-04-07,-0.0063771054933598,0.014162481265317396,-0.0321108408915868,test,test
2026-04-08,0.0386819288536083,0.016682890044748697,-0.0321108408915868,test,test
2026-04-09,-0.0015122799201337,0.016178903252812755,-0.0321108408915868,test,test
2026-04-10,0.0054752313869095,0.015743258409886263,-0.0321108408915868,test,test
2026-04-13,-0.0099647227309958,0.015457584422708637,-0.0321108408915868,test,test
2026-04-14,0.0144480369321593,0.015398878124254283,-0.0321108408915868,test,test
2026-04-15,-0.0055000742979718,0.014990429269153418,-0.0321108408915868,test,test
2026-04-16,-0.0053094532866625,0.01459183364575121,-0.0321108408915868,test,test
2026-04-17,0.0216008836188053,0.015104376947870134,-0.0321108408915868,test,test
2026-04-20,-0.0121703596592752,0.014944588654710992,-0.0321108408915868,test,test
2026-04-21,-0.0064994408612021,0.01457651707869549,-0.0321108408915868,test,test
2026-04-22,-0.007535470593175,0.014252486034387387,-0.0321108408915868,test,test
2026-04-23,-0.0067145571673099,0.013915835344957463,-0.0321108408915868,test,test
