date,sample_split_main,ret_1d,regime,regime_t_plus_1,regime_pred,proba_0,proba_1,proba_2
2021-01-04,test,0.0031534258562526,2,0,2,0.03183824,0.0012024808,0.9669593
2021-01-05,test,-0.0009511875089005,0,2,2,0.070464924,0.0011708551,0.9283642
2021-01-06,test,0.0314833149963947,2,2,2,0.002664234,0.00220045,0.99513537
2021-01-07,test,0.0042423329295163,2,2,2,0.008712671,0.0018864273,0.9894009
2021-01-08,test,0.0026081999630999,2,2,2,0.010410704,0.0020089052,0.9875804
2021-01-11,test,-0.0059886365516977,2,2,2,0.019356173,0.0014732078,0.9791707
2021-01-12,test,-0.0013888921978028,2,2,2,0.07527966,0.0013271869,0.9233931
2021-01-13,test,0.0018195035545821,2,0,2,0.11089188,0.001144793,0.8879633
2021-01-14,test,0.0013506777384324,0,2,2,0.11697992,0.001148933,0.88187116
2021-01-15,test,-0.0170695389275313,2,2,2,0.022917166,0.00095428934,0.9761286
2021-01-18,test,0.0028874167059891,2,2,2,0.070815645,0.0011659634,0.9280184
2021-01-19,test,-0.0067463105717455,2,0,2,0.07056164,0.0012882254,0.9281501
2021-01-20,test,0.0006217860844281,0,2,2,0.4204186,0.00059687,0.57898456
2021-01-21,test,-0.0100452282482707,2,2,2,0.27796608,0.0011631744,0.7208708
2021-01-22,test,-0.0106075438800713,2,2,2,0.31214753,0.0010020741,0.6868504
2021-01-25,test,-0.0174603053980165,2,2,2,0.07991841,0.00073217513,0.9193494
2021-01-26,test,0.0085234719224527,2,2,2,0.1688589,0.000692432,0.8304487
2021-01-27,test,-0.0141869295205548,2,2,2,0.072846405,0.0007177662,0.9264358
2021-01-28,test,0.0101107979012053,2,2,2,0.21818514,0.00089825224,0.7809166
2021-01-29,test,-0.0223081271348153,2,2,2,0.01017754,0.0007787321,0.9890437
2021-02-01,test,0.0052328455389059,2,2,2,0.042019967,0.00094711565,0.9570329
2021-02-02,test,0.0193921546442005,2,2,2,0.017154342,0.0010667891,0.98177886
2021-02-03,test,0.0077551211449654,2,2,2,0.028888848,0.00091988617,0.97019124
2021-02-04,test,0.0136100733201,2,2,2,0.041997228,0.0012656401,0.9567371
2021-02-05,test,0.0112749440462135,2,2,2,0.04490409,0.0010714795,0.95402443
2021-02-08,test,0.0005232911315792,2,2,2,0.06036145,0.0012685179,0.93837005
2021-02-09,test,-0.0144610363180087,2,2,2,0.050110277,0.0015660434,0.9483237
2021-02-10,test,-0.0044042155849432,2,2,2,0.051638592,0.0018362233,0.9465252
2021-02-11,test,-0.003452751947517,2,2,2,0.050951414,0.0021299268,0.9469186
2021-02-12,test,0.0021624733130437,2,2,2,0.115304604,0.002018111,0.88267726
2021-02-15,test,0.0182678758438622,2,2,2,0.02378003,0.001637504,0.97458243
2021-02-16,test,-0.0060890565573689,2,2,2,0.08943002,0.0017264213,0.9088436
2021-02-17,test,-0.0038092006512739,2,2,2,0.093802035,0.0009202386,0.9052778
2021-02-18,test,-0.0079848264256864,2,2,2,0.08099725,0.0011075272,0.91789526
2021-02-19,test,0.0115364301446587,2,2,2,0.123819396,0.0009853567,0.8751952
2021-02-22,test,-0.0048451135294895,2,2,2,0.31426054,0.0009026135,0.6848368
2021-02-23,test,0.0170985406198608,2,2,2,0.10441768,0.0010480784,0.8945343
2021-02-24,test,0.0021184269623731,2,2,2,0.48339397,0.00055983145,0.5160462
2021-02-25,test,0.005811680273105,2,2,0,0.53627455,0.0006427305,0.46308273
2021-02-26,test,-0.0112194766575434,2,2,0,0.50314945,0.0007375785,0.49611297
2021-03-01,test,0.0184428152005568,2,2,2,0.21107736,0.0009931577,0.7879294
2021-03-02,test,-0.0026652267156799,2,2,0,0.5702935,0.0007383028,0.42896822
2021-03-03,test,-0.003176489550878,2,2,0,0.53724486,0.0008594589,0.46189567
2021-03-04,test,0.002961070489549,2,2,0,0.6998812,0.0007926057,0.2993262
2021-03-05,test,-0.0080766022544971,2,2,0,0.52707344,0.0012518362,0.4716747
2021-03-08,test,0.0188159744720022,2,2,2,0.13784155,0.001342329,0.86081606
2021-03-09,test,0.0061627520534573,2,2,0,0.69842964,0.0011903779,0.30037996
2021-03-10,test,0.0033839158690198,2,0,0,0.8097396,0.0006995532,0.18956092
2021-03-11,test,0.00792141211612,0,0,0,0.8585059,0.0006388748,0.14085525
2021-03-12,test,0.0059753622316077,0,0,0,0.91250616,0.00053805957,0.08695579
2021-03-15,test,-0.0010532016979761,0,0,0,0.95939475,0.00058693,0.04001838
2021-03-16,test,0.0025790420794928,0,0,0,0.9653757,0.00036159955,0.034262717
2021-03-17,test,-0.0067450589098001,0,0,0,0.9404285,0.00042489957,0.05914663
2021-03-18,test,0.0029144777040249,0,0,0,0.960538,0.00031188576,0.039150085
2021-03-19,test,-0.0153762449405627,0,2,0,0.8173268,0.00089631684,0.1817769
2021-03-22,test,-0.0177595021930517,2,2,2,0.24994995,0.00070877187,0.74934125
2021-03-23,test,0.0055934608100608,2,0,0,0.54217607,0.0007769246,0.45704702
2021-03-24,test,0.0063443708855085,0,0,0,0.7029097,0.0007612942,0.29632896
2021-03-25,test,-0.0040586051150395,0,0,0,0.7810776,0.0008000011,0.21812235
2021-03-26,test,0.0104923801625344,0,0,0,0.80372787,0.00074206165,0.19553012
2021-03-29,test,-0.0007181257858666,0,0,0,0.8983416,0.00061356113,0.101044826
2021-03-30,test,0.0120676570681467,0,0,0,0.85569525,0.0006374819,0.14366724
2021-03-31,test,-0.0017700171302941,0,0,0,0.9212055,0.0005545215,0.07824001
2021-04-01,test,-0.0002798049488634,0,0,0,0.93696946,0.0005619787,0.062468573
2021-04-06,test,0.0066232336315358,0,0,0,0.96459043,0.00044891232,0.03496068
2021-04-07,test,-0.0043174647788214,0,0,0,0.9616326,0.0004178492,0.037949495
2021-04-08,test,0.0046880207476131,0,0,0,0.9666463,0.00034701845,0.033006664
2021-04-09,test,-0.0083703901526353,0,0,0,0.95509607,0.00057460275,0.044329353
2021-04-12,test,-0.0038834321544337,0,0,0,0.9571068,0.00051286817,0.04238031
2021-04-13,test,-0.0008793683587832,0,0,0,0.95681393,0.00042110833,0.042764906
2021-04-14,test,0.0073977935477919,0,0,0,0.9614663,0.00039726822,0.038136452
2021-04-15,test,-0.0019581336384908,0,0,0,0.9686619,0.00035306223,0.030985074
2021-04-16,test,0.0048763725095029,0,0,0,0.96953994,0.00035033308,0.030109713
2021-04-19,test,0.0113018176719406,0,2,0,0.97019774,0.0003772794,0.029425047
2021-04-20,test,-0.0293542622825525,2,2,2,0.07982468,0.0016282157,0.91854715
2021-04-21,test,0.0071145481690819,2,2,0,0.5903601,0.0008059356,0.40883395
2021-04-22,test,0.0159522732508012,2,2,2,0.2822672,0.000822898,0.7169098
2021-04-23,test,-0.0044225035449018,2,2,2,0.40232483,0.0006531562,0.59702206
2021-04-26,test,0.0096188243422997,2,2,0,0.5208022,0.00055293785,0.4786449
2021-04-27,test,0.0062777064390118,2,2,0,0.6732954,0.0005088272,0.3261958
2021-04-28,test,0.0048870775644255,2,0,0,0.7029065,0.00045517614,0.29663834
2021-04-29,test,0.0026784166316492,0,0,0,0.79755944,0.0006178418,0.2018227
2021-04-30,test,-0.0009298222962093,0,0,0,0.8569455,0.0005900446,0.1424644
2021-05-03,test,0.008888367025649,0,0,0,0.81534064,0.00079307245,0.18386628
2021-05-04,test,-0.0071428249359958,0,0,0,0.83799964,0.00081556477,0.16118476
2021-05-05,test,0.0154400042858756,0,0,0,0.7241971,0.0010051101,0.27479777
2021-05-06,test,0.0016045006924112,0,0,0,0.8682544,0.0006238888,0.1311217
2021-05-07,test,0.0085359745772442,0,0,0,0.88656855,0.0005562703,0.11287522
2021-05-10,test,0.0093498754993236,0,2,0,0.9069947,0.00048803957,0.09251729
2021-05-11,test,-0.0173293484660136,2,0,0,0.5180939,0.0006687138,0.4812374
2021-05-12,test,0.0022784242672449,0,0,0,0.8267902,0.0005600216,0.1726497
2021-05-13,test,-0.0046178150367257,0,2,0,0.80165726,0.00065274787,0.19768997
2021-05-14,test,0.0198108728427124,2,2,2,0.18324079,0.00075125176,0.8160079
2021-05-17,test,0.0010928246696507,2,0,0,0.7203533,0.00045109133,0.2791956
2021-05-18,test,0.0030863222786498,0,2,0,0.92130095,0.00040637024,0.07829275
2021-05-19,test,-0.0124025333603358,2,0,0,0.66246015,0.0007097125,0.33683014
2021-05-20,test,0.0058917026019704,0,0,0,0.8759328,0.0005872745,0.123479925
2021-05-21,test,0.0086970093816244,0,0,0,0.90781033,0.00050907687,0.091680564
2021-05-24,test,0.0001629593420049,0,0,0,0.94022125,0.00041901178,0.059359703
2021-05-25,test,0.0003475790760148,0,0,0,0.9296115,0.00048552858,0.06990299
2021-05-26,test,-0.0012821973669382,0,0,0,0.9572464,0.0003941942,0.04235939
2021-05-27,test,-0.001175083772271,0,0,0,0.9614155,0.000497732,0.038086772
2021-05-28,test,0.0041823567549555,0,0,0,0.9670554,0.00059737085,0.032347184
2021-05-31,test,-0.008240090029134,0,0,0,0.95370823,0.0004983887,0.045793395
2021-06-01,test,0.0044496167319708,0,0,0,0.9614149,0.00064924936,0.037935924
2021-06-02,test,-0.0009798371868534,0,0,0,0.9304555,0.0011136205,0.06843089
2021-06-03,test,-0.0041804999418068,0,0,0,0.9586266,0.00064895314,0.040724374
2021-06-04,test,-0.0059351252742655,0,0,0,0.96241516,0.0006554816,0.036929283
2021-06-07,test,0.0082512214423616,0,0,0,0.96154666,0.0006897499,0.037763637
2021-06-08,test,-0.0010918700914981,0,0,0,0.97750574,0.0005110775,0.021983188
2021-06-09,test,0.000273079310115,0,0,0,0.97199064,0.0005403917,0.02746891
2021-06-10,test,-0.0024384842401361,0,0,0,0.980739,0.00037182853,0.018889146
2021-06-11,test,0.0077650177574028,0,0,0,0.98098344,0.00051191065,0.01850464
2021-06-14,test,0.0082332174829468,0,0,0,0.9843572,0.00046806838,0.015174733
2021-06-15,test,-0.0054451257165912,0,0,0,0.9824226,0.00045954253,0.01711787
2021-06-16,test,-0.0030922993242007,0,0,0,0.98729557,0.0004805182,0.012223907
2021-06-17,test,-0.0006848321003887,0,0,0,0.9857647,0.0004613755,0.013773978
2021-06-18,test,-0.0181390078782816,0,0,0,0.7631444,0.0016124203,0.23524323
2021-06-21,test,0.0023338398038948,0,0,0,0.9252487,0.000893127,0.07385815
2021-06-22,test,0.0001767036044364,0,0,0,0.9407091,0.0007912636,0.058499567
2021-06-23,test,-0.0110178262327282,0,0,0,0.9135126,0.0009989183,0.08548851
2021-06-24,test,0.0133126743066972,0,0,0,0.9254786,0.00090493134,0.073616505
2021-06-25,test,0.0023006533392593,0,2,0,0.955054,0.0006025728,0.044343423
2021-06-28,test,-0.0201353710254029,2,2,2,0.21945001,0.0040555606,0.77649444
2021-06-29,test,0.0001569835413155,2,2,0,0.7712684,0.0024107632,0.2263208
2021-06-30,test,-0.0105884871588313,2,2,2,0.40936562,0.0036614817,0.5869729
2021-07-01,test,0.012515961323394,2,0,0,0.55251104,0.0038697275,0.44361925
2021-07-02,test,-0.0027690975741992,0,0,0,0.82214665,0.0018907386,0.17596264
2021-07-05,test,0.004346459318293,0,0,0,0.8518871,0.001973081,0.14613982
2021-07-06,test,-0.0096142284424592,0,0,0,0.64762115,0.0021043054,0.35027456
2021-07-07,test,-0.0007112275854787,0,2,0,0.8989835,0.0018518039,0.09916477
2021-07-08,test,-0.0233549679545499,2,2,2,0.033042636,0.0023310266,0.9646264
2021-07-09,test,0.0145182079933223,2,2,2,0.08912369,0.0020756668,0.90880066
2021-07-12,test,0.0045586280944614,2,2,2,0.11373972,0.0017291518,0.8845312
2021-07-13,test,-0.0139225491465167,2,2,2,0.041185416,0.0014577822,0.95735675
2021-07-14,test,-0.0042067474571287,2,2,2,0.19308683,0.0022713882,0.8046418
2021-07-15,test,-0.0152807761363928,2,2,2,0.030174347,0.0016720663,0.96815354
2021-07-16,test,-0.0024422674292159,2,2,2,0.15828484,0.0024553104,0.83925986
2021-07-19,test,-0.0243349956968327,2,2,2,0.008349997,0.0029555957,0.98869437
2021-07-20,test,0.00675882739186,2,2,2,0.03439589,0.0031194717,0.96248466
2021-07-21,test,0.0246984489561832,2,2,2,0.007933096,0.0032336053,0.9888333
2021-07-22,test,0.0063762439465251,2,2,2,0.024084294,0.0033593343,0.97255635
2021-07-23,test,0.0110042509165035,2,2,2,0.021480396,0.0034639195,0.9750557
2021-07-26,test,0.0066314755273788,2,2,2,0.044792973,0.0030633474,0.9521437
2021-07-27,test,-0.0086984935110185,2,2,2,0.0406051,0.00230291,0.957092
2021-07-28,test,0.0039580384522231,2,2,2,0.0806088,0.0019501013,0.91744107
2021-07-29,test,0.0060045396589734,2,2,2,0.11034573,0.0022329162,0.88742137
2021-07-30,test,-0.0126676312397216,2,2,2,0.029365016,0.0010158153,0.96961915
2021-08-02,test,0.0095214776756607,2,2,2,0.07534715,0.0012643342,0.92338854
2021-08-03,test,0.0016084889957982,2,0,2,0.14091513,0.0010589472,0.8580259
2021-08-04,test,0.0022886186701959,0,0,2,0.19297986,0.0012035101,0.8058166
2021-08-05,test,0.0049462485732884,0,0,2,0.39310285,0.00095386774,0.60594326
2021-08-06,test,0.0047980674024751,0,0,0,0.5586149,0.0010848232,0.44030026
2021-08-09,test,-0.0014764367752142,0,0,0,0.6769491,0.0014788895,0.32157204
2021-08-10,test,0.0037264095997495,0,0,0,0.83245945,0.0011598485,0.16638076
2021-08-11,test,0.0085931342575481,0,0,0,0.86481977,0.0018446029,0.13333564
2021-08-12,test,0.0004010633071863,0,0,0,0.9524533,0.0007608139,0.046785824
2021-08-13,test,0.0022692247257487,0,0,0,0.97552466,0.0005333335,0.023941996
2021-08-16,test,-0.0081667936177378,0,0,0,0.97926545,0.000405698,0.020328872
2021-08-17,test,-0.0068456188975816,0,0,0,0.9800243,0.00043325312,0.01954241
2021-08-18,test,0.0117180734897704,0,0,0,0.9576761,0.0007486505,0.041575223
2021-08-19,test,-0.0076095349971922,0,0,0,0.96455795,0.0006936545,0.034748394
2021-08-20,test,0.0014704208486334,0,0,0,0.9623,0.00070397323,0.036995955
2021-08-23,test,0.005904912917676,0,0,0,0.9706637,0.0006570411,0.028679278
2021-08-24,test,-0.0021767410906993,0,0,0,0.97483814,0.0005327907,0.02462911
2021-08-25,test,0.0032132997915181,0,0,0,0.9761478,0.00052865344,0.02332355
2021-08-26,test,-0.0094796141957115,0,0,0,0.95895606,0.0007678319,0.040276136
2021-08-27,test,0.0033118374301073,0,0,0,0.98004603,0.0004729826,0.019480953
2021-08-30,test,-0.0061045156039575,0,0,0,0.97510976,0.00050339475,0.024386846
2021-08-31,test,-0.0024048989828849,0,0,0,0.9771359,0.00044403,0.02242005
2021-09-01,test,0.0162465263659659,0,0,0,0.9628783,0.0007791006,0.03634266
2021-09-02,test,-0.0011238709633448,0,0,0,0.96751237,0.0005957172,0.031891875
2021-09-03,test,-0.0131576856548417,0,0,0,0.9560187,0.0008430219,0.04313831
2021-09-06,test,0.0020623804821612,0,0,0,0.97671765,0.0006060169,0.022676291
2021-09-07,test,0.0013725976960981,0,0,0,0.9771564,0.0006070696,0.022236539
2021-09-08,test,-0.0062932790739502,0,0,0,0.9701895,0.0006699253,0.02914059
2021-09-09,test,-0.0043199725173483,0,0,0,0.97875667,0.00055958086,0.020683782
2021-09-10,test,-0.0120372292549964,0,0,0,0.9414004,0.00094862765,0.057651006
2021-09-13,test,0.0137969237138972,0,0,0,0.9741847,0.0006783289,0.025136977
2021-09-14,test,-0.0041031434037643,0,0,0,0.97744024,0.000546303,0.022013493
2021-09-15,test,-0.0166063287823077,0,0,0,0.81462926,0.0016449081,0.18372582
2021-09-16,test,0.0113190494488018,0,0,0,0.9276252,0.0013053073,0.071069516
2021-09-17,test,0.003109555670757,0,0,0,0.9625093,0.0008488781,0.03664189
2021-09-20,test,-0.0121152352331677,0,0,0,0.78085965,0.0021784818,0.21696188
2021-09-21,test,0.0115557309095078,0,0,0,0.8335735,0.0018315056,0.16459498
2021-09-22,test,0.005966676336156,0,0,0,0.8943815,0.0010322806,0.10458618
2021-09-23,test,0.007746584963594,0,0,0,0.9208147,0.0012124692,0.07797284
2021-09-24,test,-0.0004282570487988,0,0,0,0.9449901,0.0009285386,0.054081414
2021-09-27,test,0.0145226071332386,0,2,0,0.82692635,0.0013548327,0.17171885
2021-09-28,test,-0.0262783575083469,2,2,2,0.02501367,0.001491314,0.97349495
2021-09-29,test,0.0124655976095338,2,2,2,0.102419995,0.0021597538,0.8954203
2021-09-30,test,-0.0094028748270219,2,2,2,0.055789698,0.0010345697,0.94317573
2021-10-01,test,0.0003637453691569,2,2,2,0.21866252,0.0009711931,0.78036636
2021-10-04,test,-0.0008867848824456,2,2,2,0.2971836,0.0010260547,0.70179033
2021-10-05,test,0.0153171260296266,2,2,2,0.1029019,0.0011119957,0.8959861
2021-10-06,test,-0.0172184734833799,2,2,2,0.030358035,0.0007136621,0.9689283
2021-10-07,test,0.0211758870254942,2,2,2,0.023779353,0.0012511358,0.97496945
2021-10-08,test,-0.0008706208647486,2,2,2,0.16700415,0.0007629525,0.8322329
2021-10-11,test,-0.0062731246379499,2,2,2,0.095067404,0.00068590767,0.9042467
2021-10-12,test,0.0041380038543302,2,2,2,0.1023097,0.0006778083,0.89701253
2021-10-13,test,-0.0061176685116148,2,2,2,0.20363885,0.0007601667,0.79560095
2021-10-14,test,0.0048970814482621,2,2,2,0.19718792,0.0006908689,0.8021212
2021-10-15,test,0.0080348607692788,2,2,2,0.29900405,0.00078553037,0.7002104
2021-10-18,test,-0.0068031266680821,2,0,2,0.31140703,0.00093363965,0.6876594
2021-10-19,test,0.0067252982185533,0,0,0,0.5607965,0.00088813005,0.43831542
2021-10-20,test,0.0023981743353372,0,0,0,0.70787275,0.0010495061,0.29107776
2021-10-21,test,-0.0081950982677452,0,0,0,0.5433691,0.0018707656,0.45476013
2021-10-22,test,-0.0042462727617747,0,0,0,0.65124506,0.001394322,0.34736064
2021-10-25,test,0.0016267188595099,0,0,0,0.71274394,0.0016622007,0.28559384
2021-10-26,test,0.0090054137675565,0,0,0,0.92122203,0.00091555045,0.07786243
2021-10-27,test,-0.0032602642271005,0,0,0,0.96337646,0.00067662797,0.03594689
2021-10-28,test,0.0059450896191035,0,0,0,0.9783785,0.0005349934,0.021086505
2021-10-29,test,0.0035281249443352,0,0,0,0.9852165,0.00041989778,0.014363593
2021-11-01,test,0.0136951001384409,0,0,0,0.96209687,0.00057904364,0.037324123
2021-11-02,test,-0.0084097338845418,0,0,0,0.9624851,0.0007244824,0.03679042
2021-11-03,test,-0.0082596770542689,0,0,0,0.95890903,0.00068382686,0.040407185
2021-11-04,test,0.0009519082792639,0,0,0,0.9502635,0.0006166652,0.049119774
2021-11-05,test,0.0100385233471636,0,0,0,0.9578116,0.000634092,0.041554336
2021-11-08,test,-0.0065709255087423,0,0,0,0.95045,0.00077246496,0.048777547
2021-11-09,test,0.0004519622790154,0,0,0,0.9730065,0.00045873964,0.026534747
2021-11-10,test,0.0073448774034919,0,0,0,0.9791484,0.0004469229,0.020404683
2021-11-11,test,-0.0054403566644981,0,0,0,0.97977954,0.00041777655,0.019802716
2021-11-12,test,-0.0012546516392994,0,0,0,0.9757472,0.0004974984,0.023755262
2021-11-15,test,0.0016395228963475,0,0,0,0.98241097,0.0004633317,0.017125692
2021-11-16,test,-0.0061204761890002,0,0,0,0.95925146,0.0005815593,0.040166955
2021-11-17,test,-0.0051903012409505,0,0,0,0.9565447,0.0005219825,0.042933356
2021-11-18,test,-0.0100802338026817,0,0,0,0.9582715,0.0006658138,0.041062664
2021-11-19,test,-0.0169914145030792,0,0,0,0.9078971,0.0011250838,0.09097779
2021-11-22,test,0.0077498591954257,0,0,0,0.97224164,0.000653756,0.02710458
2021-11-23,test,-0.0007031135349529,0,0,0,0.96749187,0.0006001661,0.031908017
2021-11-24,test,-0.0026238986704885,0,0,0,0.9695356,0.00061611057,0.029848307
2021-11-25,test,0.0055465085045502,0,1,0,0.96919227,0.00071336114,0.030094428
2021-11-26,test,-0.0508356195882538,1,2,2,0.0020227265,0.3055336,0.69244367
2021-11-29,test,0.0062285537950737,2,2,2,0.00565656,0.06075239,0.93359107
2021-11-30,test,-0.0179119229150839,2,2,2,0.0026910498,0.052529033,0.9447799
2021-12-01,test,0.017604303238006,2,2,2,0.0030224293,0.10709379,0.8898838
2021-12-02,test,-0.0181221679650384,2,2,2,0.0024283295,0.07604105,0.92153054
2021-12-03,test,-0.0071452151506198,2,2,2,0.0043624835,0.08314643,0.9124911
2021-12-06,test,0.0237401290745892,2,2,2,0.0014251386,0.10340519,0.8951697
2021-12-07,test,0.0140949911381525,2,2,2,0.0028995248,0.106387295,0.8907132
2021-12-08,test,-0.0095199784033745,2,2,2,0.0026506116,0.060732793,0.9366166
2021-12-09,test,-0.0093377596666871,2,2,2,0.0026793685,0.057856284,0.9394644
2021-12-10,test,-0.0047016655450288,2,2,2,0.0033561015,0.054425657,0.9422183
2021-12-13,test,-0.004495628731251,2,2,2,0.0042353286,0.074394055,0.9213706
2021-12-14,test,0.0066821559722873,2,2,2,0.007061189,0.050196234,0.9427425
2021-12-15,test,-0.0124299795955151,2,2,2,0.0032352791,0.0341615,0.9626033
2021-12-16,test,0.012608993230865,2,2,2,0.0048248814,0.04215617,0.95301896
2021-12-17,test,-0.0081958320479744,2,2,2,0.007044981,0.022185612,0.97076946
2021-12-20,test,-0.008360471405154,2,2,2,0.008784958,0.042339582,0.9488755
2021-12-21,test,0.017450891256937,2,2,2,0.0076439274,0.03232925,0.96002686
2021-12-22,test,0.0085002365044563,2,2,2,0.027038014,0.03147326,0.94148874
2021-12-23,test,0.0122896237589797,2,2,2,0.048399054,0.032108836,0.91949207
2021-12-27,test,0.0067962666284264,2,2,2,0.21660364,0.0061563747,0.77724
2021-12-28,test,0.007717764753727,2,2,2,0.25260177,0.005569069,0.7418291
2021-12-29,test,-0.0017509127299829,2,0,2,0.4604076,0.004225277,0.5353671
2021-12-30,test,0.00461247223211,0,0,0,0.502827,0.0029163777,0.49425668
2022-01-03,test,0.0054249507152798,0,0,0,0.6790996,0.0013452669,0.31955513
2022-01-04,test,0.0039414084600105,0,0,0,0.7244296,0.0012573353,0.27431306
2022-01-05,test,-0.0005686147687188,0,0,0,0.871994,0.0017697699,0.12623622
2022-01-06,test,-0.0001023183437852,0,0,0,0.91068566,0.0014952486,0.08781906
2022-01-07,test,-0.0043440083261861,0,0,0,0.93243337,0.0014610714,0.06610552
2022-01-10,test,-0.0051435115498085,0,0,0,0.92467904,0.0014621019,0.07385881
2022-01-11,test,0.005611943835801,0,0,0,0.96124566,0.0012764924,0.037477884
2022-01-12,test,0.0016431875868104,0,0,0,0.9723145,0.00079258793,0.026892958
2022-01-13,test,0.0052993875635606,0,0,0,0.9722135,0.0010002983,0.026786186
2022-01-14,test,-0.0011689825997127,0,0,0,0.9744855,0.00063256023,0.024881914
2022-01-17,test,0.0036384330904691,0,0,0,0.969986,0.0007458644,0.029268129
2022-01-18,test,-0.0064812502004813,0,0,0,0.96727955,0.0008508119,0.031869605
2022-01-19,test,-0.0007631611169816,0,0,0,0.9761337,0.0006395029,0.023226809
2022-01-20,test,0.0045139755148432,0,0,0,0.97311825,0.00091220083,0.025969617
2022-01-21,test,-0.0136957262198962,0,2,0,0.87775195,0.0023599165,0.11988813
2022-01-24,test,-0.0323651788354013,2,2,2,0.14537844,0.01836263,0.83625895
2022-01-25,test,0.0073029975499981,2,2,2,0.46566996,0.0038871383,0.53044283
2022-01-26,test,0.0164568231188098,2,2,2,0.14491801,0.0037982732,0.8512837
2022-01-27,test,0.0099041342099778,2,2,2,0.2444643,0.002799545,0.7527361
2022-01-28,test,-0.0111113764488816,2,2,2,0.1275086,0.0029688443,0.8695225
2022-01-31,test,0.0003483794663274,2,2,2,0.22919084,0.0028427753,0.7679664
2022-02-01,test,0.0131378677495255,2,2,2,0.17343262,0.002982766,0.8235846
2022-02-02,test,-0.0015481742893102,2,2,2,0.24417287,0.002795984,0.75303113
2022-02-03,test,-0.0027352026391488,2,2,2,0.35641134,0.0028627526,0.6407259
2022-02-04,test,-0.0115867171367735,2,2,2,0.15600136,0.0035090204,0.8404897
2022-02-07,test,-0.0036039173947038,2,2,2,0.4204126,0.002907471,0.5766799
2022-02-08,test,0.013485867791724,2,2,2,0.25257352,0.003640014,0.7437865
2022-02-09,test,0.019611470529046,2,2,2,0.11096435,0.0030803757,0.8859553
2022-02-10,test,0.0044888927967025,2,2,2,0.2775257,0.0031495444,0.7193247
2022-02-11,test,-0.0099637888718762,2,2,2,0.17087133,0.0030577204,0.8260709
2022-02-14,test,-0.0258247258946033,2,2,2,0.020585943,0.0043209,0.9750931
2022-02-15,test,0.0166788350280674,2,2,2,0.046605,0.005202888,0.94819206
2022-02-16,test,0.0021999407444569,2,2,2,0.09593942,0.004569638,0.8994909
2022-02-17,test,-0.0075941825860166,2,2,2,0.07045921,0.004646698,0.9248941
2022-02-18,test,-0.0093968759784771,2,2,2,0.06818848,0.0041092364,0.9277023
2022-02-21,test,-0.0118392622442688,2,2,2,0.06262197,0.00273204,0.93464595
2022-02-22,test,0.0005063925699444,2,2,2,0.08743735,0.0012805474,0.9112821
2022-02-23,test,-0.0062717557249683,2,2,2,0.06997203,0.0022434108,0.9277846
2022-02-24,test,-0.0290428998890852,2,2,2,0.005230391,0.0068158503,0.9879538
2022-02-25,test,0.03453719223452,2,2,2,0.0032934698,0.013945528,0.98276097
2022-02-28,test,-0.0008722741770908,2,1,2,0.008744933,0.006332915,0.98492223
2022-03-01,test,-0.0349220114223071,1,2,2,0.0009164618,0.3344691,0.66461444
2022-03-02,test,0.0160883225753846,2,1,2,0.0021345767,0.061785404,0.93608004
2022-03-03,test,-0.0379169247771007,1,1,1,0.00031074672,0.82145727,0.17823198
2022-03-04,test,-0.0369345902368816,1,1,1,0.00013194079,0.9137294,0.086138666
2022-03-07,test,-0.0099313958965171,1,1,1,0.00032629687,0.8213922,0.1782815
2022-03-08,test,0.0179937191660797,1,1,1,0.0006410393,0.81659395,0.182765
2022-03-09,test,0.0476307625815811,1,1,1,0.0002678773,0.99294186,0.0067903283
2022-03-10,test,-0.0115572974563175,1,1,1,0.0007348391,0.96798205,0.03128309
2022-03-11,test,0.0089814306948111,1,1,1,0.0015737041,0.9233182,0.07510805
2022-03-14,test,0.0112724046744497,1,1,1,0.0027624362,0.8089916,0.18824595
2022-03-15,test,0.0002063348114543,1,1,1,0.0017879931,0.83758014,0.16063187
2022-03-16,test,0.017368809183604,1,2,1,0.0016417814,0.74411666,0.2542416
2022-03-17,test,0.0037635651769974,2,2,1,0.004708573,0.5486332,0.4466582
2022-03-18,test,0.0006654477482061,2,2,2,0.0062636235,0.38583255,0.6079038
2022-03-21,test,-0.0033795179834357,2,2,2,0.0067915237,0.30416012,0.68904835
2022-03-22,test,0.0116139815702961,2,2,2,0.0065981727,0.15374628,0.8396555
2022-03-23,test,-0.0188877613738525,2,2,2,0.004010264,0.24529108,0.7506986
2022-03-24,test,-0.002801670904061,2,2,2,0.008437574,0.0613194,0.930243
2022-03-25,test,0.0030656986083381,2,2,2,0.007217529,0.05136605,0.94141644
2022-03-28,test,0.0041925771020963,2,2,2,0.007430634,0.04350463,0.9490648
2022-03-29,test,0.0293303803051588,2,2,2,0.0046809046,0.075263806,0.9200553
2022-03-30,test,-0.0074569826720448,2,2,2,0.0074881874,0.04629435,0.9462175
2022-03-31,test,-0.0124150649799046,2,2,2,0.0051243366,0.014246505,0.9806292
2022-04-01,test,0.0069150406076108,2,2,2,0.02155144,0.016103389,0.9623452
2022-04-04,test,0.0020088243561076,2,2,2,0.038431812,0.008436837,0.9531313
2022-04-05,test,0.011957609166744,2,2,2,0.02960071,0.007004376,0.96339494
2022-04-06,test,-0.0165098047894295,2,2,2,0.0130009195,0.0032631939,0.98373586
2022-04-07,test,-0.0017344726906502,2,2,2,0.06811366,0.0034072408,0.9284791
2022-04-08,test,0.0162826160129418,2,2,2,0.021906363,0.0031966798,0.97489697
2022-04-11,test,-0.0024896635751358,2,2,2,0.02981681,0.0028034193,0.9673798
2022-04-12,test,-0.0008157082547501,2,2,2,0.033454064,0.00276003,0.9637858
2022-04-13,test,0.0046290229251591,2,2,2,0.062536664,0.0033337127,0.9341296
2022-04-14,test,0.0093782675055558,2,0,2,0.06608493,0.0036907946,0.93022424
2022-04-19,test,-0.0005749439588034,0,0,2,0.19060233,0.0016451448,0.80775255
2022-04-20,test,0.008646659649455,0,0,2,0.26278055,0.0015488497,0.7356706
2022-04-21,test,0.0051296010905621,0,2,2,0.4327693,0.0010467756,0.5661839
2022-04-22,test,-0.0185842343266142,2,2,2,0.08542394,0.0017517043,0.91282433
2022-04-25,test,-0.0090208598023982,2,2,2,0.23617014,0.0020309202,0.761799
2022-04-26,test,-0.0159049555411544,2,2,2,0.04400681,0.0019338364,0.95405936
2022-04-27,test,0.0045398660021133,2,2,2,0.2373617,0.0017543124,0.760884
2022-04-28,test,0.0040612418703018,2,2,2,0.2723205,0.0015208429,0.7261587
2022-04-29,test,0.0084228754618973,2,2,2,0.31247512,0.0016170514,0.6859079
2022-05-02,test,-0.0174150643542348,2,2,2,0.08187346,0.001501546,0.91662496
2022-05-03,test,0.0181137787323364,2,2,2,0.1228096,0.0021137982,0.87507665
2022-05-04,test,-0.0104970560532179,2,2,2,0.13116974,0.0019066455,0.86692363
2022-05-05,test,-0.0077708128680286,2,2,2,0.1680818,0.002016045,0.8299022
2022-05-06,test,-0.0134515618668684,2,2,2,0.071345806,0.001572908,0.9270813
2022-05-09,test,-0.0222106914778632,2,2,2,0.0057869605,0.0034057165,0.99080735
2022-05-10,test,0.0,2,2,2,0.038888916,0.0038350625,0.95727605
2022-05-11,test,0.0210804699099965,2,2,2,0.01425655,0.004734909,0.9810085
2022-05-12,test,-0.0135894077897294,2,2,2,0.013681502,0.0035558157,0.9827627
2022-05-13,test,0.01665234461909,2,2,2,0.008407891,0.004198314,0.98739374
2022-05-16,test,0.0018692520474182,2,2,2,0.021208134,0.002562941,0.9762289
2022-05-17,test,0.0144986909000267,2,2,2,0.039902143,0.005777228,0.9543206
2022-05-18,test,8.260867841705886e-05,2,2,2,0.12359738,0.003684358,0.8727183
2022-05-19,test,-0.0083401408651805,2,2,2,0.09177175,0.003851093,0.90437716
2022-05-20,test,0.0092952328478188,2,2,2,0.24223942,0.002315372,0.75544524
2022-05-23,test,0.0165167201656892,2,2,2,0.11907305,0.0030235243,0.87790346
2022-05-24,test,0.0006258782872211,2,2,2,0.22693639,0.0029979364,0.77006567
2022-05-25,test,0.014835190149688,2,2,2,0.21753356,0.003061063,0.7794054
2022-05-26,test,0.0145732772814434,2,2,2,0.102894664,0.0022910356,0.8948144
2022-05-27,test,0.0050273701092848,2,2,2,0.34682354,0.0020691967,0.65110725
2022-05-30,test,-0.0003134507514671,2,2,2,0.14967228,0.0006974017,0.8496303
2022-05-31,test,-0.0089190184894072,2,2,2,0.05894179,0.00058560085,0.94047254
2022-06-01,test,-0.0118532646960249,2,2,2,0.04789606,0.00059052504,0.9515134
2022-06-02,test,-0.0003545289377688,2,2,2,0.09081958,0.000426987,0.9087534
2022-06-03,test,-0.0022096197456425,2,2,2,0.23018245,0.00050889666,0.7693086
2022-06-06,test,0.0126986920888146,2,0,2,0.16737346,0.00049785315,0.8321287
2022-06-07,test,0.000599596674033,0,0,2,0.25123522,0.0004397613,0.748325
2022-06-08,test,0.0001244704004203,0,2,0,0.5893912,0.00047619588,0.41013262
2022-06-09,test,-0.0149827054964647,2,2,2,0.18397868,0.000610146,0.8154112
2022-06-10,test,-0.0374975913967121,2,2,2,0.0043176245,0.016119296,0.97956306
2022-06-13,test,-0.0250165166966879,2,2,2,0.0037287085,0.0106541,0.9856172
2022-06-14,test,-0.0143881943868413,2,2,2,0.0035806017,0.005036016,0.9913833
2022-06-15,test,0.0133367687642424,2,2,2,0.006027578,0.008838171,0.98513424
2022-06-16,test,-0.0118873342991461,2,2,2,0.0051778685,0.007523627,0.9872984
2022-06-17,test,0.0083580127433966,2,2,2,0.0077789216,0.008363858,0.9838573
2022-06-20,test,0.0170526224563957,2,2,2,0.0048303213,0.007644818,0.98752487
2022-06-21,test,-0.0061011703660329,2,2,2,0.0071190796,0.010101143,0.98277974
2022-06-22,test,-0.0110128345467843,2,2,2,0.0043627536,0.008224555,0.9874127
2022-06-23,test,-0.0047994776372308,2,2,2,0.008022257,0.0061374013,0.9858403
2022-06-24,test,0.0168438845010749,2,2,2,0.0034214056,0.0120737245,0.98450494
2022-06-27,test,-0.0001819648656454,2,2,2,0.00815726,0.0062090373,0.9856337
2022-06-28,test,0.0090459481699033,2,2,2,0.014848722,0.007834307,0.97731704
2022-06-29,test,-0.0156920611114516,2,2,2,0.0059195124,0.0066220514,0.98745847
2022-06-30,test,-0.0109660887117983,2,2,2,0.0071466737,0.0066532833,0.9862001
2022-07-01,test,0.0095116971631833,2,2,2,0.01724023,0.007733641,0.97502613
2022-07-04,test,-0.0017505672952028,2,2,2,0.024410566,0.0052750097,0.97031444
2022-07-05,test,-0.0251111010936339,2,2,2,0.0018894371,0.019955557,0.97815496
2022-07-06,test,-0.0013577830458495,2,2,2,0.0072780214,0.013994746,0.97872716
2022-07-07,test,0.0216421637453763,2,2,2,0.0018797255,0.029171262,0.96894896
2022-07-08,test,-0.0027369146433039,2,2,2,0.010540375,0.003532685,0.985927
2022-07-11,test,-0.0043425399193348,2,2,2,0.017664243,0.0029588598,0.9793769
2022-07-12,test,-0.0062687258300061,2,2,2,0.030958468,0.0021828625,0.9668587
2022-07-13,test,-0.0087596070831057,2,2,2,0.013001962,0.0030346166,0.98396343
2022-07-14,test,-0.0178553622649334,2,2,2,0.0034618094,0.004799099,0.99173903
2022-07-15,test,0.0179812212542368,2,2,2,0.007882677,0.0038374003,0.98827994
2022-07-18,test,0.0021623234665069,2,2,2,0.030012643,0.0033958554,0.96659154
2022-07-19,test,0.0201396643102745,2,2,2,0.0057426547,0.003627203,0.9906302
2022-07-20,test,-0.0119105277407246,2,2,2,0.011123509,0.0031249165,0.98575157
2022-07-21,test,-0.0020197128016538,2,2,2,0.04905772,0.003307529,0.94763476
2022-07-22,test,0.0048430342644658,2,2,2,0.071127735,0.002719867,0.9261524
2022-07-25,test,0.0042138722825744,2,2,2,0.060756207,0.002389318,0.9368545
2022-07-26,test,-0.0019807869958798,2,2,2,0.08232191,0.0025817628,0.9150963
2022-07-27,test,0.0067679404548404,2,0,2,0.12523492,0.0018548722,0.87291026
2022-07-28,test,-0.0048737550251382,0,0,2,0.12416549,0.0016596462,0.87417483
2022-07-29,test,0.0087802858925473,0,0,2,0.12043403,0.0016738677,0.87789214
2022-08-01,test,-0.0087555245675614,0,0,2,0.09175637,0.0019041375,0.9063395
2022-08-02,test,0.0014583866986663,0,0,2,0.33569205,0.0025416333,0.66176635
2022-08-03,test,0.0055668836803589,0,0,2,0.3781172,0.002324686,0.61955816
2022-08-04,test,0.0023308317844686,0,0,0,0.73990345,0.0025710906,0.25752544
2022-08-05,test,0.0008451050839477,0,0,0,0.76232153,0.0025377718,0.23514071
2022-08-08,test,0.0127126799512658,0,0,0,0.70685893,0.00213875,0.29100233
2022-08-09,test,0.0047515091079526,0,0,0,0.8465131,0.0013630359,0.15212387
2022-08-10,test,0.0049085186893028,0,0,0,0.9300645,0.00092981564,0.069005676
2022-08-11,test,0.003251125883106,0,0,0,0.9672492,0.0005464179,0.032204423
2022-08-12,test,0.0024314557699052,0,0,0,0.9661174,0.0006552509,0.033227332
2022-08-15,test,0.0031614665263194,0,0,0,0.96701306,0.00063392834,0.03235303
2022-08-16,test,0.0100243935113948,0,0,0,0.9451985,0.0011896007,0.053611886
2022-08-17,test,-0.0090992484694464,0,0,0,0.9527625,0.0012264007,0.046011046
2022-08-18,test,-0.0005336464309158,0,0,0,0.96821845,0.00082990085,0.03095167
2022-08-19,test,-0.0109970095790053,0,0,0,0.90679616,0.0019189487,0.091284856
2022-08-22,test,-0.0064128388219619,0,0,0,0.7680189,0.003453951,0.22852713
2022-08-23,test,-0.0070861718693778,0,0,0,0.9188825,0.0018244426,0.07929302
2022-08-24,test,-0.0032752866288321,0,0,0,0.9497215,0.0013300041,0.04894853
2022-08-25,test,-0.0014524275407011,0,0,0,0.9446049,0.0013029127,0.054092165
2022-08-26,test,-0.015211302613199,0,0,0,0.6374307,0.004415189,0.35815406
2022-08-29,test,-0.0092565901784624,0,0,0,0.5144812,0.008805534,0.4767132
2022-08-30,test,-0.0012273841545709,0,0,0,0.6464739,0.0068968125,0.3466293
2022-08-31,test,-0.0118115955567881,0,0,2,0.48909536,0.0088626,0.50204206
2022-09-01,test,-0.0102090596999264,0,0,2,0.36485237,0.010873708,0.6242739
2022-09-02,test,0.0160377805257254,0,0,0,0.8786151,0.0016719908,0.11971299
2022-09-05,test,-0.0088003655388167,0,0,0,0.79872173,0.0016602833,0.19961794
2022-09-06,test,-0.0026106515970499,0,0,0,0.86864865,0.0014459057,0.12990546
2022-09-07,test,0.0017453972676868,0,0,0,0.87447876,0.001468268,0.12405295
2022-09-08,test,0.0077222296893708,0,0,0,0.8908547,0.0012124251,0.107932836
2022-09-09,test,0.0145834588149064,0,2,0,0.71107185,0.0018636675,0.28706446
2022-09-12,test,0.0198682488542941,2,2,2,0.14616404,0.0019311332,0.8519048
2022-09-13,test,-0.0160290554455272,2,2,2,0.07485029,0.0012764415,0.9238733
2022-09-14,test,-0.0010421974556658,2,2,2,0.30336708,0.001213214,0.6954197
2022-09-15,test,0.0037048201625145,2,2,2,0.43859416,0.0012881882,0.56011766
2022-09-16,test,-0.0125450990584125,2,2,2,0.27875477,0.001501227,0.71974397
2022-09-19,test,0.0010639696823798,2,2,2,0.48766303,0.0013785855,0.51095843
2022-09-20,test,-0.0151393064958662,2,2,2,0.17218044,0.0010778471,0.8267417
2022-09-21,test,-0.0001143074222765,2,2,2,0.34888592,0.0008775723,0.6502365
2022-09-22,test,-0.012462693508272,2,2,2,0.19782986,0.0014501198,0.80072004
2022-09-23,test,-0.0249000627240994,2,2,2,0.0057274112,0.0015271866,0.99274534
2022-09-26,test,-0.0099391223711162,2,2,2,0.013346817,0.0016289232,0.9850242
2022-09-27,test,-0.0083990013563958,2,2,2,0.015827967,0.0014113832,0.98276067
2022-09-28,test,-0.0004701804784618,2,2,2,0.02366043,0.0012914417,0.9750481
2022-09-29,test,-0.0192784702352984,2,2,2,0.0035631272,0.0017004194,0.9947365
2022-09-30,test,0.0090953326587421,2,2,2,0.00835309,0.0014659689,0.99018097
2022-10-03,test,0.0128400820721817,2,2,2,0.020069167,0.0013757688,0.978555
2022-10-04,test,0.0309552107917103,2,2,2,0.0042775827,0.002956066,0.9927664
2022-10-05,test,-0.015278691519137,2,2,2,0.00506406,0.004347389,0.99058855
2022-10-06,test,-0.0091180546482845,2,2,2,0.005835661,0.004163211,0.9900011
2022-10-07,test,-0.0099278572059083,2,2,2,0.0065705,0.0042526596,0.9891768
2022-10-10,test,-0.0031514197414027,2,2,2,0.0110906055,0.005334002,0.98357546
2022-10-11,test,-0.0077999634469334,2,2,2,0.0042824056,0.0026665216,0.99305105
2022-10-12,test,-0.0129713530688154,2,2,2,0.0022871215,0.005155462,0.9925574
2022-10-13,test,0.0120056620517282,2,2,2,0.006989381,0.006393495,0.9866172
2022-10-14,test,0.0045753266240175,2,2,2,0.008468683,0.0026408725,0.9888904
2022-10-17,test,0.0233751970018647,2,2,2,0.0028283214,0.005758083,0.9914136
2022-10-18,test,0.0071464278435937,2,2,2,0.017265232,0.0033498362,0.9793849
2022-10-19,test,-0.0036459256583585,2,2,2,0.014616667,0.002483825,0.9828995
2022-10-20,test,0.007985307034774,2,2,2,0.0223589,0.0022090862,0.97543204
2022-10-21,test,-0.0130087159948096,2,2,2,0.0143412175,0.0025791146,0.9830797
2022-10-24,test,0.0177200243440582,2,2,2,0.012429224,0.0023116514,0.9852592
2022-10-25,test,0.0147850119557945,2,2,2,0.023504134,0.0023081508,0.97418773
2022-10-26,test,0.0096646496499741,2,2,2,0.10230001,0.003129554,0.89457047
2022-10-27,test,0.0063957865868449,2,2,2,0.14246878,0.0018562782,0.8556749
2022-10-28,test,-0.000580908440325,2,2,2,0.18326315,0.0018860569,0.8148508
2022-10-31,test,0.0050400157087496,2,2,2,0.1713725,0.0015567713,0.8270707
2022-11-01,test,0.0053273291985832,2,0,2,0.22605345,0.0015353445,0.77241117
2022-11-02,test,-0.0038077029594293,0,2,2,0.3584773,0.0011587213,0.640364
2022-11-03,test,-0.0125905619406212,2,2,2,0.21917905,0.001058388,0.7797625
2022-11-04,test,0.0093350234564072,2,0,2,0.37425306,0.0011181697,0.6246288
2022-11-07,test,0.0024645858907221,0,0,2,0.47334564,0.0009813949,0.525673
2022-11-08,test,0.0045861417033704,0,0,0,0.5317569,0.00087739166,0.46736577
2022-11-09,test,0.0051748010342741,0,0,0,0.837008,0.00077979965,0.16221224
2022-11-10,test,0.0114756530168664,0,0,0,0.76630086,0.0010906609,0.23260853
2022-11-11,test,0.0,0,0,0,0.8999794,0.0005486766,0.099471934
2022-11-14,test,0.004085946442782,0,0,0,0.9391706,0.00053849816,0.06029091
2022-11-15,test,0.0026780861471021,0,0,0,0.95332134,0.00044098703,0.046237726
2022-11-16,test,-0.0106816324628635,0,0,0,0.9121055,0.0007194628,0.08717506
2022-11-17,test,-0.0075207058272282,0,0,0,0.95964324,0.00077462726,0.039582178
2022-11-18,test,0.0107740918359255,0,0,0,0.9505716,0.0005576316,0.048870828
2022-11-21,test,0.0074282464541663,0,0,0,0.9674252,0.0003520054,0.03222273
2022-11-22,test,0.0165445292083483,0,0,0,0.87469876,0.0005646647,0.12473654
2022-11-23,test,0.0007444910034914,0,0,0,0.9629765,0.000320426,0.036703072
2022-11-24,test,0.0068064613226982,0,0,0,0.96489155,0.0003433556,0.034765042
2022-11-25,test,0.0033919116258533,0,0,0,0.97317296,0.0002759176,0.026551098
2022-11-28,test,-0.0111590800803207,0,0,0,0.94701666,0.00055527553,0.052428115
2022-11-29,test,-0.0001322398457243,0,0,0,0.9700759,0.00039277205,0.029531386
2022-11-30,test,0.0049265724378146,0,0,0,0.9796027,0.0003541532,0.020043137
2022-12-01,test,0.0053306341980597,0,0,0,0.9807153,0.00025031454,0.019034447
2022-12-02,test,-0.0030137042255255,0,0,0,0.98897505,0.00016700488,0.010857954
2022-12-05,test,-0.0014922971106352,0,0,0,0.98419434,0.00026437832,0.0155413635
2022-12-06,test,-0.0045742169027617,0,0,0,0.97500503,0.0003640948,0.024630895
2022-12-07,test,-0.0049812873301671,0,0,0,0.9771593,0.0003460612,0.022494609
2022-12-08,test,-0.007907644748441,0,0,0,0.96747065,0.00058826944,0.031941094
2022-12-09,test,0.0077508500326318,0,0,0,0.9765936,0.00031513072,0.023091301
2022-12-12,test,-0.003662032194134,0,0,0,0.97625035,0.00037060026,0.023378983
2022-12-13,test,0.008295877013074,0,0,0,0.97914577,0.00030827278,0.020546008
2022-12-14,test,0.0039428170716239,0,0,0,0.9803222,0.00027051533,0.01940726
2022-12-15,test,-0.0171059588884363,0,0,0,0.9500194,0.00063761027,0.049342982
2022-12-16,test,-0.0130181072154002,0,0,0,0.85503334,0.0008952441,0.1440714
2022-12-19,test,0.0029908762954398,0,0,0,0.9445134,0.0004527239,0.055033848
2022-12-20,test,0.0059307110025533,0,0,0,0.9379204,0.00048970594,0.06158996
2022-12-21,test,0.0142048919955272,0,0,0,0.8791733,0.0006988368,0.1201279
2022-12-22,test,-0.0036442018778599,0,0,0,0.9336798,0.0005608889,0.06575935
2022-12-23,test,-0.0003627306573386,0,0,0,0.9415279,0.0004907922,0.05798131
2022-12-27,test,0.000120924838983,0,0,0,0.94822466,0.00045652324,0.051318783
2022-12-28,test,-0.0014035806485054,0,0,0,0.9641849,0.00038906277,0.035426017
2022-12-29,test,0.0072149105735847,0,0,0,0.9492349,0.0005211708,0.05024398
2022-12-30,test,-0.01078127832674,0,0,0,0.9184291,0.0007725312,0.08079837
2023-01-02,test,0.016941459674937,0,0,0,0.8624269,0.0012055724,0.13636757
2023-01-03,test,0.0033041157439466,0,0,0,0.94147384,0.0005036187,0.058022585
2023-01-04,test,0.019154621932565,0,0,2,0.3442469,0.0013157335,0.65443736
2023-01-05,test,0.0055686859795425,0,0,0,0.725413,0.00068283017,0.27390417
2023-01-06,test,0.0108039209990971,0,0,0,0.70902365,0.000676497,0.2902998
2023-01-09,test,-0.0007127177526346,0,0,0,0.8493435,0.00049339136,0.15016314
2023-01-10,test,0.0020450619605236,0,0,0,0.92682254,0.00030659715,0.07287085
2023-01-11,test,0.0015596779783085,0,0,0,0.9319927,0.00034754205,0.0676598
2023-01-12,test,0.0115983399342999,0,0,0,0.91524637,0.00041006051,0.084343545
2023-01-13,test,0.0060532304369482,0,0,0,0.9591371,0.00036737756,0.04049554
2023-01-16,test,-0.0011942439856271,0,0,0,0.9780457,0.00023513523,0.021719174
2023-01-17,test,0.0021733286993823,0,0,0,0.97886854,0.00024760826,0.020883836
2023-01-18,test,0.0048137588078931,0,0,0,0.97892,0.00026528566,0.020814728
2023-01-19,test,-0.0158185670440604,0,0,0,0.85585743,0.0005375722,0.14360501
2023-01-20,test,0.014126875816317,0,0,0,0.8291971,0.0007376554,0.17006522
2023-01-23,test,0.0028998989486906,0,0,0,0.9369351,0.00032159555,0.062743284
2023-01-24,test,0.0025682269915074,0,0,0,0.9560371,0.0002697538,0.04369316
2023-01-25,test,-0.0010711101505177,0,0,0,0.96520966,0.00024678864,0.034543544
2023-01-26,test,0.0086811168222381,0,0,0,0.9686006,0.0002497738,0.031149643
2023-01-27,test,0.00271892940441,0,0,0,0.9704366,0.00024076946,0.029322676
2023-01-30,test,-0.0012038313527609,0,0,0,0.96664935,0.00027289565,0.033077728
2023-01-31,test,-0.0016921478384466,0,0,0,0.97806865,0.0002362739,0.0216951
2023-02-01,test,0.0070703203468923,0,0,0,0.98249865,0.0002587374,0.017242631
2023-02-02,test,0.0143610088599777,0,0,0,0.9695565,0.0003751442,0.030068353
2023-02-03,test,-0.0004443803187568,0,0,0,0.97439665,0.00025396058,0.025349377
2023-02-06,test,-0.0072233261688725,0,0,0,0.97179395,0.0003127081,0.027893342
2023-02-07,test,0.001440157670042,0,0,0,0.9821618,0.00024876374,0.017589413
2023-02-08,test,0.0059674425556233,0,0,0,0.98773265,0.00023569817,0.0120316
2023-02-09,test,0.0017541416330445,0,0,0,0.9849054,0.00027334905,0.014821208
2023-02-10,test,-0.0137358832447484,0,0,0,0.90014726,0.00061947707,0.099233314
2023-02-13,test,0.0101376832551264,0,0,0,0.965542,0.00034259242,0.034115355
2023-02-14,test,0.005727180579961,0,0,0,0.9690449,0.00034207257,0.030613005
2023-02-15,test,0.0034055005835248,0,0,0,0.98062,0.00025807277,0.019121913
2023-02-16,test,0.0034904799865291,0,0,0,0.9905346,0.0002162825,0.009249044
2023-02-17,test,0.0006109436128532,0,0,0,0.9916435,0.000255892,0.008100596
2023-02-20,test,-0.0055549044334181,0,0,0,0.99030906,0.00027978898,0.009411138
2023-02-21,test,-0.0031510915857118,0,0,0,0.99386966,0.0002545716,0.005875704
2023-02-22,test,-0.008618807955736,0,0,0,0.9812646,0.0003780329,0.018357417
2023-02-23,test,0.0064006363481077,0,0,0,0.9915834,0.00029899593,0.008117633
2023-02-24,test,-0.003265824713739,0,0,0,0.9840201,0.00034331327,0.015636636
2023-02-27,test,0.0121843184062354,0,0,0,0.9887332,0.00034117213,0.010925642
2023-02-28,test,0.0085841818917543,0,0,0,0.9886319,0.00027257277,0.011095459
2023-03-01,test,-0.0076612335456625,0,0,0,0.98474497,0.00032164346,0.014933409
2023-03-02,test,0.0004717819753169,0,0,0,0.98264676,0.0003280957,0.017025117
2023-03-03,test,0.0145707168324561,0,0,0,0.9669504,0.0004995647,0.032550015
2023-03-06,test,0.0049327436970358,0,0,0,0.9857533,0.00028381802,0.01396288
2023-03-07,test,-0.0105592213235389,0,0,0,0.9671546,0.00042119832,0.03242418
2023-03-08,test,0.0058271521101055,0,0,0,0.9849609,0.00029644184,0.0147425905
2023-03-09,test,-0.0045421998976076,0,0,0,0.98590195,0.00029019747,0.01380787
2023-03-10,test,-0.0147745595845385,0,2,0,0.92507684,0.0006821768,0.07424099
2023-03-13,test,-0.0357526996096709,2,2,2,0.013815215,0.0029751991,0.98320967
2023-03-14,test,0.0220895072258524,2,1,2,0.01300383,0.0014629196,0.9855333
2023-03-15,test,-0.0446438870731427,1,1,2,0.0013899785,0.4609802,0.5376298
2023-03-16,test,0.0148564530823146,1,1,2,0.0045971824,0.07670909,0.9186937
2023-03-17,test,-0.0194106313607413,1,1,2,0.002469555,0.12047445,0.877056
2023-03-20,test,0.0129670475886942,1,1,2,0.0050976975,0.07009268,0.92480963
2023-03-21,test,0.02419251567933,1,1,2,0.0016573183,0.057332583,0.94101006
2023-03-22,test,-0.0044411448681237,1,2,2,0.0043617603,0.025875498,0.9697628
2023-03-23,test,-0.0043716793984768,2,2,2,0.0044964403,0.0403407,0.9551629
2023-03-24,test,-0.0199865907047042,2,2,2,0.0021448194,0.0314868,0.9663684
2023-03-27,test,0.0128373059954417,2,2,2,0.0044993307,0.04955801,0.94594264
2023-03-28,test,0.0042800446916025,2,2,2,0.004524028,0.04908764,0.9463883
2023-03-29,test,0.0140330241364798,2,2,2,0.005571257,0.053848147,0.94058067
2023-03-30,test,0.0149254229318869,2,2,2,0.0051374286,0.032029994,0.9628326
2023-03-31,test,0.0027549846231698,2,2,2,0.006503291,0.035152636,0.9583441
2023-04-03,test,-0.0081675294875349,2,2,2,0.004126455,0.034015235,0.96185833
2023-04-04,test,0.0028134107805612,2,2,2,0.0062139556,0.03432174,0.9594643
2023-04-05,test,0.0077449339639618,2,2,2,0.0074260985,0.038608685,0.9539652
2023-04-06,test,0.006215402989813,2,2,2,0.017062569,0.020865401,0.962072
2023-04-11,test,-0.0080431279288928,2,0,2,0.023103427,0.015985513,0.9609111
2023-04-12,test,0.0044285137652882,0,0,2,0.07898349,0.01568508,0.90533143
2023-04-13,test,0.0033676194611981,0,0,2,0.09091991,0.01242524,0.89665484
2023-04-14,test,0.0056660219937555,0,0,2,0.42431,0.001726862,0.5739631
2023-04-17,test,0.0016647222355276,0,0,0,0.51728326,0.0015723107,0.4811444
2023-04-18,test,0.0046169727046616,0,0,0,0.57579243,0.0011018016,0.4231058
2023-04-19,test,0.0077074515312688,0,0,0,0.74166,0.00084621145,0.2574938
2023-04-20,test,-0.0046342433561177,0,0,0,0.8359846,0.001242368,0.16277304
2023-04-21,test,-0.0037421697130378,0,0,0,0.8823774,0.0010376316,0.11658502
2023-04-24,test,-0.0009774964916042,0,0,0,0.9275625,0.00064126315,0.07179623
2023-04-25,test,-0.012419526124411,0,0,0,0.9071681,0.0009808573,0.091851056
2023-04-26,test,0.0003659481987674,0,0,0,0.93500054,0.0009622287,0.06403726
2023-04-27,test,0.0022462474346839,0,0,0,0.9272635,0.0011409587,0.07159554
2023-04-28,test,-0.0079329147965665,0,0,0,0.83252543,0.002564921,0.16490968
2023-05-02,test,-0.0173556722301439,0,0,0,0.5356593,0.004904475,0.4594362
2023-05-03,test,-0.0005837207268118,0,0,0,0.76891994,0.0034208714,0.22765917
2023-05-04,test,-0.0036534299224534,0,0,0,0.7080799,0.0040506558,0.28786945
2023-05-05,test,0.0114014503965432,0,0,0,0.73921406,0.003500225,0.25728565
2023-05-08,test,0.0069722376026575,0,0,0,0.8084833,0.00278617,0.18873051
2023-05-09,test,-0.0030552209880875,0,0,0,0.84142935,0.0031380656,0.15543255
2023-05-10,test,-0.0016892908092893,0,0,0,0.8225355,0.0026904636,0.17477402
2023-05-11,test,0.0016456895215768,0,0,0,0.86394876,0.0021645578,0.13388665
2023-05-12,test,0.0055709635168114,0,0,0,0.90067434,0.0020340278,0.09729159
2023-05-15,test,-0.0035365970235941,0,0,0,0.917236,0.0023466765,0.08041742
2023-05-16,test,-0.0010982074795782,0,0,0,0.91268593,0.0024250525,0.08488901
2023-05-17,test,0.0021952102224181,0,0,0,0.9170826,0.0028268774,0.08009046
2023-05-18,test,0.0001628249107901,0,0,0,0.9211042,0.0026232307,0.07627262
2023-05-19,test,0.0041593586428915,0,0,0,0.9611625,0.0019451163,0.036892455
2023-05-22,test,0.0057661895545802,0,0,0,0.95569986,0.001603804,0.042696342
2023-05-23,test,-0.0040921874896597,0,0,0,0.96879566,0.0015352698,0.029669087
2023-05-24,test,-0.01123150082876,0,0,0,0.9215856,0.0031442237,0.07527012
2023-05-25,test,-0.0051861635789739,0,0,0,0.9478329,0.00210211,0.050064977
2023-05-26,test,0.0081935438285086,0,0,0,0.9532521,0.0018600572,0.044887893
2023-05-29,test,-0.0011975267573537,0,0,0,0.9562677,0.0018127891,0.041919496
2023-05-30,test,-0.0013734343046311,0,0,0,0.9697202,0.0013841526,0.028895633
2023-05-31,test,-0.01287774246717,0,0,0,0.8867418,0.0025966987,0.11066151
2023-06-01,test,0.01287774246717,0,0,0,0.9158108,0.0024164633,0.08177274
2023-06-02,test,0.0162082452299635,0,0,0,0.9014787,0.003065448,0.09545592
2023-06-05,test,-0.0030312384763801,0,0,0,0.9532428,0.0015261834,0.045231044
2023-06-06,test,0.0023333680118554,0,0,0,0.9511682,0.0016372534,0.047194514
2023-06-07,test,0.0052489061438953,0,0,0,0.9596229,0.0013242965,0.039052773
2023-06-08,test,-0.002299699961451,0,0,0,0.9744571,0.0008134171,0.02472951
2023-06-09,test,-0.0030673135776569,0,0,0,0.97972506,0.001169234,0.019105697
2023-06-12,test,0.0037203868583444,0,0,0,0.9891082,0.0002642995,0.010627451
2023-06-13,test,-0.0011457478166813,0,0,0,0.9898037,0.00026708466,0.009929264
2023-06-14,test,0.0105614291994169,0,0,0,0.98539644,0.00032249503,0.014281006
2023-06-15,test,-0.0002120486067251,0,0,0,0.99011856,0.00025681278,0.009624658
2023-06-16,test,0.0067844362963238,0,0,0,0.99147195,0.0002693499,0.008258685
2023-06-19,test,-0.0066677418753393,0,0,0,0.9877315,0.00034213252,0.01192632
2023-06-20,test,0.0008371704130635,0,0,0,0.9925922,0.00026589044,0.007141914
2023-06-21,test,-0.000360179915881,0,0,0,0.99045384,0.00030762475,0.009238549
2023-06-22,test,-0.0076272708166795,0,0,0,0.989382,0.00035798713,0.010260019
2023-06-23,test,-0.0106171406733998,0,0,0,0.9787161,0.0005521807,0.020731669
2023-06-26,test,0.000884604573256,0,0,0,0.98260444,0.000514854,0.016880665
2023-06-27,test,0.0127499450431092,0,0,0,0.9813183,0.00060538144,0.018076317
2023-06-28,test,0.0093566860549111,0,0,0,0.9880364,0.00031727258,0.0116463555
2023-06-29,test,0.0030855079098819,0,0,0,0.9864157,0.00033016165,0.013254199
2023-06-30,test,0.0086267408586391,0,0,0,0.9856953,0.0003512971,0.013953379
2023-07-03,test,0.0053852239236243,0,0,0,0.98738456,0.00031349788,0.012301988
2023-07-04,test,-0.0058648145029868,0,0,0,0.986251,0.00041342553,0.013335559
2023-07-05,test,-0.0107054433365902,0,2,0,0.9643292,0.00065616757,0.035014674
2023-07-06,test,-0.0214484371151886,2,2,2,0.19874232,0.0011002863,0.8001574
2023-07-07,test,-0.0039064025432989,2,0,0,0.82294875,0.00088264927,0.17616859
2023-07-10,test,0.0004432658578783,0,0,0,0.90621924,0.0007329914,0.09304769
2023-07-11,test,0.0084158071774689,0,0,0,0.9284013,0.0007399464,0.07085875
2023-07-12,test,0.0130533546307798,0,0,0,0.8452744,0.00098939,0.15373622
2023-07-13,test,0.0026409767398669,0,0,0,0.93824047,0.0005860103,0.061173487
2023-07-14,test,-0.0042713381665329,0,0,0,0.9483647,0.0005473865,0.05108797
2023-07-17,test,-3.176519663569529e-05,0,0,0,0.929042,0.0006503376,0.070307694
2023-07-18,test,0.0018736616234754,0,0,0,0.93557703,0.0006291778,0.06379381
2023-07-19,test,-0.0004125760338835,0,0,0,0.9607478,0.00055897166,0.038693238
2023-07-20,test,0.0071476111862701,0,0,0,0.97852474,0.00040543734,0.0210698
2023-07-21,test,0.0054371429143165,0,0,0,0.9847883,0.00031169673,0.0149000455
2023-07-24,test,-0.0029296385065642,0,0,0,0.9882543,0.00029552312,0.011450177
2023-07-25,test,-0.0025494623112604,0,0,0,0.98802453,0.0002870719,0.011688375
2023-07-26,test,0.0085043482742847,0,0,0,0.9832402,0.00027908632,0.016480722
2023-07-27,test,0.0097641841258725,0,0,0,0.98519343,0.00027637836,0.014530217
2023-07-28,test,-0.0009907828584015,0,0,0,0.9880611,0.00025417007,0.01168475
2023-07-31,test,-0.0045118835407825,0,0,0,0.98872244,0.000265278,0.011012269
2023-08-01,test,-0.0144796418905785,0,2,0,0.764793,0.0010840441,0.23412296
2023-08-02,test,-0.0185013656760043,2,0,2,0.36812538,0.0014047608,0.63046986
2023-08-03,test,-0.0023181828348979,0,0,0,0.94918954,0.0005682436,0.050242204
2023-08-04,test,0.0065648578520865,0,0,0,0.9588335,0.0005411295,0.040625397
2023-08-07,test,-0.0010467007149886,0,0,0,0.9580875,0.0005061795,0.041406352
2023-08-08,test,-0.0060877560921854,0,0,0,0.94575566,0.0006021515,0.05364211
2023-08-09,test,0.0056389537814405,0,0,0,0.95319337,0.00060727546,0.046199337
2023-08-10,test,0.0156765086956539,0,0,0,0.9389282,0.00077801617,0.060293734
2023-08-11,test,-0.0071714077711673,0,0,0,0.95516634,0.00062263076,0.04421106
2023-08-14,test,-0.0004983270220644,0,0,0,0.95466447,0.00054138235,0.044794194
2023-08-15,test,-0.0087447086356849,0,0,0,0.93961257,0.0006559862,0.059731428
2023-08-16,test,0.0003208899375058,0,0,0,0.95111185,0.00053333456,0.048354793
2023-08-17,test,-0.0077838114770856,0,0,0,0.9526207,0.0008758912,0.046503417
2023-08-18,test,-0.0011107486520312,0,0,0,0.9693654,0.0006719379,0.029962705
2023-08-21,test,-0.0005289000015363,0,0,0,0.9701119,0.0006539914,0.029234057
2023-08-22,test,0.005512286884201,0,0,0,0.9794517,0.0005292109,0.020019092
2023-08-23,test,0.0001717277249616,0,0,0,0.98328096,0.00045940923,0.016259622
2023-08-24,test,0.0009764420911602,0,0,0,0.9767517,0.0006143413,0.022634026
2023-08-25,test,0.0015216997371158,0,0,0,0.9769389,0.0005884715,0.022472674
2023-08-28,test,0.0160605946993766,0,0,0,0.9449603,0.00087465864,0.054165024
2023-08-29,test,0.0095537566707768,0,0,0,0.9769121,0.00038443366,0.022703461
2023-08-30,test,-0.0031465752763765,0,0,0,0.98907197,0.0003587338,0.01056934
2023-08-31,test,-0.0047435906496014,0,0,0,0.9893935,0.00039571393,0.010210806
2023-09-01,test,-0.0059403283278615,0,0,0,0.9895187,0.0004140683,0.010067254
2023-09-04,test,-0.003530161858558,0,0,0,0.99218047,0.00037952492,0.007439966
2023-09-05,test,-0.0025839462854382,0,0,0,0.99290293,0.00034677566,0.006750255
2023-09-06,test,-0.00829663140732,0,0,0,0.98778987,0.0005754563,0.011634658
2023-09-07,test,-0.0004725403894448,0,0,0,0.9902209,0.0004729669,0.009306106
2023-09-08,test,0.0058474897555671,0,0,0,0.99154365,0.00046526702,0.007991025
2023-09-11,test,0.0075108159199687,0,0,0,0.9919819,0.0004089992,0.007609017
2023-09-12,test,0.0021386512218029,0,0,0,0.99350584,0.0003374907,0.0061566695
2023-09-13,test,-0.0033158515775313,0,0,0,0.9933015,0.00034919239,0.0063492763
2023-09-14,test,0.0131662403592823,0,0,0,0.99164724,0.0005094294,0.007843259
2023-09-15,test,7.332387080306101e-05,0,0,0,0.9949473,0.00027070448,0.004781906
2023-09-18,test,-0.0071039913123483,0,0,0,0.9901177,0.0004733476,0.009408915
2023-09-19,test,0.0047451164456428,0,0,0,0.9931785,0.00037112983,0.0064504202
2023-09-20,test,0.0123716812282166,0,0,0,0.9905724,0.00037121086,0.009056416
2023-09-21,test,-0.0100965616800612,0,0,0,0.984403,0.00046258798,0.01513435
2023-09-22,test,-0.0049237027555888,0,0,0,0.9885052,0.00045512922,0.011039693
2023-09-25,test,-0.0122830853925037,0,0,0,0.96845645,0.00065639365,0.030887209
2023-09-26,test,-0.0020369772761847,0,0,0,0.9802735,0.00054223393,0.019184312
2023-09-27,test,-0.0037435599517115,0,0,0,0.9861813,0.0005257835,0.013292945
2023-09-28,test,0.0101179956686185,0,0,0,0.98284173,0.00049140415,0.016666874
2023-09-29,test,0.0001273092609365,0,0,0,0.986134,0.00041159076,0.013454464
2023-10-02,test,-0.0116286582703662,0,0,0,0.9644408,0.0006248726,0.034934264
2023-10-03,test,-0.0166088916262361,0,0,0,0.82186264,0.0014760225,0.17666133
2023-10-04,test,-0.0068533481917545,0,0,0,0.94091266,0.0010489353,0.05803846
2023-10-05,test,0.0060019897963351,0,0,0,0.943958,0.0008150264,0.05522696
2023-10-06,test,0.0084921389327547,0,0,0,0.9604367,0.00068541453,0.03887792
2023-10-09,test,-0.0091912913589622,0,2,0,0.93812525,0.000915696,0.06095904
2023-10-10,test,0.0217049508881631,2,2,2,0.14512563,0.0021252045,0.85274917
2023-10-11,test,0.0008871911069572,2,0,0,0.5793944,0.0015435154,0.4190621
2023-10-12,test,-0.0026101713665208,0,2,0,0.7462399,0.0015461696,0.25221395
2023-10-13,test,-0.0111046606603855,2,0,2,0.42813724,0.0023148833,0.5695479
2023-10-16,test,0.00585306409085,0,0,0,0.71756345,0.0019032857,0.28053325
2023-10-17,test,0.0012267984132275,0,0,0,0.87415534,0.0011739539,0.12467073
2023-10-18,test,-0.0092701087141388,0,0,0,0.81902874,0.002029786,0.1789415
2023-10-19,test,-0.0071789181241014,0,0,0,0.87321246,0.0017482812,0.1250393
2023-10-20,test,-0.0129514185649567,0,0,0,0.63807034,0.0022321097,0.35969752
2023-10-23,test,-0.0037281991302126,0,0,0,0.87151396,0.0015043467,0.12698169
2023-10-24,test,-0.0021924071622638,0,0,0,0.93458015,0.0011644871,0.06425543
2023-10-25,test,0.0010021937963135,0,0,0,0.9261348,0.0012238155,0.07264131
2023-10-26,test,-0.0024515825511631,0,0,0,0.9195224,0.0013366549,0.07914096
2023-10-27,test,-0.0049773328085812,0,0,0,0.9187323,0.0017627894,0.07950499
2023-10-30,test,0.0106625501199189,0,0,0,0.9258039,0.0014349971,0.072761126
2023-10-31,test,0.0003770591048797,0,0,0,0.9448652,0.00081760815,0.054317173
2023-11-01,test,0.0063784473572732,0,0,0,0.9529541,0.0009607419,0.04608521
2023-11-02,test,0.0202239063008083,0,0,0,0.6590078,0.0035518287,0.33744034
2023-11-03,test,0.0036110265535653,0,0,0,0.93472207,0.0010173174,0.06426064
2023-11-06,test,-0.00565410286469,0,0,0,0.95681244,0.0007771729,0.04241039
2023-11-07,test,-0.0006061036106858,0,0,0,0.95550394,0.00078822457,0.04370778
2023-11-08,test,0.0051728181736417,0,0,0,0.9583024,0.00081244204,0.040885225
2023-11-09,test,0.0129918238741976,0,0,0,0.94334215,0.0009475789,0.055710252
2023-11-10,test,-0.0035682178471498,0,0,0,0.9722892,0.0005649894,0.027145809
2023-11-13,test,0.0095575608476978,0,0,0,0.9745368,0.00056745566,0.024895709
2023-11-14,test,0.0169351293233868,0,0,0,0.7958138,0.0018379798,0.2023482
2023-11-15,test,0.0018065194515364,0,0,0,0.96672076,0.0004187913,0.03286046
2023-11-16,test,0.0027657005631423,0,0,0,0.98344153,0.00022696823,0.016331479
2023-11-17,test,0.0096764318619895,0,0,0,0.9807342,0.00026547816,0.019000264
2023-11-20,test,0.0079182071052735,0,0,0,0.98350996,0.00022900898,0.01626106
2023-11-21,test,-0.00116950156975,0,0,0,0.98738,0.00021865072,0.01240126
2023-11-22,test,0.006076680456076,0,0,0,0.9877983,0.00022467595,0.011977028
2023-11-23,test,0.0018288996622898,0,0,0,0.9872492,0.00018714927,0.01256371
2023-11-24,test,0.0033762535536242,0,0,0,0.98759055,0.00021973134,0.012189697
2023-11-27,test,-0.0002918617468684,0,0,0,0.9901232,0.00020567054,0.009671095
2023-11-28,test,0.006750524017366,0,0,0,0.99061185,0.00025147074,0.009136707
2023-11-29,test,0.0059004675076431,0,0,0,0.9880135,0.00023854159,0.011747948
2023-11-30,test,-0.0004373001247777,0,0,0,0.99153847,0.00019017348,0.00827137
2023-12-01,test,0.0081786296151646,0,0,0,0.99151105,0.00020161246,0.0082872845
2023-12-04,test,0.0036911126277134,0,0,0,0.99406624,0.00021065424,0.005723067
2023-12-05,test,0.0058874116738824,0,0,0,0.9936639,0.00021651805,0.0061195376
2023-12-06,test,0.0019222037728879,0,0,0,0.9934029,0.0001960228,0.0064011193
2023-12-07,test,-0.0109880601843818,0,0,0,0.98530966,0.0002615287,0.014428864
2023-12-08,test,0.0075997095315253,0,0,0,0.99006313,0.00021619727,0.009720643
2023-12-11,test,-0.0024876260430595,0,0,0,0.99241066,0.0001851579,0.0074042296
2023-12-12,test,-0.0078064062210341,0,0,0,0.9891072,0.00029999737,0.010592794
2023-12-13,test,-0.0022360444399722,0,0,0,0.99010426,0.00026078557,0.009634888
2023-12-14,test,0.007460201629428,0,0,0,0.99166226,0.00025263062,0.008085063
2023-12-15,test,-0.0075097269313538,0,0,0,0.9864703,0.00035122727,0.013178507
2023-12-18,test,-0.0040395299464994,0,0,0,0.9885323,0.00036285695,0.011104899
2023-12-19,test,0.0051384728551759,0,0,0,0.98814976,0.00031539894,0.011534812
2023-12-20,test,-0.000564160731661,0,0,0,0.9831755,0.00034906826,0.016475458
2023-12-21,test,0.0003266276421268,0,0,0,0.98576605,0.00036961713,0.013864311
2023-12-22,test,0.0007519302561493,0,0,0,0.98227763,0.00039814482,0.017324157
2023-12-27,test,0.0009785076142093,0,0,0,0.98256886,0.00038211435,0.01704907
2023-12-28,test,-0.0035233220706839,0,0,0,0.98725754,0.00035121557,0.012391223
2023-12-29,test,0.0015751120702083,0,0,0,0.9842988,0.0003587194,0.015342438
2024-01-02,test,0.0078879539621563,0,0,0,0.9860488,0.0003953359,0.013555921
2024-01-03,test,-0.0127203137168069,0,0,0,0.96070343,0.00053474837,0.03876181
2024-01-04,test,0.0127498534796316,0,0,0,0.96954805,0.0006084761,0.029843524
2024-01-05,test,-0.0017595206050566,0,0,0,0.9678481,0.0004538296,0.03169802
2024-01-08,test,0.0043684267078966,0,0,0,0.9677422,0.00048633825,0.03177142
2024-01-09,test,-0.0146727183005486,0,0,0,0.8995673,0.00073923555,0.09969348
2024-01-10,test,0.0006756764553941,0,0,0,0.97483194,0.00045273488,0.024715386
2024-01-11,test,-0.0061976303151083,0,0,0,0.9758035,0.00047963345,0.023716807
2024-01-12,test,0.0089454084060826,0,0,0,0.9749443,0.00047721906,0.024578469
2024-01-15,test,-0.0017747060076404,0,0,0,0.980767,0.00044366423,0.0187893
2024-01-16,test,-0.0082508346350632,0,0,0,0.97128546,0.0005154258,0.02819915
2024-01-17,test,-0.0127179686526005,0,0,0,0.942013,0.0007087979,0.05727818
2024-01-18,test,0.0012659447659923,0,0,0,0.9747225,0.00048389722,0.024793573
2024-01-19,test,-0.0022291357588983,0,0,0,0.9843827,0.00049358286,0.015123744
2024-01-22,test,0.0110762347655081,0,0,0,0.9695849,0.0005602206,0.029854864
2024-01-23,test,-0.0109849056796071,0,0,0,0.9487142,0.0006522889,0.05063352
2024-01-24,test,0.0115766578935419,0,0,0,0.8990855,0.0006708248,0.100243665
2024-01-25,test,-0.0057716259030966,0,0,0,0.9388341,0.0004997954,0.060666192
2024-01-26,test,0.0020147893087917,0,0,0,0.95579976,0.00047803498,0.04372226
2024-01-29,test,-0.0046704114325721,0,0,0,0.9669601,0.0005000774,0.03253983
2024-01-30,test,0.0149529121655686,0,0,0,0.8799588,0.0009353347,0.1191058
2024-01-31,test,0.0038177101223021,0,0,0,0.9461634,0.00052140077,0.05331523
2024-02-01,test,-0.0063409674771716,0,0,0,0.9346418,0.0006067859,0.06475141
2024-02-02,test,0.0048315288369286,0,0,0,0.95983833,0.00048248743,0.039679226
2024-02-05,test,-0.0121178655660995,0,0,0,0.8744762,0.0007267206,0.12479711
2024-02-06,test,0.0061872708244614,0,0,0,0.9427541,0.00050989253,0.05673605
2024-02-07,test,-0.0083119459308128,0,0,0,0.91119945,0.0005856603,0.088214874
2024-02-08,test,-0.0014929996569304,0,0,0,0.96024543,0.000433734,0.039320793
2024-02-09,test,-0.0008888780758975,0,0,0,0.9654938,0.0005474064,0.03395879
2024-02-12,test,0.0088627165705905,0,0,0,0.9680102,0.0004870743,0.031502713
2024-02-13,test,-0.0059567735257556,0,0,0,0.96837664,0.000549077,0.031074254
2024-02-14,test,-0.0008870861634035,0,0,0,0.97362775,0.0005771937,0.025795035
2024-02-15,test,0.0010784368662912,0,0,0,0.9793322,0.0005358353,0.020131918
2024-02-16,test,-0.0041284032511992,0,0,0,0.9845404,0.00051801285,0.0149415955
2024-02-19,test,0.0058896670197813,0,0,0,0.9821445,0.0005740991,0.017281456
2024-02-20,test,0.0093480529231795,0,0,0,0.9867334,0.0005009423,0.012765741
2024-02-21,test,0.0068502257075073,0,0,0,0.9850214,0.0005749177,0.014403693
2024-02-22,test,0.0031314890571518,0,0,0,0.9853119,0.0004961585,0.014191935
2024-02-23,test,-0.0008190415860315,0,0,0,0.98198044,0.00054149586,0.017478067
2024-02-26,test,0.000769725357457,0,0,0,0.9847808,0.00045281337,0.014766394
2024-02-27,test,-0.0024294247340883,0,0,0,0.98137444,0.0004921613,0.01813343
2024-02-28,test,-0.0044791771242069,0,0,0,0.9759251,0.000585855,0.02348905
2024-02-29,test,-0.0067065664406097,0,0,0,0.9717513,0.0006628275,0.027585864
2024-03-01,test,0.0063192067778533,0,0,0,0.977467,0.00063817,0.021894831
2024-03-04,test,0.0005065543702645,0,0,0,0.9860184,0.0005248228,0.013456693
2024-03-05,test,0.0046861967534148,0,0,0,0.9870006,0.0004689493,0.012530492
2024-03-06,test,0.0078861690375335,0,0,0,0.9902518,0.00040675577,0.009341484
2024-03-07,test,0.0119317698044574,0,0,0,0.9895018,0.0005142625,0.009984034
2024-03-08,test,-0.0013478025820936,0,0,0,0.9909246,0.00040492072,0.008670505
2024-03-11,test,0.0019387928968652,0,0,0,0.9894832,0.00035868434,0.0101581
2024-03-12,test,0.0061020140024309,0,0,0,0.99365485,0.00026771045,0.0060774707
2024-03-13,test,0.0163826595652666,0,0,0,0.9867867,0.0003562661,0.012857011
2024-03-14,test,-0.0066505399274413,0,0,0,0.9904889,0.00025243763,0.009258717
2024-03-15,test,0.0101858194275587,0,0,0,0.99261636,0.00019858849,0.007185025
2024-03-18,test,-0.0001132548177934,0,0,0,0.9946104,0.00017776662,0.005211778
2024-03-19,test,0.0098319602082518,0,0,0,0.99353385,0.00019582851,0.0062702936
2024-03-20,test,0.0047636751431188,0,0,0,0.9931477,0.00019976485,0.0066526053
2024-03-21,test,0.0106383982050557,0,0,0,0.9890153,0.00023810854,0.010746589
2024-03-22,test,0.0069415927601288,0,0,0,0.9907793,0.00022194527,0.008998841
2024-03-25,test,0.0008220905163925,0,0,0,0.9916883,0.00020333532,0.008108324
2024-03-26,test,0.0035818796607032,0,0,0,0.9942667,0.0001986828,0.0055346135
2024-03-27,test,0.0108403441115125,0,0,0,0.9922466,0.0002342497,0.007519088
2024-03-28,test,-0.003308428304241,0,0,0,0.9939074,0.00018186886,0.0059107277
2024-04-02,test,-0.0089795710448425,0,0,0,0.98492223,0.00025834274,0.014819482
2024-04-03,test,0.0051527244556639,0,0,0,0.9923424,0.00020357192,0.0074539864
2024-04-04,test,0.0052976714466065,0,0,0,0.9934542,0.0002008797,0.006344874
2024-04-05,test,-0.015895384636642,0,0,0,0.86437875,0.00050269015,0.13511857
2024-04-08,test,-0.0003848482579025,0,0,0,0.9804935,0.00021450243,0.019292042
2024-04-09,test,-0.0088182352875811,0,0,0,0.97460765,0.00031074416,0.025081571
2024-04-10,test,-0.0037978833107968,0,0,0,0.9845035,0.0003087126,0.015187777
2024-04-11,test,-0.0116875416929808,0,0,0,0.9533027,0.00049948937,0.04619786
2024-04-12,test,0.003393379238749,0,0,0,0.9688467,0.00042274682,0.030730596
2024-04-15,test,0.0001123084332523,0,0,0,0.9640887,0.0003806107,0.03553067
2024-04-16,test,-0.0151128590199888,0,0,0,0.67346996,0.00079686806,0.32573316
2024-04-17,test,0.010113125023888,0,0,0,0.90171444,0.00052101514,0.09776449
2024-04-18,test,0.0122530828435954,0,0,0,0.8929923,0.0005745756,0.10643315
2024-04-19,test,-0.0033031735819152,0,0,0,0.908188,0.00048267984,0.091329366
2024-04-22,test,0.0148663629494283,0,2,0,0.69251794,0.0010483892,0.3064337
2024-04-23,test,0.0168631477462388,2,0,2,0.16382845,0.0008648532,0.83530676
2024-04-24,test,-0.0043071282985995,0,0,2,0.4405909,0.00083770044,0.5585714
2024-04-25,test,-0.0040069662112483,0,0,0,0.62628376,0.0009218104,0.37279445
2024-04-26,test,0.0154395604426736,0,0,2,0.16493048,0.00096183905,0.8341077
2024-04-29,test,-0.0048347736640632,0,2,2,0.44424167,0.00090011454,0.5548582
2024-04-30,test,-0.0224465964757938,2,2,2,0.009672109,0.00025664942,0.9900712
2024-05-02,test,0.0016201131257957,2,2,2,0.055255875,0.00028319145,0.944461
2024-05-03,test,-0.0015924929407647,2,2,2,0.08688097,0.00042544308,0.9126936
2024-05-06,test,0.0057688224695011,2,2,2,0.23388778,0.0006829922,0.7654292
2024-05-07,test,0.014855934331712,2,2,2,0.06299576,0.00038826815,0.93661594
2024-05-08,test,0.0064855793031086,2,2,2,0.19203702,0.0003795678,0.8075834
2024-05-09,test,-0.0092690776661908,2,2,2,0.21621865,0.00060045643,0.78318095
2024-05-10,test,0.0050010387502174,2,0,2,0.48961562,0.0005463114,0.50983804
2024-05-13,test,0.0041783729217416,0,0,0,0.61160123,0.0006009308,0.38779786
2024-05-14,test,0.0077976935503373,0,0,0,0.65322673,0.000608941,0.34616435
2024-05-15,test,0.010928297038047,0,0,0,0.6029346,0.0007803974,0.39628497
2024-05-16,test,-0.0056040849950639,0,0,0,0.6887474,0.0005318229,0.3107208
2024-05-17,test,0.0025103111803719,0,0,0,0.8752873,0.00039146066,0.12432129
2024-05-20,test,0.0010411348249191,0,0,0,0.92758495,0.0003014848,0.07211353
2024-05-21,test,-0.0004057094660808,0,0,0,0.9381778,0.00032811673,0.06149406
2024-05-22,test,-0.0005206862593472,0,0,0,0.9436285,0.00033942203,0.05603213
2024-05-23,test,-0.0015812999645633,0,0,0,0.9459637,0.00031318853,0.05372318
2024-05-24,test,-0.0057720000567781,0,0,0,0.9517915,0.0003422176,0.047866274
2024-05-27,test,0.0070443106348755,0,0,0,0.9416471,0.00036923145,0.057983577
2024-05-28,test,-0.0043802472530194,0,0,0,0.965354,0.00030618467,0.034339797
2024-05-29,test,-0.0116766688698555,0,0,0,0.9531048,0.00047000285,0.046425153
2024-05-30,test,0.017177668385959,0,0,0,0.88151056,0.0009513393,0.117538124
2024-05-31,test,-0.0014298371535014,0,0,0,0.9701901,0.00032321567,0.029486652
2024-06-03,test,0.0066199927197111,0,0,0,0.9723722,0.00036570712,0.027262075
2024-06-04,test,-0.0097692326643452,0,0,0,0.9615233,0.00046953835,0.03800722
2024-06-05,test,0.0058923043113844,0,0,0,0.9661949,0.00047387686,0.033331167
2024-06-06,test,0.0079747752066454,0,0,0,0.9724682,0.00039102993,0.027140774
2024-06-07,test,-0.0034224533234974,0,0,0,0.9763691,0.00033308932,0.023297768
2024-06-10,test,-0.0041912006282699,0,0,0,0.974176,0.00034715474,0.025476828
2024-06-11,test,-0.0161280390080834,0,0,0,0.902414,0.00071979006,0.096866146
2024-06-12,test,0.006235308652096,0,0,0,0.96685344,0.0004312338,0.032715343
2024-06-13,test,-0.0160728450553123,0,0,0,0.6383287,0.0011862895,0.36048502
2024-06-14,test,-0.0066913359089391,0,0,0,0.81372714,0.0013399295,0.1849329
2024-06-17,test,-0.002988349874588,0,0,0,0.89728904,0.0011660337,0.10154491
2024-06-18,test,0.0098243139950782,0,0,0,0.9245,0.0010675386,0.07443247
2024-06-19,test,-0.0010214928852064,0,0,0,0.95351714,0.00076760043,0.045715306
2024-06-20,test,0.0093712776657885,0,0,0,0.9393021,0.0008541043,0.059843868
2024-06-21,test,-0.0115534427808022,0,0,0,0.844179,0.0013305893,0.1544905
2024-06-24,test,0.0125922479912122,0,0,0,0.7592265,0.0014878449,0.23928566
2024-06-25,test,-0.0047731658295821,0,0,0,0.89230573,0.0009336726,0.10676059
2024-06-26,test,-0.0079822350440771,0,0,0,0.8855956,0.0009964965,0.113407895
2024-06-27,test,-0.0071877299715676,0,0,0,0.8929346,0.0014453005,0.10562014
2024-06-28,test,-0.0007124671113176,0,0,0,0.95736474,0.0009776329,0.041657675
2024-07-01,test,0.0102997454894692,0,0,0,0.91436017,0.0011129215,0.0845269
2024-07-02,test,-0.013127317261052,0,0,0,0.79464567,0.0016992977,0.20365506
2024-07-03,test,0.0131092113439982,0,0,0,0.6391014,0.0017011265,0.3591975
2024-07-04,test,0.0008588308828026,0,0,0,0.8845116,0.0010475009,0.11444092
2024-07-05,test,-0.0038750788711148,0,0,0,0.90544504,0.000991514,0.09356342
2024-07-08,test,-0.0001270449116102,0,0,0,0.94403815,0.00068202976,0.0552798
2024-07-09,test,-0.0112496392324013,0,0,0,0.87220305,0.0013247764,0.1264722
2024-07-10,test,0.0157305622624824,0,0,0,0.5077018,0.0015488409,0.49074933
2024-07-11,test,0.0088483773077399,0,0,0,0.81301326,0.0008875131,0.18609923
2024-07-12,test,0.0071898127601103,0,0,0,0.89696735,0.00066309026,0.1023696
2024-07-15,test,-0.0096099277763028,0,0,0,0.8400715,0.00094128324,0.15898718
2024-07-16,test,-0.0047226120562098,0,0,0,0.92268175,0.0008799698,0.07643831
2024-07-17,test,0.0013245986684367,0,0,0,0.93658316,0.0007134113,0.06270343
2024-07-18,test,0.0038017728423509,0,0,0,0.95618945,0.000617558,0.043192957
2024-07-19,test,-0.0053969098837968,0,0,0,0.96804404,0.0005606486,0.03139527
2024-07-22,test,0.0050649242769541,0,0,0,0.9558406,0.00059982314,0.043559626
2024-07-23,test,0.0061638099672735,0,0,0,0.96752936,0.00053103437,0.0319396
2024-07-24,test,-0.0002319590748535,0,0,0,0.9773465,0.00035332976,0.022300217
2024-07-25,test,-0.0057703566629903,0,0,0,0.980048,0.0003820203,0.019570056
2024-07-26,test,0.0018197599311757,0,0,0,0.9847743,0.00032387575,0.014901802
2024-07-29,test,-0.0043171161182453,0,0,0,0.9828546,0.00043575428,0.016709689
2024-07-30,test,0.0075984493930577,0,0,0,0.98769814,0.00035719774,0.0119447205
2024-07-31,test,-0.0123588858450568,0,2,0,0.95477563,0.00072943186,0.044494983
2024-08-01,test,-0.0192256766579086,2,2,0,0.5196814,0.0015879554,0.47873065
2024-08-02,test,-0.0168534417943616,2,2,2,0.18293908,0.0015941506,0.81546676
2024-08-05,test,-0.0236545388871615,2,2,2,0.011259654,0.0013709965,0.98736936
2024-08-06,test,-0.0031613890149488,2,2,2,0.041596413,0.0010467485,0.95735687
2024-08-07,test,0.0198677298964853,2,2,2,0.009173713,0.00077879196,0.9900475
2024-08-08,test,-0.0038757906436933,2,2,2,0.035444174,0.0011714159,0.9633844
2024-08-09,test,0.007595630130211,2,2,2,0.0446327,0.0012044512,0.9541629
2024-08-12,test,0.0007235427868629,2,2,2,0.069769435,0.0009313242,0.9292993
2024-08-13,test,0.0072625129107586,2,2,2,0.12276569,0.0008878818,0.8763464
2024-08-14,test,0.0027192331791321,2,2,2,0.24972875,0.0010544246,0.74921685
2024-08-15,test,0.0122559936015587,2,2,2,0.21133885,0.0010844006,0.7875768
2024-08-16,test,0.0058712974542226,2,2,2,0.287265,0.0009928247,0.71174216
2024-08-19,test,0.0138582317199497,2,0,2,0.13953215,0.0008810028,0.85958683
2024-08-20,test,-0.0013249210323699,0,0,2,0.29845378,0.00094177056,0.70060444
2024-08-21,test,0.0024411985171008,0,0,0,0.5196885,0.0010815965,0.47922993
2024-08-22,test,0.0037177575868108,0,0,0,0.7022026,0.0014579984,0.29633936
2024-08-23,test,0.0108584142746661,0,0,0,0.6156913,0.0015902094,0.38271847
2024-08-26,test,-0.0011177993670246,0,0,0,0.7917057,0.0012867923,0.20700751
2024-08-27,test,0.0054355040398246,0,0,0,0.8540909,0.001071667,0.14483736
2024-08-28,test,0.0004501197651419,0,0,0,0.92812055,0.00070982496,0.071169585
2024-08-29,test,0.0023445499032698,0,0,0,0.97095764,0.00041509402,0.028627234
2024-08-30,test,0.0038049105678709,0,0,0,0.9868847,0.0002173024,0.012897963
2024-09-02,test,-0.0005790698915124,0,0,0,0.9874511,0.00023346039,0.012315482
2024-09-03,test,-0.0102406336627183,0,0,0,0.97945946,0.00035001707,0.020190507
2024-09-04,test,-0.0058062238141075,0,0,0,0.98759884,0.00025534726,0.012145854
2024-09-05,test,0.0053007237733571,0,0,0,0.988516,0.00024243517,0.0112415375
2024-09-06,test,-0.0089546852792289,0,0,0,0.9786587,0.00040637623,0.020935003
2024-09-09,test,0.0088925735075598,0,0,0,0.98793375,0.0002582534,0.01180791
2024-09-10,test,-0.0061664975896667,0,0,0,0.9782839,0.00040075276,0.021315334
2024-09-11,test,0.0067075287344119,0,0,0,0.9836289,0.00034679982,0.016024243
2024-09-12,test,0.0106971580210758,0,0,0,0.9766545,0.0004858986,0.02285958
2024-09-13,test,0.0122056926382547,0,0,0,0.9833861,0.00029636925,0.016317535
2024-09-16,test,0.0035292153254039,0,0,0,0.9821156,0.00028233547,0.017602008
2024-09-17,test,0.0105136070536153,0,0,0,0.9855958,0.00021797563,0.014186191
2024-09-18,test,-0.0015991208203316,0,0,0,0.9836345,0.00020571519,0.016159851
2024-09-19,test,0.007961531291286,0,0,0,0.9851366,0.0001858241,0.014677519
2024-09-20,test,-0.0021078061217634,0,0,0,0.9741809,0.00027979197,0.025539363
2024-09-23,test,0.0037875470367367,0,0,0,0.9862686,0.00021944915,0.013511924
2024-09-24,test,0.0033086363299726,0,0,0,0.9823072,0.00023700291,0.017455753
2024-09-25,test,-0.0037580359899385,0,0,0,0.9872487,0.00022807538,0.012523175
2024-09-26,test,0.0135268583149318,0,0,0,0.97032064,0.00031621446,0.02936321
2024-09-27,test,0.0012290569248831,0,0,0,0.98757625,0.00020431074,0.012219415
2024-09-30,test,-0.0075990992889505,0,0,0,0.9834252,0.0002643892,0.016310466
2024-10-01,test,-0.0173076832893272,0,0,0,0.941962,0.00054746313,0.0574905
2024-10-02,test,-0.0054717634338598,0,0,0,0.9783059,0.00032416894,0.021369968
2024-10-03,test,0.0007060673608454,0,0,0,0.97893816,0.00029528374,0.020766536
2024-10-04,test,0.0035399651153322,0,0,0,0.98203707,0.00026668474,0.017696183
2024-10-07,test,0.0049878661290509,0,0,0,0.9860902,0.00024462285,0.013665147
2024-10-08,test,0.001466830255007,0,0,0,0.9862343,0.00022012292,0.013545599
2024-10-09,test,0.0005792934820017,0,0,0,0.98680544,0.00023345243,0.012961098
2024-10-10,test,-0.0072484357993239,0,0,0,0.9866252,0.00030387208,0.013070921
2024-10-11,test,0.0054156453964576,0,0,0,0.98743445,0.00027786958,0.012287695
2024-10-14,test,0.011107062876986,0,0,0,0.98489666,0.000294804,0.014808565
2024-10-15,test,0.006669169774064,0,0,0,0.9852207,0.00027996334,0.01449941
2024-10-16,test,0.0055586114491684,0,0,0,0.9892631,0.00024988368,0.010486955
2024-10-17,test,-0.0077151483522654,0,0,0,0.9862163,0.00033019978,0.013453471
2024-10-18,test,0.0017373446035467,0,0,0,0.99051195,0.00025004862,0.0092379805
2024-10-21,test,-0.0070773269434535,0,0,0,0.98921865,0.00028763767,0.010493636
2024-10-22,test,-0.0007095957965548,0,0,0,0.98982996,0.0002547662,0.009915304
2024-10-23,test,0.0027428607462977,0,0,0,0.9876722,0.00028852958,0.012039329
2024-10-24,test,-0.002143041581625,0,0,0,0.9798478,0.00032024877,0.019832022
2024-10-25,test,-0.00230842810517,0,0,0,0.98208916,0.0003022262,0.017608585
2024-10-28,test,0.0077161852708749,0,0,0,0.9720142,0.00039091895,0.027594913
2024-10-29,test,-0.0091733476069048,0,0,0,0.9814487,0.00034683244,0.01820444
2024-10-30,test,-0.0068310585240722,0,0,0,0.98319614,0.00034097966,0.016462877
2024-10-31,test,-0.0036258904536268,0,0,0,0.9864695,0.00030100727,0.013229557
2024-11-01,test,0.0144927942332257,0,0,0,0.9686027,0.00048260074,0.030914685
2024-11-04,test,-0.0032053673404031,0,0,0,0.9858008,0.00031140365,0.013887747
2024-11-05,test,0.002884467703649,0,2,0,0.98548955,0.00029835332,0.014212081
2024-11-06,test,-0.0294778369150433,2,2,2,0.043610625,0.0010450964,0.9553443
2024-11-07,test,0.0064859112614317,2,2,2,0.16863005,0.0007490706,0.8306209
2024-11-08,test,-0.0016002287524606,2,2,2,0.2272763,0.0007107742,0.7720129
2024-11-11,test,0.0039483738614011,2,2,2,0.30289656,0.0007979657,0.69630545
2024-11-12,test,-0.0186864562712464,2,2,2,0.029059969,0.0013205406,0.9696195
2024-11-13,test,-0.0004833104387013,2,2,2,0.123790756,0.0024647445,0.87374455
2024-11-14,test,0.0128553037151296,2,2,2,0.16454986,0.0015674512,0.8338827
2024-11-15,test,0.0096373475850214,2,2,2,0.18782869,0.0012415497,0.8109298
2024-11-18,test,0.0033374759097001,2,2,2,0.24448282,0.00085820834,0.754659
2024-11-19,test,-0.0074280245708243,2,2,2,0.18295863,0.001305461,0.81573594
2024-11-20,test,9.488429558269306e-05,2,0,2,0.32390124,0.0015014799,0.67459726
2024-11-21,test,0.0019137115236205,0,0,0,0.67267233,0.0011377947,0.32618985
2024-11-22,test,0.0038592823856707,0,0,0,0.6690592,0.001143279,0.32979754
2024-11-25,test,0.004724354201975,0,0,0,0.7890679,0.000935464,0.20999663
2024-11-26,test,-0.0080498180713267,0,0,0,0.73185676,0.0010926436,0.26705065
2024-11-27,test,-0.0033107525027961,0,0,0,0.7762523,0.0009121382,0.2228355
2024-11-28,test,0.0026993893099392,0,0,0,0.7990104,0.0008102577,0.20017934
2024-11-29,test,0.002623420508684,0,0,0,0.83967584,0.0006291374,0.15969498
2024-12-02,test,0.0080422737451855,0,0,0,0.8672826,0.00055766274,0.13215975
2024-12-03,test,0.0117160384515691,0,0,0,0.8349392,0.0006187058,0.1644421
2024-12-04,test,0.0048728947180805,0,0,0,0.9435313,0.00037169765,0.05609709
2024-12-05,test,0.0155594202256772,0,0,0,0.90879285,0.0006610218,0.090546064
2024-12-06,test,-0.0038610088133262,0,0,0,0.9614437,0.0003276683,0.038228583
2024-12-09,test,-0.005024197252435,0,0,0,0.9552418,0.00041527022,0.044342883
2024-12-10,test,-0.0038370151759558,0,0,0,0.9762971,0.00031362072,0.023389347
2024-12-11,test,-0.0148351851668631,0,0,0,0.9104172,0.0009401916,0.08864256
2024-12-12,test,-0.0020803180119027,0,0,0,0.9646284,0.00062129064,0.03475039
2024-12-13,test,-0.0010800910718334,0,0,0,0.9507442,0.00066124846,0.048594587
2024-12-16,test,0.0022523777093891,0,0,0,0.9588407,0.0006085797,0.04055065
2024-12-17,test,-0.0163056167183831,0,0,0,0.75778526,0.0015815583,0.24063316
2024-12-18,test,0.0025683700449709,0,0,0,0.92761564,0.0010623994,0.07132194
2024-12-19,test,-0.015439767021989,0,0,0,0.60364175,0.0022786162,0.3940797
2024-12-20,test,0.0023922109114493,0,0,0,0.82867086,0.0014665936,0.16986252
2024-12-23,test,-0.0027594314654121,0,0,0,0.8993829,0.0013930185,0.09922411
2024-12-24,test,0.0033348665833169,0,0,0,0.8816613,0.0010419489,0.1172967
2024-12-27,test,0.005016134379491,0,0,0,0.81821805,0.0011798603,0.18060207
2024-12-30,test,0.0004508501268116,0,0,0,0.8473142,0.0010247247,0.15166108
2024-12-31,test,0.0050320613712926,0,0,0,0.8957718,0.00090359023,0.103324585
2025-01-02,test,0.0070385939587593,0,0,0,0.904539,0.00076574186,0.09469523
2025-01-03,test,-0.0021690885543347,0,0,0,0.94280875,0.0008276817,0.056363516
2025-01-06,test,0.0133507458125454,0,0,0,0.87212014,0.00089079427,0.12698908
2025-01-07,test,0.0003133090250234,0,0,0,0.9294153,0.00085391745,0.06973078
2025-01-08,test,-0.001169062500788,0,0,0,0.93759006,0.0008076856,0.061602212
2025-01-09,test,0.0085410899954188,0,0,0,0.91309774,0.0006857176,0.08621657
2025-01-10,test,-0.0151059521075009,0,0,0,0.5261791,0.001936589,0.47188434
2025-01-13,test,-0.0027938037569729,0,0,0,0.87613016,0.00082646834,0.12304334
2025-01-14,test,0.0054521122069116,0,0,0,0.8604451,0.00094830873,0.13860664
2025-01-15,test,0.0123804269657362,0,0,0,0.9027151,0.00074270077,0.09654223
2025-01-16,test,-0.0048780708950322,0,0,0,0.8882467,0.00077892974,0.11097439
2025-01-17,test,0.0063729235201292,0,0,0,0.9573546,0.00047977734,0.042165652
2025-01-20,test,0.0022883429746893,0,0,0,0.9741641,0.00038601094,0.02544984
2025-01-21,test,-0.0013572302154647,0,0,0,0.9781612,0.0004342613,0.021404492
2025-01-22,test,-0.003754729860667,0,0,0,0.97965944,0.00040455506,0.019936062
2025-01-23,test,0.0091144881921349,0,0,0,0.98498917,0.00037140993,0.014639369
2025-01-24,test,-0.0007425005467503,0,0,0,0.98067135,0.00038840974,0.01894026
2025-01-27,test,0.0012093564339541,0,0,0,0.98384684,0.00039916957,0.015753938
2025-01-28,test,0.0130098837799396,0,0,0,0.9833656,0.0003564033,0.016278027
2025-01-29,test,0.0108262935064028,0,0,0,0.9857348,0.0003198325,0.01394535
2025-01-30,test,0.0107747397736107,0,0,0,0.975999,0.00043102822,0.023569915
2025-01-31,test,-0.0040905492017746,0,0,0,0.98930526,0.00026535412,0.010429453
2025-02-03,test,-0.0132740566112556,0,0,0,0.9566179,0.00042471138,0.04295736
2025-02-04,test,0.0135892664847893,0,0,0,0.9676086,0.00030826902,0.032083176
2025-02-05,test,0.0131598591701831,0,0,0,0.94247437,0.00040142058,0.057124257
2025-02-06,test,0.015379605822326,0,0,0,0.7175783,0.0008408676,0.28158084
2025-02-07,test,-0.0033123377526787,0,0,0,0.8913673,0.00036808528,0.10826457
2025-02-10,test,0.0015670252016127,0,0,0,0.95950264,0.00021246159,0.040284894
2025-02-11,test,0.0051798135725873,0,0,0,0.9695311,0.00020969947,0.030259231
2025-02-12,test,0.0106439220088768,0,0,0,0.9560358,0.00027076402,0.043693434
2025-02-13,test,0.0019189108925907,0,0,0,0.9792619,0.00016582168,0.02057234
2025-02-14,test,0.0015217033065855,0,0,0,0.97964543,0.00017510663,0.020179402
2025-02-17,test,0.0046895418931386,0,0,0,0.9804585,0.0001722257,0.0193692
2025-02-18,test,0.0097092591888289,0,0,0,0.9795553,0.00016962328,0.020275088
2025-02-19,test,-0.0164539841841152,0,0,0,0.77935106,0.0004608393,0.22018808
2025-02-20,test,0.0029115320897738,0,0,0,0.9670464,0.00018128677,0.032772392
2025-02-21,test,-0.0011651339213749,0,0,0,0.97740126,0.00014629314,0.022452427
2025-02-24,test,0.0046909867849792,0,0,0,0.9769092,0.00016521312,0.022925554
2025-02-25,test,0.0079526332773127,0,0,0,0.971093,0.00015873555,0.028748294
2025-02-26,test,0.0162733240078672,0,0,0,0.8531594,0.00048692638,0.14635365
2025-02-27,test,-0.0046161277887446,0,0,0,0.9597425,0.00019728387,0.04006022
2025-02-28,test,0.0057630699106681,0,0,0,0.9635244,0.00017692371,0.036298722
2025-03-03,test,0.00193109483921,0,2,0,0.9692648,0.00015218426,0.030582985
2025-03-04,test,-0.0258603316421878,2,2,2,0.18315288,0.000584108,0.81626296
2025-03-05,test,0.0138920078432552,2,2,2,0.24270225,0.00036890784,0.75692886
2025-03-06,test,0.0015275292149305,2,2,2,0.40687874,0.00054184586,0.5925794
2025-03-07,test,0.0017288256850274,2,2,0,0.64957213,0.0007097552,0.34971812
2025-03-10,test,-0.0132424668332776,2,2,2,0.14421538,0.0010712841,0.8547133
2025-03-11,test,-0.0158247054694325,2,2,2,0.04700106,0.0007705312,0.9522284
2025-03-12,test,-0.0057084340973252,2,2,2,0.119640455,0.00046684124,0.87989265
2025-03-13,test,0.001350213066586,2,2,2,0.17144227,0.0005181524,0.8280396
2025-03-14,test,0.0142414573266921,2,2,2,0.07364783,0.0006059666,0.92574626
2025-03-17,test,0.0108595305497163,2,2,2,0.09983219,0.0005028541,0.89966494
2025-03-18,test,0.0156595743871882,2,2,2,0.037258364,0.00045989436,0.9622817
2025-03-19,test,0.0039905753744964,2,2,2,0.20779286,0.0004908188,0.79171634
2025-03-20,test,-0.0076213802052093,2,2,2,0.18646078,0.0004976305,0.8130416
2025-03-21,test,0.0032937880302927,2,2,2,0.34006494,0.00057620945,0.65935886
2025-03-24,test,-0.0020170131212625,2,2,2,0.4591185,0.0006872984,0.5401942
2025-03-25,test,0.0120116637146863,2,0,2,0.35409328,0.00056937244,0.64533734
2025-03-26,test,-0.0038712072104306,0,0,2,0.3420208,0.00062793423,0.65735126
2025-03-27,test,-0.000714999658633,0,0,0,0.5771246,0.0007224829,0.4221529
2025-03-28,test,-0.008476800048681,0,0,2,0.3851752,0.0008619095,0.61396295
2025-03-31,test,-0.0131521189126983,0,2,2,0.12490551,0.00049715897,0.8745973
2025-04-01,test,0.0122275404742088,2,0,0,0.5341371,0.00066040584,0.46520248
2025-04-02,test,0.0039929347628103,0,2,0,0.64894533,0.0007606884,0.35029396
2025-04-03,test,-0.0119814252264854,2,1,2,0.39565048,0.000645782,0.60370374
2025-04-04,test,-0.0600808612737825,1,1,2,0.0026385349,0.419836,0.5775255
2025-04-07,test,-0.0525736937228119,1,1,1,0.0012044747,0.89680153,0.101994
2025-04-08,test,0.0234629956768462,1,1,1,0.0016168663,0.88453156,0.11385155
2025-04-09,test,-0.0224623082470999,1,1,1,0.0018025965,0.87507874,0.12311863
2025-04-10,test,0.0423208381615996,1,1,1,0.0011476688,0.9847499,0.014102393
2025-04-11,test,-0.0017565232639095,1,1,1,0.0041485033,0.93421847,0.06163308
2025-04-14,test,0.0260138711921377,1,1,1,0.0024333708,0.9203634,0.07720325
2025-04-15,test,0.0211470822745123,1,1,1,0.0036552404,0.81264764,0.18369716
2025-04-16,test,0.0048641769953544,1,1,1,0.016504325,0.6251907,0.35830498
2025-04-17,test,-0.0018638455934593,1,2,2,0.020428699,0.4647844,0.5147869
2025-04-22,test,0.0071426921976012,2,2,2,0.01804815,0.29194838,0.69000345
2025-04-23,test,0.0150810252718587,2,2,2,0.014542006,0.16307889,0.8223791
2025-04-24,test,-0.0021676232054837,2,2,2,0.014171683,0.08724699,0.8985813
2025-04-25,test,0.0132355133078401,2,2,2,0.010047258,0.057595298,0.93235743
2025-04-28,test,0.007519210620308,2,2,2,0.011443221,0.03866865,0.9498881
2025-04-29,test,-0.0066509747279448,2,2,2,0.009061938,0.033731665,0.95720637
2025-04-30,test,-0.0059352247493617,2,2,2,0.011970725,0.023124877,0.9649044
2025-05-02,test,0.0118874309838265,2,2,2,0.010695074,0.010673696,0.97863126
2025-05-05,test,0.0052883933692371,2,0,2,0.013797223,0.0118194055,0.9743834
2025-05-06,test,0.0009021077965837,0,0,2,0.02325852,0.019309023,0.9574325
2025-05-07,test,-0.0036874308630776,0,0,2,0.027066618,0.010105292,0.9628281
2025-05-08,test,0.000630346359395,0,0,2,0.07233701,0.005174796,0.9224882
2025-05-09,test,0.0048219017917717,0,0,2,0.07876106,0.004149665,0.9170892
2025-05-12,test,0.0074386545928103,0,0,2,0.1488142,0.0034319789,0.8477538
2025-05-13,test,0.0082992124020865,0,0,0,0.86268026,0.0015855886,0.13573413
2025-05-14,test,0.0051504923064013,0,0,0,0.85623205,0.0014882571,0.14227965
2025-05-15,test,0.0064817441471038,0,0,0,0.87237465,0.0011691739,0.12645616
2025-05-16,test,0.0095947328630021,0,0,0,0.89748037,0.00078231446,0.101737276
2025-05-19,test,0.0024499808089842,0,0,0,0.8825368,0.00049533,0.11696782
2025-05-20,test,0.0157907179065983,0,0,0,0.7905701,0.0010425493,0.20838735
2025-05-21,test,-0.0011037534737966,0,0,0,0.9216623,0.00031428062,0.07802344
2025-05-22,test,-0.0024562284597485,0,0,0,0.9465753,0.00021990028,0.05320486
2025-05-23,test,-0.0118691012945101,0,0,0,0.94206357,0.00030197133,0.057634465
2025-05-26,test,0.008296400597549,0,0,0,0.96912867,0.00020434048,0.030667003
2025-05-27,test,0.0012860027596689,0,0,0,0.96984935,0.00016699199,0.029983697
2025-05-28,test,-0.0098305889514568,0,0,0,0.9696348,0.00019857813,0.03016661
2025-05-29,test,0.0011340602297735,0,0,0,0.98183686,0.00013886398,0.018024245
2025-05-30,test,0.0025187206393034,0,0,0,0.9147913,0.0004024709,0.08480623
2025-06-02,test,0.0035690116794792,0,0,0,0.9391147,0.00036254775,0.060522772
2025-06-03,test,-0.0052521308362805,0,0,0,0.9447483,0.00038684023,0.054864857
2025-06-04,test,-0.0019200058148226,0,0,0,0.9519114,0.00037089494,0.04771768
2025-06-05,test,0.0072355299325917,0,0,0,0.96075803,0.00027656835,0.03896542
2025-06-06,test,0.0030859362631379,0,0,0,0.96777177,0.00034659682,0.03188165
2025-06-09,test,0.0002596728582062,0,0,0,0.951999,0.00044469864,0.047556255
2025-06-10,test,-0.0021213671667697,0,0,0,0.95689493,0.00046276228,0.042642254
2025-06-11,test,-0.0061364600076112,0,0,0,0.93415403,0.00057314907,0.06527278
2025-06-12,test,-0.0032030087086813,0,0,0,0.94957775,0.0004917151,0.049930558
2025-06-13,test,-0.0127361696762129,0,0,0,0.8711802,0.00089397986,0.12792581
2025-06-16,test,0.0142893364342425,0,0,0,0.9070092,0.0011578336,0.091832936
2025-06-17,test,-0.0142102210522791,0,0,0,0.79225,0.0017165497,0.20603353
2025-06-18,test,0.0008263008304637,0,0,0,0.90066576,0.0010649273,0.098269336
2025-06-19,test,-0.0128886529345572,0,0,0,0.7469386,0.0022003881,0.250861
2025-06-20,test,0.0076390043093862,0,0,0,0.901926,0.0010480793,0.09702591
2025-06-23,test,-0.000787254072709,0,0,0,0.908545,0.0011295357,0.0903254
2025-06-24,test,0.0140416821267977,0,2,0,0.88175166,0.0013561527,0.116892174
2025-06-25,test,-0.0160380218812457,2,0,0,0.59772545,0.001824363,0.4004502
2025-06-26,test,0.00026786514504,0,0,0,0.82399386,0.0010798093,0.17492628
2025-06-27,test,0.0110494384806323,0,0,0,0.77957463,0.001277197,0.21914819
2025-06-30,test,0.0016380299221762,0,0,0,0.85652393,0.0010237552,0.14245233
2025-07-01,test,-0.0003216663685761,0,0,0,0.9056843,0.0007328214,0.093582876
2025-07-02,test,0.0040810001523715,0,0,0,0.8747942,0.0007136693,0.12449217
2025-07-03,test,0.0097990886837043,0,0,0,0.7417509,0.00066685927,0.25758222
2025-07-04,test,-0.0149101450367791,0,0,2,0.21067652,0.00064940884,0.78867406
2025-07-07,test,0.0072590543582603,0,0,2,0.48219398,0.000788113,0.5170179
2025-07-08,test,0.0003338882791453,0,0,2,0.4492321,0.0004741361,0.55029374
2025-07-09,test,0.0123458196523444,0,0,2,0.4588647,0.0006020668,0.54053324
2025-07-10,test,-0.0079448777709299,0,0,2,0.34205064,0.0005007005,0.65744865
2025-07-11,test,-0.0094065100268197,0,0,2,0.40210187,0.00060382223,0.59729433
2025-07-14,test,0.0019111871306572,0,0,0,0.61780137,0.0004904437,0.38170817
2025-07-15,test,-0.0115584058669618,0,0,2,0.40018097,0.0006352754,0.59918374
2025-07-16,test,0.000792495815689,0,0,0,0.83478546,0.00037117832,0.16484337
2025-07-17,test,0.0078048476141215,0,0,0,0.89825684,0.0003499117,0.10139319
2025-07-18,test,-0.0003930887895239,0,0,0,0.92729884,0.00026047396,0.0724407
2025-07-21,test,0.0030334956614443,0,0,0,0.94695055,0.00026894294,0.052780457
2025-07-22,test,0.0007124283420341,0,0,0,0.9146017,0.00032005066,0.08507825
2025-07-23,test,0.0018784035248506,0,0,0,0.9469908,0.00027190705,0.052737284
2025-07-24,test,0.0133173090425288,0,0,0,0.9427563,0.00030279832,0.056940928
2025-07-25,test,-0.0013476755188922,0,0,0,0.94384825,0.00024288584,0.05590892
2025-07-28,test,-0.0012017648375994,0,0,0,0.94658244,0.00023757394,0.053180013
2025-07-29,test,0.0089261615181237,0,0,0,0.96198905,0.00021482067,0.037796114
2025-07-30,test,0.0022903846498622,0,0,0,0.9690535,0.00020261687,0.030743891
2025-07-31,test,0.0011398026675722,0,0,0,0.9721816,0.0001939227,0.027624484
2025-08-01,test,-0.0189532139456026,0,2,0,0.6694719,0.00058255065,0.32994553
2025-08-04,test,0.0181957978720008,2,0,2,0.43200278,0.0009656047,0.56703156
2025-08-05,test,0.0014864688580678,0,0,0,0.8114625,0.0004045057,0.18813296
2025-08-06,test,0.0089206758714329,0,0,0,0.77697843,0.0004483071,0.2225733
2025-08-07,test,0.0105587008660236,0,0,0,0.7615371,0.000563146,0.23789978
2025-08-08,test,0.0090799447815847,0,0,0,0.87651473,0.00036133773,0.12312393
2025-08-11,test,0.0020888931872681,0,0,0,0.96465236,0.00018247683,0.0351652
2025-08-12,test,0.0002086232392164,0,0,0,0.9740261,0.000124028,0.02584981
2025-08-13,test,0.0107702722571647,0,0,0,0.95390564,0.0002064726,0.045887858
2025-08-14,test,0.0123404030228461,0,0,0,0.90473264,0.0003275954,0.09493976
2025-08-15,test,0.0046451161038157,0,0,0,0.95972395,0.00015186216,0.040124174
2025-08-18,test,-0.0016705486017529,0,0,0,0.9705411,0.00013941417,0.029319536
2025-08-19,test,0.0034101657550918,0,0,0,0.9771264,0.00013618762,0.022737412
2025-08-20,test,-0.0007648211758376,0,0,0,0.97249776,0.00013463295,0.027367668
2025-08-21,test,0.0007648211758376,0,0,0,0.9724415,0.00013928305,0.027419202
2025-08-22,test,0.0060585321233572,0,0,0,0.9810115,0.00012777072,0.01886071
2025-08-25,test,-0.0085643026167746,0,0,0,0.9658602,0.00018820126,0.033951618
2025-08-26,test,-0.0096233198526663,0,0,0,0.94228053,0.00023333766,0.057486102
2025-08-27,test,-0.006529469812485,0,0,0,0.9619272,0.00023206741,0.037840772
2025-08-28,test,0.0033563433899015,0,0,0,0.98091996,0.00016502876,0.01891494
2025-08-29,test,-0.009037931435731,0,0,0,0.9886606,0.0001521909,0.011187196
2025-09-01,test,0.000241041795964,0,0,0,0.98379296,0.00017032039,0.016036693
2025-09-02,test,-0.0158688638583214,0,0,0,0.92915034,0.0004611618,0.07038847
2025-09-03,test,0.0057775538163654,0,0,0,0.9689076,0.000293882,0.030798558
2025-09-04,test,0.0086778998119488,0,0,0,0.9708892,0.0002621363,0.028848682
2025-09-05,test,-0.0045281383969741,0,0,0,0.96450394,0.0002650177,0.035231084
2025-09-08,test,0.0101363742573357,0,0,0,0.96402496,0.0002784467,0.035696592
2025-09-09,test,0.0014454223936591,0,0,0,0.95196843,0.00025524828,0.047776263
2025-09-10,test,0.0128037889589869,0,0,0,0.9362709,0.00034673902,0.063382395
2025-09-11,test,0.0067979229754932,0,0,0,0.92846787,0.0003305618,0.071201526
2025-09-12,test,-0.0008553590606233,0,0,0,0.9392797,0.00029227053,0.06042807
2025-09-15,test,0.0056606062966811,0,0,0,0.9444845,0.00029473915,0.055220794
2025-09-16,test,-0.0151712298520506,0,0,0,0.80761695,0.0005244073,0.19185865
2025-09-17,test,-0.0023835609492247,0,0,0,0.92513794,0.00034331597,0.07451872
2025-09-18,test,0.0031812606859477,0,0,0,0.92027766,0.0003640209,0.079358265
2025-09-19,test,0.0056051876801075,0,0,0,0.9192741,0.0003582529,0.08036767
2025-09-22,test,-0.0117457778294934,0,0,0,0.9021684,0.00040818725,0.097423404
2025-09-23,test,0.0050065212077699,0,0,0,0.91022116,0.0003032482,0.089475654
2025-09-24,test,0.0023984233247338,0,0,0,0.94799227,0.00024344097,0.05176437
2025-09-25,test,-0.0026953364166262,0,0,0,0.966643,0.0002046057,0.033152394
2025-09-26,test,0.0128968183241698,0,0,0,0.93187445,0.0002778939,0.06784766
2025-09-29,test,-0.0022239497419223,0,0,0,0.9642967,0.00018488408,0.03551839
2025-09-30,test,0.0103082105397552,0,0,0,0.9620003,0.00024881645,0.03775093
2025-10-01,test,0.0041142907406553,0,0,0,0.97755593,0.00017543108,0.022268571
2025-10-02,test,-0.0027452641294821,0,0,0,0.98028445,0.00019953641,0.019515987
2025-10-03,test,0.0057204593789291,0,0,0,0.97717196,0.00018186882,0.022646205
2025-10-06,test,-0.0018238780104708,0,0,0,0.9809303,0.00019848983,0.018871158
2025-10-07,test,-0.0019109825512586,0,0,0,0.9795105,0.00020603531,0.020283436
2025-10-08,test,0.009697134220681,0,0,0,0.9766169,0.00023785545,0.02314523
2025-10-09,test,-0.0059815104670995,0,0,0,0.97605544,0.00021637723,0.023728225
2025-10-10,test,-0.006973323346297,0,0,0,0.9733368,0.00023707308,0.026426086
2025-10-13,test,0.0041975302019604,0,0,0,0.9778186,0.00020957315,0.021971773
2025-10-14,test,0.0028784896031755,0,0,0,0.98804235,0.00019763266,0.011760016
2025-10-15,test,-0.0010335232723459,0,0,0,0.9851982,0.00017892657,0.014622821
2025-10-16,test,0.0048372569388086,0,0,0,0.987021,0.00019397643,0.012785005
2025-10-17,test,-0.0028610983261224,0,0,0,0.9819448,0.00022906336,0.01782619
2025-10-20,test,0.0144580652051586,0,0,0,0.9789756,0.00025988094,0.020764459
2025-10-21,test,-0.0038739989357824,0,0,0,0.9851874,0.00017650882,0.014636104
2025-10-22,test,0.0009192138744261,0,0,0,0.9862844,0.0001790702,0.013536511
2025-10-23,test,0.0006714799233148,0,0,0,0.9851715,0.00019438055,0.014634107
2025-10-24,test,0.0043786296692108,0,0,0,0.97683245,0.00023460426,0.022932982
2025-10-27,test,0.0087064450804144,0,0,0,0.98393667,0.00018605248,0.015877318
2025-10-28,test,0.0054102580396353,0,0,0,0.9844236,0.00021412606,0.01536226
2025-10-29,test,0.0039147250046321,0,0,0,0.9850263,0.00021425716,0.014759408
2025-10-30,test,-0.0068219240838047,0,0,0,0.9552022,0.00032873725,0.04446903
2025-10-31,test,-0.000480168341567,0,0,0,0.97858995,0.00021089074,0.021199195
2025-11-03,test,0.0002744275392405,0,0,0,0.9779026,0.00021074263,0.021886678
2025-11-04,test,-3.738982257989776e-05,0,0,0,0.97918665,0.00021607442,0.020597275
2025-11-05,test,0.0038587497307631,0,0,0,0.98519784,0.00021139611,0.014590777
2025-11-06,test,0.0012167474674647,0,0,0,0.9739743,0.0002293018,0.025796363
2025-11-07,test,-0.0135294796724229,0,0,0,0.9567431,0.00029740517,0.042959455
2025-11-10,test,0.0175232312076315,0,0,0,0.9511315,0.00051728764,0.04835118
2025-11-11,test,0.0126678109323538,0,0,0,0.9744145,0.00021342598,0.0253721
2025-11-12,test,0.0137558745587507,0,0,0,0.96693444,0.00027186627,0.032793704
2025-11-13,test,-0.0023137513948931,0,2,0,0.97706157,0.00016774774,0.022770714
2025-11-14,test,-0.0140632202657224,2,2,0,0.82800776,0.00043065625,0.17156161
2025-11-17,test,-0.0106586971687275,2,2,0,0.79887825,0.00051057525,0.2006112
2025-11-18,test,-0.0216010857481435,2,2,2,0.04396009,0.00028065723,0.9557592
2025-11-19,test,0.0039285720716094,2,2,2,0.34511766,0.00045863545,0.6544237
2025-11-20,test,0.0062488414921496,2,2,2,0.45419407,0.00045224515,0.5453537
2025-11-21,test,-0.010499674960281,2,2,2,0.1704355,0.00042758448,0.8291369
2025-11-24,test,0.0091791012542971,2,2,2,0.2624773,0.00040195422,0.73712075
2025-11-25,test,0.0107822653609613,2,2,2,0.1484209,0.00036188512,0.8512172
2025-11-26,test,0.0135500946329869,2,2,2,0.08387664,0.00023452855,0.9158888
2025-11-27,test,4.2795432259624e-05,2,2,2,0.34742618,0.0003963875,0.65217745
2025-11-28,test,0.0005987648796461,2,0,0,0.5175878,0.0004906574,0.48192155
2025-12-01,test,0.0010622755669149,0,0,0,0.66654056,0.00046907872,0.33299035
2025-12-02,test,0.0051183456914983,0,0,0,0.89424336,0.00034069616,0.1054159
2025-12-03,test,0.0068121074446986,0,0,0,0.8696078,0.0003569559,0.13003525
2025-12-04,test,0.0096543980486722,0,0,0,0.8857095,0.00035249031,0.11393801
2025-12-05,test,-0.0034753698078949,0,0,0,0.9466961,0.00019360284,0.05311031
2025-12-08,test,0.0014190854252433,0,0,0,0.9401397,0.0002072006,0.05965312
2025-12-09,test,0.0013335118307999,0,0,0,0.93455243,0.000237647,0.065209895
2025-12-10,test,0.0016717918930893,0,0,0,0.9324911,0.00027659666,0.06723228
2025-12-11,test,0.0071629498872597,0,0,0,0.92482024,0.00029875833,0.07488103
2025-12-12,test,-0.0016954250116831,0,0,0,0.97137284,0.00017013107,0.028457051
2025-12-15,test,0.011033927089411,0,0,0,0.9536885,0.00023750153,0.04607393
2025-12-16,test,-0.0070370364709109,0,0,0,0.9830487,0.00016323543,0.016788086
2025-12-17,test,0.0009627159737787,0,0,0,0.9870739,0.00014456257,0.012781545
2025-12-18,test,0.0114116784448237,0,0,0,0.97786456,0.0002122967,0.0219232
2025-12-19,test,0.0021690135988237,0,0,0,0.9920785,0.00013298044,0.0077885687
2025-12-22,test,-0.0006875349685263,0,0,0,0.9936999,0.00012705178,0.0061730566
2025-12-23,test,0.0014443918020279,0,0,0,0.99435496,0.0001237216,0.0055213445
2025-12-24,test,-0.0005763463158284,0,0,0,0.99208814,0.00013768091,0.0077742296
2025-12-29,test,0.0013326307502604,0,0,0,0.9915121,0.00013758235,0.008350304
2025-12-30,test,0.0092096963897338,0,0,0,0.9932634,0.00013777253,0.0065988433
2025-12-31,test,-0.0027175976926126,0,0,0,0.9910286,0.00013115429,0.008840285
2026-01-02,test,0.0106092111326019,0,0,0,0.99006873,0.00019483536,0.009736433
2026-01-05,test,0.0069502482935025,0,0,0,0.9924077,0.00015572464,0.0074365265
2026-01-06,test,0.0018546702847715,0,0,0,0.9916952,0.00015749971,0.008147273
2026-01-07,test,-0.002877083928802,0,0,0,0.98947525,0.00014838645,0.010376368
2026-01-08,test,0.0033076347644348,0,0,0,0.992765,0.00014668309,0.0070883837
2026-01-09,test,-0.0003228680804351,0,0,0,0.9921124,0.00014027672,0.0077473274
2026-01-12,test,0.0014042366277201,0,0,0,0.9912875,0.00014512749,0.008567411
2026-01-13,test,0.0007521770432934,0,0,0,0.9881493,0.00017407878,0.011676597
2026-01-14,test,0.0004860898419087,0,0,0,0.9898678,0.0001630168,0.009969148
2026-01-15,test,-0.002999572254662,0,0,0,0.9831534,0.00017703326,0.016669529
2026-01-16,test,0.0038582354969217,0,0,0,0.98615277,0.00020406276,0.013643122
2026-01-19,test,-0.0025779836793687,0,0,0,0.9833565,0.00018809534,0.01645539
2026-01-20,test,-0.0134611069515572,0,0,0,0.937952,0.0003667701,0.061681286
2026-01-21,test,0.0005965476703937,0,0,0,0.9731766,0.00021466627,0.026608769
2026-01-22,test,0.012756975896335,0,0,0,0.98258555,0.0002203757,0.017194014
2026-01-23,test,-0.0067598913031978,0,0,0,0.9759437,0.00022630426,0.023830025
2026-01-26,test,0.0077275044143812,0,0,0,0.9855273,0.00018366335,0.014289052
2026-01-27,test,0.006966408560411,0,0,0,0.9848721,0.00020940728,0.0149184475
2026-01-28,test,-0.0110981410787458,0,0,0,0.95176,0.00032019117,0.047919758
2026-01-29,test,-0.0010171457904029,0,0,0,0.96539813,0.00023860266,0.034363244
2026-01-30,test,0.0164196668511226,0,0,0,0.9470314,0.00042462247,0.05254403
2026-02-02,test,0.0130181958384549,0,0,0,0.95585126,0.0002981936,0.04385057
2026-02-03,test,0.00022078467913,0,0,0,0.9716343,0.0002140289,0.028151577
2026-02-04,test,-0.0009220561317277,0,2,0,0.9821125,0.00018612032,0.017701399
2026-02-05,test,-0.0198729627692467,2,2,2,0.35180673,0.00077000004,0.64742327
2026-02-06,test,0.0110397422311991,2,2,0,0.60510564,0.0006626141,0.39423177
2026-02-09,test,0.0139354758529254,2,2,2,0.4806528,0.0006578572,0.5186894
2026-02-10,test,-0.0040201392115168,2,0,0,0.67887276,0.00047570345,0.32065156
2026-02-11,test,-0.0042912371798471,0,0,0,0.80992454,0.00041816314,0.18965724
2026-02-12,test,-0.0082133938869223,0,2,0,0.7024583,0.00052716787,0.29701447
2026-02-13,test,-0.0126234126757751,2,2,2,0.2689121,0.00045373998,0.73063415
2026-02-16,test,0.0098873344885761,2,0,2,0.34169307,0.00045129572,0.65785563
2026-02-17,test,0.0059994699719737,0,0,0,0.67182344,0.00044093197,0.32773563
2026-02-18,test,0.0134152971732315,0,2,2,0.40194875,0.0005196583,0.5975316
2026-02-19,test,-0.0099627164589778,2,0,2,0.29881525,0.0005529531,0.70063174
2026-02-20,test,0.009308559487262,0,0,0,0.5160278,0.0005144926,0.4834577
2026-02-23,test,0.0056312727640149,0,0,0,0.5261708,0.00048874086,0.47334045
2026-02-24,test,-0.0054388355460633,0,0,0,0.5760839,0.00049367495,0.42342243
2026-02-25,test,0.0148158942667595,0,0,2,0.45073184,0.00056417816,0.54870397
2026-02-26,test,0.0019265115030075,0,0,0,0.68859863,0.0003990597,0.31100228
2026-02-27,test,-0.0073689105137329,0,2,0,0.68281543,0.0004850156,0.31669953
2026-03-02,test,-0.0265967313292655,2,1,2,0.01498329,0.0003091744,0.9847075
2026-03-03,test,-0.0467440334323915,1,1,2,0.0048493603,0.34517163,0.649979
2026-03-04,test,0.0245805127154725,1,1,2,0.013056331,0.03412537,0.95281833
2026-03-05,test,-0.0139239491479199,1,1,2,0.021398209,0.02122626,0.9573756
2026-03-06,test,-0.0099535099585643,1,2,2,0.013152146,0.034461506,0.9523863
2026-03-09,test,-0.0085994644249439,2,1,2,0.011333087,0.04515661,0.94351035
2026-03-10,test,0.0300722504386431,1,2,2,0.0098390635,0.053229026,0.9369319
2026-03-11,test,-0.005351041643262,2,2,2,0.023036951,0.027379269,0.94958377
2026-03-12,test,-0.0122929313581895,2,2,2,0.011815738,0.027896648,0.96028763
2026-03-13,test,-0.0047135462724299,2,2,2,0.020268336,0.03340633,0.9463253
2026-03-16,test,0.0017628557536317,2,2,2,0.01887538,0.027981304,0.95314336
2026-03-17,test,0.0092783219068886,2,2,2,0.02089312,0.022871641,0.95623523
2026-03-18,test,0.0029177214230653,2,2,2,0.01822146,0.02723995,0.9545386
2026-03-19,test,-0.0229917579131034,2,2,2,0.0048179342,0.034228485,0.9609536
2026-03-20,test,-0.0114160049560938,2,2,2,0.00462715,0.019727034,0.97564584
2026-03-23,test,0.0103684153651034,2,2,2,0.009988715,0.025796933,0.9642144
2026-03-24,test,0.0013018370173829,2,2,2,0.01092843,0.02819925,0.9608723
2026-03-25,test,0.0152409295694393,2,2,2,0.009647194,0.030297102,0.96005577
2026-03-26,test,-0.0121292441903992,2,2,2,0.0064816773,0.021651411,0.9718669
2026-03-27,test,-0.0095009444787868,2,2,2,0.0062442953,0.018640328,0.9751154
2026-03-30,test,0.0098722052183143,2,2,2,0.015102076,0.008596939,0.97630095
2026-03-31,test,0.0047268300523757,2,2,2,0.16051625,0.0028207498,0.83666295
2026-04-01,test,0.0306579472134099,2,2,2,0.027848445,0.005180042,0.96697146
2026-04-02,test,-0.0013945693442921,2,2,2,0.06417618,0.0033953725,0.9324284
2026-04-07,test,-0.0063771054933598,2,2,2,0.047862444,0.0031338125,0.9490037
2026-04-08,test,0.0386819288536083,2,2,2,0.037994556,0.018249882,0.94375557
2026-04-09,test,-0.0015122799201337,2,2,2,0.101175494,0.0047984463,0.89402604
2026-04-10,test,0.0054752313869095,2,2,2,0.12215114,0.0042759483,0.87357295
2026-04-13,test,-0.0099647227309958,2,2,2,0.08533856,0.003360162,0.91130126
2026-04-14,test,0.0144480369321593,2,2,2,0.111374035,0.0036993858,0.88492656
2026-04-15,test,-0.0055000742979718,2,2,2,0.15839306,0.002498065,0.8391088
2026-04-16,test,-0.0053094532866625,2,2,2,0.12297494,0.0026530116,0.874372
2026-04-17,test,0.0216008836188053,2,2,2,0.036631804,0.0034148893,0.95995337
2026-04-20,test,-0.0121703596592752,2,2,2,0.1324915,0.0033728478,0.8641356
2026-04-21,test,-0.0064994408612021,2,2,2,0.15654856,0.003280204,0.8401712
2026-04-22,test,-0.007535470593175,2,2,2,0.09981884,0.0036859026,0.8964952
